codice_comune,comune,provincia,ordine_scuola,tipo_scuola_anagrafe,studenti_da_spostare_prima,disponibilita_effettiva_prima,deficit_prima,studenti_da_spostare_corretta,disponibilita_effettiva_corretta,deficit_corretta
G999,PRATO,PRATO,SCUOLA SECONDARIA I GRADO,SCUOLA PRIMO GRADO,351.0,1018.0,0.0,351.0,49.0,302.0
F205,MILANO,MILANO,SCUOLA SECONDARIA I GRADO,SCUOLA PRIMO GRADO,875.0,4369.0,0.0,875.0,655.0,220.0
B157,BRESCIA,BRESCIA,SCUOLA PRIMARIA,SCUOLA PRIMARIA,261.0,751.0,0.0,261.0,58.0,203.0
L219,TORINO,TORINO,SCUOLA PRIMARIA,SCUOLA PRIMARIA,695.0,2995.0,0.0,695.0,505.0,190.0
G535,PIACENZA,PIACENZA,SCUOLA SECONDARIA I GRADO,SCUOLA PRIMO GRADO,205.0,501.0,0.0,205.0,29.0,176.0
B157,BRESCIA,BRESCIA,SCUOLA SECONDARIA I GRADO,SCUOLA PRIMO GRADO,230.0,776.0,0.0,230.0,61.0,169.0
C707,CINISELLO BALSAMO,MILANO,SCUOLA SECONDARIA I GRADO,SCUOLA PRIMO GRADO,156.0,427.0,0.0,156.0,0.0,156.0
L219,TORINO,TORINO,SCUOLA SECONDARIA I GRADO,SCUOLA PRIMO GRADO,738.0,3141.0,0.0,738.0,583.0,155.0
F356,MONFALCONE,GORIZIA,SCUOLA PRIMARIA,SCUOLA PRIMARIA,145.0,269.0,0.0,145.0,0.0,145.0
G535,PIACENZA,PIACENZA,SCUOLA PRIMARIA,SCUOLA PRIMARIA,173.0,542.0,0.0,173.0,34.0,139.0
L736,VENEZIA,VENEZIA,SCUOLA PRIMARIA,SCUOLA PRIMARIA,269.0,1151.0,0.0,269.0,145.0,124.0
F356,MONFALCONE,GORIZIA,SCUOLA SECONDARIA I GRADO,SCUOLA PRIMO GRADO,120.0,222.0,0.0,120.0,0.0,120.0
G686,PIOLTELLO,MILANO,SCUOLA SECONDARIA I GRADO,SCUOLA PRIMO GRADO,120.0,279.0,0.0,120.0,0.0,120.0
F205,MILANO,MILANO,SCUOLA SECONDARIA II GRADO,IST PROF INDUSTRIA E ARTIGIANATO,117.0,301.0,0.0,117.0,0.0,117.0
C707,CINISELLO BALSAMO,MILANO,SCUOLA PRIMARIA,SCUOLA PRIMARIA,135.0,374.0,0.0,135.0,19.0,116.0
G686,PIOLTELLO,MILANO,SCUOLA PRIMARIA,SCUOLA PRIMARIA,111.0,243.0,0.0,111.0,0.0,111.0
F205,MILANO,MILANO,SCUOLA PRIMARIA,SCUOLA PRIMARIA,1000.0,4058.0,0.0,1000.0,900.0,100.0
G337,PARMA,PARMA,SCUOLA SECONDARIA I GRADO,SCUOLA PRIMO GRADO,152.0,491.0,0.0,152.0,67.0,85.0
I690,SESTO SAN GIOVANNI,MILANO,SCUOLA PRIMARIA,SCUOLA PRIMARIA,96.0,363.0,0.0,96.0,16.0,80.0
A182,ALESSANDRIA,ALESSANDRIA,SCUOLA SECONDARIA I GRADO,SCUOLA PRIMO GRADO,86.0,388.0,0.0,86.0,9.0,77.0
G999,PRATO,PRATO,SCUOLA SECONDARIA II GRADO,IST PROF PER I SERVIZI COMMERCIALI E TURISTICI,76.0,196.0,0.0,76.0,0.0,76.0
G999,PRATO,PRATO,SCUOLA SECONDARIA II GRADO,ISTITUTO TECNICO COMMERCIALE,75.0,167.0,0.0,75.0,0.0,75.0
G224,PADOVA,PADOVA,SCUOLA PRIMARIA,SCUOLA PRIMARIA,214.0,743.0,0.0,214.0,143.0,71.0
A182,ALESSANDRIA,ALESSANDRIA,SCUOLA PRIMARIA,SCUOLA PRIMARIA,128.0,463.0,0.0,128.0,58.0,70.0
F205,MILANO,MILANO,SCUOLA SECONDARIA II GRADO,IST PROF PER I SERVIZI COMMERCIALI,68.0,309.0,0.0,68.0,3.0,65.0
I690,SESTO SAN GIOVANNI,MILANO,SCUOLA SECONDARIA I GRADO,SCUOLA PRIMO GRADO,77.0,323.0,0.0,77.0,14.0,63.0
L736,VENEZIA,VENEZIA,SCUOLA SECONDARIA I GRADO,SCUOLA PRIMO GRADO,261.0,931.0,0.0,261.0,199.0,62.0
L872,VIGEVANO,PAVIA,SCUOLA PRIMARIA,SCUOLA PRIMARIA,85.0,224.0,0.0,85.0,25.0,60.0
F952,NOVARA,NOVARA,SCUOLA SECONDARIA I GRADO,SCUOLA PRIMO GRADO,80.0,333.0,0.0,80.0,21.0,59.0
F572,MONTEMURLO,PRATO,SCUOLA SECONDARIA II GRADO,ISTITUTO D'ARTE,59.0,110.0,0.0,59.0,0.0,59.0
E290,IMPERIA,IMPERIA,SCUOLA PRIMARIA,SCUOLA PRIMARIA,65.0,182.0,0.0,65.0,7.0,58.0
A618,BARANZATE,MILANO,SCUOLA SECONDARIA I GRADO,SCUOLA PRIMO GRADO,58.0,100.0,0.0,58.0,0.0,58.0
G843,PONTEDERA,PISA,SCUOLA SECONDARIA II GRADO,IST PROF INDUSTRIA E ARTIGIANATO,58.0,96.0,0.0,58.0,0.0,58.0
A944,BOLOGNA,BOLOGNA,SCUOLA SECONDARIA II GRADO,IST PROF INDUSTRIA E ARTIGIANATO,58.0,142.0,0.0,58.0,2.0,56.0
H930,SAN GIULIANO MILANESE,MILANO,SCUOLA SECONDARIA I GRADO,SCUOLA PRIMO GRADO,80.0,195.0,0.0,80.0,25.0,55.0
I849,SORESINA,CREMONA,SCUOLA SECONDARIA I GRADO,SCUOLA PRIMO GRADO,54.0,73.0,0.0,54.0,0.0,54.0
I274,SANT'ANGELO LODIGIANO,LODI,SCUOLA SECONDARIA I GRADO,SCUOLA PRIMO GRADO,53.0,130.0,0.0,53.0,0.0,53.0
H223,REGGIO NELL'EMILIA,REGGIO EMILIA,SCUOLA PRIMARIA,SCUOLA PRIMARIA,167.0,577.0,0.0,167.0,115.0,52.0
A618,BARANZATE,MILANO,SCUOLA PRIMARIA,SCUOLA PRIMARIA,50.0,86.0,0.0,50.0,0.0,50.0
C618,CHIARI,BRESCIA,SCUOLA SECONDARIA I GRADO,SCUOLA PRIMO GRADO,49.0,116.0,0.0,49.0,0.0,49.0
L872,VIGEVANO,PAVIA,SCUOLA SECONDARIA I GRADO,SCUOLA PRIMO GRADO,59.0,221.0,0.0,59.0,12.0,47.0
L483,UDINE,UDINE,SCUOLA PRIMARIA,SCUOLA PRIMARIA,80.0,515.0,0.0,80.0,33.0,47.0
E438,LANGHIRANO,PARMA,SCUOLA SECONDARIA I GRADO,SCUOLA PRIMO GRADO,46.0,76.0,0.0,46.0,0.0,46.0
L781,VERONA,VERONA,SCUOLA PRIMARIA,SCUOLA PRIMARIA,211.0,996.0,0.0,211.0,165.0,46.0
I849,SORESINA,CREMONA,SCUOLA PRIMARIA,SCUOLA PRIMARIA,45.0,67.0,0.0,45.0,0.0,45.0
G916,PORTOMAGGIORE,FERRARA,SCUOLA SECONDARIA I GRADO,SCUOLA PRIMO GRADO,45.0,69.0,0.0,45.0,0.0,45.0
E438,LANGHIRANO,PARMA,SCUOLA PRIMARIA,SCUOLA PRIMARIA,48.0,83.0,0.0,48.0,4.0,44.0
D045,CORSICO,MILANO,SCUOLA PRIMARIA,SCUOLA PRIMARIA,43.0,167.0,0.0,43.0,0.0,43.0
L885,VIGNOLA,MODENA,SCUOLA SECONDARIA I GRADO,SCUOLA PRIMO GRADO,41.0,99.0,0.0,41.0,0.0,41.0
G999,PRATO,PRATO,SCUOLA PRIMARIA,SCUOLA PRIMARIA,152.0,750.0,0.0,152.0,111.0,41.0
E987,MARTINENGO,BERGAMO,SCUOLA SECONDARIA I GRADO,SCUOLA PRIMO GRADO,40.0,77.0,0.0,40.0,0.0,40.0
D969,GENOVA,GENOVA,SCUOLA SECONDARIA II GRADO,IST PROF INDUSTRIA E ARTIGIANATO,40.0,61.0,0.0,40.0,0.0,40.0
G337,PARMA,PARMA,SCUOLA PRIMARIA,SCUOLA PRIMARIA,140.0,563.0,0.0,140.0,100.0,40.0
L356,TRECATE,NOVARA,SCUOLA SECONDARIA I GRADO,SCUOLA PRIMO GRADO,39.0,114.0,0.0,39.0,0.0,39.0
C261,CASTEL SAN GIOVANNI,PIACENZA,SCUOLA SECONDARIA I GRADO,SCUOLA PRIMO GRADO,38.0,80.0,0.0,38.0,0.0,38.0
E290,IMPERIA,IMPERIA,SCUOLA SECONDARIA I GRADO,SCUOLA PRIMO GRADO,37.0,165.0,0.0,37.0,0.0,37.0
G337,PARMA,PARMA,SCUOLA SECONDARIA II GRADO,IST PROF INDUSTRIA E ARTIGIANATO,37.0,71.0,0.0,37.0,0.0,37.0
D611,FIORENZUOLA D'ARDA,PIACENZA,SCUOLA SECONDARIA I GRADO,SCUOLA PRIMO GRADO,37.0,84.0,0.0,37.0,0.0,37.0
L304,TORTONA,ALESSANDRIA,SCUOLA PRIMARIA,SCUOLA PRIMARIA,36.0,118.0,0.0,36.0,0.0,36.0
H598,ROVATO,BRESCIA,SCUOLA SECONDARIA I GRADO,SCUOLA PRIMO GRADO,36.0,104.0,0.0,36.0,0.0,36.0
C895,COLOGNO MONZESE,MILANO,SCUOLA PRIMARIA,SCUOLA PRIMARIA,52.0,221.0,0.0,52.0,16.0,36.0
G916,PORTOMAGGIORE,FERRARA,SCUOLA PRIMARIA,SCUOLA PRIMARIA,35.0,57.0,0.0,35.0,0.0,35.0
L885,VIGNOLA,MODENA,SCUOLA PRIMARIA,SCUOLA PRIMARIA,40.0,133.0,0.0,40.0,5.0,35.0
F952,NOVARA,NOVARA,SCUOLA PRIMARIA,SCUOLA PRIMARIA,91.0,418.0,0.0,91.0,56.0,35.0
H223,REGGIO NELL'EMILIA,REGGIO EMILIA,SCUOLA SECONDARIA II GRADO,IST PROF INDUSTRIA E ARTIGIANATO,35.0,123.0,0.0,35.0,0.0,35.0
A794,BERGAMO,BERGAMO,SCUOLA SECONDARIA II GRADO,IST PROF INDUSTRIA E ARTIGIANATO,34.0,213.0,0.0,34.0,0.0,34.0
D815,FUCECCHIO,FIRENZE,SCUOLA SECONDARIA I GRADO,SCUOLA PRIMO GRADO,34.0,84.0,0.0,34.0,0.0,34.0
I177,SANTA CROCE SULL'ARNO,PISA,SCUOLA SECONDARIA I GRADO,SCUOLA PRIMO GRADO,47.0,97.0,0.0,47.0,13.0,34.0
A561,MONTECATINI-TERME,PISTOIA,SCUOLA PRIMARIA,SCUOLA PRIMARIA,34.0,100.0,0.0,34.0,0.0,34.0
L840,VICENZA,VICENZA,SCUOLA SECONDARIA I GRADO,SCUOLA PRIMO GRADO,102.0,507.0,0.0,102.0,69.0,33.0
C895,COLOGNO MONZESE,MILANO,SCUOLA SECONDARIA I GRADO,SCUOLA PRIMO GRADO,52.0,269.0,0.0,52.0,20.0,32.0
B201,BRONI,PAVIA,SCUOLA SECONDARIA I GRADO,SCUOLA PRIMO GRADO,32.0,64.0,0.0,32.0,0.0,32.0
D166,CREVALCORE,BOLOGNA,SCUOLA SECONDARIA I GRADO,SCUOLA PRIMO GRADO,31.0,66.0,0.0,31.0,0.0,31.0
D542,FERMO,FERMO,SCUOLA SECONDARIA II GRADO,IST PROF INDUSTRIA E ARTIGIANATO,31.0,81.0,0.0,31.0,0.0,31.0
C523,CERNUSCO SUL NAVIGLIO,MILANO,SCUOLA SECONDARIA II GRADO,IST PROF INDUSTRIA E ARTIGIANATO,31.0,59.0,0.0,31.0,0.0,31.0
B201,BRONI,PAVIA,SCUOLA PRIMARIA,SCUOLA PRIMARIA,31.0,57.0,0.0,31.0,0.0,31.0
F754,MORTARA,PAVIA,SCUOLA PRIMARIA,SCUOLA PRIMARIA,31.0,76.0,0.0,31.0,0.0,31.0
C261,CASTEL SAN GIOVANNI,PIACENZA,SCUOLA PRIMARIA,SCUOLA PRIMARIA,31.0,213.0,0.0,31.0,0.0,31.0
D612,FIRENZE,FIRENZE,SCUOLA SECONDARIA II GRADO,IST PROF PER I SERVIZI COMMERCIALI,30.0,73.0,0.0,30.0,0.0,30.0
H509,ROMANO DI LOMBARDIA,BERGAMO,SCUOLA PRIMARIA,SCUOLA PRIMARIA,29.0,124.0,0.0,29.0,0.0,29.0
H509,ROMANO DI LOMBARDIA,BERGAMO,SCUOLA SECONDARIA I GRADO,SCUOLA PRIMO GRADO,29.0,97.0,0.0,29.0,0.0,29.0
H598,ROVATO,BRESCIA,SCUOLA PRIMARIA,SCUOLA PRIMARIA,37.0,127.0,0.0,37.0,8.0,29.0
L356,TRECATE,NOVARA,SCUOLA PRIMARIA,SCUOLA PRIMARIA,31.0,103.0,0.0,31.0,2.0,29.0
I178,SANTA CROCE CAMERINA,RAGUSA,SCUOLA PRIMARIA,SCUOLA PRIMARIA,29.0,83.0,0.0,29.0,0.0,29.0
L157,THIENE,VICENZA,SCUOLA SECONDARIA I GRADO,SCUOLA PRIMO GRADO,29.0,126.0,0.0,29.0,0.0,29.0
I472,SAVIGNANO SUL RUBICONE,FORLI'-CESENA,SCUOLA SECONDARIA I GRADO,SCUOLA PRIMO GRADO,28.0,60.0,0.0,28.0,0.0,28.0
L826,VIADANA,MANTOVA,SCUOLA PRIMARIA,SCUOLA PRIMARIA,36.0,144.0,0.0,36.0,8.0,28.0
B034,FIDENZA,PARMA,SCUOLA SECONDARIA I GRADO,SCUOLA PRIMO GRADO,28.0,70.0,0.0,28.0,0.0,28.0
I177,SANTA CROCE SULL'ARNO,PISA,SCUOLA PRIMARIA,SCUOLA PRIMARIA,32.0,82.0,0.0,32.0,4.0,28.0
I178,SANTA CROCE CAMERINA,RAGUSA,SCUOLA SECONDARIA I GRADO,SCUOLA PRIMO GRADO,28.0,51.0,0.0,28.0,0.0,28.0
G856,PONTE SAN PIETRO,BERGAMO,SCUOLA SECONDARIA I GRADO,SCUOLA PRIMO GRADO,27.0,57.0,0.0,27.0,0.0,27.0
G916,PORTOMAGGIORE,FERRARA,SCUOLA SECONDARIA II GRADO,ISTITUTO TECNICO COMMERCIALE,27.0,34.0,0.0,27.0,0.0,27.0
B910,CASALPUSTERLENGO,LODI,SCUOLA SECONDARIA I GRADO,SCUOLA PRIMO GRADO,27.0,114.0,0.0,27.0,0.0,27.0
D045,CORSICO,MILANO,SCUOLA SECONDARIA I GRADO,SCUOLA PRIMO GRADO,28.0,161.0,0.0,28.0,1.0,27.0
B819,CARPI,MODENA,SCUOLA SECONDARIA II GRADO,IST PROF INDUSTRIA E ARTIGIANATO,27.0,71.0,0.0,27.0,0.0,27.0
L885,VIGNOLA,MODENA,SCUOLA SECONDARIA II GRADO,IST PROF INDUSTRIA E ARTIGIANATO,27.0,29.0,0.0,27.0,0.0,27.0
B910,CASALPUSTERLENGO,LODI,SCUOLA PRIMARIA,SCUOLA PRIMARIA,26.0,107.0,0.0,26.0,0.0,26.0
I274,SANT'ANGELO LODIGIANO,LODI,SCUOLA PRIMARIA,SCUOLA PRIMARIA,26.0,96.0,0.0,26.0,0.0,26.0
G337,PARMA,PARMA,SCUOLA SECONDARIA II GRADO,IST PROF PER I SERVIZI COMMERCIALI E TURISTICI,26.0,91.0,0.0,26.0,0.0,26.0
H183,RAPALLO,GENOVA,SCUOLA PRIMARIA,SCUOLA PRIMARIA,27.0,96.0,0.0,27.0,2.0,25.0
C013,PERO,MILANO,SCUOLA SECONDARIA I GRADO,SCUOLA PRIMO GRADO,25.0,67.0,0.0,25.0,0.0,25.0
I690,SESTO SAN GIOVANNI,MILANO,SCUOLA SECONDARIA II GRADO,IST TEC COMMERCIALE E PER GEOMETRI,25.0,47.0,0.0,25.0,0.0,25.0
G535,PIACENZA,PIACENZA,SCUOLA SECONDARIA II GRADO,IST PROF PER I SERVIZI COMMERCIALI E TURISTICI,25.0,51.0,0.0,25.0,0.0,25.0
G999,PRATO,PRATO,SCUOLA SECONDARIA II GRADO,IST PROF PER I SERVIZI COMMERCIALI,25.0,53.0,0.0,25.0,0.0,25.0
A459,ARZIGNANO,VICENZA,SCUOLA PRIMARIA,SCUOLA PRIMARIA,41.0,137.0,0.0,41.0,16.0,25.0
L400,TREVIGLIO,BERGAMO,SCUOLA SECONDARIA I GRADO,SCUOLA PRIMO GRADO,24.0,130.0,0.0,24.0,0.0,24.0
E133,GRAMMICHELE,CATANIA,SCUOLA SECONDARIA I GRADO,SCUOLA SEC. PRIMO GRADO NON STATALE,24.0,54.0,0.0,24.0,0.0,24.0
D815,FUCECCHIO,FIRENZE,SCUOLA SECONDARIA II GRADO,IST PROF INDUSTRIA E ARTIGIANATO,24.0,47.0,0.0,24.0,0.0,24.0
I657,SERRAVALLE SCRIVIA,ALESSANDRIA,SCUOLA PRIMARIA,SCUOLA PRIMARIA,23.0,64.0,0.0,23.0,0.0,23.0
A794,BERGAMO,BERGAMO,SCUOLA PRIMARIA,SCUOLA PRIMARIA,76.0,412.0,0.0,76.0,53.0,23.0
E987,MARTINENGO,BERGAMO,SCUOLA PRIMARIA,SCUOLA PRIMARIA,23.0,43.0,0.0,23.0,0.0,23.0
C101,CASTELFIORENTINO,FIRENZE,SCUOLA SECONDARIA I GRADO,SCUOLA PRIMO GRADO,23.0,80.0,0.0,23.0,0.0,23.0
C483,CERANO,NOVARA,SCUOLA PRIMARIA,SCUOLA PRIMARIA,23.0,36.0,0.0,23.0,0.0,23.0
L304,TORTONA,ALESSANDRIA,SCUOLA SECONDARIA I GRADO,SCUOLA PRIMO GRADO,26.0,93.0,0.0,26.0,4.0,22.0
H509,ROMANO DI LOMBARDIA,BERGAMO,SCUOLA SECONDARIA II GRADO,IST PROF PER I SERVIZI SOCIALI,22.0,34.0,0.0,22.0,0.0,22.0
E884,MANERBIO,BRESCIA,SCUOLA SECONDARIA I GRADO,SCUOLA PRIMO GRADO,22.0,71.0,0.0,22.0,0.0,22.0
D150,CREMONA,CREMONA,SCUOLA PRIMARIA,SCUOLA PRIMARIA,45.0,217.0,0.0,45.0,23.0,22.0
G186,OSTIGLIA,MANTOVA,SCUOLA SECONDARIA II GRADO,IST PROF PER I SERVIZI COMMERCIALI,22.0,61.0,0.0,22.0,0.0,22.0
I903,SPILAMBERTO,MODENA,SCUOLA PRIMARIA,SCUOLA PRIMARIA,22.0,70.0,0.0,22.0,0.0,22.0
I968,STRADELLA,PAVIA,SCUOLA SECONDARIA II GRADO,IST TEC COMMERCIALE E PER GEOMETRI,22.0,44.0,0.0,22.0,0.0,22.0
G535,PIACENZA,PIACENZA,SCUOLA SECONDARIA II GRADO,IST PROF INDUSTRIA E ARTIGIANATO,22.0,31.0,0.0,22.0,0.0,22.0
I965,STRA,VENEZIA,SCUOLA PRIMARIA,SCUOLA PRIMARIA,22.0,57.0,0.0,22.0,0.0,22.0
L087,TELGATE,BERGAMO,SCUOLA SECONDARIA I GRADO,SCUOLA PRIMO GRADO,21.0,31.0,0.0,21.0,0.0,21.0
L388,TRESCORE BALNEARIO,BERGAMO,SCUOLA SECONDARIA I GRADO,SCUOLA PRIMO GRADO,21.0,39.0,0.0,21.0,0.0,21.0
B898,CASALMAGGIORE,CREMONA,SCUOLA PRIMARIA,SCUOLA PRIMARIA,27.0,80.0,0.0,27.0,6.0,21.0
E783,MACERATA,MACERATA,SCUOLA SECONDARIA II GRADO,IST PROF INDUSTRIA E ARTIGIANATO,33.0,51.0,0.0,33.0,12.0,21.0
C312,CASTIGLIONE DELLE STIVIERE,MANTOVA,SCUOLA SECONDARIA I GRADO,SCUOLA PRIMO GRADO,21.0,146.0,0.0,21.0,0.0,21.0
D450,FABBRICO,REGGIO EMILIA,SCUOLA PRIMARIA,SCUOLA PRIMARIA,21.0,46.0,0.0,21.0,0.0,21.0
L400,TREVIGLIO,BERGAMO,SCUOLA PRIMARIA,SCUOLA PRIMARIA,36.0,127.0,0.0,36.0,16.0,20.0
F471,MONTICHIARI,BRESCIA,SCUOLA PRIMARIA,SCUOLA PRIMARIA,30.0,133.0,0.0,30.0,10.0,20.0
A393,ARGENTA,FERRARA,SCUOLA SECONDARIA II GRADO,IST PROF INDUSTRIA E ARTIGIANATO,20.0,50.0,0.0,20.0,0.0,20.0
B162,BRESSO,MILANO,SCUOLA PRIMARIA,SCUOLA PRIMARIA,29.0,108.0,0.0,29.0,9.0,20.0
I690,SESTO SAN GIOVANNI,MILANO,SCUOLA SECONDARIA II GRADO,IST PROF PER I SERVIZI COMMERCIALI,20.0,61.0,0.0,20.0,0.0,20.0
H835,SAN FELICE SUL PANARO,MODENA,SCUOLA SECONDARIA I GRADO,SCUOLA PRIMO GRADO,20.0,36.0,0.0,20.0,0.0,20.0
G353,PASIANO DI PORDENONE,PORDENONE,SCUOLA PRIMARIA,SCUOLA PRIMARIA,21.0,69.0,0.0,21.0,1.0,20.0
G793,POLLA,SALERNO,SCUOLA PRIMARIA,SCUOLA PRIMARIA,20.0,29.0,0.0,20.0,0.0,20.0
H783,SAN BONIFACIO,VERONA,SCUOLA PRIMARIA,SCUOLA PRIMARIA,35.0,132.0,0.0,35.0,15.0,20.0
I657,SERRAVALLE SCRIVIA,ALESSANDRIA,SCUOLA SECONDARIA I GRADO,SCUOLA PRIMO GRADO,19.0,54.0,0.0,19.0,0.0,19.0
L388,TRESCORE BALNEARIO,BERGAMO,SCUOLA SECONDARIA II GRADO,IST PROF PER I SERVIZI COMMERCIALI,19.0,71.0,0.0,19.0,0.0,19.0
H598,ROVATO,BRESCIA,SCUOLA SECONDARIA II GRADO,IST PROF INDUSTRIA E ARTIGIANATO,19.0,53.0,0.0,19.0,0.0,19.0
I684,SESTO FIORENTINO,FIRENZE,SCUOLA SECONDARIA II GRADO,IST TEC COMMERCIALE E PER GEOMETRI,19.0,56.0,0.0,19.0,0.0,19.0
F621,MONTE SAN GIUSTO,MACERATA,SCUOLA SECONDARIA I GRADO,SCUOLA PRIMO GRADO,19.0,49.0,0.0,19.0,0.0,19.0
L020,SUZZARA,MANTOVA,SCUOLA PRIMARIA,SCUOLA PRIMARIA,19.0,118.0,0.0,19.0,0.0,19.0
C707,CINISELLO BALSAMO,MILANO,SCUOLA SECONDARIA II GRADO,ISTITUTO TECNICO INDUSTRIALE,19.0,77.0,0.0,19.0,0.0,19.0
I968,STRADELLA,PAVIA,SCUOLA SECONDARIA II GRADO,ISTITUTO TECNICO INDUSTRIALE,19.0,19.0,0.0,19.0,0.0,19.0
H223,REGGIO NELL'EMILIA,REGGIO EMILIA,SCUOLA SECONDARIA II GRADO,IST PROF PER I SERVIZI COMMERCIALI,19.0,49.0,0.0,19.0,0.0,19.0
E893,MANSUE',TREVISO,SCUOLA SECONDARIA I GRADO,SCUOLA PRIMO GRADO,19.0,41.0,0.0,19.0,0.0,19.0
F464,MONTECCHIO MAGGIORE,VICENZA,SCUOLA SECONDARIA I GRADO,SCUOLA PRIMO GRADO,25.0,120.0,0.0,25.0,6.0,19.0
A794,BERGAMO,BERGAMO,SCUOLA SECONDARIA I GRADO,SCUOLA PRIMO GRADO,112.0,452.0,0.0,112.0,94.0,18.0
C072,CASTELCOVATI,BRESCIA,SCUOLA SECONDARIA I GRADO,SCUOLA PRIMO GRADO,18.0,61.0,0.0,18.0,0.0,18.0
B898,CASALMAGGIORE,CREMONA,SCUOLA SECONDARIA I GRADO,SCUOLA PRIMO GRADO,18.0,69.0,0.0,18.0,0.0,18.0
E290,IMPERIA,IMPERIA,SCUOLA SECONDARIA II GRADO,IST PROF INDUSTRIA E ARTIGIANATO,18.0,54.0,0.0,18.0,0.0,18.0
E723,LUCO DEI MARSI,L'AQUILA,SCUOLA SECONDARIA I GRADO,SCUOLA PRIMO GRADO,18.0,46.0,0.0,18.0,0.0,18.0
E648,LODI,LODI,SCUOLA PRIMARIA,SCUOLA PRIMARIA,33.0,196.0,0.0,33.0,15.0,18.0
I632,SERMIDE E FELONICA,MANTOVA,SCUOLA PRIMARIA,SCUOLA PRIMARIA,18.0,37.0,0.0,18.0,0.0,18.0
B798,CARNATE,MONZA E DELLA BRIANZA,SCUOLA PRIMARIA,SCUOLA PRIMARIA,18.0,53.0,0.0,18.0,0.0,18.0
E591,LIMBIATE,MONZA E DELLA BRIANZA,SCUOLA SECONDARIA I GRADO,SCUOLA PRIMO GRADO,31.0,168.0,0.0,31.0,13.0,18.0
B293,BUSSETO,PARMA,SCUOLA SECONDARIA I GRADO,SCUOLA PRIMO GRADO,18.0,36.0,0.0,18.0,0.0,18.0
A561,MONTECATINI-TERME,PISTOIA,SCUOLA SECONDARIA I GRADO,SCUOLA PRIMO GRADO,18.0,69.0,0.0,18.0,0.0,18.0
G999,PRATO,PRATO,SCUOLA PRIMARIA,SCUOLA PRIMARIA NON STATALE,27.0,131.0,0.0,27.0,9.0,18.0
H199,RAVENNA,RAVENNA,SCUOLA SECONDARIA II GRADO,IST PROF PER I SERVIZI COMMERCIALI,18.0,101.0,0.0,18.0,0.0,18.0
I726,SIENA,SIENA,SCUOLA SECONDARIA II GRADO,IST PROF INDUSTRIA E ARTIGIANATO,18.0,20.0,0.0,18.0,0.0,18.0
L219,TORINO,TORINO,SCUOLA SECONDARIA II GRADO,IST PROF PER I SERVIZI COMMERCIALI,18.0,60.0,0.0,18.0,0.0,18.0
L483,UDINE,UDINE,SCUOLA SECONDARIA II GRADO,IST PROF INDUSTRIA E ARTIGIANATO,18.0,69.0,0.0,18.0,0.0,18.0
F918,NOGARA,VERONA,SCUOLA PRIMARIA,SCUOLA PRIMARIA,18.0,56.0,0.0,18.0,0.0,18.0
E100,GORLAGO,BERGAMO,SCUOLA SECONDARIA I GRADO,SCUOLA PRIMO GRADO,17.0,31.0,0.0,17.0,0.0,17.0
H509,ROMANO DI LOMBARDIA,BERGAMO,SCUOLA SECONDARIA II GRADO,IST TEC COMMERCIALE E PER GEOMETRI,17.0,31.0,0.0,17.0,0.0,17.0
M104,VOBARNO,BRESCIA,SCUOLA PRIMARIA,SCUOLA PRIMARIA,17.0,33.0,0.0,17.0,0.0,17.0
M104,VOBARNO,BRESCIA,SCUOLA SECONDARIA I GRADO,SCUOLA PRIMO GRADO,17.0,43.0,0.0,17.0,0.0,17.0
C312,CASTIGLIONE DELLE STIVIERE,MANTOVA,SCUOLA PRIMARIA,SCUOLA PRIMARIA,32.0,108.0,0.0,32.0,15.0,17.0
C003,CASSANO D'ADDA,MILANO,SCUOLA PRIMARIA,SCUOLA PRIMARIA,28.0,100.0,0.0,28.0,11.0,17.0
D611,FIORENZUOLA D'ARDA,PIACENZA,SCUOLA PRIMARIA,SCUOLA PRIMARIA,17.0,51.0,0.0,17.0,0.0,17.0
F029,MASSA LOMBARDA,RAVENNA,SCUOLA PRIMARIA,SCUOLA PRIMARIA,19.0,48.0,0.0,19.0,2.0,17.0
D680,FONTE,TREVISO,SCUOLA SECONDARIA I GRADO,SCUOLA PRIMO GRADO,17.0,43.0,0.0,17.0,0.0,17.0
L483,UDINE,UDINE,SCUOLA SECONDARIA I GRADO,SCUOLA PRIMO GRADO,56.0,406.0,0.0,56.0,39.0,17.0
D915,GARDA,VERONA,SCUOLA SECONDARIA I GRADO,SCUOLA PRIMO GRADO,17.0,34.0,0.0,17.0,0.0,17.0
B395,CALCIO,BERGAMO,SCUOLA SECONDARIA I GRADO,SCUOLA PRIMO GRADO,16.0,53.0,0.0,16.0,0.0,16.0
L388,TRESCORE BALNEARIO,BERGAMO,SCUOLA PRIMARIA,SCUOLA PRIMARIA,16.0,37.0,0.0,16.0,0.0,16.0
G840,PONTEDASSIO,IMPERIA,SCUOLA SECONDARIA I GRADO,SCUOLA PRIMO GRADO,16.0,37.0,0.0,16.0,0.0,16.0
C816,CODOGNO,LODI,SCUOLA SECONDARIA II GRADO,IST PROF INDUSTRIA E ARTIGIANATO,16.0,77.0,0.0,16.0,0.0,16.0
A241,ALTOPASCIO,LUCCA,SCUOLA SECONDARIA I GRADO,SCUOLA PRIMO GRADO,16.0,69.0,0.0,16.0,0.0,16.0
E715,LUCCA,LUCCA,SCUOLA SECONDARIA II GRADO,IST PROF INDUSTRIA E ARTIGIANATO,16.0,50.0,0.0,16.0,0.0,16.0
G186,OSTIGLIA,MANTOVA,SCUOLA PRIMARIA,SCUOLA PRIMARIA,16.0,43.0,0.0,16.0,0.0,16.0
C483,CERANO,NOVARA,SCUOLA SECONDARIA I GRADO,SCUOLA PRIMO GRADO,16.0,31.0,0.0,16.0,0.0,16.0
C904,COLORNO,PARMA,SCUOLA SECONDARIA I GRADO,SCUOLA PRIMO GRADO,16.0,54.0,0.0,16.0,0.0,16.0
B034,FIDENZA,PARMA,SCUOLA PRIMARIA,SCUOLA PRIMARIA,22.0,77.0,0.0,22.0,6.0,16.0
A741,BELGIOIOSO,PAVIA,SCUOLA PRIMARIA,SCUOLA PRIMARIA,16.0,23.0,0.0,16.0,0.0,16.0
I968,STRADELLA,PAVIA,SCUOLA SECONDARIA I GRADO,SCUOLA PRIMO GRADO,16.0,50.0,0.0,16.0,0.0,16.0
B025,BORGONOVO VAL TIDONE,PIACENZA,SCUOLA PRIMARIA,SCUOLA PRIMARIA,16.0,29.0,0.0,16.0,0.0,16.0
G353,PASIANO DI PORDENONE,PORDENONE,SCUOLA SECONDARIA I GRADO,SCUOLA PRIMO GRADO,16.0,37.0,0.0,16.0,0.0,16.0
A182,ALESSANDRIA,ALESSANDRIA,SCUOLA SECONDARIA II GRADO,IST PROF PER I SERVIZI COMMERCIALI,15.0,36.0,0.0,15.0,0.0,15.0
H592,ROTONDI,AVELLINO,SCUOLA SECONDARIA II GRADO,SCUOLA SEC. SECONDO GRADO NON STATALE,15.0,41.0,0.0,15.0,0.0,15.0
B434,CALUSCO D'ADDA,BERGAMO,SCUOLA SECONDARIA I GRADO,SCUOLA PRIMO GRADO,15.0,56.0,0.0,15.0,0.0,15.0
B731,CARAVAGGIO,BERGAMO,SCUOLA SECONDARIA I GRADO,SCUOLA PRIMO GRADO,15.0,53.0,0.0,15.0,0.0,15.0
H410,ROCCAFRANCA,BRESCIA,SCUOLA SECONDARIA I GRADO,SCUOLA PRIMO GRADO,15.0,27.0,0.0,15.0,0.0,15.0
C933,COMO,COMO,SCUOLA PRIMARIA,SCUOLA PRIMARIA,47.0,338.0,0.0,47.0,32.0,15.0
C589,CEVA,CUNEO,SCUOLA PRIMARIA,SCUOLA PRIMARIA,15.0,43.0,0.0,15.0,0.0,15.0
F356,MONFALCONE,GORIZIA,SCUOLA SECONDARIA II GRADO,IST PROF INDUSTRIA E ARTIGIANATO,15.0,30.0,0.0,15.0,0.0,15.0
A010,ABBIATEGRASSO,MILANO,SCUOLA PRIMARIA,SCUOLA PRIMARIA,20.0,89.0,0.0,20.0,5.0,15.0
C052,CASTANO PRIMO,MILANO,SCUOLA SECONDARIA I GRADO,SCUOLA PRIMO GRADO,15.0,66.0,0.0,15.0,0.0,15.0
H835,SAN FELICE SUL PANARO,MODENA,SCUOLA PRIMARIA,SCUOLA PRIMARIA,15.0,86.0,0.0,15.0,0.0,15.0
B563,CAMPOSAMPIERO,PADOVA,SCUOLA PRIMARIA,SCUOLA PRIMARIA,20.0,66.0,0.0,20.0,5.0,15.0
H720,SALSOMAGGIORE TERME,PARMA,SCUOLA PRIMARIA,SCUOLA PRIMARIA,15.0,73.0,0.0,15.0,0.0,15.0
I178,SANTA CROCE CAMERINA,RAGUSA,SCUOLA SECONDARIA II GRADO,ISTITUTO TECNICO COMMERCIALE,15.0,43.0,0.0,15.0,0.0,15.0
L117,TERNI,TERNI,SCUOLA SECONDARIA II GRADO,IST PROF INDUSTRIA E ARTIGIANATO,15.0,37.0,0.0,15.0,0.0,15.0
I965,STRA,VENEZIA,SCUOLA SECONDARIA I GRADO,SCUOLA PRIMO GRADO,15.0,36.0,0.0,15.0,0.0,15.0
A851,BIBBIENA,AREZZO,SCUOLA PRIMARIA,SCUOLA PRIMARIA,14.0,62.0,0.0,14.0,0.0,14.0
B594,CANELLI,ASTI,SCUOLA PRIMARIA,SCUOLA PRIMARIA,17.0,66.0,0.0,17.0,3.0,14.0
B395,CALCIO,BERGAMO,SCUOLA PRIMARIA,SCUOLA PRIMARIA,14.0,16.0,0.0,14.0,0.0,14.0
D126,COVO,BERGAMO,SCUOLA PRIMARIA,SCUOLA PRIMARIA,14.0,33.0,0.0,14.0,0.0,14.0
L752,VERDELLINO,BERGAMO,SCUOLA SECONDARIA I GRADO,SCUOLA PRIMO GRADO,14.0,56.0,0.0,14.0,0.0,14.0
F288,MOLINELLA,BOLOGNA,SCUOLA PRIMARIA,SCUOLA PRIMARIA,24.0,64.0,0.0,24.0,10.0,14.0
A529,AZZANO MELLA,BRESCIA,SCUOLA SECONDARIA I GRADO,SCUOLA PRIMO GRADO,14.0,83.0,0.0,14.0,0.0,14.0
C332,CASTREZZATO,BRESCIA,SCUOLA SECONDARIA I GRADO,SCUOLA PRIMO GRADO,14.0,37.0,0.0,14.0,0.0,14.0
D251,DARFO BOARIO TERME,BRESCIA,SCUOLA PRIMARIA,SCUOLA PRIMARIA,16.0,86.0,0.0,16.0,2.0,14.0
D918,GARDONE VAL TROMPIA,BRESCIA,SCUOLA SECONDARIA II GRADO,IST PROF INDUSTRIA E ARTIGIANATO,14.0,46.0,0.0,14.0,0.0,14.0
D815,FUCECCHIO,FIRENZE,SCUOLA SECONDARIA II GRADO,ISTITUTO TECNICO COMMERCIALE,14.0,31.0,0.0,14.0,0.0,14.0
F356,MONFALCONE,GORIZIA,SCUOLA SECONDARIA II GRADO,IST PROF PER I SERVIZI COMMERCIALI E TURISTICI,14.0,30.0,0.0,14.0,0.0,14.0
F205,MILANO,MILANO,SCUOLA SECONDARIA II GRADO,IST PROF PER I SERVIZI ALBERGHIERI E RISTORAZIONE,22.0,209.0,0.0,22.0,8.0,14.0
I462,SASSUOLO,MODENA,SCUOLA PRIMARIA,SCUOLA PRIMARIA,38.0,205.0,0.0,38.0,24.0,14.0
B345,CADONEGHE,PADOVA,SCUOLA PRIMARIA,SCUOLA PRIMARIA,17.0,57.0,0.0,17.0,3.0,14.0
M372,CORTEOLONA E GENZONE,PAVIA,SCUOLA SECONDARIA I GRADO,SCUOLA PRIMO GRADO,14.0,34.0,0.0,14.0,0.0,14.0
I968,STRADELLA,PAVIA,SCUOLA SECONDARIA II GRADO,IST PROF INDUSTRIA E ARTIGIANATO,14.0,14.0,0.0,14.0,0.0,14.0
H294,RIMINI,RIMINI,SCUOLA SECONDARIA II GRADO,IST PROF PER I SERVIZI ALBERGHIERI E RISTORAZIONE,14.0,59.0,0.0,14.0,0.0,14.0
C207,CASTELMASSA,ROVIGO,SCUOLA SECONDARIA I GRADO,SCUOLA PRIMO GRADO,14.0,44.0,0.0,14.0,0.0,14.0
C957,CONEGLIANO,TREVISO,SCUOLA SECONDARIA II GRADO,IST PROF INDUSTRIA E ARTIGIANATO,14.0,27.0,0.0,14.0,0.0,14.0
G135,ORTE,VITERBO,SCUOLA PRIMARIA,SCUOLA PRIMARIA,17.0,57.0,0.0,17.0,3.0,14.0
A129,ALBANO SANT'ALESSANDRO,BERGAMO,SCUOLA SECONDARIA I GRADO,SCUOLA PRIMO GRADO,13.0,30.0,0.0,13.0,0.0,13.0
L752,VERDELLINO,BERGAMO,SCUOLA PRIMARIA,SCUOLA PRIMARIA,13.0,36.0,0.0,13.0,0.0,13.0
A569,BAGNOLO MELLA,BRESCIA,SCUOLA SECONDARIA I GRADO,SCUOLA PRIMO GRADO,13.0,63.0,0.0,13.0,0.0,13.0
B817,CARPENEDOLO,BRESCIA,SCUOLA PRIMARIA,SCUOLA PRIMARIA,13.0,83.0,0.0,13.0,0.0,13.0
D918,GARDONE VAL TROMPIA,BRESCIA,SCUOLA SECONDARIA I GRADO,SCUOLA PRIMO GRADO,13.0,29.0,0.0,13.0,0.0,13.0
A965,BONDENO,FERRARA,SCUOLA PRIMARIA,SCUOLA PRIMARIA,13.0,71.0,0.0,13.0,0.0,13.0
F356,MONFALCONE,GORIZIA,SCUOLA SECONDARIA II GRADO,ISTITUTO TECNICO PER IL TURISMO,13.0,26.0,0.0,13.0,0.0,13.0
G919,PORTO RECANATI,MACERATA,SCUOLA PRIMARIA,SCUOLA PRIMARIA,13.0,46.0,0.0,13.0,0.0,13.0
E078,GOITO,MANTOVA,SCUOLA PRIMARIA,SCUOLA PRIMARIA,15.0,77.0,0.0,15.0,2.0,13.0
G786,POLICORO,MATERA,SCUOLA SECONDARIA II GRADO,IST PROF INDUSTRIA E ARTIGIANATO,13.0,51.0,0.0,13.0,0.0,13.0
F754,MORTARA,PAVIA,SCUOLA SECONDARIA I GRADO,SCUOLA PRIMO GRADO,13.0,70.0,0.0,13.0,0.0,13.0
I203,SANTA GIULETTA,PAVIA,SCUOLA SECONDARIA I GRADO,SCUOLA PRIMO GRADO,13.0,29.0,0.0,13.0,0.0,13.0
A145,ALBENGA,SAVONA,SCUOLA SECONDARIA I GRADO,SCUOLA PRIMO GRADO,13.0,69.0,0.0,13.0,0.0,13.0
F870,NERETO,TERAMO,SCUOLA SECONDARIA II GRADO,ISTITUTO TECNICO COMMERCIALE,13.0,21.0,0.0,13.0,0.0,13.0
L219,TORINO,TORINO,SCUOLA SECONDARIA II GRADO,IST PROF PER I SERVIZI COMMERCIALI E TURISTICI,20.0,147.0,0.0,20.0,7.0,13.0
G645,PIEVE DI SOLIGO,TREVISO,SCUOLA SECONDARIA I GRADO,SCUOLA PRIMO GRADO,13.0,67.0,0.0,13.0,0.0,13.0
E512,LEGNAGO,VERONA,SCUOLA PRIMARIA,SCUOLA PRIMARIA,25.0,167.0,0.0,25.0,12.0,13.0
L840,VICENZA,VICENZA,SCUOLA PRIMARIA,SCUOLA PRIMARIA,88.0,464.0,0.0,88.0,75.0,13.0
A129,ALBANO SANT'ALESSANDRO,BERGAMO,SCUOLA PRIMARIA,SCUOLA PRIMARIA,12.0,27.0,0.0,12.0,0.0,12.0
B434,CALUSCO D'ADDA,BERGAMO,SCUOLA PRIMARIA,SCUOLA PRIMARIA,12.0,44.0,0.0,12.0,0.0,12.0
B731,CARAVAGGIO,BERGAMO,SCUOLA PRIMARIA,SCUOLA PRIMARIA,14.0,82.0,0.0,14.0,2.0,12.0
B801,CAROBBIO DEGLI ANGELI,BERGAMO,SCUOLA SECONDARIA I GRADO,SCUOLA PRIMO GRADO,12.0,19.0,0.0,12.0,0.0,12.0
B971,CASIRATE D'ADDA,BERGAMO,SCUOLA SECONDARIA I GRADO,SCUOLA PRIMO GRADO,12.0,23.0,0.0,12.0,0.0,12.0
C730,CISERANO,BERGAMO,SCUOLA SECONDARIA I GRADO,SCUOLA PRIMO GRADO,12.0,21.0,0.0,12.0,0.0,12.0
F547,MONTELLO,BERGAMO,SCUOLA PRIMARIA,SCUOLA PRIMARIA,12.0,17.0,0.0,12.0,0.0,12.0
G856,PONTE SAN PIETRO,BERGAMO,SCUOLA PRIMARIA,SCUOLA PRIMARIA,19.0,73.0,0.0,19.0,7.0,12.0
L087,TELGATE,BERGAMO,SCUOLA PRIMARIA,SCUOLA PRIMARIA,12.0,37.0,0.0,12.0,0.0,12.0
A944,BOLOGNA,BOLOGNA,SCUOLA SECONDARIA II GRADO,IST PROF PER I SERVIZI SOCIALI,12.0,41.0,0.0,12.0,0.0,12.0
D166,CREVALCORE,BOLOGNA,SCUOLA PRIMARIA,SCUOLA PRIMARIA,12.0,70.0,0.0,12.0,0.0,12.0
B394,CALCINATO,BRESCIA,SCUOLA SECONDARIA I GRADO,SCUOLA PRIMO GRADO,12.0,43.0,0.0,12.0,0.0,12.0
B507,CAMPI BISENZIO,FIRENZE,SCUOLA SECONDARIA I GRADO,SCUOLA PRIMO GRADO,20.0,196.0,0.0,20.0,8.0,12.0
D575,FIESOLE,FIRENZE,SCUOLA SECONDARIA I GRADO,SCUOLA SEC. PRIMO GRADO NON STATALE,12.0,20.0,0.0,12.0,0.0,12.0
A369,ARCIDOSSO,GROSSETO,SCUOLA SECONDARIA I GRADO,SCUOLA PRIMO GRADO,12.0,27.0,0.0,12.0,0.0,12.0
E463,LA SPEZIA,LA SPEZIA,SCUOLA SECONDARIA II GRADO,IST PROF INDUSTRIA E ARTIGIANATO,12.0,81.0,0.0,12.0,0.0,12.0
A241,ALTOPASCIO,LUCCA,SCUOLA PRIMARIA,SCUOLA PRIMARIA,15.0,99.0,0.0,15.0,3.0,12.0
D042,CORRIDONIA,MACERATA,SCUOLA SECONDARIA II GRADO,IST PROF INDUSTRIA E ARTIGIANATO,12.0,49.0,0.0,12.0,0.0,12.0
C195,CASTELLUCCHIO,MANTOVA,SCUOLA SECONDARIA I GRADO,SCUOLA PRIMO GRADO,12.0,43.0,0.0,12.0,0.0,12.0
L826,VIADANA,MANTOVA,SCUOLA SECONDARIA I GRADO,SCUOLA PRIMO GRADO,21.0,104.0,0.0,21.0,9.0,12.0
G786,POLICORO,MATERA,SCUOLA SECONDARIA II GRADO,ISTITUTO TECNICO INDUSTRIALE,12.0,56.0,0.0,12.0,0.0,12.0
F205,MILANO,MILANO,SCUOLA SECONDARIA II GRADO,IST PROF PER I SERVIZI COMMERCIALI E TURISTICI,22.0,188.0,0.0,22.0,10.0,12.0
F205,MILANO,MILANO,SCUOLA SECONDARIA II GRADO,IST TEC COMMERCIALE E PER GEOMETRI,12.0,34.0,0.0,12.0,0.0,12.0
C261,CASTEL SAN GIOVANNI,PIACENZA,SCUOLA SECONDARIA II GRADO,IST PROF PER I SERVIZI COMMERCIALI E TURISTICI,12.0,24.0,0.0,12.0,0.0,12.0
G491,PESCIA,PISTOIA,SCUOLA SECONDARIA II GRADO,IST PROF INDUSTRIA E ARTIGIANATO,12.0,24.0,0.0,12.0,0.0,12.0
C065,CASTEL BOLOGNESE,RAVENNA,SCUOLA PRIMARIA,SCUOLA PRIMARIA,12.0,54.0,0.0,12.0,0.0,12.0
I441,SARONNO,VARESE,SCUOLA SECONDARIA II GRADO,IST PROF INDUSTRIA E ARTIGIANATO,12.0,39.0,0.0,12.0,0.0,12.0
C649,CHIUDUNO,BERGAMO,SCUOLA SECONDARIA I GRADO,SCUOLA PRIMO GRADO,11.0,33.0,0.0,11.0,0.0,11.0
B157,BRESCIA,BRESCIA,SCUOLA SECONDARIA II GRADO,IST PROF INDUSTRIA E ARTIGIANATO,11.0,84.0,0.0,11.0,0.0,11.0
E133,GRAMMICHELE,CATANIA,SCUOLA SECONDARIA II GRADO,SCUOLA SEC. SECONDO GRADO NON STATALE,11.0,41.0,0.0,11.0,0.0,11.0
A965,BONDENO,FERRARA,SCUOLA SECONDARIA I GRADO,SCUOLA PRIMO GRADO,11.0,43.0,0.0,11.0,0.0,11.0
E463,LA SPEZIA,LA SPEZIA,SCUOLA PRIMARIA,SCUOLA PRIMARIA,76.0,379.0,0.0,76.0,65.0,11.0
G161,OSNAGO,LECCO,SCUOLA PRIMARIA,SCUOLA PRIMARIA,11.0,34.0,0.0,11.0,0.0,11.0
L191,TOLENTINO,MACERATA,SCUOLA SECONDARIA II GRADO,IST PROF INDUSTRIA E ARTIGIANATO,11.0,39.0,0.0,11.0,0.0,11.0
F240,MIRANDOLA,MODENA,SCUOLA SECONDARIA II GRADO,ISTITUTO TECNICO COMMERCIALE,11.0,54.0,0.0,11.0,0.0,11.0
C566,CESANO MADERNO,MONZA E DELLA BRIANZA,SCUOLA PRIMARIA,SCUOLA PRIMARIA,46.0,145.0,0.0,46.0,35.0,11.0
B345,CADONEGHE,PADOVA,SCUOLA SECONDARIA I GRADO,SCUOLA PRIMO GRADO,11.0,70.0,0.0,11.0,0.0,11.0
D728,FORNOVO DI TARO,PARMA,SCUOLA SECONDARIA I GRADO,SCUOLA PRIMO GRADO,11.0,46.0,0.0,11.0,0.0,11.0
A741,BELGIOIOSO,PAVIA,SCUOLA SECONDARIA I GRADO,SCUOLA PRIMO GRADO,11.0,41.0,0.0,11.0,0.0,11.0
G388,PAVIA,PAVIA,SCUOLA SECONDARIA II GRADO,IST PROF INDUSTRIA E ARTIGIANATO,11.0,64.0,0.0,11.0,0.0,11.0
L994,VILLANTERIO,PAVIA,SCUOLA SECONDARIA I GRADO,SCUOLA PRIMO GRADO,11.0,34.0,0.0,11.0,0.0,11.0
B352,CAGLI,PESARO E URBINO,SCUOLA SECONDARIA II GRADO,IST PROF INDUSTRIA E ARTIGIANATO,11.0,19.0,0.0,11.0,0.0,11.0
I904,SPILIMBERGO,PORDENONE,SCUOLA SECONDARIA I GRADO,SCUOLA PRIMO GRADO,11.0,67.0,0.0,11.0,0.0,11.0
I480,SAVONA,SAVONA,SCUOLA PRIMARIA,SCUOLA PRIMARIA,37.0,243.0,0.0,37.0,26.0,11.0
E682,LONIGO,VICENZA,SCUOLA SECONDARIA I GRADO,SCUOLA PRIMO GRADO,11.0,84.0,0.0,11.0,0.0,11.0
L157,THIENE,VICENZA,SCUOLA PRIMARIA,SCUOLA PRIMARIA,21.0,132.0,0.0,21.0,10.0,11.0
I977,STREVI,ALESSANDRIA,SCUOLA PRIMARIA,SCUOLA PRIMARIA,10.0,27.0,0.0,10.0,0.0,10.0
A664,BARIANO,BERGAMO,SCUOLA SECONDARIA I GRADO,SCUOLA PRIMO GRADO,10.0,24.0,0.0,10.0,0.0,10.0
B947,CASAZZA,BERGAMO,SCUOLA PRIMARIA,SCUOLA PRIMARIA,10.0,46.0,0.0,10.0,0.0,10.0
E100,GORLAGO,BERGAMO,SCUOLA PRIMARIA,SCUOLA PRIMARIA,10.0,33.0,0.0,10.0,0.0,10.0
C085,CASTEL DEL PIANO,GROSSETO,SCUOLA SECONDARIA I GRADO,SCUOLA PRIMO GRADO,10.0,24.0,0.0,10.0,0.0,10.0
G919,PORTO RECANATI,MACERATA,SCUOLA SECONDARIA I GRADO,SCUOLA PRIMO GRADO,10.0,34.0,0.0,10.0,0.0,10.0
C951,CONCORDIA SULLA SECCHIA,MODENA,SCUOLA SECONDARIA I GRADO,SCUOLA PRIMO GRADO,10.0,60.0,0.0,10.0,0.0,10.0
L885,VIGNOLA,MODENA,SCUOLA SECONDARIA II GRADO,IST PROF PER I SERVIZI COMMERCIALI,10.0,19.0,0.0,10.0,0.0,10.0
M280,TRECASE,NAPOLI,SCUOLA PRIMARIA,SCUOLA PRIMARIA NON STATALE,10.0,24.0,0.0,10.0,0.0,10.0
L872,VIGEVANO,PAVIA,SCUOLA SECONDARIA II GRADO,IST PROF INDUSTRIA E ARTIGIANATO,10.0,34.0,0.0,10.0,0.0,10.0
L872,VIGEVANO,PAVIA,SCUOLA SECONDARIA II GRADO,IST TEC COMMERCIALE E PER GEOMETRI,10.0,117.0,0.0,10.0,0.0,10.0
D061,CORTEMAGGIORE,PIACENZA,SCUOLA SECONDARIA I GRADO,SCUOLA PRIMO GRADO,10.0,33.0,0.0,10.0,0.0,10.0
D458,FAENZA,RAVENNA,SCUOLA SECONDARIA II GRADO,IST PROF INDUSTRIA E ARTIGIANATO,10.0,29.0,0.0,10.0,0.0,10.0
A988,BORETTO,REGGIO EMILIA,SCUOLA SECONDARIA I GRADO,SCUOLA PRIMO GRADO,10.0,44.0,0.0,10.0,0.0,10.0
C384,CAVASO DEL TOMBA,TREVISO,SCUOLA SECONDARIA I GRADO,SCUOLA PRIMO GRADO,10.0,13.0,0.0,10.0,0.0,10.0
D030,CORNUDA,TREVISO,SCUOLA SECONDARIA I GRADO,SCUOLA PRIMO GRADO,10.0,40.0,0.0,10.0,0.0,10.0
L736,VENEZIA,VENEZIA,SCUOLA SECONDARIA II GRADO,IST PROF INDUSTRIA E ARTIGIANATO,10.0,19.0,0.0,10.0,0.0,10.0
F508,MONTEFORTE D'ALPONE,VERONA,SCUOLA PRIMARIA,SCUOLA PRIMARIA,14.0,42.0,0.0,14.0,4.0,10.0
F921,NOGAROLE ROCCA,VERONA,SCUOLA PRIMARIA,SCUOLA PRIMARIA,10.0,29.0,0.0,10.0,0.0,10.0
L781,VERONA,VERONA,SCUOLA SECONDARIA II GRADO,IST PROF PER I SERVIZI ALBERGHIERI E RISTORAZIONE,10.0,41.0,0.0,10.0,0.0,10.0
A182,ALESSANDRIA,ALESSANDRIA,SCUOLA SECONDARIA II GRADO,ISTITUTO TECNICO COMMERCIALE,9.0,34.0,0.0,9.0,0.0,9.0
I155,SANSEPOLCRO,AREZZO,SCUOLA SECONDARIA II GRADO,IST PROF INDUSTRIA E ARTIGIANATO,9.0,26.0,0.0,9.0,0.0,9.0
I628,SERIATE,BERGAMO,SCUOLA SECONDARIA I GRADO,SCUOLA PRIMO GRADO,15.0,74.0,0.0,15.0,6.0,9.0
L753,VERDELLO,BERGAMO,SCUOLA PRIMARIA,SCUOLA PRIMARIA,9.0,49.0,0.0,9.0,0.0,9.0
M045,VILLONGO,BERGAMO,SCUOLA PRIMARIA,SCUOLA PRIMARIA,9.0,34.0,0.0,9.0,0.0,9.0
I110,SAN PIETRO IN CASALE,BOLOGNA,SCUOLA PRIMARIA,SCUOLA PRIMARIA,23.0,50.0,0.0,23.0,14.0,9.0
B394,CALCINATO,BRESCIA,SCUOLA PRIMARIA,SCUOLA PRIMARIA,15.0,68.0,0.0,15.0,6.0,9.0
D290,SCIGLIANO,COSENZA,SCUOLA SECONDARIA II GRADO,IST PROF PER L'AGRICOLTURA E L'AMBIENTE,9.0,21.0,0.0,9.0,0.0,9.0
F846,NARZOLE,CUNEO,SCUOLA SECONDARIA I GRADO,SCUOLA PRIMO GRADO,9.0,34.0,0.0,9.0,0.0,9.0
D612,FIRENZE,FIRENZE,SCUOLA SECONDARIA II GRADO,IST PROF INDUSTRIA E ARTIGIANATO,9.0,164.0,0.0,9.0,0.0,9.0
D612,FIRENZE,FIRENZE,SCUOLA SECONDARIA II GRADO,IST PROF PER I SERVIZI SOCIALI,9.0,61.0,0.0,9.0,0.0,9.0
C573,CESENA,FORLI'-CESENA,SCUOLA SECONDARIA II GRADO,IST PROF INDUSTRIA E ARTIGIANATO,9.0,37.0,0.0,9.0,0.0,9.0
B423,CALOLZIOCORTE,LECCO,SCUOLA PRIMARIA,SCUOLA PRIMARIA,14.0,68.0,0.0,14.0,5.0,9.0
G687,PIOMBINO,LIVORNO,SCUOLA SECONDARIA II GRADO,IST PROF INDUSTRIA E ARTIGIANATO,9.0,17.0,0.0,9.0,0.0,9.0
A995,BORGHETTO LODIGIANO,LODI,SCUOLA SECONDARIA I GRADO,SCUOLA PRIMO GRADO,9.0,53.0,0.0,9.0,0.0,9.0
E651,LODI VECCHIO,LODI,SCUOLA PRIMARIA,SCUOLA PRIMARIA,9.0,57.0,0.0,9.0,0.0,9.0
I632,SERMIDE E FELONICA,MANTOVA,SCUOLA SECONDARIA I GRADO,SCUOLA PRIMO GRADO,9.0,27.0,0.0,9.0,0.0,9.0
L020,SUZZARA,MANTOVA,SCUOLA SECONDARIA I GRADO,SCUOLA PRIMO GRADO,15.0,116.0,0.0,15.0,6.0,9.0
L826,VIADANA,MANTOVA,SCUOLA SECONDARIA II GRADO,ISTITUTO TECNICO COMMERCIALE,9.0,20.0,0.0,9.0,0.0,9.0
D013,CORMANO,MILANO,SCUOLA PRIMARIA,SCUOLA PRIMARIA,12.0,75.0,0.0,12.0,3.0,9.0
L471,TURBIGO,MILANO,SCUOLA SECONDARIA I GRADO,SCUOLA PRIMO GRADO,9.0,41.0,0.0,9.0,0.0,9.0
B566,CAMPOSANTO,MODENA,SCUOLA PRIMARIA,SCUOLA PRIMARIA,9.0,36.0,0.0,9.0,0.0,9.0
F966,NOVI DI MODENA,MODENA,SCUOLA SECONDARIA I GRADO,SCUOLA PRIMO GRADO,9.0,47.0,0.0,9.0,0.0,9.0
G283,PALMA CAMPANIA,NAPOLI,SCUOLA PRIMARIA,SCUOLA PRIMARIA NON STATALE,9.0,47.0,0.0,9.0,0.0,9.0
B293,BUSSETO,PARMA,SCUOLA PRIMARIA,SCUOLA PRIMARIA,9.0,23.0,0.0,9.0,0.0,9.0
H720,SALSOMAGGIORE TERME,PARMA,SCUOLA SECONDARIA I GRADO,SCUOLA PRIMO GRADO,9.0,53.0,0.0,9.0,0.0,9.0
M325,SISSA TRECASALI,PARMA,SCUOLA PRIMARIA,SCUOLA PRIMARIA,9.0,36.0,0.0,9.0,0.0,9.0
F238,MIRADOLO TERME,PAVIA,SCUOLA SECONDARIA I GRADO,SCUOLA PRIMO GRADO,9.0,34.0,0.0,9.0,0.0,9.0
G275,PALESTRO,PAVIA,SCUOLA PRIMARIA,SCUOLA PRIMARIA,9.0,20.0,0.0,9.0,0.0,9.0
I048,SANNAZZARO DE' BURGONDI,PAVIA,SCUOLA PRIMARIA,SCUOLA PRIMARIA,9.0,30.0,0.0,9.0,0.0,9.0
M109,VOGHERA,PAVIA,SCUOLA SECONDARIA II GRADO,IST PROF INDUSTRIA E ARTIGIANATO,9.0,17.0,0.0,9.0,0.0,9.0
B025,BORGONOVO VAL TIDONE,PIACENZA,SCUOLA SECONDARIA I GRADO,SCUOLA PRIMO GRADO,9.0,54.0,0.0,9.0,0.0,9.0
B025,BORGONOVO VAL TIDONE,PIACENZA,SCUOLA SECONDARIA II GRADO,ISTITUTO TECNICO INDUSTRIALE,9.0,34.0,0.0,9.0,0.0,9.0
C113,CASTELFRANCO DI SOTTO,PISA,SCUOLA PRIMARIA,SCUOLA PRIMARIA,23.0,58.0,0.0,23.0,14.0,9.0
C244,CASTELNUOVO DI VAL DI CECINA,PISA,SCUOLA SECONDARIA I GRADO,SCUOLA PRIMO GRADO,9.0,16.0,0.0,9.0,0.0,9.0
I904,SPILIMBERGO,PORDENONE,SCUOLA PRIMARIA,SCUOLA PRIMARIA,9.0,33.0,0.0,9.0,0.0,9.0
A145,ALBENGA,SAVONA,SCUOLA PRIMARIA,SCUOLA PRIMARIA,24.0,94.0,0.0,24.0,15.0,9.0
I726,SIENA,SIENA,SCUOLA SECONDARIA II GRADO,IST PROF PER I SERVIZI COMMERCIALI E TURISTICI,9.0,46.0,0.0,9.0,0.0,9.0
B349,CAERANO DI SAN MARCO,TREVISO,SCUOLA PRIMARIA,SCUOLA PRIMARIA,9.0,57.0,0.0,9.0,0.0,9.0
L014,SUSEGANA,TREVISO,SCUOLA SECONDARIA I GRADO,SCUOLA PRIMO GRADO,9.0,44.0,0.0,9.0,0.0,9.0
L682,VARESE,VARESE,SCUOLA SECONDARIA II GRADO,ISTITUTO TECNICO INDUSTRIALE,9.0,80.0,0.0,9.0,0.0,9.0
L736,VENEZIA,VENEZIA,SCUOLA SECONDARIA II GRADO,IST PROF PER I SERVIZI ALBERGHIERI E RISTORAZIONE,9.0,54.0,0.0,9.0,0.0,9.0
L781,VERONA,VERONA,SCUOLA SECONDARIA II GRADO,IST PROF INDUSTRIA E ARTIGIANATO,9.0,77.0,0.0,9.0,0.0,9.0
F464,MONTECCHIO MAGGIORE,VICENZA,SCUOLA PRIMARIA,SCUOLA PRIMARIA,25.0,149.0,0.0,25.0,16.0,9.0
G839,PONTECURONE,ALESSANDRIA,SCUOLA PRIMARIA,SCUOLA PRIMARIA,8.0,11.0,0.0,8.0,0.0,8.0
L304,TORTONA,ALESSANDRIA,SCUOLA SECONDARIA II GRADO,ISTITUTO TECNICO INDUSTRIALE,8.0,46.0,0.0,8.0,0.0,8.0
A479,ASTI,ASTI,SCUOLA SECONDARIA II GRADO,IST PROF INDUSTRIA E ARTIGIANATO,8.0,61.0,0.0,8.0,0.0,8.0
A664,BARIANO,BERGAMO,SCUOLA PRIMARIA,SCUOLA PRIMARIA,8.0,36.0,0.0,8.0,0.0,8.0
B137,BREMBATE,BERGAMO,SCUOLA SECONDARIA I GRADO,SCUOLA PRIMO GRADO,8.0,33.0,0.0,8.0,0.0,8.0
D126,COVO,BERGAMO,SCUOLA SECONDARIA I GRADO,SCUOLA PRIMO GRADO,8.0,17.0,0.0,8.0,0.0,8.0
G867,PONTIROLO NUOVO,BERGAMO,SCUOLA SECONDARIA I GRADO,SCUOLA PRIMO GRADO,8.0,20.0,0.0,8.0,0.0,8.0
A944,BOLOGNA,BOLOGNA,SCUOLA SECONDARIA II GRADO,ISTITUTO TECNICO COMMERCIALE,18.0,138.0,0.0,18.0,10.0,8.0
F219,MINERBIO,BOLOGNA,SCUOLA PRIMARIA,SCUOLA PRIMARIA,9.0,23.0,0.0,9.0,1.0,8.0
D940,GAVARDO,BRESCIA,SCUOLA PRIMARIA,SCUOLA PRIMARIA,15.0,66.0,0.0,15.0,7.0,8.0
I433,SAREZZO,BRESCIA,SCUOLA SECONDARIA II GRADO,IST PROF PER I SERVIZI COMMERCIALI E TURISTICI,8.0,44.0,0.0,8.0,0.0,8.0
M271,MAZZARRONE,CATANIA,SCUOLA SECONDARIA I GRADO,SCUOLA PRIMO GRADO,8.0,47.0,0.0,8.0,0.0,8.0
E951,MARIANO COMENSE,COMO,SCUOLA SECONDARIA I GRADO,SCUOLA PRIMO GRADO,17.0,70.0,0.0,17.0,9.0,8.0
C589,CEVA,CUNEO,SCUOLA SECONDARIA I GRADO,SCUOLA PRIMO GRADO,8.0,24.0,0.0,8.0,0.0,8.0
M323,FISCAGLIA,FERRARA,SCUOLA PRIMARIA,SCUOLA PRIMARIA,8.0,53.0,0.0,8.0,0.0,8.0
M266,ORDONA,FOGGIA,SCUOLA PRIMARIA,SCUOLA PRIMARIA,8.0,34.0,0.0,8.0,0.0,8.0
I963,STORNARELLA,FOGGIA,SCUOLA PRIMARIA,SCUOLA PRIMARIA,8.0,26.0,0.0,8.0,0.0,8.0
I963,STORNARELLA,FOGGIA,SCUOLA SECONDARIA I GRADO,SCUOLA PRIMO GRADO,8.0,34.0,0.0,8.0,0.0,8.0
I472,SAVIGNANO SUL RUBICONE,FORLI'-CESENA,SCUOLA PRIMARIA,SCUOLA PRIMARIA,24.0,64.0,0.0,24.0,16.0,8.0
H449,ROCCASTRADA,GROSSETO,SCUOLA SECONDARIA I GRADO,SCUOLA PRIMO GRADO,12.0,62.0,0.0,12.0,4.0,8.0
G026,OLGIATE MOLGORA,LECCO,SCUOLA SECONDARIA I GRADO,SCUOLA PRIMO GRADO,8.0,43.0,0.0,8.0,0.0,8.0
B612,CANNETO SULL'OGLIO,MANTOVA,SCUOLA SECONDARIA I GRADO,SCUOLA PRIMO GRADO,8.0,27.0,0.0,8.0,0.0,8.0
C195,CASTELLUCCHIO,MANTOVA,SCUOLA PRIMARIA,SCUOLA PRIMARIA,8.0,31.0,0.0,8.0,0.0,8.0
H604,ROVERBELLA,MANTOVA,SCUOLA SECONDARIA I GRADO,SCUOLA PRIMO GRADO,8.0,37.0,0.0,8.0,0.0,8.0
I903,SPILAMBERTO,MODENA,SCUOLA SECONDARIA I GRADO,SCUOLA PRIMO GRADO,8.0,30.0,0.0,8.0,0.0,8.0
A096,AICURZIO,MONZA E DELLA BRIANZA,SCUOLA PRIMARIA,SCUOLA PRIMARIA,8.0,21.0,0.0,8.0,0.0,8.0
E001,GHEMME,NOVARA,SCUOLA PRIMARIA,SCUOLA PRIMARIA,8.0,44.0,0.0,8.0,0.0,8.0
G850,PONTELONGO,PADOVA,SCUOLA SECONDARIA I GRADO,SCUOLA PRIMO GRADO,8.0,19.0,0.0,8.0,0.0,8.0
G275,PALESTRO,PAVIA,SCUOLA SECONDARIA I GRADO,SCUOLA PRIMO GRADO,8.0,19.0,0.0,8.0,0.0,8.0
M109,VOGHERA,PAVIA,SCUOLA SECONDARIA II GRADO,IST TEC COMMERCIALE E PER GEOMETRI,8.0,46.0,0.0,8.0,0.0,8.0
D653,FOLIGNO,PERUGIA,SCUOLA SECONDARIA II GRADO,IST PROF INDUSTRIA E ARTIGIANATO,8.0,64.0,0.0,8.0,0.0,8.0
E012,GIANO DELL'UMBRIA,PERUGIA,SCUOLA SECONDARIA II GRADO,IST PROF PER I SERVIZI COMMERCIALI,8.0,43.0,0.0,8.0,0.0,8.0
B332,CADEO,PIACENZA,SCUOLA PRIMARIA,SCUOLA PRIMARIA,8.0,46.0,0.0,8.0,0.0,8.0
G491,PESCIA,PISTOIA,SCUOLA PRIMARIA,SCUOLA PRIMARIA,29.0,98.0,0.0,29.0,21.0,8.0
L775,VERNIO,PRATO,SCUOLA PRIMARIA,SCUOLA PRIMARIA,8.0,37.0,0.0,8.0,0.0,8.0
I535,SCICLI,RAGUSA,SCUOLA SECONDARIA II GRADO,ISTITUTO TECNICO COMMERCIALE,8.0,13.0,0.0,8.0,0.0,8.0
M088,VITTORIA,RAGUSA,SCUOLA SECONDARIA II GRADO,SCUOLA SEC. SECONDO GRADO NON STATALE,8.0,27.0,0.0,8.0,0.0,8.0
F960,NOVELLARA,REGGIO EMILIA,SCUOLA SECONDARIA II GRADO,IST PROF PER I SERVIZI SOCIALI,8.0,17.0,0.0,8.0,0.0,8.0
C207,CASTELMASSA,ROVIGO,SCUOLA PRIMARIA,SCUOLA PRIMARIA,8.0,34.0,0.0,8.0,0.0,8.0
F443,MONTEBELLUNA,TREVISO,SCUOLA SECONDARIA II GRADO,IST PROF INDUSTRIA E ARTIGIANATO,8.0,73.0,0.0,8.0,0.0,8.0
L736,VENEZIA,VENEZIA,SCUOLA SECONDARIA II GRADO,ISTITUTO TECNICO COMMERCIALE,8.0,54.0,0.0,8.0,0.0,8.0
I850,SORGA',VERONA,SCUOLA PRIMARIA,SCUOLA PRIMARIA,8.0,19.0,0.0,8.0,0.0,8.0
G694,PIOVENE ROCCHETTE,VICENZA,SCUOLA SECONDARIA I GRADO,SCUOLA PRIMO GRADO,8.0,51.0,0.0,8.0,0.0,8.0
A271,ANCONA,ANCONA,SCUOLA SECONDARIA II GRADO,IST PROF PER I SERVIZI COMMERCIALI E TURISTICI,7.0,76.0,0.0,7.0,0.0,7.0
B594,CANELLI,ASTI,SCUOLA SECONDARIA I GRADO,SCUOLA PRIMO GRADO,7.0,23.0,0.0,7.0,0.0,7.0
B393,CALCINATE,BERGAMO,SCUOLA PRIMARIA,SCUOLA PRIMARIA,7.0,20.0,0.0,7.0,0.0,7.0
B947,CASAZZA,BERGAMO,SCUOLA SECONDARIA I GRADO,SCUOLA PRIMO GRADO,7.0,36.0,0.0,7.0,0.0,7.0
E794,MADONE,BERGAMO,SCUOLA PRIMARIA,SCUOLA PRIMARIA,7.0,26.0,0.0,7.0,0.0,7.0
F547,MONTELLO,BERGAMO,SCUOLA SECONDARIA I GRADO,SCUOLA PRIMO GRADO,7.0,13.0,0.0,7.0,0.0,7.0
G233,PAGAZZANO,BERGAMO,SCUOLA PRIMARIA,SCUOLA PRIMARIA,7.0,24.0,0.0,7.0,0.0,7.0
I873,SOVERE,BERGAMO,SCUOLA PRIMARIA,SCUOLA PRIMARIA,7.0,27.0,0.0,7.0,0.0,7.0
M369,ALTO RENO TERME,BOLOGNA,SCUOLA PRIMARIA,SCUOLA PRIMARIA,8.0,33.0,0.0,8.0,1.0,7.0
E526,LENO,BRESCIA,SCUOLA SECONDARIA II GRADO,IST PROF PER I SERVIZI COMMERCIALI E TURISTICI,7.0,16.0,0.0,7.0,0.0,7.0
G977,PRALBOINO,BRESCIA,SCUOLA PRIMARIA,SCUOLA PRIMARIA,7.0,17.0,0.0,7.0,0.0,7.0
H230,REMEDELLO,BRESCIA,SCUOLA SECONDARIA I GRADO,SCUOLA PRIMO GRADO,7.0,40.0,0.0,7.0,0.0,7.0
I683,SESTO ED UNITI,CREMONA,SCUOLA PRIMARIA,SCUOLA PRIMARIA,7.0,34.0,0.0,7.0,0.0,7.0
C777,CIVITELLA DI ROMAGNA,FORLI'-CESENA,SCUOLA PRIMARIA,SCUOLA PRIMARIA,7.0,21.0,0.0,7.0,0.0,7.0
C085,CASTEL DEL PIANO,GROSSETO,SCUOLA PRIMARIA,SCUOLA PRIMARIA,7.0,30.0,0.0,7.0,0.0,7.0
I504,SCANSANO,GROSSETO,SCUOLA PRIMARIA,SCUOLA PRIMARIA,7.0,20.0,0.0,7.0,0.0,7.0
G632,PIEVE DI TECO,IMPERIA,SCUOLA SECONDARIA I GRADO,SCUOLA PRIMO GRADO,7.0,37.0,0.0,7.0,0.0,7.0
E715,LUCCA,LUCCA,SCUOLA SECONDARIA I GRADO,SCUOLA SEC. PRIMO GRADO NON STATALE,7.0,13.0,0.0,7.0,0.0,7.0
C076,CASTEL D'ARIO,MANTOVA,SCUOLA SECONDARIA I GRADO,SCUOLA PRIMO GRADO,7.0,26.0,0.0,7.0,0.0,7.0
C059,CASTELBELFORTE,MANTOVA,SCUOLA PRIMARIA,SCUOLA PRIMARIA,7.0,31.0,0.0,7.0,0.0,7.0
D351,DOSOLO,MANTOVA,SCUOLA SECONDARIA I GRADO,SCUOLA PRIMO GRADO,7.0,23.0,0.0,7.0,0.0,7.0
L826,VIADANA,MANTOVA,SCUOLA SECONDARIA II GRADO,IST PROF INDUSTRIA E ARTIGIANATO,7.0,9.0,0.0,7.0,0.0,7.0
H591,ROTONDELLA,MATERA,SCUOLA PRIMARIA,SCUOLA PRIMARIA,7.0,23.0,0.0,7.0,0.0,7.0
C003,CASSANO D'ADDA,MILANO,SCUOLA SECONDARIA I GRADO,SCUOLA PRIMO GRADO,7.0,79.0,0.0,7.0,0.0,7.0
D198,CUGGIONO,MILANO,SCUOLA PRIMARIA,SCUOLA PRIMARIA,7.0,17.0,0.0,7.0,0.0,7.0
C013,PERO,MILANO,SCUOLA PRIMARIA,SCUOLA PRIMARIA,7.0,46.0,0.0,7.0,0.0,7.0
G393,PAVULLO NEL FRIGNANO,MODENA,SCUOLA SECONDARIA I GRADO,SCUOLA PRIMO GRADO,7.0,89.0,0.0,7.0,0.0,7.0
F165,MEZZAGO,MONZA E DELLA BRIANZA,SCUOLA PRIMARIA,SCUOLA PRIMARIA,7.0,13.0,0.0,7.0,0.0,7.0
G850,PONTELONGO,PADOVA,SCUOLA PRIMARIA,SCUOLA PRIMARIA,7.0,17.0,0.0,7.0,0.0,7.0
L994,VILLANTERIO,PAVIA,SCUOLA PRIMARIA,SCUOLA PRIMARIA,7.0,14.0,0.0,7.0,0.0,7.0
G852,PONTENURE,PIACENZA,SCUOLA SECONDARIA I GRADO,SCUOLA PRIMO GRADO,7.0,37.0,0.0,7.0,0.0,7.0
B502,CAMPEGINE,REGGIO EMILIA,SCUOLA SECONDARIA I GRADO,SCUOLA PRIMO GRADO,7.0,39.0,0.0,7.0,0.0,7.0
H298,RIO SALICETO,REGGIO EMILIA,SCUOLA PRIMARIA,SCUOLA PRIMARIA,7.0,21.0,0.0,7.0,0.0,7.0
B496,CAMPAGNANO DI ROMA,ROMA,SCUOLA PRIMARIA,SCUOLA PRIMARIA,7.0,43.0,0.0,7.0,0.0,7.0
F734,MORLUPO,ROMA,SCUOLA PRIMARIA,SCUOLA PRIMARIA,11.0,46.0,0.0,11.0,4.0,7.0
C172,CASTELLINA IN CHIANTI,SIENA,SCUOLA PRIMARIA,SCUOLA PRIMARIA,7.0,14.0,0.0,7.0,0.0,7.0
D030,CORNUDA,TREVISO,SCUOLA PRIMARIA,SCUOLA PRIMARIA,7.0,51.0,0.0,7.0,0.0,7.0
E893,MANSUE',TREVISO,SCUOLA PRIMARIA,SCUOLA PRIMARIA,7.0,33.0,0.0,7.0,0.0,7.0
G846,PONTE DI PIAVE,TREVISO,SCUOLA SECONDARIA I GRADO,SCUOLA PRIMO GRADO,7.0,40.0,0.0,7.0,0.0,7.0
I124,SAN POLO DI PIAVE,TREVISO,SCUOLA SECONDARIA I GRADO,SCUOLA PRIMO GRADO,7.0,37.0,0.0,7.0,0.0,7.0
L781,VERONA,VERONA,SCUOLA SECONDARIA II GRADO,IST PROF PER I SERVIZI COMMERCIALI,7.0,40.0,0.0,7.0,0.0,7.0
D897,GAMBELLARA,VICENZA,SCUOLA PRIMARIA,SCUOLA PRIMARIA,7.0,7.0,0.0,7.0,0.0,7.0
H468,ROCCHETTA TANARO,ASTI,SCUOLA PRIMARIA,SCUOLA PRIMARIA,6.0,23.0,0.0,6.0,0.0,6.0
H811,SAN DAMIANO D'ASTI,ASTI,SCUOLA SECONDARIA I GRADO,SCUOLA PRIMO GRADO,6.0,37.0,0.0,6.0,0.0,6.0
G864,PONTIDA,BERGAMO,SCUOLA PRIMARIA,SCUOLA PRIMARIA,6.0,14.0,0.0,6.0,0.0,6.0
M147,ZANICA,BERGAMO,SCUOLA PRIMARIA,SCUOLA PRIMARIA,6.0,27.0,0.0,6.0,0.0,6.0
B044,BORGO TOSSIGNANO,BOLOGNA,SCUOLA PRIMARIA,SCUOLA PRIMARIA,6.0,16.0,0.0,6.0,0.0,6.0
F597,MONTERENZIO,BOLOGNA,SCUOLA SECONDARIA I GRADO,SCUOLA PRIMO GRADO,6.0,24.0,0.0,6.0,0.0,6.0
D918,GARDONE VAL TROMPIA,BRESCIA,SCUOLA PRIMARIA,SCUOLA PRIMARIA,10.0,43.0,0.0,10.0,4.0,6.0
G170,OSPITALETTO,BRESCIA,SCUOLA SECONDARIA I GRADO,SCUOLA PRIMO GRADO,6.0,53.0,0.0,6.0,0.0,6.0
B858,CASACALENDA,CAMPOBASSO,SCUOLA SECONDARIA II GRADO,ISTITUTO TECNICO COMMERCIALE,6.0,17.0,0.0,6.0,0.0,6.0
B900,CASALMORANO,CREMONA,SCUOLA PRIMARIA,SCUOLA PRIMARIA,6.0,19.0,0.0,6.0,0.0,6.0
B129,CASTELVERDE,CREMONA,SCUOLA SECONDARIA I GRADO,SCUOLA PRIMO GRADO,6.0,24.0,0.0,6.0,0.0,6.0
D142,CREMA,CREMONA,SCUOLA SECONDARIA II GRADO,IST PROF INDUSTRIA E ARTIGIANATO,6.0,26.0,0.0,6.0,0.0,6.0
L389,TRESCORE CREMASCO,CREMONA,SCUOLA PRIMARIA,SCUOLA PRIMARIA,6.0,23.0,0.0,6.0,0.0,6.0
L806,VESCOVATO,CREMONA,SCUOLA PRIMARIA,SCUOLA PRIMARIA,6.0,29.0,0.0,6.0,0.0,6.0
A660,BARGE,CUNEO,SCUOLA PRIMARIA,SCUOLA PRIMARIA,6.0,29.0,0.0,6.0,0.0,6.0
F351,MONDOVI',CUNEO,SCUOLA SECONDARIA II GRADO,IST PROF INDUSTRIA E ARTIGIANATO,6.0,17.0,0.0,6.0,0.0,6.0
M381,TERRE DEL RENO,FERRARA,SCUOLA PRIMARIA,SCUOLA PRIMARIA,7.0,68.0,0.0,7.0,1.0,6.0
D612,FIRENZE,FIRENZE,SCUOLA SECONDARIA II GRADO,ISTITUTO TECNICO INDUSTRIALE,17.0,180.0,0.0,17.0,11.0,6.0
D815,FUCECCHIO,FIRENZE,SCUOLA PRIMARIA,SCUOLA PRIMARIA,22.0,120.0,0.0,22.0,16.0,6.0
I962,STORNARA,FOGGIA,SCUOLA PRIMARIA,SCUOLA PRIMARIA,6.0,33.0,0.0,6.0,0.0,6.0
H183,RAPALLO,GENOVA,SCUOLA SECONDARIA I GRADO,SCUOLA PRIMO GRADO,6.0,89.0,0.0,6.0,0.0,6.0
H581,ROSSIGLIONE,GENOVA,SCUOLA PRIMARIA,SCUOLA PRIMARIA,6.0,24.0,0.0,6.0,0.0,6.0
H449,ROCCASTRADA,GROSSETO,SCUOLA PRIMARIA,SCUOLA PRIMARIA,6.0,47.0,0.0,6.0,0.0,6.0
I504,SCANSANO,GROSSETO,SCUOLA SECONDARIA I GRADO,SCUOLA PRIMO GRADO,6.0,14.0,0.0,6.0,0.0,6.0
I138,SANREMO,IMPERIA,SCUOLA SECONDARIA II GRADO,IST TEC COMMERCIALE E PER GEOMETRI,6.0,30.0,0.0,6.0,0.0,6.0
E463,LA SPEZIA,LA SPEZIA,SCUOLA SECONDARIA II GRADO,IST PROF PER I SERVIZI COMMERCIALI E TURISTICI,6.0,41.0,0.0,6.0,0.0,6.0
C044,CASTAGNETO CARDUCCI,LIVORNO,SCUOLA PRIMARIA,SCUOLA PRIMARIA,6.0,57.0,0.0,6.0,0.0,6.0
B141,BREMBIO,LODI,SCUOLA SECONDARIA I GRADO,SCUOLA PRIMO GRADO,6.0,29.0,0.0,6.0,0.0,6.0
F260,TAVAZZANO CON VILLAVESCO,LODI,SCUOLA SECONDARIA I GRADO,SCUOLA PRIMO GRADO,6.0,60.0,0.0,6.0,0.0,6.0
C770,CIVITANOVA MARCHE,MACERATA,SCUOLA SECONDARIA II GRADO,IST PROF INDUSTRIA E ARTIGIANATO,6.0,31.0,0.0,6.0,0.0,6.0
M406,BORGOCARBONARA,MANTOVA,SCUOLA PRIMARIA,SCUOLA PRIMARIA,6.0,16.0,0.0,6.0,0.0,6.0
E897,MANTOVA,MANTOVA,SCUOLA SECONDARIA II GRADO,IST PROF INDUSTRIA E ARTIGIANATO,6.0,36.0,0.0,6.0,0.0,6.0
E922,MARCARIA,MANTOVA,SCUOLA SECONDARIA I GRADO,SCUOLA PRIMO GRADO,6.0,17.0,0.0,6.0,0.0,6.0
D599,FINALE EMILIA,MODENA,SCUOLA PRIMARIA,SCUOLA PRIMARIA,6.0,56.0,0.0,6.0,0.0,6.0
D599,FINALE EMILIA,MODENA,SCUOLA SECONDARIA I GRADO,SCUOLA PRIMO GRADO,6.0,57.0,0.0,6.0,0.0,6.0
F240,MIRANDOLA,MODENA,SCUOLA SECONDARIA II GRADO,IST PROF INDUSTRIA E ARTIGIANATO,6.0,20.0,0.0,6.0,0.0,6.0
B798,CARNATE,MONZA E DELLA BRIANZA,SCUOLA SECONDARIA I GRADO,SCUOLA PRIMO GRADO,6.0,36.0,0.0,6.0,0.0,6.0
A844,BIANDRATE,NOVARA,SCUOLA PRIMARIA,SCUOLA PRIMARIA,6.0,24.0,0.0,6.0,0.0,6.0
D728,FORNOVO DI TARO,PARMA,SCUOLA PRIMARIA,SCUOLA PRIMARIA,7.0,50.0,0.0,7.0,1.0,6.0
L346,TRAVERSETOLO,PARMA,SCUOLA SECONDARIA I GRADO,SCUOLA PRIMO GRADO,6.0,41.0,0.0,6.0,0.0,6.0
G650,PIEVE PORTO MORONE,PAVIA,SCUOLA SECONDARIA I GRADO,SCUOLA PRIMO GRADO,6.0,33.0,0.0,6.0,0.0,6.0
I237,SANTA MARIA DELLA VERSA,PAVIA,SCUOLA PRIMARIA,SCUOLA PRIMARIA,6.0,11.0,0.0,6.0,0.0,6.0
L690,VARZI,PAVIA,SCUOLA SECONDARIA II GRADO,IST PROF INDUSTRIA E ARTIGIANATO,6.0,20.0,0.0,6.0,0.0,6.0
M161,ZEME,PAVIA,SCUOLA PRIMARIA,SCUOLA PRIMARIA,6.0,26.0,0.0,6.0,0.0,6.0
D611,FIORENZUOLA D'ARDA,PIACENZA,SCUOLA SECONDARIA II GRADO,IST PROF INDUSTRIA E ARTIGIANATO,6.0,24.0,0.0,6.0,0.0,6.0
D829,FUSIGNANO,RAVENNA,SCUOLA PRIMARIA,SCUOLA PRIMARIA,6.0,39.0,0.0,6.0,0.0,6.0
B481,CAMINI,REGGIO CALABRIA,SCUOLA PRIMARIA,SCUOLA PRIMARIA,6.0,26.0,0.0,6.0,0.0,6.0
H500,ROLO,REGGIO EMILIA,SCUOLA PRIMARIA,SCUOLA PRIMARIA,6.0,23.0,0.0,6.0,0.0,6.0
H500,ROLO,REGGIO EMILIA,SCUOLA SECONDARIA I GRADO,SCUOLA PRIMO GRADO,6.0,14.0,0.0,6.0,0.0,6.0
C784,CIVITELLA SAN PAOLO,ROMA,SCUOLA PRIMARIA,SCUOLA PRIMARIA,6.0,21.0,0.0,6.0,0.0,6.0
L985,VILLANOVA DEL GHEBBO,ROVIGO,SCUOLA PRIMARIA,SCUOLA PRIMARIA,6.0,21.0,0.0,6.0,0.0,6.0
G707,PISCIOTTA,SALERNO,SCUOLA PRIMARIA,SCUOLA PRIMARIA,6.0,20.0,0.0,6.0,0.0,6.0
B369,CAIRO MONTENOTTE,SAVONA,SCUOLA SECONDARIA I GRADO,SCUOLA PRIMO GRADO,6.0,44.0,0.0,6.0,0.0,6.0
C463,CENGIO,SAVONA,SCUOLA PRIMARIA,SCUOLA PRIMARIA,6.0,16.0,0.0,6.0,0.0,6.0
F213,MILLESIMO,SAVONA,SCUOLA PRIMARIA,SCUOLA PRIMARIA,6.0,30.0,0.0,6.0,0.0,6.0
F676,MONTICIANO,SIENA,SCUOLA SECONDARIA I GRADO,SCUOLA PRIMO GRADO,6.0,23.0,0.0,6.0,0.0,6.0
G547,PIANCASTAGNAIO,SIENA,SCUOLA PRIMARIA,SCUOLA PRIMARIA,6.0,11.0,0.0,6.0,0.0,6.0
C957,CONEGLIANO,TREVISO,SCUOLA PRIMARIA,SCUOLA PRIMARIA,24.0,122.0,0.0,24.0,18.0,6.0
F088,MEDUNA DI LIVENZA,TREVISO,SCUOLA PRIMARIA,SCUOLA PRIMARIA,6.0,37.0,0.0,6.0,0.0,6.0
E899,MANZANO,UDINE,SCUOLA PRIMARIA,SCUOLA PRIMARIA,6.0,40.0,0.0,6.0,0.0,6.0
A302,ANNONE VENETO,VENEZIA,SCUOLA PRIMARIA,SCUOLA PRIMARIA,6.0,14.0,0.0,6.0,0.0,6.0
B402,CALDIERO,VERONA,SCUOLA PRIMARIA,SCUOLA PRIMARIA,6.0,40.0,0.0,6.0,0.0,6.0
F918,NOGARA,VERONA,SCUOLA SECONDARIA I GRADO,SCUOLA PRIMO GRADO,6.0,37.0,0.0,6.0,0.0,6.0
F902,NIZZA MONFERRATO,ASTI,SCUOLA SECONDARIA I GRADO,SCUOLA PRIMO GRADO,5.0,27.0,0.0,5.0,0.0,5.0
A304,ANTEGNATE,BERGAMO,SCUOLA SECONDARIA I GRADO,SCUOLA PRIMO GRADO,5.0,30.0,0.0,5.0,0.0,5.0
D221,CURNO,BERGAMO,SCUOLA PRIMARIA,SCUOLA PRIMARIA,5.0,27.0,0.0,5.0,0.0,5.0
E006,GHISALBA,BERGAMO,SCUOLA PRIMARIA,SCUOLA PRIMARIA,5.0,17.0,0.0,5.0,0.0,5.0
I628,SERIATE,BERGAMO,SCUOLA PRIMARIA,SCUOLA PRIMARIA,17.0,91.0,0.0,17.0,12.0,5.0
A665,BARICELLA,BOLOGNA,SCUOLA SECONDARIA I GRADO,SCUOLA PRIMO GRADO,5.0,31.0,0.0,5.0,0.0,5.0
E289,IMOLA,BOLOGNA,SCUOLA SECONDARIA II GRADO,IST PROF INDUSTRIA E ARTIGIANATO,5.0,20.0,0.0,5.0,0.0,5.0
A569,BAGNOLO MELLA,BRESCIA,SCUOLA PRIMARIA,SCUOLA PRIMARIA,5.0,70.0,0.0,5.0,0.0,5.0
G391,PAVONE DEL MELLA,BRESCIA,SCUOLA PRIMARIA,SCUOLA PRIMARIA,5.0,11.0,0.0,5.0,0.0,5.0
H410,ROCCAFRANCA,BRESCIA,SCUOLA PRIMARIA,SCUOLA PRIMARIA,5.0,13.0,0.0,5.0,0.0,5.0
L494,URAGO D'OGLIO,BRESCIA,SCUOLA PRIMARIA,SCUOLA PRIMARIA,5.0,31.0,0.0,5.0,0.0,5.0
M260,CASAPESENNA,CASERTA,SCUOLA PRIMARIA,SCUOLA PRIMARIA NON STATALE,5.0,23.0,0.0,5.0,0.0,5.0
I885,SPARANISE,CASERTA,SCUOLA SECONDARIA II GRADO,ISTITUTO TECNICO COMMERCIALE,5.0,27.0,0.0,5.0,0.0,5.0
B513,CAMPIONE D'ITALIA,COMO,SCUOLA PRIMARIA,SCUOLA PRIMARIA,5.0,19.0,0.0,5.0,0.0,5.0
H881,SAN GIORGIO ALBANESE,COSENZA,SCUOLA PRIMARIA,SCUOLA PRIMARIA,5.0,23.0,0.0,5.0,0.0,5.0
A076,AGNADELLO,CREMONA,SCUOLA SECONDARIA I GRADO,SCUOLA PRIMO GRADO,5.0,33.0,0.0,5.0,0.0,5.0
B869,CASALBUTTANO ED UNITI,CREMONA,SCUOLA SECONDARIA I GRADO,SCUOLA PRIMO GRADO,5.0,36.0,0.0,5.0,0.0,5.0
C153,CASTELLEONE,CREMONA,SCUOLA PRIMARIA,SCUOLA PRIMARIA,5.0,46.0,0.0,5.0,0.0,5.0
G306,PANDINO,CREMONA,SCUOLA PRIMARIA,SCUOLA PRIMARIA,9.0,33.0,0.0,9.0,4.0,5.0
G651,PIEVE SAN GIACOMO,CREMONA,SCUOLA PRIMARIA,SCUOLA PRIMARIA,5.0,14.0,0.0,5.0,0.0,5.0
B573,CANALE,CUNEO,SCUOLA SECONDARIA I GRADO,SCUOLA PRIMO GRADO,5.0,57.0,0.0,5.0,0.0,5.0
D920,GARESSIO,CUNEO,SCUOLA PRIMARIA,SCUOLA PRIMARIA,5.0,21.0,0.0,5.0,0.0,5.0
E430,LA MORRA,CUNEO,SCUOLA SECONDARIA I GRADO,SCUOLA PRIMO GRADO,5.0,36.0,0.0,5.0,0.0,5.0
G516,PETRITOLI,FERMO,SCUOLA SECONDARIA I GRADO,SCUOLA PRIMO GRADO,5.0,20.0,0.0,5.0,0.0,5.0
C814,CODIGORO,FERRARA,SCUOLA PRIMARIA,SCUOLA PRIMARIA,5.0,44.0,0.0,5.0,0.0,5.0
C782,CIVITELLA PAGANICO,GROSSETO,SCUOLA SECONDARIA I GRADO,SCUOLA PRIMO GRADO,5.0,40.0,0.0,5.0,0.0,5.0
F612,MONTEROTONDO MARITTIMO,GROSSETO,SCUOLA PRIMARIA,SCUOLA PRIMARIA,5.0,21.0,0.0,5.0,0.0,5.0
E290,IMPERIA,IMPERIA,SCUOLA SECONDARIA II GRADO,ISTITUTO TECNICO AGRARIO,5.0,17.0,0.0,5.0,0.0,5.0
L741,VENTIMIGLIA,IMPERIA,SCUOLA SECONDARIA II GRADO,IST PROF PER I SERVIZI COMMERCIALI E TURISTICI,5.0,10.0,0.0,5.0,0.0,5.0
E463,LA SPEZIA,LA SPEZIA,SCUOLA SECONDARIA I GRADO,SCUOLA PRIMO GRADO,43.0,263.0,0.0,43.0,38.0,5.0
A112,AIRUNO,LECCO,SCUOLA PRIMARIA,SCUOLA PRIMARIA,5.0,14.0,0.0,5.0,0.0,5.0
G026,OLGIATE MOLGORA,LECCO,SCUOLA PRIMARIA,SCUOLA PRIMARIA,5.0,20.0,0.0,5.0,0.0,5.0
A470,ASOLA,MANTOVA,SCUOLA SECONDARIA II GRADO,ISTITUTO TECNICO COMMERCIALE,5.0,24.0,0.0,5.0,0.0,5.0
D949,GAZOLDO DEGLI IPPOLITI,MANTOVA,SCUOLA SECONDARIA I GRADO,SCUOLA PRIMO GRADO,5.0,27.0,0.0,5.0,0.0,5.0
E261,GUIDIZZOLO,MANTOVA,SCUOLA PRIMARIA,SCUOLA PRIMARIA,5.0,43.0,0.0,5.0,0.0,5.0
G186,OSTIGLIA,MANTOVA,SCUOLA SECONDARIA I GRADO,SCUOLA PRIMO GRADO,5.0,34.0,0.0,5.0,0.0,5.0
L946,VILLAFRANCA IN LUNIGIANA,MASSA-CARRARA,SCUOLA PRIMARIA,SCUOLA PRIMARIA,5.0,43.0,0.0,5.0,0.0,5.0
H591,ROTONDELLA,MATERA,SCUOLA SECONDARIA I GRADO,SCUOLA PRIMO GRADO,5.0,23.0,0.0,5.0,0.0,5.0
F066,MAZZARRA' SANT'ANDREA,MESSINA,SCUOLA PRIMARIA,SCUOLA PRIMARIA,5.0,23.0,0.0,5.0,0.0,5.0
F205,MILANO,MILANO,SCUOLA SECONDARIA II GRADO,ISTITUTO TECNICO PER GEOMETRI,5.0,39.0,0.0,5.0,0.0,5.0
B566,CAMPOSANTO,MODENA,SCUOLA SECONDARIA I GRADO,SCUOLA PRIMO GRADO,5.0,9.0,0.0,5.0,0.0,5.0
G393,PAVULLO NEL FRIGNANO,MODENA,SCUOLA SECONDARIA II GRADO,IST PROF INDUSTRIA E ARTIGIANATO,5.0,10.0,0.0,5.0,0.0,5.0
F357,SERRAMAZZONI,MODENA,SCUOLA SECONDARIA I GRADO,SCUOLA PRIMO GRADO,5.0,63.0,0.0,5.0,0.0,5.0
G273,PALERMO,PALERMO,SCUOLA SECONDARIA II GRADO,IST PROF PER I SERVIZI COMMERCIALI,5.0,11.0,0.0,5.0,0.0,5.0
B042,BORGO VAL DI TARO,PARMA,SCUOLA SECONDARIA I GRADO,SCUOLA PRIMO GRADO,5.0,33.0,0.0,5.0,0.0,5.0
D673,FONTANELLATO,PARMA,SCUOLA SECONDARIA I GRADO,SCUOLA PRIMO GRADO,5.0,34.0,0.0,5.0,0.0,5.0
E438,LANGHIRANO,PARMA,SCUOLA SECONDARIA II GRADO,IST PROF INDUSTRIA E ARTIGIANATO,5.0,16.0,0.0,5.0,0.0,5.0
M367,POLESINE ZIBELLO,PARMA,SCUOLA PRIMARIA,SCUOLA PRIMARIA,5.0,11.0,0.0,5.0,0.0,5.0
L183,TIZZANO VAL PARMA,PARMA,SCUOLA SECONDARIA I GRADO,SCUOLA PRIMO GRADO,5.0,19.0,0.0,5.0,0.0,5.0
B587,CANDIA LOMELLINA,PAVIA,SCUOLA SECONDARIA I GRADO,SCUOLA PRIMO GRADO,5.0,10.0,0.0,5.0,0.0,5.0
C637,CHIGNOLO PO,PAVIA,SCUOLA PRIMARIA,SCUOLA PRIMARIA,5.0,9.0,0.0,5.0,0.0,5.0
G650,PIEVE PORTO MORONE,PAVIA,SCUOLA PRIMARIA,SCUOLA PRIMARIA,5.0,33.0,0.0,5.0,0.0,5.0
I048,SANNAZZARO DE' BURGONDI,PAVIA,SCUOLA SECONDARIA II GRADO,IST PROF INDUSTRIA E ARTIGIANATO,5.0,16.0,0.0,5.0,0.0,5.0
I237,SANTA MARIA DELLA VERSA,PAVIA,SCUOLA SECONDARIA I GRADO,SCUOLA PRIMO GRADO,5.0,9.0,0.0,5.0,0.0,5.0
A475,ASSISI,PERUGIA,SCUOLA SECONDARIA II GRADO,IST PROF INDUSTRIA E ARTIGIANATO,5.0,16.0,0.0,5.0,0.0,5.0
E975,MARSCIANO,PERUGIA,SCUOLA SECONDARIA II GRADO,IST PROF PER I SERVIZI COMMERCIALI,5.0,7.0,0.0,5.0,0.0,5.0
G478,PERUGIA,PERUGIA,SCUOLA SECONDARIA II GRADO,IST PROF INDUSTRIA E ARTIGIANATO,5.0,76.0,0.0,5.0,0.0,5.0
D061,CORTEMAGGIORE,PIACENZA,SCUOLA PRIMARIA,SCUOLA PRIMARIA,5.0,14.0,0.0,5.0,0.0,5.0
F671,MONTICELLI D'ONGINA,PIACENZA,SCUOLA SECONDARIA I GRADO,SCUOLA PRIMO GRADO,5.0,17.0,0.0,5.0,0.0,5.0
G702,PISA,PISA,SCUOLA SECONDARIA II GRADO,IST PROF INDUSTRIA E ARTIGIANATO,5.0,59.0,0.0,5.0,0.0,5.0
B215,BRUGNERA,PORDENONE,SCUOLA PRIMARIA,SCUOLA PRIMARIA,9.0,33.0,0.0,9.0,4.0,5.0
G888,PORDENONE,PORDENONE,SCUOLA SECONDARIA II GRADO,IST PROF PER I SERVIZI COMMERCIALI E TURISTICI,5.0,60.0,0.0,5.0,0.0,5.0
H163,RAGUSA,RAGUSA,SCUOLA SECONDARIA II GRADO,IST PROF INDUSTRIA E ARTIGIANATO,5.0,17.0,0.0,5.0,0.0,5.0
D450,FABBRICO,REGGIO EMILIA,SCUOLA SECONDARIA I GRADO,SCUOLA PRIMO GRADO,5.0,53.0,0.0,5.0,0.0,5.0
A435,ARQUA' POLESINE,ROVIGO,SCUOLA SECONDARIA I GRADO,SCUOLA PRIMO GRADO,5.0,30.0,0.0,5.0,0.0,5.0
E008,GIACCIANO CON BARUCHELLA,ROVIGO,SCUOLA PRIMARIA,SCUOLA PRIMARIA,5.0,24.0,0.0,5.0,0.0,5.0
E522,LENDINARA,ROVIGO,SCUOLA PRIMARIA,SCUOLA PRIMARIA,8.0,35.0,0.0,8.0,3.0,5.0
C627,CHIERI,TORINO,SCUOLA PRIMARIA,SCUOLA PRIMARIA NON STATALE,9.0,34.0,0.0,9.0,4.0,5.0
L219,TORINO,TORINO,SCUOLA SECONDARIA II GRADO,IST PROF INDUSTRIA E ARTIGIANATO,24.0,236.0,0.0,24.0,19.0,5.0
B521,CAMPOBELLO DI MAZARA,TRAPANI,SCUOLA SECONDARIA I GRADO,SCUOLA PRIMO GRADO,5.0,57.0,0.0,5.0,0.0,5.0
B349,CAERANO DI SAN MARCO,TREVISO,SCUOLA SECONDARIA I GRADO,SCUOLA PRIMO GRADO,5.0,34.0,0.0,5.0,0.0,5.0
C580,CESSALTO,TREVISO,SCUOLA SECONDARIA I GRADO,SCUOLA PRIMO GRADO,5.0,26.0,0.0,5.0,0.0,5.0
F999,ODERZO,TREVISO,SCUOLA SECONDARIA II GRADO,IST PROF INDUSTRIA E ARTIGIANATO,5.0,20.0,0.0,5.0,0.0,5.0
E473,LATISANA,UDINE,SCUOLA PRIMARIA,SCUOLA PRIMARIA,9.0,47.0,0.0,9.0,4.0,5.0
L267,TORRE DI MOSTO,VENEZIA,SCUOLA PRIMARIA,SCUOLA PRIMARIA,5.0,17.0,0.0,5.0,0.0,5.0
E626,LIVORNO FERRARIS,VERCELLI,SCUOLA SECONDARIA I GRADO,SCUOLA PRIMO GRADO,5.0,30.0,0.0,5.0,0.0,5.0
L429,TRINO,VERCELLI,SCUOLA PRIMARIA,SCUOLA PRIMARIA,5.0,21.0,0.0,5.0,0.0,5.0
F921,NOGAROLE ROCCA,VERONA,SCUOLA SECONDARIA I GRADO,SCUOLA PRIMO GRADO,5.0,26.0,0.0,5.0,0.0,5.0
D193,VERONELLA,VERONA,SCUOLA PRIMARIA,SCUOLA PRIMARIA,8.0,40.0,0.0,8.0,3.0,5.0
A459,ARZIGNANO,VICENZA,SCUOLA SECONDARIA I GRADO,SCUOLA PRIMO GRADO,15.0,118.0,0.0,15.0,10.0,5.0
F814,MURISENGO,ALESSANDRIA,SCUOLA SECONDARIA I GRADO,SCUOLA PRIMO GRADO,4.0,17.0,0.0,4.0,0.0,4.0
G839,PONTECURONE,ALESSANDRIA,SCUOLA SECONDARIA I GRADO,SCUOLA PRIMO GRADO,4.0,7.0,0.0,4.0,0.0,4.0
I150,SAN SEBASTIANO CURONE,ALESSANDRIA,SCUOLA PRIMARIA,SCUOLA PRIMARIA,4.0,23.0,0.0,4.0,0.0,4.0
L904,VIGUZZOLO,ALESSANDRIA,SCUOLA SECONDARIA I GRADO,SCUOLA PRIMO GRADO,4.0,24.0,0.0,4.0,0.0,4.0
C248,CASTELPLANIO,ANCONA,SCUOLA PRIMARIA,SCUOLA PRIMARIA,4.0,9.0,0.0,4.0,0.0,4.0
B393,CALCINATE,BERGAMO,SCUOLA SECONDARIA I GRADO,SCUOLA PRIMO GRADO,4.0,11.0,0.0,4.0,0.0,4.0
B703,CAPRIATE SAN GERVASIO,BERGAMO,SCUOLA PRIMARIA,SCUOLA PRIMARIA,4.0,41.0,0.0,4.0,0.0,4.0
B703,CAPRIATE SAN GERVASIO,BERGAMO,SCUOLA SECONDARIA I GRADO,SCUOLA PRIMO GRADO,4.0,19.0,0.0,4.0,0.0,4.0
C079,CASTELLI CALEPIO,BERGAMO,SCUOLA PRIMARIA,SCUOLA PRIMARIA,7.0,48.0,0.0,7.0,3.0,4.0
C079,CASTELLI CALEPIO,BERGAMO,SCUOLA SECONDARIA I GRADO,SCUOLA PRIMO GRADO,4.0,67.0,0.0,4.0,0.0,4.0
D117,COSTA VOLPINO,BERGAMO,SCUOLA PRIMARIA,SCUOLA PRIMARIA,8.0,26.0,0.0,8.0,4.0,4.0
D672,FONTANELLA,BERGAMO,SCUOLA SECONDARIA I GRADO,SCUOLA PRIMO GRADO,4.0,27.0,0.0,4.0,0.0,4.0
E704,LOVERE,BERGAMO,SCUOLA PRIMARIA,SCUOLA PRIMARIA,4.0,13.0,0.0,4.0,0.0,4.0
F243,MISANO DI GERA D'ADDA,BERGAMO,SCUOLA PRIMARIA,SCUOLA PRIMARIA,4.0,14.0,0.0,4.0,0.0,4.0
I437,SARNICO,BERGAMO,SCUOLA SECONDARIA I GRADO,SCUOLA PRIMO GRADO,4.0,26.0,0.0,4.0,0.0,4.0
I437,SARNICO,BERGAMO,SCUOLA SECONDARIA II GRADO,ISTITUTO TECNICO INDUSTRIALE,4.0,7.0,0.0,4.0,0.0,4.0
M144,ZANDOBBIO,BERGAMO,SCUOLA PRIMARIA,SCUOLA PRIMARIA,4.0,20.0,0.0,4.0,0.0,4.0
D878,GALLIERA,BOLOGNA,SCUOLA PRIMARIA,SCUOLA PRIMARIA,4.0,23.0,0.0,4.0,0.0,4.0
L762,VERGATO,BOLOGNA,SCUOLA SECONDARIA I GRADO,SCUOLA PRIMO GRADO,4.0,23.0,0.0,4.0,0.0,4.0
C332,CASTREZZATO,BRESCIA,SCUOLA PRIMARIA,SCUOLA PRIMARIA,4.0,30.0,0.0,4.0,0.0,4.0
C925,COMEZZANO-CIZZAGO,BRESCIA,SCUOLA SECONDARIA I GRADO,SCUOLA PRIMO GRADO,4.0,23.0,0.0,4.0,0.0,4.0
D251,DARFO BOARIO TERME,BRESCIA,SCUOLA SECONDARIA I GRADO,SCUOLA PRIMO GRADO,7.0,66.0,0.0,7.0,3.0,4.0
D270,DELLO,BRESCIA,SCUOLA PRIMARIA,SCUOLA PRIMARIA,5.0,47.0,0.0,5.0,1.0,4.0
D576,FIESSE,BRESCIA,SCUOLA PRIMARIA,SCUOLA PRIMARIA,4.0,20.0,0.0,4.0,0.0,4.0
E884,MANERBIO,BRESCIA,SCUOLA PRIMARIA,SCUOLA PRIMARIA,4.0,44.0,0.0,4.0,0.0,4.0
G170,OSPITALETTO,BRESCIA,SCUOLA PRIMARIA,SCUOLA PRIMARIA,4.0,60.0,0.0,4.0,0.0,4.0
G710,PISOGNE,BRESCIA,SCUOLA SECONDARIA II GRADO,IST PROF INDUSTRIA E ARTIGIANATO,4.0,20.0,0.0,4.0,0.0,4.0
G869,PONTOGLIO,BRESCIA,SCUOLA SECONDARIA I GRADO,SCUOLA PRIMO GRADO,4.0,39.0,0.0,4.0,0.0,4.0
H055,PREVALLE,BRESCIA,SCUOLA SECONDARIA I GRADO,SCUOLA PRIMO GRADO,4.0,34.0,0.0,4.0,0.0,4.0
H865,SAN GERVASIO BRESCIANO,BRESCIA,SCUOLA PRIMARIA,SCUOLA PRIMARIA,4.0,34.0,0.0,4.0,0.0,4.0
M335,BELLAGIO,COMO,SCUOLA SECONDARIA I GRADO,SCUOLA PRIMO GRADO,4.0,9.0,0.0,4.0,0.0,4.0
A299,ANNICCO,CREMONA,SCUOLA PRIMARIA,SCUOLA PRIMARIA,4.0,16.0,0.0,4.0,0.0,4.0
A986,BORDOLANO,CREMONA,SCUOLA PRIMARIA,SCUOLA PRIMARIA,4.0,23.0,0.0,4.0,0.0,4.0
M418,PIADENA DRIZZONA,CREMONA,SCUOLA PRIMARIA,SCUOLA PRIMARIA,4.0,33.0,0.0,4.0,0.0,4.0
M418,PIADENA DRIZZONA,CREMONA,SCUOLA SECONDARIA I GRADO,SCUOLA PRIMO GRADO,4.0,26.0,0.0,4.0,0.0,4.0
B914,POZZAGLIO ED UNITI,CREMONA,SCUOLA PRIMARIA,SCUOLA PRIMARIA,4.0,39.0,0.0,4.0,0.0,4.0
H508,ROMANENGO,CREMONA,SCUOLA PRIMARIA,SCUOLA PRIMARIA,4.0,7.0,0.0,4.0,0.0,4.0
H918,SAN GIOVANNI IN CROCE,CREMONA,SCUOLA PRIMARIA,SCUOLA PRIMARIA,4.0,29.0,0.0,4.0,0.0,4.0
A779,BENE VAGIENNA,CUNEO,SCUOLA SECONDARIA I GRADO,SCUOLA PRIMO GRADO,4.0,24.0,0.0,4.0,0.0,4.0
F351,MONDOVI',CUNEO,SCUOLA SECONDARIA II GRADO,IST PROF PER I SERVIZI COMMERCIALI,4.0,10.0,0.0,4.0,0.0,4.0
F520,MONTEGIORGIO,FERMO,SCUOLA SECONDARIA II GRADO,ISTITUTO TECNICO COMMERCIALE,4.0,13.0,0.0,4.0,0.0,4.0
L279,TORRE SAN PATRIZIO,FERMO,SCUOLA SECONDARIA I GRADO,SCUOLA PRIMO GRADO,4.0,17.0,0.0,4.0,0.0,4.0
A965,BONDENO,FERRARA,SCUOLA SECONDARIA II GRADO,IST PROF PER I SERVIZI COMMERCIALI E TURISTICI,4.0,7.0,0.0,4.0,0.0,4.0
E320,JOLANDA DI SAVOIA,FERRARA,SCUOLA SECONDARIA I GRADO,SCUOLA PRIMO GRADO,4.0,11.0,0.0,4.0,0.0,4.0
D403,EMPOLI,FIRENZE,SCUOLA SECONDARIA II GRADO,IST PROF INDUSTRIA E ARTIGIANATO,4.0,17.0,0.0,4.0,0.0,4.0
D403,EMPOLI,FIRENZE,SCUOLA SECONDARIA II GRADO,ISTITUTO TECNICO PER GEOMETRI,4.0,19.0,0.0,4.0,0.0,4.0
D403,EMPOLI,FIRENZE,SCUOLA SECONDARIA II GRADO,SCUOLA SEC. SECONDO GRADO NON STATALE,4.0,34.0,0.0,4.0,0.0,4.0
D575,FIESOLE,FIRENZE,SCUOLA PRIMARIA,SCUOLA PRIMARIA NON STATALE,4.0,19.0,0.0,4.0,0.0,4.0
E169,GREVE IN CHIANTI,FIRENZE,SCUOLA SECONDARIA I GRADO,SCUOLA PRIMO GRADO,4.0,27.0,0.0,4.0,0.0,4.0
D704,FORLI',FORLI'-CESENA,SCUOLA SECONDARIA II GRADO,IST PROF PER I SERVIZI SOCIALI,4.0,23.0,0.0,4.0,0.0,4.0
D899,GAMBETTOLA,FORLI'-CESENA,SCUOLA PRIMARIA,SCUOLA PRIMARIA,4.0,57.0,0.0,4.0,0.0,4.0
C147,CASTELL'AZZARA,GROSSETO,SCUOLA SECONDARIA I GRADO,SCUOLA PRIMO GRADO,4.0,21.0,0.0,4.0,0.0,4.0
F677,MONTIERI,GROSSETO,SCUOLA SECONDARIA I GRADO,SCUOLA PRIMO GRADO,4.0,20.0,0.0,4.0,0.0,4.0
E290,IMPERIA,IMPERIA,SCUOLA SECONDARIA II GRADO,IST PROF PER I SERVIZI COMMERCIALI E TURISTICI,4.0,4.0,0.0,4.0,0.0,4.0
L024,TAGGIA,IMPERIA,SCUOLA SECONDARIA I GRADO,SCUOLA PRIMO GRADO,14.0,48.0,0.0,14.0,10.0,4.0
E505,LECCE NEI MARSI,L'AQUILA,SCUOLA PRIMARIA,SCUOLA PRIMARIA,4.0,19.0,0.0,4.0,0.0,4.0
A112,AIRUNO,LECCO,SCUOLA SECONDARIA I GRADO,SCUOLA PRIMO GRADO,4.0,17.0,0.0,4.0,0.0,4.0
B669,CAPOLIVERI,LIVORNO,SCUOLA SECONDARIA I GRADO,SCUOLA PRIMO GRADO,4.0,14.0,0.0,4.0,0.0,4.0
H570,ROSIGNANO MARITTIMO,LIVORNO,SCUOLA SECONDARIA II GRADO,IST PROF INDUSTRIA E ARTIGIANATO,4.0,7.0,0.0,4.0,0.0,4.0
M340,BORGO VIRGILIO,MANTOVA,SCUOLA PRIMARIA,SCUOLA PRIMARIA,4.0,66.0,0.0,4.0,0.0,4.0
B110,BOZZOLO,MANTOVA,SCUOLA SECONDARIA I GRADO,SCUOLA PRIMO GRADO,4.0,43.0,0.0,4.0,0.0,4.0
F267,MOGLIA,MANTOVA,SCUOLA PRIMARIA,SCUOLA PRIMARIA,4.0,26.0,0.0,4.0,0.0,4.0
B012,MOTTEGGIANA,MANTOVA,SCUOLA PRIMARIA,SCUOLA PRIMARIA,4.0,9.0,0.0,4.0,0.0,4.0
G717,PIUBEGA,MANTOVA,SCUOLA PRIMARIA,SCUOLA PRIMARIA,4.0,17.0,0.0,4.0,0.0,4.0
H481,RODIGO,MANTOVA,SCUOLA PRIMARIA,SCUOLA PRIMARIA,4.0,36.0,0.0,4.0,0.0,4.0
F147,MERI',MESSINA,SCUOLA SECONDARIA I GRADO,SCUOLA PRIMO GRADO,4.0,21.0,0.0,4.0,0.0,4.0
L667,VAPRIO D'ADDA,MILANO,SCUOLA SECONDARIA I GRADO,SCUOLA PRIMO GRADO,4.0,43.0,0.0,4.0,0.0,4.0
F642,MONTESE,MODENA,SCUOLA SECONDARIA I GRADO,SCUOLA PRIMO GRADO,4.0,31.0,0.0,4.0,0.0,4.0
I473,SAVIGNANO SUL PANARO,MODENA,SCUOLA SECONDARIA I GRADO,SCUOLA PRIMO GRADO,4.0,41.0,0.0,4.0,0.0,4.0
E054,GIUGLIANO IN CAMPANIA,NAPOLI,SCUOLA SECONDARIA II GRADO,SCUOLA SEC. SECONDO GRADO NON STATALE,6.0,20.0,0.0,6.0,2.0,4.0
H502,ROMAGNANO SESIA,NOVARA,SCUOLA PRIMARIA,SCUOLA PRIMARIA,4.0,17.0,0.0,4.0,0.0,4.0
M402,BORGO VENETO,PADOVA,SCUOLA PRIMARIA,SCUOLA PRIMARIA,6.0,38.0,0.0,6.0,2.0,4.0
G167,OSPEDALETTO EUGANEO,PADOVA,SCUOLA PRIMARIA,SCUOLA PRIMARIA,7.0,30.0,0.0,7.0,3.0,4.0
I938,STANGHELLA,PADOVA,SCUOLA PRIMARIA,SCUOLA PRIMARIA,4.0,7.0,0.0,4.0,0.0,4.0
L199,TOMBOLO,PADOVA,SCUOLA PRIMARIA,SCUOLA PRIMARIA,4.0,34.0,0.0,4.0,0.0,4.0
C904,COLORNO,PARMA,SCUOLA PRIMARIA,SCUOLA PRIMARIA,4.0,44.0,0.0,4.0,0.0,4.0
M367,POLESINE ZIBELLO,PARMA,SCUOLA SECONDARIA I GRADO,SCUOLA PRIMO GRADO,4.0,13.0,0.0,4.0,0.0,4.0
C958,CONFIENZA,PAVIA,SCUOLA SECONDARIA I GRADO,SCUOLA PRIMO GRADO,4.0,19.0,0.0,4.0,0.0,4.0
A475,ASSISI,PERUGIA,SCUOLA SECONDARIA II GRADO,ISTITUTO TECNICO INDUSTRIALE,4.0,14.0,0.0,4.0,0.0,4.0
F024,MASSA MARTANA,PERUGIA,SCUOLA PRIMARIA,SCUOLA PRIMARIA,4.0,11.0,0.0,4.0,0.0,4.0
L188,TODI,PERUGIA,SCUOLA SECONDARIA II GRADO,IST PROF INDUSTRIA E ARTIGIANATO,4.0,14.0,0.0,4.0,0.0,4.0
L466,TUORO SUL TRASIMENO,PERUGIA,SCUOLA PRIMARIA,SCUOLA PRIMARIA,4.0,17.0,0.0,4.0,0.0,4.0
D786,UMBERTIDE,PERUGIA,SCUOLA SECONDARIA II GRADO,ISTITUTO TECNICO INDUSTRIALE,4.0,37.0,0.0,4.0,0.0,4.0
G682,PIOBBICO,PESARO E URBINO,SCUOLA SECONDARIA II GRADO,IST PROF PER I SERVIZI ALBERGHIERI E RISTORAZIONE,4.0,11.0,0.0,4.0,0.0,4.0
E132,GRAGNANO TREBBIENSE,PIACENZA,SCUOLA SECONDARIA I GRADO,SCUOLA PRIMO GRADO,4.0,30.0,0.0,4.0,0.0,4.0
G994,PRATA DI PORDENONE,PORDENONE,SCUOLA SECONDARIA I GRADO,SCUOLA PRIMO GRADO,4.0,46.0,0.0,4.0,0.0,4.0
M346,VALVASONE ARZENE,PORDENONE,SCUOLA SECONDARIA I GRADO,SCUOLA PRIMO GRADO,4.0,7.0,0.0,4.0,0.0,4.0
F572,MONTEMURLO,PRATO,SCUOLA SECONDARIA I GRADO,SCUOLA PRIMO GRADO,4.0,83.0,0.0,4.0,0.0,4.0
B499,CAMPAGNOLA EMILIA,REGGIO EMILIA,SCUOLA SECONDARIA I GRADO,SCUOLA PRIMO GRADO,4.0,26.0,0.0,4.0,0.0,4.0
G765,POGGIO NATIVO,RIETI,SCUOLA SECONDARIA I GRADO,SCUOLA PRIMO GRADO,4.0,33.0,0.0,4.0,0.0,4.0
L359,TRECENTA,ROVIGO,SCUOLA SECONDARIA I GRADO,SCUOLA PRIMO GRADO,4.0,30.0,0.0,4.0,0.0,4.0
C172,CASTELLINA IN CHIANTI,SIENA,SCUOLA SECONDARIA I GRADO,SCUOLA PRIMO GRADO,4.0,14.0,0.0,4.0,0.0,4.0
E989,MARTINSICURO,TERAMO,SCUOLA SECONDARIA I GRADO,SCUOLA PRIMO GRADO,4.0,64.0,0.0,4.0,0.0,4.0
A439,ARRONE,TERNI,SCUOLA PRIMARIA,SCUOLA PRIMARIA,4.0,11.0,0.0,4.0,0.0,4.0
G196,OULX,TORINO,SCUOLA PRIMARIA,SCUOLA PRIMARIA,4.0,17.0,0.0,4.0,0.0,4.0
C111,CASTELFRANCO VENETO,TREVISO,SCUOLA SECONDARIA II GRADO,IST PROF INDUSTRIA E ARTIGIANATO,4.0,30.0,0.0,4.0,0.0,4.0
G268,PALAZZOLO DELLO STELLA,UDINE,SCUOLA PRIMARIA,SCUOLA PRIMARIA,4.0,23.0,0.0,4.0,0.0,4.0
C004,CASSANO MAGNAGO,VARESE,SCUOLA SECONDARIA II GRADO,SCUOLA SEC. SECONDO GRADO NON STATALE,4.0,17.0,0.0,4.0,0.0,4.0
F826,MUSILE DI PIAVE,VENEZIA,SCUOLA PRIMARIA,SCUOLA PRIMARIA,8.0,68.0,0.0,8.0,4.0,4.0
E153,GRAVELLONA TOCE,VERBANO-CUSIO-OSSOLA,SCUOLA SECONDARIA I GRADO,SCUOLA PRIMO GRADO,4.0,46.0,0.0,4.0,0.0,4.0
C890,COLOGNA VENETA,VERONA,SCUOLA SECONDARIA I GRADO,SCUOLA PRIMO GRADO,4.0,37.0,0.0,4.0,0.0,4.0
H540,RONCO ALL'ADIGE,VERONA,SCUOLA SECONDARIA I GRADO,SCUOLA PRIMO GRADO,4.0,14.0,0.0,4.0,0.0,4.0
L912,VILLA BARTOLOMEA,VERONA,SCUOLA PRIMARIA,SCUOLA PRIMARIA,4.0,31.0,0.0,4.0,0.0,4.0
F419,MONTALTO DI CASTRO,VITERBO,SCUOLA PRIMARIA,SCUOLA PRIMARIA,4.0,35.0,0.0,4.0,0.0,4.0
A052,ACQUI TERME,ALESSANDRIA,SCUOLA SECONDARIA I GRADO,SCUOLA PRIMO GRADO,17.0,127.0,0.0,17.0,14.0,3.0
A182,ALESSANDRIA,ALESSANDRIA,SCUOLA SECONDARIA II GRADO,IST PROF INDUSTRIA E ARTIGIANATO,3.0,57.0,0.0,3.0,0.0,3.0
D814,FUBINE MONFERRATO,ALESSANDRIA,SCUOLA SECONDARIA I GRADO,SCUOLA PRIMO GRADO,3.0,17.0,0.0,3.0,0.0,3.0
F965,NOVI LIGURE,ALESSANDRIA,SCUOLA PRIMARIA,SCUOLA PRIMARIA,19.0,103.0,0.0,19.0,16.0,3.0
A390,AREZZO,AREZZO,SCUOLA SECONDARIA II GRADO,IST PROF INDUSTRIA E ARTIGIANATO,3.0,11.0,0.0,3.0,0.0,3.0
F656,MONTEVARCHI,AREZZO,SCUOLA PRIMARIA,SCUOLA PRIMARIA,23.0,134.0,0.0,23.0,20.0,3.0
F656,MONTEVARCHI,AREZZO,SCUOLA SECONDARIA II GRADO,IST PROF PER I SERVIZI COMMERCIALI E TURISTICI,3.0,14.0,0.0,3.0,0.0,3.0
C438,CELLARENGO,ASTI,SCUOLA PRIMARIA,SCUOLA PRIMARIA,3.0,23.0,0.0,3.0,0.0,3.0
F316,MOMBERCELLI,ASTI,SCUOLA SECONDARIA I GRADO,SCUOLA PRIMO GRADO,3.0,33.0,0.0,3.0,0.0,3.0
F323,MONALE,ASTI,SCUOLA PRIMARIA,SCUOLA PRIMARIA,3.0,11.0,0.0,3.0,0.0,3.0
L945,VILLAFRANCA D'ASTI,ASTI,SCUOLA PRIMARIA,SCUOLA PRIMARIA,3.0,13.0,0.0,3.0,0.0,3.0
B618,CANONICA D'ADDA,BERGAMO,SCUOLA PRIMARIA,SCUOLA PRIMARIA,3.0,30.0,0.0,3.0,0.0,3.0
C759,CIVIDATE AL PIANO,BERGAMO,SCUOLA PRIMARIA,SCUOLA PRIMARIA,3.0,33.0,0.0,3.0,0.0,3.0
C759,CIVIDATE AL PIANO,BERGAMO,SCUOLA SECONDARIA I GRADO,SCUOLA PRIMO GRADO,3.0,17.0,0.0,3.0,0.0,3.0
E006,GHISALBA,BERGAMO,SCUOLA SECONDARIA I GRADO,SCUOLA PRIMO GRADO,3.0,11.0,0.0,3.0,0.0,3.0
F738,MORNICO AL SERIO,BERGAMO,SCUOLA PRIMARIA,SCUOLA PRIMARIA,3.0,9.0,0.0,3.0,0.0,3.0
G295,PALOSCO,BERGAMO,SCUOLA PRIMARIA,SCUOLA PRIMARIA,3.0,37.0,0.0,3.0,0.0,3.0
B310,SAN PAOLO D'ARGON,BERGAMO,SCUOLA PRIMARIA,SCUOLA PRIMARIA,3.0,36.0,0.0,3.0,0.0,3.0
L276,TORRE PALLAVICINA,BERGAMO,SCUOLA PRIMARIA,SCUOLA PRIMARIA,3.0,19.0,0.0,3.0,0.0,3.0
D166,CREVALCORE,BOLOGNA,SCUOLA SECONDARIA II GRADO,ISTITUTO TECNICO INDUSTRIALE,3.0,7.0,0.0,3.0,0.0,3.0
F363,MONGHIDORO,BOLOGNA,SCUOLA SECONDARIA I GRADO,SCUOLA PRIMO GRADO,3.0,7.0,0.0,3.0,0.0,3.0
F363,MONGHIDORO,BOLOGNA,SCUOLA SECONDARIA II GRADO,ISTITUTO TECNICO INDUSTRIALE,3.0,20.0,0.0,3.0,0.0,3.0
G467,SAN GIOVANNI IN PERSICETO,BOLOGNA,SCUOLA SECONDARIA II GRADO,IST PROF INDUSTRIA E ARTIGIANATO,3.0,10.0,0.0,3.0,0.0,3.0
L762,VERGATO,BOLOGNA,SCUOLA PRIMARIA,SCUOLA PRIMARIA,5.0,47.0,0.0,5.0,2.0,3.0
A451,ARTOGNE,BRESCIA,SCUOLA SECONDARIA I GRADO,SCUOLA PRIMO GRADO,3.0,41.0,0.0,3.0,0.0,3.0
B711,CAPRIOLO,BRESCIA,SCUOLA PRIMARIA,SCUOLA PRIMARIA,3.0,34.0,0.0,3.0,0.0,3.0
C806,COCCAGLIO,BRESCIA,SCUOLA SECONDARIA I GRADO,SCUOLA PRIMO GRADO,3.0,40.0,0.0,3.0,0.0,3.0
E116,GOTTOLENGO,BRESCIA,SCUOLA SECONDARIA I GRADO,SCUOLA PRIMO GRADO,3.0,17.0,0.0,3.0,0.0,3.0
H055,PREVALLE,BRESCIA,SCUOLA PRIMARIA,SCUOLA PRIMARIA,3.0,34.0,0.0,3.0,0.0,3.0
H230,REMEDELLO,BRESCIA,SCUOLA PRIMARIA,SCUOLA PRIMARIA,3.0,21.0,0.0,3.0,0.0,3.0
I607,SENIGA,BRESCIA,SCUOLA PRIMARIA,SCUOLA PRIMARIA,3.0,17.0,0.0,3.0,0.0,3.0
L524,VACCARIZZO ALBANESE,COSENZA,SCUOLA PRIMARIA,SCUOLA PRIMARIA,3.0,23.0,0.0,3.0,0.0,3.0
B869,CASALBUTTANO ED UNITI,CREMONA,SCUOLA PRIMARIA,SCUOLA PRIMARIA,3.0,6.0,0.0,3.0,0.0,3.0
E272,GUSSOLA,CREMONA,SCUOLA SECONDARIA I GRADO,SCUOLA PRIMO GRADO,3.0,16.0,0.0,3.0,0.0,3.0
L258,TORRE DE' PICENARDI,CREMONA,SCUOLA SECONDARIA I GRADO,SCUOLA PRIMO GRADO,3.0,13.0,0.0,3.0,0.0,3.0
L539,VAILATE,CREMONA,SCUOLA SECONDARIA I GRADO,SCUOLA PRIMO GRADO,3.0,44.0,0.0,3.0,0.0,3.0
A779,BENE VAGIENNA,CUNEO,SCUOLA PRIMARIA,SCUOLA PRIMARIA,3.0,36.0,0.0,3.0,0.0,3.0
C376,CAVALLERMAGGIORE,CUNEO,SCUOLA PRIMARIA,SCUOLA PRIMARIA,3.0,34.0,0.0,3.0,0.0,3.0
E887,MANGO,CUNEO,SCUOLA PRIMARIA,SCUOLA PRIMARIA,3.0,21.0,0.0,3.0,0.0,3.0
L804,VERZUOLO,CUNEO,SCUOLA PRIMARIA,SCUOLA PRIMARIA,5.0,50.0,0.0,5.0,2.0,3.0
C469,CENTO,FERRARA,SCUOLA SECONDARIA II GRADO,IST PROF INDUSTRIA E ARTIGIANATO,3.0,39.0,0.0,3.0,0.0,3.0
D548,FERRARA,FERRARA,SCUOLA SECONDARIA II GRADO,IST PROF INDUSTRIA E ARTIGIANATO,3.0,24.0,0.0,3.0,0.0,3.0
M410,RIVA DEL PO,FERRARA,SCUOLA PRIMARIA,SCUOLA PRIMARIA,4.0,43.0,0.0,4.0,1.0,3.0
G761,POGGIO IMPERIALE,FOGGIA,SCUOLA PRIMARIA,SCUOLA PRIMARIA,3.0,17.0,0.0,3.0,0.0,3.0
C339,CASTROCARO TERME E TERRA DEL S,FORLI'-CESENA,SCUOLA PRIMARIA,SCUOLA PRIMARIA,3.0,37.0,0.0,3.0,0.0,3.0
A369,ARCIDOSSO,GROSSETO,SCUOLA SECONDARIA II GRADO,ISTITUTO TECNICO INDUSTRIALE,3.0,19.0,0.0,3.0,0.0,3.0
E875,MANCIANO,GROSSETO,SCUOLA SECONDARIA I GRADO,SCUOLA PRIMO GRADO,3.0,10.0,0.0,3.0,0.0,3.0
D297,DIANO MARINA,IMPERIA,SCUOLA SECONDARIA I GRADO,SCUOLA PRIMO GRADO,3.0,19.0,0.0,3.0,0.0,3.0
G164,OSPEDALETTI,IMPERIA,SCUOLA SECONDARIA I GRADO,SCUOLA PRIMO GRADO,3.0,13.0,0.0,3.0,0.0,3.0
A667,BARISCIANO,L'AQUILA,SCUOLA SECONDARIA I GRADO,SCUOLA PRIMO GRADO,3.0,20.0,0.0,3.0,0.0,3.0
H007,PRATOLA PELIGNA,L'AQUILA,SCUOLA SECONDARIA II GRADO,IST PROF PER L'AGRICOLTURA E L'AMBIENTE,3.0,19.0,0.0,3.0,0.0,3.0
C521,CERNUSCO LOMBARDONE,LECCO,SCUOLA PRIMARIA,SCUOLA PRIMARIA,3.0,33.0,0.0,3.0,0.0,3.0
G218,PADERNO D'ADDA,LECCO,SCUOLA PRIMARIA,SCUOLA PRIMARIA,3.0,34.0,0.0,3.0,0.0,3.0
E625,LIVORNO,LIVORNO,SCUOLA SECONDARIA II GRADO,IST PROF INDUSTRIA E ARTIGIANATO,3.0,30.0,0.0,3.0,0.0,3.0
L019,SUVERETO,LIVORNO,SCUOLA SECONDARIA I GRADO,SCUOLA PRIMO GRADO,3.0,20.0,0.0,3.0,0.0,3.0
B017,BORGO SAN GIOVANNI,LODI,SCUOLA PRIMARIA,SCUOLA PRIMARIA,3.0,19.0,0.0,3.0,0.0,3.0
G166,OSPEDALETTO LODIGIANO,LODI,SCUOLA PRIMARIA,SCUOLA PRIMARIA,3.0,16.0,0.0,3.0,0.0,3.0
I012,SAN MARTINO IN STRADA,LODI,SCUOLA PRIMARIA,SCUOLA PRIMARIA,3.0,34.0,0.0,3.0,0.0,3.0
I612,SENNA LODIGIANA,LODI,SCUOLA PRIMARIA,SCUOLA PRIMARIA,3.0,21.0,0.0,3.0,0.0,3.0
L572,VALERA FRATTA,LODI,SCUOLA PRIMARIA,SCUOLA PRIMARIA,3.0,21.0,0.0,3.0,0.0,3.0
B901,CASALMORO,MANTOVA,SCUOLA PRIMARIA,SCUOLA PRIMARIA,3.0,20.0,0.0,3.0,0.0,3.0
C076,CASTEL D'ARIO,MANTOVA,SCUOLA PRIMARIA,SCUOLA PRIMARIA,3.0,29.0,0.0,3.0,0.0,3.0
C118,CASTEL GOFFREDO,MANTOVA,SCUOLA SECONDARIA I GRADO,SCUOLA PRIMO GRADO,3.0,46.0,0.0,3.0,0.0,3.0
D949,GAZOLDO DEGLI IPPOLITI,MANTOVA,SCUOLA PRIMARIA,SCUOLA PRIMARIA,3.0,36.0,0.0,3.0,0.0,3.0
E922,MARCARIA,MANTOVA,SCUOLA PRIMARIA,SCUOLA PRIMARIA,6.0,69.0,0.0,6.0,3.0,3.0
H604,ROVERBELLA,MANTOVA,SCUOLA PRIMARIA,SCUOLA PRIMARIA,3.0,48.0,0.0,3.0,0.0,3.0
L015,SUSTINENTE,MANTOVA,SCUOLA SECONDARIA I GRADO,SCUOLA PRIMO GRADO,3.0,31.0,0.0,3.0,0.0,3.0
C895,COLOGNO MONZESE,MILANO,SCUOLA SECONDARIA II GRADO,IST PROF PER I SERVIZI COMMERCIALI,3.0,19.0,0.0,3.0,0.0,3.0
L667,VAPRIO D'ADDA,MILANO,SCUOLA PRIMARIA,SCUOLA PRIMARIA,3.0,47.0,0.0,3.0,0.0,3.0
F966,NOVI DI MODENA,MODENA,SCUOLA PRIMARIA,SCUOLA PRIMARIA,8.0,24.0,0.0,8.0,5.0,3.0
E591,LIMBIATE,MONZA E DELLA BRIANZA,SCUOLA PRIMARIA,SCUOLA PRIMARIA,35.0,133.0,0.0,35.0,32.0,3.0
H860,SAN GENNARO VESUVIANO,NAPOLI,SCUOLA SECONDARIA II GRADO,IST PROF PER L'AGRICOLTURA E L'AMBIENTE,3.0,4.0,0.0,3.0,0.0,3.0
D492,FARA NOVARESE,NOVARA,SCUOLA PRIMARIA,SCUOLA PRIMARIA,3.0,13.0,0.0,3.0,0.0,3.0
B795,CARMIGNANO DI BRENTA,PADOVA,SCUOLA PRIMARIA,SCUOLA PRIMARIA,3.0,24.0,0.0,3.0,0.0,3.0
E684,LOREGGIA,PADOVA,SCUOLA SECONDARIA I GRADO,SCUOLA PRIMO GRADO,3.0,26.0,0.0,3.0,0.0,3.0
B042,BORGO VAL DI TARO,PARMA,SCUOLA SECONDARIA II GRADO,ISTITUTO TECNICO COMMERCIALE,3.0,24.0,0.0,3.0,0.0,3.0
B408,CALESTANO,PARMA,SCUOLA PRIMARIA,SCUOLA PRIMARIA,3.0,11.0,0.0,3.0,0.0,3.0
D685,FONTEVIVO,PARMA,SCUOLA PRIMARIA,SCUOLA PRIMARIA,3.0,51.0,0.0,3.0,0.0,3.0
I803,SOLIGNANO,PARMA,SCUOLA SECONDARIA I GRADO,SCUOLA PRIMO GRADO,3.0,23.0,0.0,3.0,0.0,3.0
B159,BRESSANA BOTTARONE,PAVIA,SCUOLA PRIMARIA,SCUOLA PRIMARIA,3.0,11.0,0.0,3.0,0.0,3.0
E454,LARDIRAGO,PAVIA,SCUOLA PRIMARIA,SCUOLA PRIMARIA,3.0,27.0,0.0,3.0,0.0,3.0
I968,STRADELLA,PAVIA,SCUOLA PRIMARIA,SCUOLA PRIMARIA,3.0,53.0,0.0,3.0,0.0,3.0
L872,VIGEVANO,PAVIA,SCUOLA SECONDARIA II GRADO,IST PROF PER I SERVIZI COMMERCIALI E TURISTICI,3.0,20.0,0.0,3.0,0.0,3.0
M079,VISTARINO,PAVIA,SCUOLA PRIMARIA,SCUOLA PRIMARIA,3.0,14.0,0.0,3.0,0.0,3.0
C744,CITTA' DELLA PIEVE,PERUGIA,SCUOLA SECONDARIA II GRADO,IST PROF PER I SERVIZI COMMERCIALI,3.0,7.0,0.0,3.0,0.0,3.0
E012,GIANO DELL'UMBRIA,PERUGIA,SCUOLA SECONDARIA I GRADO,SCUOLA PRIMO GRADO,3.0,29.0,0.0,3.0,0.0,3.0
E256,GUBBIO,PERUGIA,SCUOLA SECONDARIA II GRADO,IST PROF INDUSTRIA E ARTIGIANATO,3.0,43.0,0.0,3.0,0.0,3.0
B816,CARPEGNA,PESARO E URBINO,SCUOLA SECONDARIA I GRADO,SCUOLA PRIMO GRADO,3.0,20.0,0.0,3.0,0.0,3.0
E785,MACERATA FELTRIA,PESARO E URBINO,SCUOLA PRIMARIA,SCUOLA PRIMARIA,3.0,20.0,0.0,3.0,0.0,3.0
M413,SASSOCORVARO AUDITORE,PESARO E URBINO,SCUOLA SECONDARIA II GRADO,IST PROF INDUSTRIA E ARTIGIANATO,3.0,10.0,0.0,3.0,0.0,3.0
M413,SASSOCORVARO AUDITORE,PESARO E URBINO,SCUOLA SECONDARIA II GRADO,IST PROF PER I SERVIZI SOCIALI,3.0,16.0,0.0,3.0,0.0,3.0
B643,CAORSO,PIACENZA,SCUOLA PRIMARIA,SCUOLA PRIMARIA,3.0,16.0,0.0,3.0,0.0,3.0
G557,PIANELLO VAL TIDONE,PIACENZA,SCUOLA PRIMARIA,SCUOLA PRIMARIA,3.0,16.0,0.0,3.0,0.0,3.0
H891,SAN GIORGIO DELLA RICHINVELDA,PORDENONE,SCUOLA PRIMARIA,SCUOLA PRIMARIA,3.0,26.0,0.0,3.0,0.0,3.0
G999,PRATO,PRATO,SCUOLA SECONDARIA II GRADO,ISTITUTO TECNICO AGRARIO,3.0,19.0,0.0,3.0,0.0,3.0
H163,RAGUSA,RAGUSA,SCUOLA SECONDARIA II GRADO,IST PROF PER I SERVIZI COMMERCIALI E TURISTICI,3.0,14.0,0.0,3.0,0.0,3.0
C963,CONSELICE,RAVENNA,SCUOLA PRIMARIA,SCUOLA PRIMARIA,6.0,25.0,0.0,6.0,3.0,3.0
I341,SANT'ILARIO DELLO IONIO,REGGIO CALABRIA,SCUOLA PRIMARIA,SCUOLA PRIMARIA,3.0,19.0,0.0,3.0,0.0,3.0
C218,CASTELNOVO DI SOTTO,REGGIO EMILIA,SCUOLA SECONDARIA I GRADO,SCUOLA PRIMO GRADO,3.0,43.0,0.0,3.0,0.0,3.0
G947,POVIGLIO,REGGIO EMILIA,SCUOLA PRIMARIA,SCUOLA PRIMARIA,3.0,9.0,0.0,3.0,0.0,3.0
G764,POGGIO MOIANO,RIETI,SCUOLA SECONDARIA I GRADO,SCUOLA PRIMO GRADO,3.0,13.0,0.0,3.0,0.0,3.0
H949,SAN LEO,RIMINI,SCUOLA SECONDARIA I GRADO,SCUOLA PRIMO GRADO,3.0,17.0,0.0,3.0,0.0,3.0
C784,CIVITELLA SAN PAOLO,ROMA,SCUOLA SECONDARIA I GRADO,SCUOLA PRIMO GRADO,3.0,19.0,0.0,3.0,0.0,3.0
C215,CASTELNOVO BARIANO,ROVIGO,SCUOLA PRIMARIA,SCUOLA PRIMARIA,3.0,9.0,0.0,3.0,0.0,3.0
E522,LENDINARA,ROVIGO,SCUOLA SECONDARIA I GRADO,SCUOLA PRIMO GRADO,3.0,33.0,0.0,3.0,0.0,3.0
G782,POLESELLA,ROVIGO,SCUOLA PRIMARIA,SCUOLA PRIMARIA,3.0,20.0,0.0,3.0,0.0,3.0
I089,SAN PIETRO AL TANAGRO,SALERNO,SCUOLA PRIMARIA,SCUOLA PRIMARIA,3.0,21.0,0.0,3.0,0.0,3.0
C587,CETONA,SIENA,SCUOLA SECONDARIA I GRADO,SCUOLA PRIMO GRADO,3.0,20.0,0.0,3.0,0.0,3.0
C608,CHIANCIANO TERME,SIENA,SCUOLA SECONDARIA I GRADO,SCUOLA PRIMO GRADO,3.0,24.0,0.0,3.0,0.0,3.0
A607,BANCHETTE,TORINO,SCUOLA PRIMARIA,SCUOLA PRIMARIA,3.0,21.0,0.0,3.0,0.0,3.0
H386,ROCCA CANAVESE,TORINO,SCUOLA PRIMARIA,SCUOLA PRIMARIA,3.0,20.0,0.0,3.0,0.0,3.0
E092,GORGO AL MONTICANO,TREVISO,SCUOLA SECONDARIA I GRADO,SCUOLA PRIMO GRADO,3.0,31.0,0.0,3.0,0.0,3.0
F190,MIANE,TREVISO,SCUOLA PRIMARIA,SCUOLA PRIMARIA,3.0,17.0,0.0,3.0,0.0,3.0
M422,PIEVE DEL GRAPPA,TREVISO,SCUOLA SECONDARIA I GRADO,SCUOLA PRIMO GRADO,3.0,41.0,0.0,3.0,0.0,3.0
I124,SAN POLO DI PIAVE,TREVISO,SCUOLA PRIMARIA,SCUOLA PRIMARIA,3.0,10.0,0.0,3.0,0.0,3.0
D869,GALLARATE,VARESE,SCUOLA SECONDARIA II GRADO,IST PROF INDUSTRIA E ARTIGIANATO,3.0,19.0,0.0,3.0,0.0,3.0
D963,GEMONIO,VARESE,SCUOLA PRIMARIA,SCUOLA PRIMARIA,3.0,13.0,0.0,3.0,0.0,3.0
D981,GERENZANO,VARESE,SCUOLA PRIMARIA,SCUOLA PRIMARIA,8.0,21.0,0.0,8.0,5.0,3.0
B152,BRENTINO BELLUNO,VERONA,SCUOLA PRIMARIA,SCUOLA PRIMARIA,3.0,17.0,0.0,3.0,0.0,3.0
F508,MONTEFORTE D'ALPONE,VERONA,SCUOLA SECONDARIA I GRADO,SCUOLA PRIMO GRADO,3.0,37.0,0.0,3.0,0.0,3.0
G297,PALU',VERONA,SCUOLA PRIMARIA,SCUOLA PRIMARIA,3.0,21.0,0.0,3.0,0.0,3.0
L136,TERRAZZO,VERONA,SCUOLA SECONDARIA I GRADO,SCUOLA PRIMO GRADO,3.0,17.0,0.0,3.0,0.0,3.0
D156,CRESPADORO,VICENZA,SCUOLA PRIMARIA,SCUOLA PRIMARIA,3.0,23.0,0.0,3.0,0.0,3.0
C315,CASTIGLIONE IN TEVERINA,VITERBO,SCUOLA PRIMARIA,SCUOLA PRIMARIA,3.0,9.0,0.0,3.0,0.0,3.0
G571,PIANSANO,VITERBO,SCUOLA PRIMARIA,SCUOLA PRIMARIA,3.0,14.0,0.0,3.0,0.0,3.0
F845,NARO,AGRIGENTO,SCUOLA SECONDARIA II GRADO,ISTITUTO TECNICO COMMERCIALE,2.0,26.0,0.0,2.0,0.0,2.0
A052,ACQUI TERME,ALESSANDRIA,SCUOLA PRIMARIA,SCUOLA PRIMARIA,9.0,103.0,0.0,9.0,7.0,2.0
G858,PONTESTURA,ALESSANDRIA,SCUOLA SECONDARIA I GRADO,SCUOLA PRIMO GRADO,2.0,16.0,0.0,2.0,0.0,2.0
A366,ARCEVIA,ANCONA,SCUOLA SECONDARIA I GRADO,SCUOLA PRIMO GRADO,2.0,16.0,0.0,2.0,0.0,2.0
A588,BALDICHIERI D'ASTI,ASTI,SCUOLA PRIMARIA,SCUOLA PRIMARIA,2.0,17.0,0.0,2.0,0.0,2.0
B594,CANELLI,ASTI,SCUOLA SECONDARIA II GRADO,ISTITUTO TECNICO COMMERCIALE,2.0,7.0,0.0,2.0,0.0,2.0
C226,CASTELNUOVO BELBO,ASTI,SCUOLA PRIMARIA,SCUOLA PRIMARIA,2.0,21.0,0.0,2.0,0.0,2.0
F311,MOMBARUZZO,ASTI,SCUOLA SECONDARIA I GRADO,SCUOLA PRIMO GRADO,2.0,14.0,0.0,2.0,0.0,2.0
F527,MONTEGROSSO D'ASTI,ASTI,SCUOLA PRIMARIA,SCUOLA PRIMARIA,2.0,14.0,0.0,2.0,0.0,2.0
H811,SAN DAMIANO D'ASTI,ASTI,SCUOLA PRIMARIA,SCUOLA PRIMARIA,3.0,53.0,0.0,3.0,1.0,2.0
A440,ARZAGO D'ADDA,BERGAMO,SCUOLA PRIMARIA,SCUOLA PRIMARIA,2.0,13.0,0.0,2.0,0.0,2.0
D117,COSTA VOLPINO,BERGAMO,SCUOLA SECONDARIA I GRADO,SCUOLA PRIMO GRADO,2.0,53.0,0.0,2.0,0.0,2.0
D139,CREDARO,BERGAMO,SCUOLA PRIMARIA,SCUOLA PRIMARIA,2.0,26.0,0.0,2.0,0.0,2.0
A665,BARICELLA,BOLOGNA,SCUOLA PRIMARIA,SCUOLA PRIMARIA,2.0,43.0,0.0,2.0,0.0,2.0
A944,BOLOGNA,BOLOGNA,SCUOLA SECONDARIA II GRADO,IST PROF PER I SERVIZI COMMERCIALI E TURISTICI,17.0,130.0,0.0,17.0,15.0,2.0
B044,BORGO TOSSIGNANO,BOLOGNA,SCUOLA SECONDARIA I GRADO,SCUOLA PRIMO GRADO,2.0,10.0,0.0,2.0,0.0,2.0
B892,CASALFIUMANESE,BOLOGNA,SCUOLA SECONDARIA I GRADO,SCUOLA PRIMO GRADO,2.0,14.0,0.0,2.0,0.0,2.0
A771,LIZZANO IN BELVEDERE,BOLOGNA,SCUOLA PRIMARIA,SCUOLA PRIMARIA,2.0,20.0,0.0,2.0,0.0,2.0
F288,MOLINELLA,BOLOGNA,SCUOLA SECONDARIA II GRADO,IST PROF PER I SERVIZI COMMERCIALI,2.0,4.0,0.0,2.0,0.0,2.0
F363,MONGHIDORO,BOLOGNA,SCUOLA PRIMARIA,SCUOLA PRIMARIA,2.0,30.0,0.0,2.0,0.0,2.0
A188,ALFIANELLO,BRESCIA,SCUOLA PRIMARIA,SCUOLA PRIMARIA,2.0,16.0,0.0,2.0,0.0,2.0
A799,BERLINGO,BRESCIA,SCUOLA SECONDARIA I GRADO,SCUOLA PRIMO GRADO,2.0,43.0,0.0,2.0,0.0,2.0
C685,CIGOLE,BRESCIA,SCUOLA PRIMARIA,SCUOLA PRIMARIA,2.0,10.0,0.0,2.0,0.0,2.0
C806,COCCAGLIO,BRESCIA,SCUOLA PRIMARIA,SCUOLA PRIMARIA,2.0,41.0,0.0,2.0,0.0,2.0
E654,LOGRATO,BRESCIA,SCUOLA SECONDARIA I GRADO,SCUOLA PRIMO GRADO,2.0,31.0,0.0,2.0,0.0,2.0
E883,MANERBA DEL GARDA,BRESCIA,SCUOLA PRIMARIA,SCUOLA PRIMARIA,2.0,10.0,0.0,2.0,0.0,2.0
F373,MONIGA DEL GARDA,BRESCIA,SCUOLA PRIMARIA,SCUOLA PRIMARIA,2.0,21.0,0.0,2.0,0.0,2.0
G391,PAVONE DEL MELLA,BRESCIA,SCUOLA SECONDARIA I GRADO,SCUOLA PRIMO GRADO,2.0,16.0,0.0,2.0,0.0,2.0
G859,PONTEVICO,BRESCIA,SCUOLA SECONDARIA I GRADO,SCUOLA PRIMO GRADO,2.0,27.0,0.0,2.0,0.0,2.0
G869,PONTOGLIO,BRESCIA,SCUOLA PRIMARIA,SCUOLA PRIMARIA,2.0,36.0,0.0,2.0,0.0,2.0
L494,URAGO D'OGLIO,BRESCIA,SCUOLA SECONDARIA I GRADO,SCUOLA PRIMO GRADO,2.0,29.0,0.0,2.0,0.0,2.0
L995,VILLANUOVA SUL CLISI,BRESCIA,SCUOLA SECONDARIA I GRADO,SCUOLA PRIMO GRADO,2.0,37.0,0.0,2.0,0.0,2.0
B528,CAMPODIPIETRA,CAMPOBASSO,SCUOLA PRIMARIA,SCUOLA PRIMARIA,2.0,21.0,0.0,2.0,0.0,2.0
E834,MAIDA,CATANZARO,SCUOLA PRIMARIA,SCUOLA PRIMARIA,2.0,14.0,0.0,2.0,0.0,2.0
A485,ATESSA,CHIETI,SCUOLA SECONDARIA II GRADO,IST PROF PER I SERVIZI COMMERCIALI,2.0,19.0,0.0,2.0,0.0,2.0
B898,CASALMAGGIORE,CREMONA,SCUOLA SECONDARIA II GRADO,IST PROF PER I SERVIZI COMMERCIALI E TURISTICI,2.0,31.0,0.0,2.0,0.0,2.0
D150,CREMONA,CREMONA,SCUOLA SECONDARIA II GRADO,IST PROF INDUSTRIA E ARTIGIANATO,18.0,67.0,0.0,18.0,16.0,2.0
H276,RICENGO,CREMONA,SCUOLA PRIMARIA,SCUOLA PRIMARIA,2.0,21.0,0.0,2.0,0.0,2.0
L258,TORRE DE' PICENARDI,CREMONA,SCUOLA PRIMARIA,SCUOLA PRIMARIA,2.0,16.0,0.0,2.0,0.0,2.0
H150,RACCONIGI,CUNEO,SCUOLA SECONDARIA II GRADO,LICEO SCIENTIFICO,2.0,14.0,0.0,2.0,0.0,2.0
H247,REVELLO,CUNEO,SCUOLA PRIMARIA,SCUOLA PRIMARIA,2.0,26.0,0.0,2.0,0.0,2.0
H710,SALICETO,CUNEO,SCUOLA PRIMARIA,SCUOLA PRIMARIA,2.0,21.0,0.0,2.0,0.0,2.0
F522,MONTEGRANARO,FERMO,SCUOLA PRIMARIA,SCUOLA PRIMARIA,11.0,26.0,0.0,11.0,9.0,2.0
F697,MONTOTTONE,FERMO,SCUOLA PRIMARIA,SCUOLA PRIMARIA,2.0,21.0,0.0,2.0,0.0,2.0
C101,CASTELFIORENTINO,FIRENZE,SCUOLA SECONDARIA II GRADO,ISTITUTO TECNICO COMMERCIALE,2.0,19.0,0.0,2.0,0.0,2.0
D299,DICOMANO,FIRENZE,SCUOLA PRIMARIA,SCUOLA PRIMARIA,2.0,7.0,0.0,2.0,0.0,2.0
D899,GAMBETTOLA,FORLI'-CESENA,SCUOLA SECONDARIA I GRADO,SCUOLA PRIMO GRADO,2.0,57.0,0.0,2.0,0.0,2.0
H183,RAPALLO,GENOVA,SCUOLA SECONDARIA II GRADO,IST PROF INDUSTRIA E ARTIGIANATO,2.0,11.0,0.0,2.0,0.0,2.0
I187,SANTA FIORA,GROSSETO,SCUOLA SECONDARIA II GRADO,ISTITUTO TECNICO COMMERCIALE,2.0,19.0,0.0,2.0,0.0,2.0
E290,IMPERIA,IMPERIA,SCUOLA SECONDARIA II GRADO,ISTITUTO TECNICO PER IL TURISMO,2.0,19.0,0.0,2.0,0.0,2.0
H763,SAN BARTOLOMEO AL MARE,IMPERIA,SCUOLA SECONDARIA I GRADO,SCUOLA PRIMO GRADO,2.0,26.0,0.0,2.0,0.0,2.0
I138,SANREMO,IMPERIA,SCUOLA SECONDARIA II GRADO,LICEO SCIENTIFICO,2.0,7.0,0.0,2.0,0.0,2.0
G492,PESCINA,L'AQUILA,SCUOLA SECONDARIA I GRADO,SCUOLA PRIMO GRADO,2.0,27.0,0.0,2.0,0.0,2.0
I923,SPONGANO,LECCE,SCUOLA PRIMARIA,SCUOLA PRIMARIA,2.0,10.0,0.0,2.0,0.0,2.0
E858,MALGRATE,LECCO,SCUOLA PRIMARIA,SCUOLA PRIMARIA,2.0,9.0,0.0,2.0,0.0,2.0
H063,PRIMALUNA,LECCO,SCUOLA PRIMARIA,SCUOLA PRIMARIA,2.0,21.0,0.0,2.0,0.0,2.0
A995,BORGHETTO LODIGIANO,LODI,SCUOLA PRIMARIA,SCUOLA PRIMARIA,2.0,21.0,0.0,2.0,0.0,2.0
E238,GUARDAMIGLIO,LODI,SCUOLA SECONDARIA I GRADO,SCUOLA PRIMO GRADO,2.0,33.0,0.0,2.0,0.0,2.0
E627,LIVRAGA,LODI,SCUOLA PRIMARIA,SCUOLA PRIMARIA,2.0,10.0,0.0,2.0,0.0,2.0
E627,LIVRAGA,LODI,SCUOLA SECONDARIA I GRADO,SCUOLA PRIMO GRADO,2.0,9.0,0.0,2.0,0.0,2.0
I612,SENNA LODIGIANA,LODI,SCUOLA SECONDARIA I GRADO,SCUOLA PRIMO GRADO,2.0,34.0,0.0,2.0,0.0,2.0
L469,TURANO LODIGIANO,LODI,SCUOLA PRIMARIA,SCUOLA PRIMARIA,2.0,20.0,0.0,2.0,0.0,2.0
C236,CASTELNUOVO DI GARFAGNANA,LUCCA,SCUOLA SECONDARIA II GRADO,IST PROF INDUSTRIA E ARTIGIANATO,2.0,21.0,0.0,2.0,0.0,2.0
G657,PIEVE TORINA,MACERATA,SCUOLA PRIMARIA,SCUOLA PRIMARIA,2.0,21.0,0.0,2.0,0.0,2.0
A038,ACQUANEGRA SUL CHIESE,MANTOVA,SCUOLA PRIMARIA,SCUOLA PRIMARIA,2.0,16.0,0.0,2.0,0.0,2.0
A038,ACQUANEGRA SUL CHIESE,MANTOVA,SCUOLA SECONDARIA I GRADO,SCUOLA PRIMO GRADO,2.0,11.0,0.0,2.0,0.0,2.0
B110,BOZZOLO,MANTOVA,SCUOLA PRIMARIA,SCUOLA PRIMARIA,2.0,33.0,0.0,2.0,0.0,2.0
D959,GAZZUOLO,MANTOVA,SCUOLA SECONDARIA I GRADO,SCUOLA PRIMO GRADO,2.0,33.0,0.0,2.0,0.0,2.0
E078,GOITO,MANTOVA,SCUOLA SECONDARIA I GRADO,SCUOLA PRIMO GRADO,2.0,36.0,0.0,2.0,0.0,2.0
G417,PEGOGNAGA,MANTOVA,SCUOLA PRIMARIA,SCUOLA PRIMARIA,2.0,34.0,0.0,2.0,0.0,2.0
M044,VILLIMPENTA,MANTOVA,SCUOLA PRIMARIA,SCUOLA PRIMARIA,2.0,14.0,0.0,2.0,0.0,2.0
E574,LICCIANA NARDI,MASSA-CARRARA,SCUOLA SECONDARIA I GRADO,SCUOLA PRIMO GRADO,2.0,24.0,0.0,2.0,0.0,2.0
L946,VILLAFRANCA IN LUNIGIANA,MASSA-CARRARA,SCUOLA SECONDARIA I GRADO,SCUOLA PRIMO GRADO,2.0,29.0,0.0,2.0,0.0,2.0
A697,BASIANO,MILANO,SCUOLA PRIMARIA,SCUOLA PRIMARIA,2.0,33.0,0.0,2.0,0.0,2.0
C052,CASTANO PRIMO,MILANO,SCUOLA PRIMARIA,SCUOLA PRIMARIA,5.0,50.0,0.0,5.0,3.0,2.0
G686,PIOLTELLO,MILANO,SCUOLA SECONDARIA II GRADO,IST PROF PER I SERVIZI COMMERCIALI E TURISTICI,2.0,30.0,0.0,2.0,0.0,2.0
L471,TURBIGO,MILANO,SCUOLA PRIMARIA,SCUOLA PRIMARIA,2.0,41.0,0.0,2.0,0.0,2.0
G649,PIEVEPELAGO,MODENA,SCUOLA SECONDARIA I GRADO,SCUOLA PRIMO GRADO,2.0,19.0,0.0,2.0,0.0,2.0
I128,SAN POSSIDONIO,MODENA,SCUOLA PRIMARIA,SCUOLA PRIMARIA,2.0,7.0,0.0,2.0,0.0,2.0
I473,SAVIGNANO SUL PANARO,MODENA,SCUOLA PRIMARIA,SCUOLA PRIMARIA,6.0,33.0,0.0,6.0,4.0,2.0
A429,ARONA,NOVARA,SCUOLA SECONDARIA I GRADO,SCUOLA PRIMO GRADO,2.0,39.0,0.0,2.0,0.0,2.0
A714,BATTAGLIA TERME,PADOVA,SCUOLA SECONDARIA I GRADO,SCUOLA PRIMO GRADO,2.0,10.0,0.0,2.0,0.0,2.0
D226,CURTAROLO,PADOVA,SCUOLA SECONDARIA I GRADO,SCUOLA PRIMO GRADO,2.0,40.0,0.0,2.0,0.0,2.0
F092,MEGLIADINO SAN VITALE,PADOVA,SCUOLA SECONDARIA I GRADO,SCUOLA PRIMO GRADO,2.0,20.0,0.0,2.0,0.0,2.0
F394,MONTAGNANA,PADOVA,SCUOLA SECONDARIA I GRADO,SCUOLA PRIMO GRADO,2.0,39.0,0.0,2.0,0.0,2.0
D728,FORNOVO DI TARO,PARMA,SCUOLA SECONDARIA II GRADO,IST PROF INDUSTRIA E ARTIGIANATO,2.0,24.0,0.0,2.0,0.0,2.0
H384,ROCCABIANCA,PARMA,SCUOLA SECONDARIA I GRADO,SCUOLA PRIMO GRADO,2.0,1.0,1.0,2.0,0.0,2.0
L299,TORRILE,PARMA,SCUOLA PRIMARIA,SCUOLA PRIMARIA,2.0,52.0,0.0,2.0,0.0,2.0
L346,TRAVERSETOLO,PARMA,SCUOLA PRIMARIA,SCUOLA PRIMARIA,2.0,39.0,0.0,2.0,0.0,2.0
A712,BASTIDA PANCARANA,PAVIA,SCUOLA PRIMARIA,SCUOLA PRIMARIA,2.0,21.0,0.0,2.0,0.0,2.0
M372,CORTEOLONA E GENZONE,PAVIA,SCUOLA PRIMARIA,SCUOLA PRIMARIA,2.0,17.0,0.0,2.0,0.0,2.0
F238,MIRADOLO TERME,PAVIA,SCUOLA PRIMARIA,SCUOLA PRIMARIA,2.0,30.0,0.0,2.0,0.0,2.0
F701,MONTU' BECCARIA,PAVIA,SCUOLA SECONDARIA I GRADO,SCUOLA PRIMO GRADO,2.0,11.0,0.0,2.0,0.0,2.0
L593,VALLE LOMELLINA,PAVIA,SCUOLA SECONDARIA I GRADO,SCUOLA PRIMO GRADO,2.0,9.0,0.0,2.0,0.0,2.0
C745,CITTA' DI CASTELLO,PERUGIA,SCUOLA SECONDARIA II GRADO,IST PROF INDUSTRIA E ARTIGIANATO,2.0,23.0,0.0,2.0,0.0,2.0
G551,PIANDIMELETO,PESARO E URBINO,SCUOLA PRIMARIA,SCUOLA PRIMARIA,2.0,13.0,0.0,2.0,0.0,2.0
L498,URBANIA,PESARO E URBINO,SCUOLA SECONDARIA II GRADO,IST PROF INDUSTRIA E ARTIGIANATO,2.0,2.0,0.0,2.0,0.0,2.0
D061,CORTEMAGGIORE,PIACENZA,SCUOLA SECONDARIA II GRADO,IST PROF PER L'AGRICOLTURA E L'AMBIENTE,2.0,17.0,0.0,2.0,0.0,2.0
E726,LUGAGNANO VAL D'ARDA,PIACENZA,SCUOLA SECONDARIA I GRADO,SCUOLA PRIMO GRADO,2.0,34.0,0.0,2.0,0.0,2.0
G852,PONTENURE,PIACENZA,SCUOLA PRIMARIA,SCUOLA PRIMARIA,2.0,34.0,0.0,2.0,0.0,2.0
L897,VIGOLZONE,PIACENZA,SCUOLA PRIMARIA,SCUOLA PRIMARIA,2.0,11.0,0.0,2.0,0.0,2.0
G994,PRATA DI PORDENONE,PORDENONE,SCUOLA PRIMARIA,SCUOLA PRIMARIA,4.0,29.0,0.0,4.0,2.0,2.0
H010,PRAVISDOMINI,PORDENONE,SCUOLA PRIMARIA,SCUOLA PRIMARIA,2.0,11.0,0.0,2.0,0.0,2.0
H010,PRAVISDOMINI,PORDENONE,SCUOLA SECONDARIA I GRADO,SCUOLA PRIMO GRADO,2.0,31.0,0.0,2.0,0.0,2.0
B188,BRISIGHELLA,RAVENNA,SCUOLA SECONDARIA I GRADO,SCUOLA PRIMO GRADO,2.0,17.0,0.0,2.0,0.0,2.0
H265,RIACE,REGGIO CALABRIA,SCUOLA SECONDARIA I GRADO,SCUOLA PRIMO GRADO,2.0,34.0,0.0,2.0,0.0,2.0
D934,GATTATICO,REGGIO EMILIA,SCUOLA PRIMARIA,SCUOLA PRIMARIA,7.0,13.0,0.0,7.0,5.0,2.0
L969,VILLA MINOZZO,REGGIO EMILIA,SCUOLA SECONDARIA I GRADO,SCUOLA PRIMO GRADO,2.0,9.0,0.0,2.0,0.0,2.0
A539,BADIA POLESINE,ROVIGO,SCUOLA PRIMARIA,SCUOLA PRIMARIA,2.0,50.0,0.0,2.0,0.0,2.0
A539,BADIA POLESINE,ROVIGO,SCUOLA SECONDARIA I GRADO,SCUOLA PRIMO GRADO,2.0,59.0,0.0,2.0,0.0,2.0
D011,CORLETO MONFORTE,SALERNO,SCUOLA PRIMARIA,SCUOLA PRIMARIA,2.0,20.0,0.0,2.0,0.0,2.0
I438,SARNO,SALERNO,SCUOLA SECONDARIA II GRADO,IST PROF PER L'AGRICOLTURA E L'AMBIENTE,2.0,19.0,0.0,2.0,0.0,2.0
A122,ALASSIO,SAVONA,SCUOLA PRIMARIA,SCUOLA PRIMARIA,4.0,44.0,0.0,4.0,2.0,2.0
A226,ALTARE,SAVONA,SCUOLA PRIMARIA,SCUOLA PRIMARIA,2.0,21.0,0.0,2.0,0.0,2.0
B369,CAIRO MONTENOTTE,SAVONA,SCUOLA PRIMARIA,SCUOLA PRIMARIA,2.0,37.0,0.0,2.0,0.0,2.0
C661,CHIUSDINO,SIENA,SCUOLA SECONDARIA I GRADO,SCUOLA PRIMO GRADO,2.0,11.0,0.0,2.0,0.0,2.0
F585,ROSETO DEGLI ABRUZZI,TERAMO,SCUOLA SECONDARIA II GRADO,IST PROF INDUSTRIA E ARTIGIANATO,2.0,24.0,0.0,2.0,0.0,2.0
A490,ATTIGLIANO,TERNI,SCUOLA SECONDARIA I GRADO,SCUOLA PRIMO GRADO,2.0,20.0,0.0,2.0,0.0,2.0
L117,TERNI,TERNI,SCUOLA PRIMARIA,SCUOLA PRIMARIA NON STATALE,2.0,21.0,0.0,2.0,0.0,2.0
B015,BORGOFRANCO D'IVREA,TORINO,SCUOLA SECONDARIA I GRADO,SCUOLA PRIMO GRADO,2.0,37.0,0.0,2.0,0.0,2.0
C867,COLLERETTO CASTELNUOVO,TORINO,SCUOLA PRIMARIA,SCUOLA PRIMARIA,2.0,19.0,0.0,2.0,0.0,2.0
G826,PONT-CANAVESE,TORINO,SCUOLA PRIMARIA,SCUOLA PRIMARIA,2.0,44.0,0.0,2.0,0.0,2.0
C286,CASTELVETRANO,TRAPANI,SCUOLA SECONDARIA II GRADO,IST PROF PER I SERVIZI COMMERCIALI E TURISTICI,2.0,19.0,0.0,2.0,0.0,2.0
F729,MORIAGO DELLA BATTAGLIA,TREVISO,SCUOLA SECONDARIA I GRADO,SCUOLA PRIMO GRADO,2.0,11.0,0.0,2.0,0.0,2.0
G115,ORMELLE,TREVISO,SCUOLA PRIMARIA,SCUOLA PRIMARIA,2.0,23.0,0.0,2.0,0.0,2.0
G645,PIEVE DI SOLIGO,TREVISO,SCUOLA PRIMARIA,SCUOLA PRIMARIA,12.0,50.0,0.0,12.0,10.0,2.0
G933,POSSAGNO,TREVISO,SCUOLA PRIMARIA,SCUOLA PRIMARIA,2.0,19.0,0.0,2.0,0.0,2.0
H781,SAN BIAGIO DI CALLALTA,TREVISO,SCUOLA SECONDARIA I GRADO,SCUOLA PRIMO GRADO,2.0,43.0,0.0,2.0,0.0,2.0
C817,CODROIPO,UDINE,SCUOLA SECONDARIA II GRADO,IST PROF INDUSTRIA E ARTIGIANATO,2.0,16.0,0.0,2.0,0.0,2.0
G163,OSOPPO,UDINE,SCUOLA PRIMARIA,SCUOLA PRIMARIA,2.0,17.0,0.0,2.0,0.0,2.0
H906,SAN GIOVANNI AL NATISONE,UDINE,SCUOLA PRIMARIA,SCUOLA PRIMARIA,2.0,7.0,0.0,2.0,0.0,2.0
D963,GEMONIO,VARESE,SCUOLA SECONDARIA I GRADO,SCUOLA PRIMO GRADO,2.0,14.0,0.0,2.0,0.0,2.0
A302,ANNONE VENETO,VENEZIA,SCUOLA SECONDARIA I GRADO,SCUOLA PRIMO GRADO,2.0,26.0,0.0,2.0,0.0,2.0
L429,TRINO,VERCELLI,SCUOLA SECONDARIA I GRADO,SCUOLA PRIMO GRADO,2.0,21.0,0.0,2.0,0.0,2.0
L750,VERCELLI,VERCELLI,SCUOLA SECONDARIA II GRADO,IST PROF PER I SERVIZI COMMERCIALI E TURISTICI,2.0,33.0,0.0,2.0,0.0,2.0
A964,BONAVIGO,VERONA,SCUOLA PRIMARIA,SCUOLA PRIMARIA,2.0,21.0,0.0,2.0,0.0,2.0
B107,BOVOLONE,VERONA,SCUOLA SECONDARIA I GRADO,SCUOLA PRIMO GRADO,2.0,70.0,0.0,2.0,0.0,2.0
C498,CEREA,VERONA,SCUOLA SECONDARIA II GRADO,ISTITUTO TECNICO COMMERCIALE,2.0,19.0,0.0,2.0,0.0,2.0
E349,ISOLA DELLA SCALA,VERONA,SCUOLA SECONDARIA I GRADO,SCUOLA PRIMO GRADO,2.0,64.0,0.0,2.0,0.0,2.0
F893,NICOTERA,VIBO VALENTIA,SCUOLA SECONDARIA II GRADO,LICEO CLASSICO,2.0,27.0,0.0,2.0,0.0,2.0
A467,ASIGLIANO VENETO,VICENZA,SCUOLA PRIMARIA,SCUOLA PRIMARIA,2.0,19.0,0.0,2.0,0.0,2.0
E731,LUGO DI VICENZA,VICENZA,SCUOLA PRIMARIA,SCUOLA PRIMARIA,2.0,33.0,0.0,2.0,0.0,2.0
G095,ORGIANO,VICENZA,SCUOLA PRIMARIA,SCUOLA PRIMARIA,2.0,16.0,0.0,2.0,0.0,2.0
I531,SCHIO,VICENZA,SCUOLA PRIMARIA,SCUOLA PRIMARIA NON STATALE,2.0,33.0,0.0,2.0,0.0,2.0
G135,ORTE,VITERBO,SCUOLA SECONDARIA II GRADO,IST TEC COMMERCIALE E PER GEOMETRI,2.0,1.0,1.0,2.0,0.0,2.0
B460,CAMASTRA,AGRIGENTO,SCUOLA SECONDARIA I GRADO,SCUOLA PRIMO GRADO,1.0,19.0,0.0,1.0,0.0,1.0
C027,CASSINE,ALESSANDRIA,SCUOLA SECONDARIA I GRADO,SCUOLA PRIMO GRADO,1.0,30.0,0.0,1.0,0.0,1.0
D944,GAVI,ALESSANDRIA,SCUOLA SECONDARIA I GRADO,SCUOLA PRIMO GRADO,1.0,16.0,0.0,1.0,0.0,1.0
L887,VIGNOLE BORBERA,ALESSANDRIA,SCUOLA PRIMARIA,SCUOLA PRIMARIA,1.0,11.0,0.0,1.0,0.0,1.0
M120,VOLPEDO,ALESSANDRIA,SCUOLA SECONDARIA I GRADO,SCUOLA PRIMO GRADO,1.0,10.0,0.0,1.0,0.0,1.0
D451,FABRIANO,ANCONA,SCUOLA SECONDARIA II GRADO,IST PROF INDUSTRIA E ARTIGIANATO,1.0,9.0,0.0,1.0,0.0,1.0
F594,MONTERCHI,AREZZO,SCUOLA PRIMARIA,SCUOLA PRIMARIA,1.0,20.0,0.0,1.0,0.0,1.0
G653,PIEVE SANTO STEFANO,AREZZO,SCUOLA SECONDARIA I GRADO,SCUOLA PRIMO GRADO,1.0,13.0,0.0,1.0,0.0,1.0
C064,CASTEL BOGLIONE,ASTI,SCUOLA PRIMARIA,SCUOLA PRIMARIA,1.0,20.0,0.0,1.0,0.0,1.0
I392,SAN VITO DI CADORE,BELLUNO,SCUOLA PRIMARIA,SCUOLA PRIMARIA,1.0,16.0,0.0,1.0,0.0,1.0
A057,ADRARA SAN MARTINO,BERGAMO,SCUOLA SECONDARIA I GRADO,SCUOLA PRIMO GRADO,1.0,23.0,0.0,1.0,0.0,1.0
B854,CARVICO,BERGAMO,SCUOLA SECONDARIA I GRADO,SCUOLA PRIMO GRADO,1.0,19.0,0.0,1.0,0.0,1.0
D406,ENDINE GAIANO,BERGAMO,SCUOLA PRIMARIA,SCUOLA PRIMARIA,1.0,11.0,0.0,1.0,0.0,1.0
D588,FILAGO,BERGAMO,SCUOLA PRIMARIA,SCUOLA PRIMARIA,1.0,11.0,0.0,1.0,0.0,1.0
G867,PONTIROLO NUOVO,BERGAMO,SCUOLA PRIMARIA,SCUOLA PRIMARIA,1.0,20.0,0.0,1.0,0.0,1.0
H046,PRESEZZO,BERGAMO,SCUOLA SECONDARIA II GRADO,IST PROF INDUSTRIA E ARTIGIANATO,1.0,24.0,0.0,1.0,0.0,1.0
H091,PUMENENGO,BERGAMO,SCUOLA SECONDARIA I GRADO,SCUOLA PRIMO GRADO,1.0,10.0,0.0,1.0,0.0,1.0
H492,ROGNO,BERGAMO,SCUOLA PRIMARIA,SCUOLA PRIMARIA,1.0,16.0,0.0,1.0,0.0,1.0
H662,SAGLIANO MICCA,BIELLA,SCUOLA PRIMARIA,SCUOLA PRIMARIA,1.0,17.0,0.0,1.0,0.0,1.0
B892,CASALFIUMANESE,BOLOGNA,SCUOLA PRIMARIA,SCUOLA PRIMARIA,1.0,20.0,0.0,1.0,0.0,1.0
C086,CASTEL DEL RIO,BOLOGNA,SCUOLA SECONDARIA I GRADO,SCUOLA PRIMO GRADO,1.0,16.0,0.0,1.0,0.0,1.0
D166,CREVALCORE,BOLOGNA,SCUOLA SECONDARIA II GRADO,IST PROF INDUSTRIA E ARTIGIANATO,1.0,6.0,0.0,1.0,0.0,1.0
E187,GRIZZANA MORANDI,BOLOGNA,SCUOLA SECONDARIA I GRADO,SCUOLA PRIMO GRADO,1.0,17.0,0.0,1.0,0.0,1.0
A630,BARBARIGA,BRESCIA,SCUOLA PRIMARIA,SCUOLA PRIMARIA,1.0,17.0,0.0,1.0,0.0,1.0
A817,BERZO INFERIORE,BRESCIA,SCUOLA PRIMARIA,SCUOLA PRIMARIA,1.0,11.0,0.0,1.0,0.0,1.0
B157,BRESCIA,BRESCIA,SCUOLA SECONDARIA II GRADO,IST PROF PER I SERVIZI ALBERGHIERI E RISTORAZIONE,1.0,76.0,0.0,1.0,0.0,1.0
B817,CARPENEDOLO,BRESCIA,SCUOLA SECONDARIA I GRADO,SCUOLA PRIMO GRADO,1.0,60.0,0.0,1.0,0.0,1.0
C072,CASTELCOVATI,BRESCIA,SCUOLA PRIMARIA,SCUOLA PRIMARIA,1.0,30.0,0.0,1.0,0.0,1.0
F063,MAZZANO,BRESCIA,SCUOLA PRIMARIA,SCUOLA PRIMARIA,4.0,44.0,0.0,4.0,3.0,1.0
F471,MONTICHIARI,BRESCIA,SCUOLA SECONDARIA I GRADO,SCUOLA PRIMO GRADO,6.0,125.0,0.0,6.0,5.0,1.0
F680,MONTIRONE,BRESCIA,SCUOLA PRIMARIA,SCUOLA PRIMARIA,1.0,29.0,0.0,1.0,0.0,1.0
G001,ODOLO,BRESCIA,SCUOLA PRIMARIA,SCUOLA PRIMARIA,1.0,16.0,0.0,1.0,0.0,1.0
G149,ORZINUOVI,BRESCIA,SCUOLA SECONDARIA I GRADO,SCUOLA PRIMO GRADO,1.0,57.0,0.0,1.0,0.0,1.0
G549,PIANCOGNO,BRESCIA,SCUOLA PRIMARIA,SCUOLA PRIMARIA,1.0,6.0,0.0,1.0,0.0,1.0
H256,REZZATO,BRESCIA,SCUOLA PRIMARIA,SCUOLA PRIMARIA,6.0,34.0,0.0,6.0,5.0,1.0
I412,SAN ZENO NAVIGLIO,BRESCIA,SCUOLA PRIMARIA,SCUOLA PRIMARIA,1.0,4.0,0.0,1.0,0.0,1.0
L812,VESTONE,BRESCIA,SCUOLA SECONDARIA I GRADO,SCUOLA PRIMO GRADO,1.0,13.0,0.0,1.0,0.0,1.0
L919,VILLA CARCINA,BRESCIA,SCUOLA PRIMARIA,SCUOLA PRIMARIA,7.0,41.0,0.0,7.0,6.0,1.0
H045,PRESENZANO,CASERTA,SCUOLA PRIMARIA,SCUOLA PRIMARIA,1.0,19.0,0.0,1.0,0.0,1.0
H805,SAN CONO,CATANIA,SCUOLA PRIMARIA,SCUOLA PRIMARIA,1.0,16.0,0.0,1.0,0.0,1.0
F200,MIGLIERINA,CATANZARO,SCUOLA PRIMARIA,SCUOLA PRIMARIA,1.0,17.0,0.0,1.0,0.0,1.0
B513,CAMPIONE D'ITALIA,COMO,SCUOLA SECONDARIA I GRADO,SCUOLA PRIMO GRADO,1.0,14.0,0.0,1.0,0.0,1.0
B641,CANZO,COMO,SCUOLA SECONDARIA I GRADO,SCUOLA PRIMO GRADO,1.0,16.0,0.0,1.0,0.0,1.0
G847,PONTE LAMBRO,COMO,SCUOLA SECONDARIA I GRADO,SCUOLA PRIMO GRADO,1.0,11.0,0.0,1.0,0.0,1.0
B500,CAMPANA,COSENZA,SCUOLA PRIMARIA,SCUOLA PRIMARIA,1.0,20.0,0.0,1.0,0.0,1.0
L524,VACCARIZZO ALBANESE,COSENZA,SCUOLA SECONDARIA I GRADO,SCUOLA PRIMO GRADO,1.0,17.0,0.0,1.0,0.0,1.0
A570,BAGNOLO CREMASCO,CREMONA,SCUOLA PRIMARIA,SCUOLA PRIMARIA,1.0,26.0,0.0,1.0,0.0,1.0
B439,CALVATONE,CREMONA,SCUOLA PRIMARIA,SCUOLA PRIMARIA,1.0,7.0,0.0,1.0,0.0,1.0
B686,CAPRALBA,CREMONA,SCUOLA PRIMARIA,SCUOLA PRIMARIA,1.0,14.0,0.0,1.0,0.0,1.0
E272,GUSSOLA,CREMONA,SCUOLA PRIMARIA,SCUOLA PRIMARIA,1.0,4.0,0.0,1.0,0.0,1.0
H372,ROBECCO D'OGLIO,CREMONA,SCUOLA PRIMARIA,SCUOLA PRIMARIA,1.0,13.0,0.0,1.0,0.0,1.0
I497,SCANDOLARA RAVARA,CREMONA,SCUOLA PRIMARIA,SCUOLA PRIMARIA,1.0,20.0,0.0,1.0,0.0,1.0
I865,SOSPIRO,CREMONA,SCUOLA SECONDARIA I GRADO,SCUOLA PRIMO GRADO,1.0,13.0,0.0,1.0,0.0,1.0
L426,TRIGOLO,CREMONA,SCUOLA PRIMARIA,SCUOLA PRIMARIA,1.0,16.0,0.0,1.0,0.0,1.0
L426,TRIGOLO,CREMONA,SCUOLA SECONDARIA I GRADO,SCUOLA PRIMO GRADO,1.0,14.0,0.0,1.0,0.0,1.0
A671,BAROLO,CUNEO,SCUOLA SECONDARIA I GRADO,SCUOLA PRIMO GRADO,1.0,33.0,0.0,1.0,0.0,1.0
D372,DRONERO,CUNEO,SCUOLA PRIMARIA,SCUOLA PRIMARIA,4.0,28.0,0.0,4.0,3.0,1.0
H150,RACCONIGI,CUNEO,SCUOLA PRIMARIA,SCUOLA PRIMARIA,1.0,40.0,0.0,1.0,0.0,1.0
H377,ROBILANTE,CUNEO,SCUOLA PRIMARIA,SCUOLA PRIMARIA,1.0,13.0,0.0,1.0,0.0,1.0
I037,SAN MICHELE MONDOVI',CUNEO,SCUOLA PRIMARIA,SCUOLA PRIMARIA,1.0,17.0,0.0,1.0,0.0,1.0
I037,SAN MICHELE MONDOVI',CUNEO,SCUOLA SECONDARIA I GRADO,SCUOLA PRIMO GRADO,1.0,7.0,0.0,1.0,0.0,1.0
I316,SANTA VITTORIA D'ALBA,CUNEO,SCUOLA PRIMARIA,SCUOLA PRIMARIA,1.0,20.0,0.0,1.0,0.0,1.0
C101,CASTELFIORENTINO,FIRENZE,SCUOLA PRIMARIA,SCUOLA PRIMARIA,6.0,68.0,0.0,6.0,5.0,1.0
D299,DICOMANO,FIRENZE,SCUOLA SECONDARIA I GRADO,SCUOLA PRIMO GRADO,1.0,41.0,0.0,1.0,0.0,1.0
E668,LONDA,FIRENZE,SCUOLA SECONDARIA I GRADO,SCUOLA PRIMO GRADO,1.0,20.0,0.0,1.0,0.0,1.0
B724,CARAPELLE,FOGGIA,SCUOLA SECONDARIA II GRADO,LICEO CLASSICO,1.0,14.0,0.0,1.0,0.0,1.0
I962,STORNARA,FOGGIA,SCUOLA SECONDARIA I GRADO,SCUOLA PRIMO GRADO,1.0,49.0,0.0,1.0,0.0,1.0
D867,GALEATA,FORLI'-CESENA,SCUOLA SECONDARIA II GRADO,IST PROF INDUSTRIA E ARTIGIANATO,1.0,3.0,0.0,1.0,0.0,1.0
F097,MELDOLA,FORLI'-CESENA,SCUOLA PRIMARIA,SCUOLA PRIMARIA,1.0,47.0,0.0,1.0,0.0,1.0
H824,SAN DONATO VAL DI COMINO,FROSINONE,SCUOLA SECONDARIA I GRADO,SCUOLA PRIMO GRADO,1.0,17.0,0.0,1.0,0.0,1.0
I716,SGURGOLA,FROSINONE,SCUOLA PRIMARIA,SCUOLA PRIMARIA,1.0,16.0,0.0,1.0,0.0,1.0
D969,GENOVA,GENOVA,SCUOLA SECONDARIA II GRADO,ISTITUTO TECNICO PER IL TURISMO,1.0,4.0,0.0,1.0,0.0,1.0
F173,MEZZANEGO,GENOVA,SCUOLA PRIMARIA,SCUOLA PRIMARIA,1.0,16.0,0.0,1.0,0.0,1.0
E098,GORIZIA,GORIZIA,SCUOLA SECONDARIA II GRADO,ISTITUTO TECNICO PER GEOMETRI,1.0,7.0,0.0,1.0,0.0,1.0
A536,BADALUCCO,IMPERIA,SCUOLA SECONDARIA I GRADO,SCUOLA PRIMO GRADO,1.0,17.0,0.0,1.0,0.0,1.0
G840,PONTEDASSIO,IMPERIA,SCUOLA PRIMARIA,SCUOLA PRIMARIA,1.0,14.0,0.0,1.0,0.0,1.0
H328,RIVA LIGURE,IMPERIA,SCUOLA PRIMARIA,SCUOLA PRIMARIA,1.0,14.0,0.0,1.0,0.0,1.0
I365,SANTO STEFANO AL MARE,IMPERIA,SCUOLA PRIMARIA,SCUOLA PRIMARIA,1.0,19.0,0.0,1.0,0.0,1.0
L741,VENTIMIGLIA,IMPERIA,SCUOLA PRIMARIA,SCUOLA PRIMARIA NON STATALE,1.0,13.0,0.0,1.0,0.0,1.0
A481,ATELETA,L'AQUILA,SCUOLA PRIMARIA,SCUOLA PRIMARIA,1.0,20.0,0.0,1.0,0.0,1.0
F595,MONTEREALE,L'AQUILA,SCUOLA PRIMARIA,SCUOLA PRIMARIA,1.0,14.0,0.0,1.0,0.0,1.0
H772,SAN BENEDETTO DEI MARSI,L'AQUILA,SCUOLA PRIMARIA,SCUOLA PRIMARIA,1.0,27.0,0.0,1.0,0.0,1.0
I121,SAN PIO DELLE CAMERE,L'AQUILA,SCUOLA SECONDARIA I GRADO,SCUOLA PRIMO GRADO,1.0,14.0,0.0,1.0,0.0,1.0
C521,CERNUSCO LOMBARDONE,LECCO,SCUOLA SECONDARIA I GRADO,SCUOLA PRIMO GRADO,1.0,63.0,0.0,1.0,0.0,1.0
D065,CORTENOVA,LECCO,SCUOLA PRIMARIA,SCUOLA PRIMARIA,1.0,14.0,0.0,1.0,0.0,1.0
F887,NIBIONNO,LECCO,SCUOLA PRIMARIA,SCUOLA PRIMARIA,1.0,27.0,0.0,1.0,0.0,1.0
G485,PESCATE,LECCO,SCUOLA PRIMARIA,SCUOLA PRIMARIA,1.0,17.0,0.0,1.0,0.0,1.0
L634,VALMADRERA,LECCO,SCUOLA PRIMARIA,SCUOLA PRIMARIA,1.0,44.0,0.0,1.0,0.0,1.0
A852,BIBBONA,LIVORNO,SCUOLA SECONDARIA I GRADO,SCUOLA PRIMO GRADO,1.0,13.0,0.0,1.0,0.0,1.0
C228,CASTELNUOVO BOCCA D'ADDA,LODI,SCUOLA PRIMARIA,SCUOLA PRIMARIA,1.0,20.0,0.0,1.0,0.0,1.0
C394,CAVENAGO D'ADDA,LODI,SCUOLA PRIMARIA,SCUOLA PRIMARIA,1.0,6.0,0.0,1.0,0.0,1.0
E238,GUARDAMIGLIO,LODI,SCUOLA PRIMARIA,SCUOLA PRIMARIA,1.0,11.0,0.0,1.0,0.0,1.0
E648,LODI,LODI,SCUOLA SECONDARIA II GRADO,IST PROF PER I SERVIZI COMMERCIALI,1.0,14.0,0.0,1.0,0.0,1.0
E852,MALEO,LODI,SCUOLA PRIMARIA,SCUOLA PRIMARIA,1.0,33.0,0.0,1.0,0.0,1.0
F260,TAVAZZANO CON VILLAVESCO,LODI,SCUOLA PRIMARIA,SCUOLA PRIMARIA,1.0,44.0,0.0,1.0,0.0,1.0
E715,LUCCA,LUCCA,SCUOLA SECONDARIA II GRADO,SCUOLA SEC. SECONDO GRADO NON STATALE,1.0,31.0,0.0,1.0,0.0,1.0
A334,APPIGNANO,MACERATA,SCUOLA SECONDARIA I GRADO,SCUOLA PRIMO GRADO,1.0,19.0,0.0,1.0,0.0,1.0
C251,CASTELRAIMONDO,MACERATA,SCUOLA PRIMARIA,SCUOLA PRIMARIA,1.0,44.0,0.0,1.0,0.0,1.0
D429,ESANATOGLIA,MACERATA,SCUOLA SECONDARIA I GRADO,SCUOLA PRIMO GRADO,1.0,20.0,0.0,1.0,0.0,1.0
F268,MOGLIANO,MACERATA,SCUOLA PRIMARIA,SCUOLA PRIMARIA,1.0,30.0,0.0,1.0,0.0,1.0
F621,MONTE SAN GIUSTO,MACERATA,SCUOLA PRIMARIA,SCUOLA PRIMARIA,1.0,43.0,0.0,1.0,0.0,1.0
G690,PIORACO,MACERATA,SCUOLA PRIMARIA,SCUOLA PRIMARIA,1.0,19.0,0.0,1.0,0.0,1.0
I156,SAN SEVERINO MARCHE,MACERATA,SCUOLA SECONDARIA II GRADO,IST PROF INDUSTRIA E ARTIGIANATO,1.0,14.0,0.0,1.0,0.0,1.0
I436,SARNANO,MACERATA,SCUOLA SECONDARIA II GRADO,IST PROF INDUSTRIA E ARTIGIANATO,1.0,14.0,0.0,1.0,0.0,1.0
B907,CASALOLDO,MANTOVA,SCUOLA PRIMARIA,SCUOLA PRIMARIA,1.0,30.0,0.0,1.0,0.0,1.0
G816,POMPONESCO,MANTOVA,SCUOLA PRIMARIA,SCUOLA PRIMARIA,1.0,7.0,0.0,1.0,0.0,1.0
H912,SAN GIOVANNI DEL DOSSO,MANTOVA,SCUOLA PRIMARIA,SCUOLA PRIMARIA,1.0,19.0,0.0,1.0,0.0,1.0
L826,VIADANA,MANTOVA,SCUOLA SECONDARIA II GRADO,IST PROF PER I SERVIZI SOCIALI,1.0,13.0,0.0,1.0,0.0,1.0
M044,VILLIMPENTA,MANTOVA,SCUOLA SECONDARIA I GRADO,SCUOLA PRIMO GRADO,1.0,7.0,0.0,1.0,0.0,1.0
B979,CASOLA IN LUNIGIANA,MASSA-CARRARA,SCUOLA SECONDARIA I GRADO,SCUOLA PRIMO GRADO,1.0,19.0,0.0,1.0,0.0,1.0
E574,LICCIANA NARDI,MASSA-CARRARA,SCUOLA PRIMARIA,SCUOLA PRIMARIA,1.0,10.0,0.0,1.0,0.0,1.0
F802,MULAZZO,MASSA-CARRARA,SCUOLA SECONDARIA I GRADO,SCUOLA PRIMO GRADO,1.0,20.0,0.0,1.0,0.0,1.0
E606,LIPARI,MESSINA,SCUOLA SECONDARIA I GRADO,SCUOLA PRIMO GRADO,1.0,17.0,0.0,1.0,0.0,1.0
B162,BRESSO,MILANO,SCUOLA SECONDARIA I GRADO,SCUOLA PRIMO GRADO,1.0,118.0,0.0,1.0,0.0,1.0
F100,MELEGNANO,MILANO,SCUOLA PRIMARIA,SCUOLA PRIMARIA,3.0,79.0,0.0,3.0,2.0,1.0
F119,MELZO,MILANO,SCUOLA SECONDARIA II GRADO,IST PROF INDUSTRIA E ARTIGIANATO,1.0,7.0,0.0,1.0,0.0,1.0
F205,MILANO,MILANO,SCUOLA SECONDARIA II GRADO,ISTITUTO TECNICO COMMERCIALE,70.0,210.0,0.0,70.0,69.0,1.0
G634,PIEVE EMANUELE,MILANO,SCUOLA SECONDARIA I GRADO,SCUOLA PRIMO GRADO,1.0,54.0,0.0,1.0,0.0,1.0
L411,TREZZO SULL'ADDA,MILANO,SCUOLA PRIMARIA,SCUOLA PRIMARIA,1.0,47.0,0.0,1.0,0.0,1.0
F240,MIRANDOLA,MODENA,SCUOLA PRIMARIA,SCUOLA PRIMARIA,6.0,94.0,0.0,6.0,5.0,1.0
G649,PIEVEPELAGO,MODENA,SCUOLA PRIMARIA,SCUOLA PRIMARIA,1.0,20.0,0.0,1.0,0.0,1.0
G649,PIEVEPELAGO,MODENA,SCUOLA SECONDARIA II GRADO,ISTITUTO TECNICO COMMERCIALE,1.0,7.0,0.0,1.0,0.0,1.0
H061,PRIGNANO SULLA SECCHIA,MODENA,SCUOLA PRIMARIA,SCUOLA PRIMARIA,1.0,14.0,0.0,1.0,0.0,1.0
I689,SESTOLA,MODENA,SCUOLA PRIMARIA,SCUOLA PRIMARIA,1.0,19.0,0.0,1.0,0.0,1.0
B501,CAMPARADA,MONZA E DELLA BRIANZA,SCUOLA PRIMARIA,SCUOLA PRIMARIA,1.0,14.0,0.0,1.0,0.0,1.0
I469,SAVIANO,NAPOLI,SCUOLA SECONDARIA II GRADO,LICEO SCIENTIFICO,1.0,17.0,0.0,1.0,0.0,1.0
I025,SAN MAURIZIO D'OPAGLIO,NOVARA,SCUOLA PRIMARIA,SCUOLA PRIMARIA,1.0,20.0,0.0,1.0,0.0,1.0
A458,ARZERGRANDE,PADOVA,SCUOLA PRIMARIA,SCUOLA PRIMARIA,1.0,23.0,0.0,1.0,0.0,1.0
M402,BORGO VENETO,PADOVA,SCUOLA SECONDARIA I GRADO,SCUOLA PRIMO GRADO,1.0,31.0,0.0,1.0,0.0,1.0
B563,CAMPOSAMPIERO,PADOVA,SCUOLA SECONDARIA I GRADO,SCUOLA PRIMO GRADO,1.0,49.0,0.0,1.0,0.0,1.0
E684,LOREGGIA,PADOVA,SCUOLA PRIMARIA,SCUOLA PRIMARIA,3.0,37.0,0.0,3.0,2.0,1.0
F092,MEGLIADINO SAN VITALE,PADOVA,SCUOLA PRIMARIA,SCUOLA PRIMARIA,1.0,20.0,0.0,1.0,0.0,1.0
L199,TOMBOLO,PADOVA,SCUOLA SECONDARIA I GRADO,SCUOLA PRIMO GRADO,1.0,34.0,0.0,1.0,0.0,1.0
I534,SCIARA,PALERMO,SCUOLA PRIMARIA,SCUOLA PRIMARIA,1.0,41.0,0.0,1.0,0.0,1.0
H384,ROCCABIANCA,PARMA,SCUOLA PRIMARIA,SCUOLA PRIMARIA,1.0,10.0,0.0,1.0,0.0,1.0
H682,SALA BAGANZA,PARMA,SCUOLA PRIMARIA,SCUOLA PRIMARIA,1.0,11.0,0.0,1.0,0.0,1.0
E600,LINAROLO,PAVIA,SCUOLA PRIMARIA,SCUOLA PRIMARIA,1.0,10.0,0.0,1.0,0.0,1.0
F080,MEDE,PAVIA,SCUOLA PRIMARIA,SCUOLA PRIMARIA,1.0,13.0,0.0,1.0,0.0,1.0
G671,PINAROLO PO,PAVIA,SCUOLA SECONDARIA I GRADO,SCUOLA PRIMO GRADO,1.0,7.0,0.0,1.0,0.0,1.0
I014,SAN MARTINO SICCOMARIO,PAVIA,SCUOLA PRIMARIA,SCUOLA PRIMARIA,1.0,3.0,0.0,1.0,0.0,1.0
L854,VIDIGULFO,PAVIA,SCUOLA PRIMARIA,SCUOLA PRIMARIA,1.0,29.0,0.0,1.0,0.0,1.0
M109,VOGHERA,PAVIA,SCUOLA SECONDARIA I GRADO,SCUOLA SEC. PRIMO GRADO NON STATALE,1.0,11.0,0.0,1.0,0.0,1.0
A475,ASSISI,PERUGIA,SCUOLA SECONDARIA II GRADO,IST TEC COMMERCIALE E PER GEOMETRI,1.0,21.0,0.0,1.0,0.0,1.0
D745,FOSSATO DI VICO,PERUGIA,SCUOLA SECONDARIA I GRADO,SCUOLA PRIMO GRADO,1.0,11.0,0.0,1.0,0.0,1.0
E805,MAGIONE,PERUGIA,SCUOLA SECONDARIA II GRADO,ISTITUTO TECNICO COMMERCIALE,1.0,13.0,0.0,1.0,0.0,1.0
G308,PANICALE,PERUGIA,SCUOLA SECONDARIA I GRADO,SCUOLA PRIMO GRADO,1.0,19.0,0.0,1.0,0.0,1.0
G478,PERUGIA,PERUGIA,SCUOLA SECONDARIA II GRADO,IST PROF PER I SERVIZI COMMERCIALI E TURISTICI,1.0,13.0,0.0,1.0,0.0,1.0
G601,PIEGARO,PERUGIA,SCUOLA SECONDARIA I GRADO,SCUOLA PRIMO GRADO,1.0,30.0,0.0,1.0,0.0,1.0
F310,MOMBAROCCIO,PESARO E URBINO,SCUOLA SECONDARIA I GRADO,SCUOLA PRIMO GRADO,1.0,11.0,0.0,1.0,0.0,1.0
G682,PIOBBICO,PESARO E URBINO,SCUOLA SECONDARIA I GRADO,SCUOLA PRIMO GRADO,1.0,17.0,0.0,1.0,0.0,1.0
A945,BOLOGNANO,PESCARA,SCUOLA PRIMARIA,SCUOLA PRIMARIA,1.0,14.0,0.0,1.0,0.0,1.0
D201,CUGNOLI,PESCARA,SCUOLA SECONDARIA I GRADO,SCUOLA PRIMO GRADO,1.0,16.0,0.0,1.0,0.0,1.0
A831,BETTOLA,PIACENZA,SCUOLA SECONDARIA I GRADO,SCUOLA PRIMO GRADO,1.0,19.0,0.0,1.0,0.0,1.0
B643,CAORSO,PIACENZA,SCUOLA SECONDARIA I GRADO,SCUOLA PRIMO GRADO,1.0,13.0,0.0,1.0,0.0,1.0
D958,GAZZOLA,PIACENZA,SCUOLA PRIMARIA,SCUOLA PRIMARIA,1.0,16.0,0.0,1.0,0.0,1.0
F671,MONTICELLI D'ONGINA,PIACENZA,SCUOLA PRIMARIA,SCUOLA PRIMARIA,1.0,29.0,0.0,1.0,0.0,1.0
E432,LAMPORECCHIO,PISTOIA,SCUOLA PRIMARIA,SCUOLA PRIMARIA,1.0,27.0,0.0,1.0,0.0,1.0
B626,CANTAGALLO,PRATO,SCUOLA PRIMARIA,SCUOLA PRIMARIA,1.0,17.0,0.0,1.0,0.0,1.0
A014,ACATE,RAGUSA,SCUOLA SECONDARIA I GRADO,SCUOLA PRIMO GRADO,1.0,54.0,0.0,1.0,0.0,1.0
I535,SCICLI,RAGUSA,SCUOLA SECONDARIA I GRADO,SCUOLA PRIMO GRADO,7.0,103.0,0.0,7.0,6.0,1.0
E730,LUGO,RAVENNA,SCUOLA SECONDARIA II GRADO,IST PROF PER I SERVIZI COMMERCIALI E TURISTICI,1.0,77.0,0.0,1.0,0.0,1.0
G288,PALMI,REGGIO CALABRIA,SCUOLA SECONDARIA II GRADO,ISTITUTO TECNICO COMMERCIALE,1.0,19.0,0.0,1.0,0.0,1.0
I341,SANT'ILARIO DELLO IONIO,REGGIO CALABRIA,SCUOLA SECONDARIA I GRADO,SCUOLA PRIMO GRADO,1.0,17.0,0.0,1.0,0.0,1.0
A988,BORETTO,REGGIO EMILIA,SCUOLA PRIMARIA,SCUOLA PRIMARIA,1.0,14.0,0.0,1.0,0.0,1.0
B156,BRESCELLO,REGGIO EMILIA,SCUOLA SECONDARIA I GRADO,SCUOLA PRIMO GRADO,1.0,17.0,0.0,1.0,0.0,1.0
E772,LUZZARA,REGGIO EMILIA,SCUOLA PRIMARIA,SCUOLA PRIMARIA,2.0,41.0,0.0,2.0,1.0,1.0
H223,REGGIO NELL'EMILIA,REGGIO EMILIA,SCUOLA SECONDARIA I GRADO,SCUOLA PRIMO GRADO,95.0,477.0,0.0,95.0,94.0,1.0
I499,SCANDRIGLIA,RIETI,SCUOLA SECONDARIA I GRADO,SCUOLA PRIMO GRADO,1.0,11.0,0.0,1.0,0.0,1.0
A539,BADIA POLESINE,ROVIGO,SCUOLA SECONDARIA II GRADO,IST PROF INDUSTRIA E ARTIGIANATO,1.0,30.0,0.0,1.0,0.0,1.0
A795,BERGANTINO,ROVIGO,SCUOLA PRIMARIA,SCUOLA PRIMARIA,1.0,16.0,0.0,1.0,0.0,1.0
C215,CASTELNOVO BARIANO,ROVIGO,SCUOLA SECONDARIA I GRADO,SCUOLA PRIMO GRADO,1.0,31.0,0.0,1.0,0.0,1.0
E008,GIACCIANO CON BARUCHELLA,ROVIGO,SCUOLA SECONDARIA I GRADO,SCUOLA PRIMO GRADO,1.0,19.0,0.0,1.0,0.0,1.0
L359,TRECENTA,ROVIGO,SCUOLA PRIMARIA,SCUOLA PRIMARIA,1.0,14.0,0.0,1.0,0.0,1.0
L985,VILLANOVA DEL GHEBBO,ROVIGO,SCUOLA SECONDARIA I GRADO,SCUOLA PRIMO GRADO,1.0,10.0,0.0,1.0,0.0,1.0
E060,GIUNGANO,SALERNO,SCUOLA PRIMARIA,SCUOLA PRIMARIA,1.0,20.0,0.0,1.0,0.0,1.0
F625,MONTESANO SULLA MARCELLANA,SALERNO,SCUOLA SECONDARIA II GRADO,ISTITUTO TECNICO PER IL TURISMO,1.0,20.0,0.0,1.0,0.0,1.0
L428,TRINITA' D'AGULTU E VIGNOLA,SASSARI,SCUOLA PRIMARIA,SCUOLA PRIMARIA,1.0,17.0,0.0,1.0,0.0,1.0
C463,CENGIO,SAVONA,SCUOLA SECONDARIA I GRADO,SCUOLA PRIMO GRADO,1.0,13.0,0.0,1.0,0.0,1.0
C661,CHIUSDINO,SIENA,SCUOLA PRIMARIA,SCUOLA PRIMARIA,1.0,20.0,0.0,1.0,0.0,1.0
F592,MONTEPULCIANO,SIENA,SCUOLA SECONDARIA II GRADO,IST PROF PER I SERVIZI COMMERCIALI E TURISTICI,1.0,11.0,0.0,1.0,0.0,1.0
D830,FUSINE,SONDRIO,SCUOLA PRIMARIA,SCUOLA PRIMARIA,1.0,20.0,0.0,1.0,0.0,1.0
A270,ANCARANO,TERAMO,SCUOLA SECONDARIA I GRADO,SCUOLA PRIMO GRADO,1.0,11.0,0.0,1.0,0.0,1.0
A490,ATTIGLIANO,TERNI,SCUOLA PRIMARIA,SCUOLA PRIMARIA,1.0,19.0,0.0,1.0,0.0,1.0
G826,PONT-CANAVESE,TORINO,SCUOLA SECONDARIA I GRADO,SCUOLA PRIMO GRADO,1.0,20.0,0.0,1.0,0.0,1.0
G979,PRALORMO,TORINO,SCUOLA SECONDARIA I GRADO,SCUOLA PRIMO GRADO,1.0,16.0,0.0,1.0,0.0,1.0
L277,TORRE PELLICE,TORINO,SCUOLA PRIMARIA,SCUOLA PRIMARIA,1.0,9.0,0.0,1.0,0.0,1.0
H688,SALAPARUTA,TRAPANI,SCUOLA SECONDARIA I GRADO,SCUOLA PRIMO GRADO,1.0,14.0,0.0,1.0,0.0,1.0
C614,CHIARANO,TREVISO,SCUOLA SECONDARIA I GRADO,SCUOLA PRIMO GRADO,1.0,30.0,0.0,1.0,0.0,1.0
F088,MEDUNA DI LIVENZA,TREVISO,SCUOLA SECONDARIA I GRADO,SCUOLA PRIMO GRADO,1.0,33.0,0.0,1.0,0.0,1.0
F332,MONASTIER DI TREVISO,TREVISO,SCUOLA SECONDARIA I GRADO,SCUOLA PRIMO GRADO,1.0,19.0,0.0,1.0,0.0,1.0
F999,ODERZO,TREVISO,SCUOLA SECONDARIA II GRADO,IST PROF PER I SERVIZI COMMERCIALI E TURISTICI,1.0,29.0,0.0,1.0,0.0,1.0
I927,SPRESIANO,TREVISO,SCUOLA SECONDARIA I GRADO,SCUOLA PRIMO GRADO,1.0,49.0,0.0,1.0,0.0,1.0
C556,CERVIGNANO DEL FRIULI,UDINE,SCUOLA PRIMARIA,SCUOLA PRIMARIA,8.0,55.0,0.0,8.0,7.0,1.0
G163,OSOPPO,UDINE,SCUOLA SECONDARIA I GRADO,SCUOLA PRIMO GRADO,1.0,17.0,0.0,1.0,0.0,1.0
G284,PALMANOVA,UDINE,SCUOLA SECONDARIA II GRADO,ISTITUTO TECNICO COMMERCIALE,1.0,16.0,0.0,1.0,0.0,1.0
H895,SAN GIORGIO DI NOGARO,UDINE,SCUOLA SECONDARIA II GRADO,IST PROF INDUSTRIA E ARTIGIANATO,1.0,10.0,0.0,1.0,0.0,1.0
C139,CASTELLANZA,VARESE,SCUOLA SECONDARIA II GRADO,IST PROF INDUSTRIA E ARTIGIANATO,1.0,34.0,0.0,1.0,0.0,1.0
C751,CITTIGLIO,VARESE,SCUOLA PRIMARIA,SCUOLA PRIMARIA,1.0,11.0,0.0,1.0,0.0,1.0
L577,VALGANNA,VARESE,SCUOLA PRIMARIA,SCUOLA PRIMARIA,1.0,19.0,0.0,1.0,0.0,1.0
G981,PRAMAGGIORE,VENEZIA,SCUOLA SECONDARIA I GRADO,SCUOLA PRIMO GRADO,1.0,16.0,0.0,1.0,0.0,1.0
A737,BELFIORE,VERONA,SCUOLA PRIMARIA,SCUOLA PRIMARIA,1.0,27.0,0.0,1.0,0.0,1.0
B154,BRENZONE SUL GARDA,VERONA,SCUOLA PRIMARIA,SCUOLA PRIMARIA,1.0,9.0,0.0,1.0,0.0,1.0
D317,DOLCE',VERONA,SCUOLA PRIMARIA,SCUOLA PRIMARIA,1.0,17.0,0.0,1.0,0.0,1.0
E512,LEGNAGO,VERONA,SCUOLA SECONDARIA I GRADO,SCUOLA PRIMO GRADO,5.0,108.0,0.0,5.0,4.0,1.0
F461,MONTECCHIA DI CROSARA,VERONA,SCUOLA SECONDARIA I GRADO,SCUOLA PRIMO GRADO,1.0,31.0,0.0,1.0,0.0,1.0
H606,ROVERCHIARA,VERONA,SCUOLA PRIMARIA,SCUOLA PRIMARIA,1.0,10.0,0.0,1.0,0.0,1.0
L396,TREVENZUOLO,VERONA,SCUOLA SECONDARIA I GRADO,SCUOLA PRIMO GRADO,1.0,29.0,0.0,1.0,0.0,1.0
M178,ZIMELLA,VERONA,SCUOLA SECONDARIA I GRADO,SCUOLA PRIMO GRADO,1.0,27.0,0.0,1.0,0.0,1.0
A703,BASSANO DEL GRAPPA,VICENZA,SCUOLA SECONDARIA II GRADO,IST PROF INDUSTRIA E ARTIGIANATO,1.0,23.0,0.0,1.0,0.0,1.0
L156,TEZZE SUL BRENTA,VICENZA,SCUOLA SECONDARIA I GRADO,SCUOLA PRIMO GRADO,1.0,56.0,0.0,1.0,0.0,1.0
M170,ZERMEGHEDO,VICENZA,SCUOLA PRIMARIA,SCUOLA PRIMARIA,1.0,17.0,0.0,1.0,0.0,1.0
D475,FALERIA,VITERBO,SCUOLA SECONDARIA I GRADO,SCUOLA PRIMO GRADO,1.0,11.0,0.0,1.0,0.0,1.0
