anno_scolastico,quota_campione,seed,tipo_gestione,ordine_scuola,anno_corso,codice_scuola_origine,denominazione_origine,comune_origine,provincia_origine,regione_origine,tipo_scuola_anagrafe_origine,tipo_scuola_cluster_origine,codice_scuola_destinazione,denominazione_destinazione,comune_destinazione,provincia_destinazione,regione_destinazione,tipo_scuola_anagrafe_destinazione,tipo_scuola_cluster_destinazione,n_studenti_spostati,distanza_km
202425,0.346,42,paritaria,SCUOLA PRIMARIA,1,RM1E077009,SCUOLA ELEM.PARIF. SACRO CUORE,ROMA,ROMA,LAZIO,SCUOLA PRIMARIA NON STATALE,,RM1E04000P,SCUOLA ELEM.PARIT. AMORE MISERICORDIOSO,ROMA,ROMA,LAZIO,SCUOLA PRIMARIA NON STATALE,,1,0.75
202425,0.346,42,paritaria,SCUOLA PRIMARIA,1,RM1E077009,SCUOLA ELEM.PARIF. SACRO CUORE,ROMA,ROMA,LAZIO,SCUOLA PRIMARIA NON STATALE,,RM1E001004,PRIMARIA PARIT. SANTA PAOLA E. CERIOLI,ROMA,ROMA,LAZIO,SCUOLA PRIMARIA NON STATALE,,1,0.847
202425,0.346,42,paritaria,SCUOLA PRIMARIA,1,RM1E077009,SCUOLA ELEM.PARIF. SACRO CUORE,ROMA,ROMA,LAZIO,SCUOLA PRIMARIA NON STATALE,,RM1E04200A,SACRO CUORE IST.SORELLE DELLA MISERICORDIA,ROMA,ROMA,LAZIO,SCUOLA PRIMARIA NON STATALE,,2,0.903
202425,0.346,42,paritaria,SCUOLA PRIMARIA,1,NA1E064008,ENTE RELIGIOSO SUORE DEGLI ANGELI - SANTA RITA ALLA SALUTE,NAPOLI,NAPOLI,CAMPANIA,SCUOLA PRIMARIA NON STATALE,,NA1E06800G,ENTE RELIGIOSO ANCELLE SACRO CUORE VOLPICELLI,NAPOLI,NAPOLI,CAMPANIA,SCUOLA PRIMARIA NON STATALE,,2,0.469
202425,0.346,42,paritaria,SCUOLA PRIMARIA,1,NA1E18100V,IINTERNATIONAL SCHOOL S.R.L. IMPRESA SOCIALE,GIUGLIANO IN CAMPANIA,NAPOLI,CAMPANIA,SCUOLA PRIMARIA NON STATALE,,NA1E178003,Defoe Scuola e Formazione SRL,GIUGLIANO IN CAMPANIA,NAPOLI,CAMPANIA,SCUOLA PRIMARIA NON STATALE,,6,2.759
202425,0.346,42,paritaria,SCUOLA PRIMARIA,1,RM1E15800R,SCUOLA ELEM.PARIF. SACRO CUORE,ROMA,ROMA,LAZIO,SCUOLA PRIMARIA NON STATALE,,RM1E044002,SCUOLA ELEM.PARIT. S.GIOVANNI BATTISTA DE LA SALLE,ROMA,ROMA,LAZIO,SCUOLA PRIMARIA NON STATALE,,4,0.236
202425,0.346,42,paritaria,SCUOLA PRIMARIA,1,NA1E214001,SALVATORE BELLO SOCIETA' COOP. A R.L.,TRECASE,NAPOLI,CAMPANIA,SCUOLA PRIMARIA NON STATALE,,NA1E212009,GESU' DI NAZARETH,TORRE DEL GRECO,NAPOLI,CAMPANIA,SCUOLA PRIMARIA NON STATALE,,3,4.844
202425,0.346,42,paritaria,SCUOLA PRIMARIA,1,PO1E00700X,SCUOLA PRIMARIA CUORE IMMACOLATO DI MARIA,PRATO,PRATO,TOSCANA,SCUOLA PRIMARIA NON STATALE,,PO1E013007,CASA EDUCAZIONE E LAVORO,PRATO,PRATO,TOSCANA,SCUOLA PRIMARIA NON STATALE,,1,2.347
202425,0.346,42,paritaria,SCUOLA PRIMARIA,1,PO1E00700X,SCUOLA PRIMARIA CUORE IMMACOLATO DI MARIA,PRATO,PRATO,TOSCANA,SCUOLA PRIMARIA NON STATALE,,PO1E006004,MARIA IMMACOLATA,PRATO,PRATO,TOSCANA,SCUOLA PRIMARIA NON STATALE,,2,3.587
202425,0.346,42,paritaria,SCUOLA PRIMARIA,1,NA1E081002,MONTESSORI SCHOOL,POZZUOLI,NAPOLI,CAMPANIA,SCUOLA PRIMARIA NON STATALE,,NA1E22300Q,SCUOLA S. GIUSEPPE - SUORE PICCOLE MISSIONARIE EUCARISTICHE,POZZUOLI,NAPOLI,CAMPANIA,SCUOLA PRIMARIA NON STATALE,,3,3.844
202425,0.346,42,paritaria,SCUOLA PRIMARIA,1,VR1E00100G,SCUOLA PRIMARIA FORTUNATA GRESNER,VERONA,VERONA,VENETO,SCUOLA PRIMARIA NON STATALE,,VR1E01400N,ISTITUTO SALESIANO DON BOSCO - SCUOLA PRIMARIA DON BOSCO,VERONA,VERONA,VENETO,SCUOLA PRIMARIA NON STATALE,,4,0.248
202425,0.346,42,paritaria,SCUOLA PRIMARIA,1,CE1E05000C,ISTITUTO SCOLASTICO GIARDINO D'INFANZIA,CASAPESENNA,CASERTA,CAMPANIA,SCUOLA PRIMARIA NON STATALE,,CE1E049008,IL SORRISO,SAN MARCELLINO,CASERTA,CAMPANIA,SCUOLA PRIMARIA NON STATALE,,2,0.935
202425,0.346,42,paritaria,SCUOLA PRIMARIA,1,NA1E205006,PARILANDIA S.R.L. IMPRESA SOCIALE,PALMA CAMPANIA,NAPOLI,CAMPANIA,SCUOLA PRIMARIA NON STATALE,,NA1EAN500C,SCUOLA PRIMARIA PARITARIA MIELE,STRIANO,NAPOLI,CAMPANIA,SCUOLA PRIMARIA NON STATALE,,4,3.163
202425,0.346,42,paritaria,SCUOLA PRIMARIA,1,PO1E01700E,SCUOLA PRIMARIA SANTA CATERINA DE' RICCI,PRATO,PRATO,TOSCANA,SCUOLA PRIMARIA NON STATALE,,PO1E01100G,SUORE CARMELITANE DI S.TERESA,PRATO,PRATO,TOSCANA,SCUOLA PRIMARIA NON STATALE,,2,4.91
202425,0.346,42,paritaria,SCUOLA PRIMARIA,1,TO1E00500V,S.ANNA,TORINO,TORINO,PIEMONTE,SCUOLA PRIMARIA NON STATALE,,TO1E02700Q,"""MARIA AUSILIATRICE""",TORINO,TORINO,PIEMONTE,SCUOLA PRIMARIA NON STATALE,,1,0.452
202425,0.346,42,paritaria,SCUOLA PRIMARIA,1,TO1E047001,INTERNATIONAL SCHOOL OF TURIN,CHIERI,TORINO,PIEMONTE,SCUOLA PRIMARIA NON STATALE,,TO1E04200T,"""S.TERESA""",CHIERI,TORINO,PIEMONTE,SCUOLA PRIMARIA NON STATALE,,4,2.463
202425,0.346,42,paritaria,SCUOLA PRIMARIA,1,FI1E00800Q,"""SANTA TERESA""",FIRENZE,FIRENZE,TOSCANA,SCUOLA PRIMARIA NON STATALE,,FI1E01200B,"""SAN GASPARE DEL BUFALO""",FIRENZE,FIRENZE,TOSCANA,SCUOLA PRIMARIA NON STATALE,,1,2.692
202425,0.346,42,paritaria,SCUOLA PRIMARIA,1,FI1ECP5008,CANADIAN SCHOOL OF FLORENCE,FIESOLE,FIRENZE,TOSCANA,SCUOLA PRIMARIA NON STATALE,,FI1E00300L,"""SUORE SERVE DI MARIA ADDOLORATA""",FIRENZE,FIRENZE,TOSCANA,SCUOLA PRIMARIA NON STATALE,,2,1.343
202425,0.346,42,paritaria,SCUOLA PRIMARIA,1,PO1E005008,DON BOSCO,PRATO,PRATO,TOSCANA,SCUOLA PRIMARIA NON STATALE,,FI1E02300T,"""FAA' DI BRUNO""",CAMPI BISENZIO,FIRENZE,TOSCANA,SCUOLA PRIMARIA NON STATALE,,1,4.15
202425,0.346,42,paritaria,SCUOLA PRIMARIA,1,CE1E06300E,LA PICCOLA REGGIA,PARETE,CASERTA,CAMPANIA,SCUOLA PRIMARIA NON STATALE,,CE1E03200V,DECROLY,PARETE,CASERTA,CAMPANIA,SCUOLA PRIMARIA NON STATALE,,3,0.964
202425,0.346,42,paritaria,SCUOLA PRIMARIA,1,NA1E01000X,ENTE RELIGIOSO ISTITUTO FIGLIE DI S.ANNA CARDINALE URSI,NAPOLI,NAPOLI,CAMPANIA,SCUOLA PRIMARIA NON STATALE,,NA1E07500P,VENERINI GARDEN SRL IMPR.SOCIALE,NAPOLI,NAPOLI,CAMPANIA,SCUOLA PRIMARIA NON STATALE,,1,0.256
202425,0.346,42,paritaria,SCUOLA PRIMARIA,1,PO1EHR500Z,PAOLO ARS GENIUS,PRATO,PRATO,TOSCANA,SCUOLA PRIMARIA NON STATALE,,FI1E02300T,"""FAA' DI BRUNO""",CAMPI BISENZIO,FIRENZE,TOSCANA,SCUOLA PRIMARIA NON STATALE,,3,4.416
202425,0.346,42,paritaria,SCUOLA PRIMARIA,1,MI1E00100G,"SCUOLA PRIMARIA PARITARIA ""COR JESU""",MILANO,MILANO,LOMBARDIA,SCUOLA PRIMARIA NON STATALE,,MI1E00200B,"SCUOLA ELEM.PAR.""A.RICCI""",MILANO,MILANO,LOMBARDIA,SCUOLA PRIMARIA NON STATALE,,2,2.075
202425,0.346,42,paritaria,SCUOLA PRIMARIA,1,TO1E03600E,COTTOLENGO,TORINO,TORINO,PIEMONTE,SCUOLA PRIMARIA NON STATALE,,TO1E02700Q,"""MARIA AUSILIATRICE""",TORINO,TORINO,PIEMONTE,SCUOLA PRIMARIA NON STATALE,,4,0.49
202425,0.346,42,paritaria,SCUOLA PRIMARIA,1,NA1E18700T,ASSOCIAZIONE TEODORO MONTICELLI,MELITO DI NAPOLI,NAPOLI,CAMPANIA,SCUOLA PRIMARIA NON STATALE,,NA1E23000V,JEAN JACQUES ROUSSEAU S.R.L. IMPRESA SOCIALE,MELITO DI NAPOLI,NAPOLI,CAMPANIA,SCUOLA PRIMARIA NON STATALE,,3,0.201
202425,0.346,42,paritaria,SCUOLA PRIMARIA,1,RM1E130001,SCUOLA ELEM.PARIF. SACRI CUORI,ROMA,ROMA,LAZIO,SCUOLA PRIMARIA NON STATALE,,RM1E036003,SCUOLA ELEM PARIT SAN GIOVANNI BATTISTA DE LA SALLE,ROMA,ROMA,LAZIO,SCUOLA PRIMARIA NON STATALE,,2,1.199
202425,0.346,42,paritaria,SCUOLA PRIMARIA,1,TO1E05800B,CAROLINA BELTRAMI - ISTITUTO SUORE IMMACOLATINE,TORINO,TORINO,PIEMONTE,SCUOLA PRIMARIA NON STATALE,,TO1E02100R,"""SAN DOMENICO SAVIO""",TORINO,TORINO,PIEMONTE,SCUOLA PRIMARIA NON STATALE,,2,0.701
202425,0.346,42,paritaria,SCUOLA PRIMARIA,1,RM1ERH5009,RIS ROME INTERNATIONAL SCHOOL,ROMA,ROMA,LAZIO,SCUOLA PRIMARIA NON STATALE,,RM1E155009,SAN GIUSEPPE CALASANZIO,ROMA,ROMA,LAZIO,SCUOLA PRIMARIA NON STATALE,,1,0.985
202425,0.346,42,paritaria,SCUOLA PRIMARIA,1,RM1E073002,SCUOLA ELEM.PARIT. MARIA IMMACOLATA,ROMA,ROMA,LAZIO,SCUOLA PRIMARIA NON STATALE,,RM1E028004,SCUOLA ELEM.PARIT. PIO XII,ROMA,ROMA,LAZIO,SCUOLA PRIMARIA NON STATALE,,1,0.634
202425,0.346,42,paritaria,SCUOLA PRIMARIA,1,PO1E00300L,CONSERVATORIO SAN NICCOLO',PRATO,PRATO,TOSCANA,SCUOLA PRIMARIA NON STATALE,,PO1E01100G,SUORE CARMELITANE DI S.TERESA,PRATO,PRATO,TOSCANA,SCUOLA PRIMARIA NON STATALE,,1,4.393
202425,0.346,42,paritaria,SCUOLA SECONDARIA I GRADO,1,FI1M2A5000,CANADIAN SCHOOL OF FLORENCE,FIESOLE,FIRENZE,TOSCANA,SCUOLA SEC. PRIMO GRADO NON STATALE,,FI1M01200L,"""SERVE MARIA SS.MA ADDOLORATA""",FIRENZE,FIRENZE,TOSCANA,SCUOLA SEC. PRIMO GRADO NON STATALE,,4,1.762
202425,0.346,42,paritaria,SCUOLA SECONDARIA I GRADO,1,TO1M05100T,COTTOLENGO,TORINO,TORINO,PIEMONTE,SCUOLA SEC. PRIMO GRADO NON STATALE,,TO1M05200N,DON BOSCO,TORINO,TORINO,PIEMONTE,SCUOLA SEC. PRIMO GRADO NON STATALE,,4,0.423
202425,0.346,42,paritaria,SCUOLA SECONDARIA I GRADO,1,GE1M02300X,DON BOSCO,GENOVA,GENOVA,LIGURIA,SCUOLA SEC. PRIMO GRADO NON STATALE,,GE1M02500G,CALASANZIO,GENOVA,GENOVA,LIGURIA,SCUOLA SEC. PRIMO GRADO NON STATALE,,1,1.125
202425,0.346,42,paritaria,SCUOLA SECONDARIA I GRADO,1,NA1M03900R,PONTANO,NAPOLI,NAPOLI,CAMPANIA,SCUOLA SEC. PRIMO GRADO NON STATALE,,NA1MUL500P,ISTITUTO DPDB,NAPOLI,NAPOLI,CAMPANIA,SCUOLA SEC. PRIMO GRADO NON STATALE,,2,0.303
202425,0.346,42,paritaria,SCUOLA SECONDARIA I GRADO,1,MI1MLF500B,BDC SCHOOL,MILANO,MILANO,LOMBARDIA,SCUOLA SEC. PRIMO GRADO NON STATALE,,MI1M07800T,SCUOLA SECONDARIA DI 1° GR. LA ZOLLA,MILANO,MILANO,LOMBARDIA,SCUOLA SEC. PRIMO GRADO NON STATALE,,1,0.438
202425,0.346,42,paritaria,SCUOLA SECONDARIA I GRADO,1,FE1ME9500R,SC. INTERNAZ. DI ISTRUZIONE SECONDARIA DI I GRADO SMILING SERVICE SRL,FERRARA,FERRARA,EMILIA ROMAGNA,SCUOLA SEC. PRIMO GRADO NON STATALE,,FE1M00200P,"SCUOLA SECONDARIA DI I GRADO ""SAN VINCENZO""",FERRARA,FERRARA,EMILIA ROMAGNA,SCUOLA SEC. PRIMO GRADO NON STATALE,,1,0.569
202425,0.346,42,paritaria,SCUOLA SECONDARIA I GRADO,1,MI1M09300X,SCUOLA SECONDARIA DI 1° GR. COR JESU,MILANO,MILANO,LOMBARDIA,SCUOLA SEC. PRIMO GRADO NON STATALE,,MI1MA05006,ACHILLE RICCI,MILANO,MILANO,LOMBARDIA,SCUOLA SEC. PRIMO GRADO NON STATALE,,1,2.075
202425,0.346,42,paritaria,SCUOLA SECONDARIA II GRADO,1,PDPSA0500O,"""SVILUPPO E ISTRUZIONE CULTURA ITALO-CINESE""",PADOVA,PADOVA,VENETO,SCUOLA SEC. SECONDO GRADO NON STATALE,,PDPS00500A,LICEO SCIENTIFICO GYMNASIUM PATAVINUM SPORT,PADOVA,PADOVA,VENETO,SCUOLA SEC. SECONDO GRADO NON STATALE,,2,0.277
202425,0.346,42,paritaria,SCUOLA SECONDARIA II GRADO,1,TOPL66500H,M.AUSILIATRICE,TORINO,TORINO,PIEMONTE,SCUOLA SEC. SECONDO GRADO NON STATALE,,TOPM035001,M.AUSILIATRICE,TORINO,TORINO,PIEMONTE,SCUOLA SEC. SECONDO GRADO NON STATALE,,1,0.0
202425,0.346,42,paritaria,SCUOLA SECONDARIA II GRADO,1,POPS9T5004,ISTITUTO LEONARDO DA VINCI,PRATO,PRATO,TOSCANA,SCUOLA SEC. SECONDO GRADO NON STATALE,,POPS00500D,CONSERVATORIO SAN NICCOLO',PRATO,PRATO,TOSCANA,SCUOLA SEC. SECONDO GRADO NON STATALE,,3,2.497
202425,0.346,42,paritaria,SCUOLA SECONDARIA II GRADO,1,VATD18500G,WOJTYLA,CASSANO MAGNAGO,VARESE,LOMBARDIA,SCUOLA SEC. SECONDO GRADO NON STATALE,,VATB01500D,ISTITUTO TECNICO TRASPORTI E LOGISTICA A. FERRARIN,GALLARATE,VARESE,LOMBARDIA,SCUOLA SEC. SECONDO GRADO NON STATALE,,1,2.111
202425,0.346,42,paritaria,SCUOLA SECONDARIA II GRADO,1,MITL485005,BAZZI CARLO,MILANO,MILANO,LOMBARDIA,SCUOLA SEC. SECONDO GRADO NON STATALE,,MIPSEA5006,LICEO SCIENTIFICO OPZIONE SCIENZE APPLICATE ORSOLINE SAN CARLO,MILANO,MILANO,LOMBARDIA,SCUOLA SEC. SECONDO GRADO NON STATALE,,2,0.418
202425,0.346,42,paritaria,SCUOLA SECONDARIA II GRADO,1,TOPQ475003,FLORA,TORINO,TORINO,PIEMONTE,SCUOLA SEC. SECONDO GRADO NON STATALE,,TOPS07500A,S.GIUSEPPE,TORINO,TORINO,PIEMONTE,SCUOLA SEC. SECONDO GRADO NON STATALE,,1,0.151
202425,0.346,42,paritaria,SCUOLA SECONDARIA II GRADO,1,LCRC4F500Q,"Ist.Prof.le-settore servizi-indirizzo:servizi commerciali ""CASA DEGLI ANGELI""",LECCO,LECCO,LOMBARDIA,SCUOLA SEC. SECONDO GRADO NON STATALE,,LCRF085005,"Ist.Profes.-settore servizi-indirizzo:servizi socio-sanitari ""CASA DEGLI ANGELI""",LECCO,LECCO,LOMBARDIA,SCUOLA SEC. SECONDO GRADO NON STATALE,,2,0.0
202425,0.346,42,paritaria,SCUOLA SECONDARIA II GRADO,1,VARFIU5007,"ISTITUTO PROFESSIONALE SETTORE SERVIZI ""PREALPI""",SARONNO,VARESE,LOMBARDIA,SCUOLA SEC. SECONDO GRADO NON STATALE,,VAPS6M5003,"Liceo Scientifico sezione ad Indrizzo Sportivo ""Prealpi""",SARONNO,VARESE,LOMBARDIA,SCUOLA SEC. SECONDO GRADO NON STATALE,,1,0.0
202425,0.346,42,paritaria,SCUOLA SECONDARIA II GRADO,1,BSPS3I500U,LICEO SCIENTIFICO QUADRIENNALE GUIDO CARLI,BRESCIA,BRESCIA,LOMBARDIA,SCUOLA SEC. SECONDO GRADO NON STATALE,,BSPS2O5007,LICEO DELLE SCIENZE UMANE OPZ. ECONOMICO SOCIALE GUIDO CARLI,BRESCIA,BRESCIA,LOMBARDIA,SCUOLA SEC. SECONDO GRADO NON STATALE,,1,0.0
202425,0.346,42,paritaria,SCUOLA SECONDARIA II GRADO,1,RNRCCE500C,ISTRUZIONE PROFESSIONALE MAESTRE PIE - SERVIZI COMMERCIALI,RIMINI,RIMINI,EMILIA ROMAGNA,SCUOLA SEC. SECONDO GRADO NON STATALE,,RNPM015006,LICEO DELLE SCIENZE UMANE PARITARIO MAESTRE PIE,RIMINI,RIMINI,EMILIA ROMAGNA,SCUOLA SEC. SECONDO GRADO NON STATALE,,1,0.037
202425,0.346,42,statale,SCUOLA PRIMARIA,1,POEE80801D,PIETRO MASCAGNI,PRATO,PRATO,TOSCANA,SCUOLA PRIMARIA,,POEE809019,CESARE GUASTI,PRATO,PRATO,TOSCANA,SCUOLA PRIMARIA,,8,1.421
202425,0.346,42,statale,SCUOLA PRIMARIA,1,POEE80801D,PIETRO MASCAGNI,PRATO,PRATO,TOSCANA,SCUOLA PRIMARIA,,POEE80902A,F. FILZI,PRATO,PRATO,TOSCANA,SCUOLA PRIMARIA,,1,1.517
202425,0.346,42,statale,SCUOLA PRIMARIA,1,POEE80801D,PIETRO MASCAGNI,PRATO,PRATO,TOSCANA,SCUOLA PRIMARIA,,POEE81401R,GANDHI,PRATO,PRATO,TOSCANA,SCUOLA PRIMARIA,,3,1.746
202425,0.346,42,statale,SCUOLA PRIMARIA,1,ANEE82405X,"FALCONARA ""LEOPARDI""",FALCONARA MARITTIMA,ANCONA,MARCHE,SCUOLA PRIMARIA,,ANEE824072,"FALCONARA ""ALIGHIERI""",FALCONARA MARITTIMA,ANCONA,MARCHE,SCUOLA PRIMARIA,,5,0.617
202425,0.346,42,statale,SCUOLA PRIMARIA,1,MIEE82501T,PRIMARIA MARIO LODI,CINISELLO BALSAMO,MILANO,LOMBARDIA,SCUOLA PRIMARIA,,MIEE8EU01T,PRIMARIA M.GALLI,SESTO SAN GIOVANNI,MILANO,LOMBARDIA,SCUOLA PRIMARIA,,3,0.901
202425,0.346,42,statale,SCUOLA PRIMARIA,1,MIEE82501T,PRIMARIA MARIO LODI,CINISELLO BALSAMO,MILANO,LOMBARDIA,SCUOLA PRIMARIA,,MIEE825052,PRIMARIA PL. MONTESS. A.FRANK,CINISELLO BALSAMO,MILANO,LOMBARDIA,SCUOLA PRIMARIA,,8,1.978
202425,0.346,42,statale,SCUOLA PRIMARIA,1,MIEE8DD028,PRIMARIA E. PIMENTEL V. RUSSO,MILANO,MILANO,LOMBARDIA,SCUOLA PRIMARIA,,MIEE81701V,PRIMARIA DE AMICIS,MILANO,MILANO,LOMBARDIA,SCUOLA PRIMARIA,,8,0.918
202425,0.346,42,statale,SCUOLA PRIMARIA,1,MIEE8DD028,PRIMARIA E. PIMENTEL V. RUSSO,MILANO,MILANO,LOMBARDIA,SCUOLA PRIMARIA,,MIEE8CV02A,PRIMARIA F.CRISPI,MILANO,MILANO,LOMBARDIA,SCUOLA PRIMARIA,,4,0.956
202425,0.346,42,statale,SCUOLA PRIMARIA,1,MIEE8DD028,PRIMARIA E. PIMENTEL V. RUSSO,MILANO,MILANO,LOMBARDIA,SCUOLA PRIMARIA,,MIEE8DQ01E,PRIMARIA G.RODARI,MILANO,MILANO,LOMBARDIA,SCUOLA PRIMARIA,,4,1.509
202425,0.346,42,statale,SCUOLA PRIMARIA,1,MIEE8DD028,PRIMARIA E. PIMENTEL V. RUSSO,MILANO,MILANO,LOMBARDIA,SCUOLA PRIMARIA,,MIEE8D4028,PRIMARIA B.MUNARI,MILANO,MILANO,LOMBARDIA,SCUOLA PRIMARIA,,4,1.546
202425,0.346,42,statale,SCUOLA PRIMARIA,1,VAEE86904L,FRATELLI CAIROLI,VARESE,VARESE,LOMBARDIA,SCUOLA PRIMARIA,,VAEE87107Q,UGO FOSCOLO- BOSTO -,VARESE,VARESE,LOMBARDIA,SCUOLA PRIMARIA,,4,1.27
202425,0.346,42,statale,SCUOLA PRIMARIA,1,VAEE86904L,FRATELLI CAIROLI,VARESE,VARESE,LOMBARDIA,SCUOLA PRIMARIA,,VAEE82203A,E. DE AMICIS-CUGLIATE FABIASCO-,CUGLIATE-FABIASCO,VARESE,LOMBARDIA,SCUOLA PRIMARIA,,2,1.438
202425,0.346,42,statale,SCUOLA PRIMARIA,1,ANEE81804G,"ANCONA ""L. DA VINCI""",ANCONA,ANCONA,MARCHE,SCUOLA PRIMARIA,,ANEE81803E,"ANCONA ""ANNA FRANK""",ANCONA,ANCONA,MARCHE,SCUOLA PRIMARIA,,2,1.256
202425,0.346,42,statale,SCUOLA PRIMARIA,1,ANEE81804G,"ANCONA ""L. DA VINCI""",ANCONA,ANCONA,MARCHE,SCUOLA PRIMARIA,,ANEE82001C,"ANCONA ""MAGGINI""",ANCONA,ANCONA,MARCHE,SCUOLA PRIMARIA,,2,1.825
202425,0.346,42,statale,SCUOLA PRIMARIA,1,ANEE81804G,"ANCONA ""L. DA VINCI""",ANCONA,ANCONA,MARCHE,SCUOLA PRIMARIA,,ANEE81103Q,"""MONTESSORI""",ANCONA,ANCONA,MARCHE,SCUOLA PRIMARIA,,2,2.24
202425,0.346,42,statale,SCUOLA PRIMARIA,1,UDEE857045,DANTE ALIGHIERI,UDINE,UDINE,FRIULI-VENEZIA G.,SCUOLA PRIMARIA,,UDEE857034,QUATTRO NOVEMBRE,UDINE,UDINE,FRIULI-VENEZIA G.,SCUOLA PRIMARIA,,2,0.878
202425,0.346,42,statale,SCUOLA PRIMARIA,1,UDEE857045,DANTE ALIGHIERI,UDINE,UDINE,FRIULI-VENEZIA G.,SCUOLA PRIMARIA,,UDEE843014,BOSCHETTI ALBERTI,UDINE,UDINE,FRIULI-VENEZIA G.,SCUOLA PRIMARIA,,1,1.406
202425,0.346,42,statale,SCUOLA PRIMARIA,1,UDEE857045,DANTE ALIGHIERI,UDINE,UDINE,FRIULI-VENEZIA G.,SCUOLA PRIMARIA,,UDEE844021,""" G. PASCOLI "" VIA PORDENONE",UDINE,UDINE,FRIULI-VENEZIA G.,SCUOLA PRIMARIA,,1,1.719
202425,0.346,42,statale,SCUOLA PRIMARIA,1,RMEE89901X,GUIDONIA VILLALBA - VIA RIETI,GUIDONIA MONTECELIO,ROMA,LAZIO,SCUOLA PRIMARIA,,RMEE899021,GUIDONIA VILLALBA - VIA PALERMO,GUIDONIA MONTECELIO,ROMA,LAZIO,SCUOLA PRIMARIA,,4,0.617
202425,0.346,42,statale,SCUOLA PRIMARIA,1,RMEE89901X,GUIDONIA VILLALBA - VIA RIETI,GUIDONIA MONTECELIO,ROMA,LAZIO,SCUOLA PRIMARIA,,RMEE8DU01Q,VIA LA MARMORA - VILLANOVA,GUIDONIA MONTECELIO,ROMA,LAZIO,SCUOLA PRIMARIA,,5,1.913
202425,0.346,42,statale,SCUOLA PRIMARIA,1,MIEE8CH021,PRIMARIA CRESPI LAMBRUSCHINI,MILANO,MILANO,LOMBARDIA,SCUOLA PRIMARIA,,MIEE8DG01P,PRIMARIA S.T. FABBRI,MILANO,MILANO,LOMBARDIA,SCUOLA PRIMARIA,,11,0.788
202425,0.346,42,statale,SCUOLA PRIMARIA,1,RNEE81703B,DE AMICIS (IC CENTRO STORICO),RIMINI,RIMINI,EMILIA ROMAGNA,SCUOLA PRIMARIA,,RNEE01502Q,G.B. CASTI - 6 CIRCOLO RN,RIMINI,RIMINI,EMILIA ROMAGNA,SCUOLA PRIMARIA,,5,1.228
202425,0.346,42,statale,SCUOLA PRIMARIA,1,SREE85103E,"I.C. ""F. D'AMICO"" ROSOLINI",ROSOLINI,SIRACUSA,SICILIA,SCUOLA PRIMARIA,,SREE85004Q,I.C. E. DE CILLIS ROSOLINI,ROSOLINI,SIRACUSA,SICILIA,SCUOLA PRIMARIA,,6,0.466
202425,0.346,42,statale,SCUOLA PRIMARIA,1,SREE85103E,"I.C. ""F. D'AMICO"" ROSOLINI",ROSOLINI,SIRACUSA,SICILIA,SCUOLA PRIMARIA,,SREE85101C,"I.C. ""F. D'AMICO"" ROSOLINI",ROSOLINI,SIRACUSA,SICILIA,SCUOLA PRIMARIA,,1,0.876
202425,0.346,42,statale,SCUOLA PRIMARIA,1,MIEE8FB03V,PRIMARIA M.GREPPI,SAN DONATO MILANESE,MILANO,LOMBARDIA,SCUOLA PRIMARIA,,MIEE8FB01R,PRIMARIA SALVO D'ACQUISTO,SAN DONATO MILANESE,MILANO,LOMBARDIA,SCUOLA PRIMARIA,,6,1.156
202425,0.346,42,statale,SCUOLA PRIMARIA,1,MIEE8CR05C,PRIMARIA P.ZZA GASPARRI,MILANO,MILANO,LOMBARDIA,SCUOLA PRIMARIA,,MIEE8CS036,PRIMARIA F.CARACCIOLO,MILANO,MILANO,LOMBARDIA,SCUOLA PRIMARIA,,2,1.099
202425,0.346,42,statale,SCUOLA PRIMARIA,1,MIEE8CR05C,PRIMARIA P.ZZA GASPARRI,MILANO,MILANO,LOMBARDIA,SCUOLA PRIMARIA,,MIEE8CS014,PRIMARIA DON ORIONE,MILANO,MILANO,LOMBARDIA,SCUOLA PRIMARIA,,6,1.487
202425,0.346,42,statale,SCUOLA PRIMARIA,1,MIEE8CR05C,PRIMARIA P.ZZA GASPARRI,MILANO,MILANO,LOMBARDIA,SCUOLA PRIMARIA,,MIEE8BR02P,PRIMARIA MARIA MONTESSORI,NOVATE MILANESE,MILANO,LOMBARDIA,SCUOLA PRIMARIA,,1,1.594
202425,0.346,42,statale,SCUOLA PRIMARIA,1,CTEE8AH02N,I.C. CAPUANA,CATANIA,CATANIA,SICILIA,SCUOLA PRIMARIA,,CTEE89802E,VIA SANTA MADDALENA 39,CATANIA,CATANIA,SICILIA,SCUOLA PRIMARIA,,6,0.309
202425,0.346,42,statale,SCUOLA PRIMARIA,1,TOEE87703L,I.C. REGIO PARCO-DE AMICIS,TORINO,TORINO,PIEMONTE,SCUOLA PRIMARIA,,TOEE8A0014,I.C. - NIGRA TORINO - GAMBARO,TORINO,TORINO,PIEMONTE,SCUOLA PRIMARIA,,14,1.063
202425,0.346,42,statale,SCUOLA PRIMARIA,1,GOEE80302R,E. TOTI,MONFALCONE,GORIZIA,FRIULI-VENEZIA G.,SCUOLA PRIMARIA,,GOEE807013,E. DE AMICIS,STARANZANO,GORIZIA,FRIULI-VENEZIA G.,SCUOLA PRIMARIA,,11,3.453
202425,0.346,42,statale,SCUOLA PRIMARIA,1,ALEE809035,"""V.ALFIERI"" - STREVI",STREVI,ALESSANDRIA,PIEMONTE,SCUOLA PRIMARIA,,ALEE837028,"""G. MONEVI"" - VISONE",VISONE,ALESSANDRIA,PIEMONTE,SCUOLA PRIMARIA,,1,4.304
202425,0.346,42,statale,SCUOLA PRIMARIA,1,PCEE00201T,GIULIO ALBERONI,PIACENZA,PIACENZA,EMILIA ROMAGNA,SCUOLA PRIMARIA,,PCEE00303Q,FRAZ. SAN'ANTONIO,PIACENZA,PIACENZA,EMILIA ROMAGNA,SCUOLA PRIMARIA,,3,0.765
202425,0.346,42,statale,SCUOLA PRIMARIA,1,PCEE00201T,GIULIO ALBERONI,PIACENZA,PIACENZA,EMILIA ROMAGNA,SCUOLA PRIMARIA,,PCEE007011,RENZO PEZZANI,PIACENZA,PIACENZA,EMILIA ROMAGNA,SCUOLA PRIMARIA,,2,2.119
202425,0.346,42,statale,SCUOLA PRIMARIA,1,PCEE00201T,GIULIO ALBERONI,PIACENZA,PIACENZA,EMILIA ROMAGNA,SCUOLA PRIMARIA,,PCEE00801R,DON G. MINZONI,PIACENZA,PIACENZA,EMILIA ROMAGNA,SCUOLA PRIMARIA,,3,2.486
202425,0.346,42,statale,SCUOLA PRIMARIA,1,REEE84603G,PASCOLI G.,REGGIO NELL'EMILIA,REGGIO EMILIA,EMILIA ROMAGNA,SCUOLA PRIMARIA,,REEE81001P,S. PROSPERO-VASCO AGOSTI,REGGIO NELL'EMILIA,REGGIO EMILIA,EMILIA ROMAGNA,SCUOLA PRIMARIA,,7,1.27
202425,0.346,42,statale,SCUOLA PRIMARIA,1,VEEE87201Q,C. BATTISTI,VENEZIA,VENEZIA,VENETO,SCUOLA PRIMARIA,,VEEE84501B,F. FILZI,VENEZIA,VENEZIA,VENETO,SCUOLA PRIMARIA,,16,1.787
202425,0.346,42,statale,SCUOLA PRIMARIA,1,PTEE82202E,"""EDMONDO DE AMICIS""",MONTECATINI-TERME,PISTOIA,TOSCANA,SCUOLA PRIMARIA,,PTEE80602L,"""AMICIZIA"" - MARGINE COPERTA",MASSA E COZZILE,PISTOIA,TOSCANA,SCUOLA PRIMARIA,,2,1.753
202425,0.346,42,statale,SCUOLA PRIMARIA,1,PTEE82202E,"""EDMONDO DE AMICIS""",MONTECATINI-TERME,PISTOIA,TOSCANA,SCUOLA PRIMARIA,,PTEE80701B,"""LEONARDO DA VINCI""",PIEVE A NIEVOLE,PISTOIA,TOSCANA,SCUOLA PRIMARIA,,6,2.322
202425,0.346,42,statale,SCUOLA PRIMARIA,1,REEE82405R,COLLODI,REGGIO NELL'EMILIA,REGGIO EMILIA,EMILIA ROMAGNA,SCUOLA PRIMARIA,,REEE81001P,S. PROSPERO-VASCO AGOSTI,REGGIO NELL'EMILIA,REGGIO EMILIA,EMILIA ROMAGNA,SCUOLA PRIMARIA,,6,1.224
202425,0.346,42,statale,SCUOLA PRIMARIA,1,REEE82405R,COLLODI,REGGIO NELL'EMILIA,REGGIO EMILIA,EMILIA ROMAGNA,SCUOLA PRIMARIA,,REEE82402N,MANCASALE,REGGIO NELL'EMILIA,REGGIO EMILIA,EMILIA ROMAGNA,SCUOLA PRIMARIA,,5,1.83
202425,0.346,42,statale,SCUOLA PRIMARIA,1,GOEE80301Q,N. SAURO,MONFALCONE,GORIZIA,FRIULI-VENEZIA G.,SCUOLA PRIMARIA,,GOEE807013,E. DE AMICIS,STARANZANO,GORIZIA,FRIULI-VENEZIA G.,SCUOLA PRIMARIA,,1,2.004
202425,0.346,42,statale,SCUOLA PRIMARIA,1,GOEE80301Q,N. SAURO,MONFALCONE,GORIZIA,FRIULI-VENEZIA G.,SCUOLA PRIMARIA,,GOEE80501B,L. BRUMATI,RONCHI DEI LEGIONARI,GORIZIA,FRIULI-VENEZIA G.,SCUOLA PRIMARIA,,5,3.525
202425,0.346,42,statale,SCUOLA PRIMARIA,1,PDEE88003P,LUZZATTO DINA - PD,PADOVA,PADOVA,VENETO,SCUOLA PRIMARIA,,PDEE88401X,SAN CAMILLO - PD,PADOVA,PADOVA,VENETO,SCUOLA PRIMARIA,,5,0.89
202425,0.346,42,statale,SCUOLA PRIMARIA,1,ANEE81802D,"ANCONA ""ELIA""",ANCONA,ANCONA,MARCHE,SCUOLA PRIMARIA,,ANEE81701L,"ANCONA ""COLLODI""",ANCONA,ANCONA,MARCHE,SCUOLA PRIMARIA,,6,1.723
202425,0.346,42,statale,SCUOLA PRIMARIA,1,MIEE8C502D,PRIMARIA .L.RADICE,MILANO,MILANO,LOMBARDIA,SCUOLA PRIMARIA,,MIEE8C7047,PRIM. EDUC SPORT E MUS S.GIUSTO,MILANO,MILANO,LOMBARDIA,SCUOLA PRIMARIA,,6,1.391
202425,0.346,42,statale,SCUOLA PRIMARIA,1,RMEE8F704G,VIA NOVELLI,VELLETRI,ROMA,LAZIO,SCUOLA PRIMARIA,,RMEE8D501G,FONTANA DELLE ROSE,VELLETRI,ROMA,LAZIO,SCUOLA PRIMARIA,,8,0.573
202425,0.346,42,statale,SCUOLA PRIMARIA,1,PGEE85902D,"""E.PESTALOZZI""",PERUGIA,PERUGIA,UMBRIA,SCUOLA PRIMARIA,,PGEE00204R,"MADONNA ALTA ""DON MILANI""",PERUGIA,PERUGIA,UMBRIA,SCUOLA PRIMARIA,,8,0.568
202425,0.346,42,statale,SCUOLA PRIMARIA,1,PDEE88203A,SALVO D'ACQUISTO (EX IV IC),PADOVA,PADOVA,VENETO,SCUOLA PRIMARIA,,PDEE88001L,ARDIGO'-PD,PADOVA,PADOVA,VENETO,SCUOLA PRIMARIA,,9,2.132
202425,0.346,42,statale,SCUOLA PRIMARIA,1,MIEE8CZ01L,PRIMARIA VIA DEI NARCISI,MILANO,MILANO,LOMBARDIA,SCUOLA PRIMARIA,,MIEE8CZ03P,PRIMARIA VIA ANEMONI,MILANO,MILANO,LOMBARDIA,SCUOLA PRIMARIA,,7,0.59
202425,0.346,42,statale,SCUOLA PRIMARIA,1,MIEE8CZ01L,PRIMARIA VIA DEI NARCISI,MILANO,MILANO,LOMBARDIA,SCUOLA PRIMARIA,,MIEE8DZ03C,PRIMARIA G.CASATI,MILANO,MILANO,LOMBARDIA,SCUOLA PRIMARIA,,4,1.392
202425,0.346,42,statale,SCUOLA PRIMARIA,1,CNEE85801L,MONDOVI' BREO TRIGARI,MONDOVI',CUNEO,PIEMONTE,SCUOLA PRIMARIA,,CNEE85802N,MONDOVI' CAPOL. BORGO FERRONE,MONDOVI',CUNEO,PIEMONTE,SCUOLA PRIMARIA,,2,0.605
202425,0.346,42,statale,SCUOLA PRIMARIA,1,MIEE8EA01A,PRIMARIA G. CARDUCCI,LEGNANO,MILANO,LOMBARDIA,SCUOLA PRIMARIA,,MIEE8EA02B,PRIMARIA A. TOSCANINI,LEGNANO,MILANO,LOMBARDIA,SCUOLA PRIMARIA,,2,0.983
202425,0.346,42,statale,SCUOLA PRIMARIA,1,MIEE8EA01A,PRIMARIA G. CARDUCCI,LEGNANO,MILANO,LOMBARDIA,SCUOLA PRIMARIA,,MIEE8AX01Q,PRIMARIA E. FERMI,CUSANO MILANINO,MILANO,LOMBARDIA,SCUOLA PRIMARIA,,4,1.151
202425,0.346,42,statale,SCUOLA PRIMARIA,1,RMEE8EY03Q,VIA DEI SALICI,ROMA,ROMA,LAZIO,SCUOLA PRIMARIA,,RMEE8E6012,A. TONA,ROMA,ROMA,LAZIO,SCUOLA PRIMARIA,,4,0.636
202425,0.346,42,statale,SCUOLA PRIMARIA,1,VTEE835024,DE AMICIS,VITERBO,VITERBO,LAZIO,SCUOLA PRIMARIA,,VTEE82901Q,LUIGI CONCETTI,VITERBO,VITERBO,LAZIO,SCUOLA PRIMARIA,,2,0.466
202425,0.346,42,statale,SCUOLA PRIMARIA,1,VTEE835024,DE AMICIS,VITERBO,VITERBO,LAZIO,SCUOLA PRIMARIA,,VTEE83203N,SCUOLA PRIMARIA A. VOLTA,VITERBO,VITERBO,LAZIO,SCUOLA PRIMARIA,,3,0.714
202425,0.346,42,statale,SCUOLA PRIMARIA,1,MIEE823016,PRIMARIA VIA POLESINE,MILANO,MILANO,LOMBARDIA,SCUOLA PRIMARIA,,MIEE8B802A,PRIMARIA OTTOLINI BELGIOIOSO,MILANO,MILANO,LOMBARDIA,SCUOLA PRIMARIA,,10,1.388
202425,0.346,42,statale,SCUOLA PRIMARIA,1,GEEE85201C,S.EL. DI VIA S.B.DEL FOSSATO,GENOVA,GENOVA,LIGURIA,SCUOLA PRIMARIA,,GEEE825036,S.EL. - L.CICALA -,GENOVA,GENOVA,LIGURIA,SCUOLA PRIMARIA,,3,0.322
202425,0.346,42,statale,SCUOLA PRIMARIA,1,PAEE813012,I.C. PEREZ/M.T.D. CALC-V. FIUME,PALERMO,PALERMO,SICILIA,SCUOLA PRIMARIA,,PAEE898034,FRANCESCO FERRARA_PRM,PALERMO,PALERMO,SICILIA,SCUOLA PRIMARIA,,6,0.501
202425,0.346,42,statale,SCUOLA PRIMARIA,1,MIEE8F302N,PRIMARIA E. CURIEL,PADERNO DUGNANO,MILANO,LOMBARDIA,SCUOLA PRIMARIA,,MIEE8F301L,PRIMARIA E. DE MARCHI,PADERNO DUGNANO,MILANO,LOMBARDIA,SCUOLA PRIMARIA,,9,0.692
202425,0.346,42,statale,SCUOLA PRIMARIA,1,TOEE8B701D,"IC C.SO VERCELLI ""A. SABIN""",TORINO,TORINO,PIEMONTE,SCUOLA PRIMARIA,,TOEE873028,I.C.PADRE GEMELLI-MARGH.SAVOIA,TORINO,TORINO,PIEMONTE,SCUOLA PRIMARIA,,2,2.928
202425,0.346,42,statale,SCUOLA PRIMARIA,1,TOEE8B701D,"IC C.SO VERCELLI ""A. SABIN""",TORINO,TORINO,PIEMONTE,SCUOLA PRIMARIA,,TOEE87601P,I.C. GINO STRADA - FONTANA,TORINO,TORINO,PIEMONTE,SCUOLA PRIMARIA,,4,3.203
202425,0.346,42,statale,SCUOLA PRIMARIA,1,TOEE8B701D,"IC C.SO VERCELLI ""A. SABIN""",TORINO,TORINO,PIEMONTE,SCUOLA PRIMARIA,,TOEE81803R,IC OLIVETTI-GIOVANNI VILLATA,TORINO,TORINO,PIEMONTE,SCUOLA PRIMARIA,,6,3.225
202425,0.346,42,statale,SCUOLA PRIMARIA,1,TOEE8B701D,"IC C.SO VERCELLI ""A. SABIN""",TORINO,TORINO,PIEMONTE,SCUOLA PRIMARIA,,TOEE8A0014,I.C. - NIGRA TORINO - GAMBARO,TORINO,TORINO,PIEMONTE,SCUOLA PRIMARIA,,13,3.424
202425,0.346,42,statale,SCUOLA PRIMARIA,1,TOEE8B701D,"IC C.SO VERCELLI ""A. SABIN""",TORINO,TORINO,PIEMONTE,SCUOLA PRIMARIA,,TOEE873017,I.C. PADRE GEMELLI,TORINO,TORINO,PIEMONTE,SCUOLA PRIMARIA,,2,3.542
202425,0.346,42,statale,SCUOLA PRIMARIA,1,MIEE8AF013,PRIMARIA VIA A. GRAF 74,MILANO,MILANO,LOMBARDIA,SCUOLA PRIMARIA,,MIEE8D101Q,PRIMARIA RINNOVATA PIZZIGONI,MILANO,MILANO,LOMBARDIA,SCUOLA PRIMARIA,,9,1.636
202425,0.346,42,statale,SCUOLA PRIMARIA,1,IMEE81002V,SC. PRIM. T. LITTARDI,IMPERIA,IMPERIA,LIGURIA,SCUOLA PRIMARIA,,IMEE81101N,SC. PRIM. VIA GIBELLI,IMPERIA,IMPERIA,LIGURIA,SCUOLA PRIMARIA,,7,1.754
202425,0.346,42,statale,SCUOLA PRIMARIA,1,TOEE8BE01T,I.C. TORINO II -PARINI,TORINO,TORINO,PIEMONTE,SCUOLA PRIMARIA,,TOEE815028,"I.C. ""TOMMASEO"" -F.D'ASSISI",TORINO,TORINO,PIEMONTE,SCUOLA PRIMARIA,,12,1.919
202425,0.346,42,statale,SCUOLA PRIMARIA,1,SPEE81405C,"""E. DE AMICIS""",LA SPEZIA,LA SPEZIA,LIGURIA,SCUOLA PRIMARIA,,SPEE816021,LA SPEZIA VICCI,LA SPEZIA,LA SPEZIA,LIGURIA,SCUOLA PRIMARIA,,3,0.518
202425,0.346,42,statale,SCUOLA PRIMARIA,1,SPEE81405C,"""E. DE AMICIS""",LA SPEZIA,LA SPEZIA,LIGURIA,SCUOLA PRIMARIA,,SPEE815025,"""NELLO OLIVIERI"" - REBOCCO",LA SPEZIA,LA SPEZIA,LIGURIA,SCUOLA PRIMARIA,,2,0.739
202425,0.346,42,statale,SCUOLA PRIMARIA,1,TREE811013,TERNI DE AMICIS I.C. DE FILIS,TERNI,TERNI,UMBRIA,SCUOLA PRIMARIA,,TREE00101D,"TERNI MAZZINI - ""G.MAZZINI""",TERNI,TERNI,UMBRIA,SCUOLA PRIMARIA,,8,0.881
202425,0.346,42,statale,SCUOLA PRIMARIA,1,TREE811013,TERNI DE AMICIS I.C. DE FILIS,TERNI,TERNI,UMBRIA,SCUOLA PRIMARIA,,TREE00501R,TERNI A.MORO - CESARE BATTISTI,TERNI,TERNI,UMBRIA,SCUOLA PRIMARIA,,3,0.89
202425,0.346,42,statale,SCUOLA PRIMARIA,1,RMEE86702D,VIA AL SESTO MIGLIO,ROMA,ROMA,LAZIO,SCUOLA PRIMARIA,,RMEE8BV017,PARCO DI VEIO,ROMA,ROMA,LAZIO,SCUOLA PRIMARIA,,3,0.822
202425,0.346,42,statale,SCUOLA PRIMARIA,1,MIEE8A101X,PRIMARIA A.FRANK,SESTO SAN GIOVANNI,MILANO,LOMBARDIA,SCUOLA PRIMARIA,,MIEE8A0014,PRIMARIA G. PASCOLI,SESTO SAN GIOVANNI,MILANO,LOMBARDIA,SCUOLA PRIMARIA,,6,2.258
202425,0.346,42,statale,SCUOLA PRIMARIA,1,MIEE8C402N,PRIMARIA L. CADORNA,MILANO,MILANO,LOMBARDIA,SCUOLA PRIMARIA,,MIEE8FZ01G,PRIMARIA A.S.NOVARO C.FERRUCCI,MILANO,MILANO,LOMBARDIA,SCUOLA PRIMARIA,,17,1.117
202425,0.346,42,statale,SCUOLA PRIMARIA,1,TOEE8B8019,IC GABELLI - CAP.,TORINO,TORINO,PIEMONTE,SCUOLA PRIMARIA,,TOEE815028,"I.C. ""TOMMASEO"" -F.D'ASSISI",TORINO,TORINO,PIEMONTE,SCUOLA PRIMARIA,,5,2.69
202425,0.346,42,statale,SCUOLA PRIMARIA,1,TOEE8B8019,IC GABELLI - CAP.,TORINO,TORINO,PIEMONTE,SCUOLA PRIMARIA,,TOEE87501V,SCUOLA PRIMARIA ANTONELLI,TORINO,TORINO,PIEMONTE,SCUOLA PRIMARIA,,13,2.84
202425,0.346,42,statale,SCUOLA PRIMARIA,1,VEEE86401R,DON ORIONE,STRA,VENEZIA,VENETO,SCUOLA PRIMARIA,,VEEE86403V,ITALIA K2,FIESSO D'ARTICO,VENEZIA,VENETO,SCUOLA PRIMARIA,,2,1.886
202425,0.346,42,statale,SCUOLA PRIMARIA,1,VEEE86401R,DON ORIONE,STRA,VENEZIA,VENETO,SCUOLA PRIMARIA,,PDEE84904Q,A. MANTEGNA-PERAROLO DI VIGONZA,VIGONZA,PADOVA,VENETO,SCUOLA PRIMARIA,,3,2.684
202425,0.346,42,statale,SCUOLA PRIMARIA,1,NOEE82504D,"""P.THOUAR""",NOVARA,NOVARA,PIEMONTE,SCUOLA PRIMARIA,,NOEE82502B,""" SANDRO PERTINI"" VEVERI",NOVARA,NOVARA,PIEMONTE,SCUOLA PRIMARIA,,2,1.403
202425,0.346,42,statale,SCUOLA PRIMARIA,1,NOEE82504D,"""P.THOUAR""",NOVARA,NOVARA,PIEMONTE,SCUOLA PRIMARIA,,NOEE826038,GIOVANNI XXIII,NOVARA,NOVARA,PIEMONTE,SCUOLA PRIMARIA,,3,1.403
202425,0.346,42,statale,SCUOLA PRIMARIA,1,GOEE80401G,T.C. AMELIO CUZZI,MONFALCONE,GORIZIA,FRIULI-VENEZIA G.,SCUOLA PRIMARIA,,GOEE80501B,L. BRUMATI,RONCHI DEI LEGIONARI,GORIZIA,FRIULI-VENEZIA G.,SCUOLA PRIMARIA,,2,2.804
202425,0.346,42,statale,SCUOLA PRIMARIA,1,MEEE86204L,VILLAGGIO ALDISIO,MESSINA,MESSINA,SICILIA,SCUOLA PRIMARIA,,MEEE86104R,A. LUCIANI,MESSINA,MESSINA,SICILIA,SCUOLA PRIMARIA,,9,0.225
202425,0.346,42,statale,SCUOLA PRIMARIA,1,MIEE823038,PRIMARIA FABIO FILZI,MILANO,MILANO,LOMBARDIA,SCUOLA PRIMARIA,,MIEE809032,PRIMARIA WOLF FERRARI,MILANO,MILANO,LOMBARDIA,SCUOLA PRIMARIA,,8,1.351
202425,0.346,42,statale,SCUOLA PRIMARIA,1,RMEE8F701C,A.MARIANI,VELLETRI,ROMA,LAZIO,SCUOLA PRIMARIA,,RMEE8D501G,FONTANA DELLE ROSE,VELLETRI,ROMA,LAZIO,SCUOLA PRIMARIA,,3,0.41
202425,0.346,42,statale,SCUOLA PRIMARIA,1,VREE8AC03N,"S.GIOV.LUPATOTO ""PINDEMONTE I.""",SAN GIOVANNI LUPATOTO,VERONA,VENETO,SCUOLA PRIMARIA,,VREE8AC02L,CERONI G.,SAN GIOVANNI LUPATOTO,VERONA,VENETO,SCUOLA PRIMARIA,,3,0.381
202425,0.346,42,statale,SCUOLA PRIMARIA,1,MIEE8D202L,PRIMARIA CAPPELLINI,MILANO,MILANO,LOMBARDIA,SCUOLA PRIMARIA,,MIEE8D101Q,PRIMARIA RINNOVATA PIZZIGONI,MILANO,MILANO,LOMBARDIA,SCUOLA PRIMARIA,,12,0.772
202425,0.346,42,statale,SCUOLA PRIMARIA,1,BOEE843082,PRIMARIA CARDUCCI,IMOLA,BOLOGNA,EMILIA ROMAGNA,SCUOLA PRIMARIA,,BOEE846038,PRIMARIA CAMPANELLA,IMOLA,BOLOGNA,EMILIA ROMAGNA,SCUOLA PRIMARIA,,2,0.871
202425,0.346,42,statale,SCUOLA PRIMARIA,1,BOEE843082,PRIMARIA CARDUCCI,IMOLA,BOLOGNA,EMILIA ROMAGNA,SCUOLA PRIMARIA,,BOEE847012,CAPPUCCINI - I.C. 6 IMOLA,IMOLA,BOLOGNA,EMILIA ROMAGNA,SCUOLA PRIMARIA,,6,1.064
202425,0.346,42,statale,SCUOLA PRIMARIA,1,VEEE87202R,SILVIO PELLICO-ALTOBELLO,VENEZIA,VENEZIA,VENETO,SCUOLA PRIMARIA,,VEEE87404E,LOMBARDO RADICE,VENEZIA,VENEZIA,VENETO,SCUOLA PRIMARIA,,1,1.665
202425,0.346,42,statale,SCUOLA PRIMARIA,1,VEEE87202R,SILVIO PELLICO-ALTOBELLO,VENEZIA,VENEZIA,VENETO,SCUOLA PRIMARIA,,VEEE84501B,F. FILZI,VENEZIA,VENEZIA,VENETO,SCUOLA PRIMARIA,,2,2.36
202425,0.346,42,statale,SCUOLA PRIMARIA,1,BSEE881025,PRIMARIA UNGARETTI BRESCIA,BRESCIA,BRESCIA,LOMBARDIA,SCUOLA PRIMARIA,,BSEE882032,PRIMARIA COLLODI - BRESCIA,BRESCIA,BRESCIA,LOMBARDIA,SCUOLA PRIMARIA,,4,0.651
202425,0.346,42,statale,SCUOLA PRIMARIA,1,BSEE881025,PRIMARIA UNGARETTI BRESCIA,BRESCIA,BRESCIA,LOMBARDIA,SCUOLA PRIMARIA,,BSEE88403N,PRIMARIA QUASIMODO BRESCIA,BRESCIA,BRESCIA,LOMBARDIA,SCUOLA PRIMARIA,,6,2.811
202425,0.346,42,statale,SCUOLA PRIMARIA,1,BSEE881025,PRIMARIA UNGARETTI BRESCIA,BRESCIA,BRESCIA,LOMBARDIA,SCUOLA PRIMARIA,,BSEE80402Q,PRIMARIA DI CAPODIMONTE,CASTENEDOLO,BRESCIA,LOMBARDIA,SCUOLA PRIMARIA,,1,3.156
202425,0.346,42,statale,SCUOLA PRIMARIA,1,MIEE8CG014,PRIMARIA VIA SCIALOIA,MILANO,MILANO,LOMBARDIA,SCUOLA PRIMARIA,,MIEE8CT021,PRIMARIA DUCA DEGLI ABRUZZI,MILANO,MILANO,LOMBARDIA,SCUOLA PRIMARIA,,10,1.287
202425,0.346,42,statale,SCUOLA PRIMARIA,1,ANEE82003E,"ANCONA ""SAVIO""",ANCONA,ANCONA,MARCHE,SCUOLA PRIMARIA,,ANEE81701L,"ANCONA ""COLLODI""",ANCONA,ANCONA,MARCHE,SCUOLA PRIMARIA,,4,1.741
202425,0.346,42,statale,SCUOLA PRIMARIA,1,MIEE8FV018,PRIMARIA C. BATTISTI,MILANO,MILANO,LOMBARDIA,SCUOLA PRIMARIA,,MIEE8CY02T,PRIMARIA DOMENICO MORO,MILANO,MILANO,LOMBARDIA,SCUOLA PRIMARIA,,2,0.621
202425,0.346,42,statale,SCUOLA PRIMARIA,1,MIEE8FV018,PRIMARIA C. BATTISTI,MILANO,MILANO,LOMBARDIA,SCUOLA PRIMARIA,,MIEE8FV029,PRIMARIA C. PERONI,MILANO,MILANO,LOMBARDIA,SCUOLA PRIMARIA,,3,0.697
202425,0.346,42,statale,SCUOLA PRIMARIA,1,MIEE8FV018,PRIMARIA C. BATTISTI,MILANO,MILANO,LOMBARDIA,SCUOLA PRIMARIA,,MIEE8CD01L,PRIMARIA THOUAR GONZAGA,MILANO,MILANO,LOMBARDIA,SCUOLA PRIMARIA,,1,1.195
202425,0.346,42,statale,SCUOLA PRIMARIA,1,UDEE857023,""" LEA D'ORLANDI """,UDINE,UDINE,FRIULI-VENEZIA G.,SCUOLA PRIMARIA,,UDEE857012,E. DE AMICIS,UDINE,UDINE,FRIULI-VENEZIA G.,SCUOLA PRIMARIA,,2,0.809
202425,0.346,42,statale,SCUOLA PRIMARIA,1,VEEE87301G,LEONARDO DA VINCI,VENEZIA,VENEZIA,VENETO,SCUOLA PRIMARIA,,VEEE875028,S. M. GORETTI,VENEZIA,VENEZIA,VENETO,SCUOLA PRIMARIA,,5,1.454
202425,0.346,42,statale,SCUOLA PRIMARIA,1,REEE84102B,DANTE ALIGHIERI,REGGIO NELL'EMILIA,REGGIO EMILIA,EMILIA ROMAGNA,SCUOLA PRIMARIA,,REEE84005P,"""G. LEOPARDI"" - PIEVE KENNEDY",REGGIO NELL'EMILIA,REGGIO EMILIA,EMILIA ROMAGNA,SCUOLA PRIMARIA,,8,1.144
202425,0.346,42,statale,SCUOLA PRIMARIA,1,REEE84102B,DANTE ALIGHIERI,REGGIO NELL'EMILIA,REGGIO EMILIA,EMILIA ROMAGNA,SCUOLA PRIMARIA,,REEE84502P,MATILDE DI CANOSSA,REGGIO NELL'EMILIA,REGGIO EMILIA,EMILIA ROMAGNA,SCUOLA PRIMARIA,,2,1.981
202425,0.346,42,statale,SCUOLA PRIMARIA,1,VIEE87902V,VILL. GIARDINO G.PELLIZZARI,ARZIGNANO,VICENZA,VENETO,SCUOLA PRIMARIA,,VIEE879041,CASTELLO A.GIURIOLO,ARZIGNANO,VICENZA,VENETO,SCUOLA PRIMARIA,,4,0.73
202425,0.346,42,statale,SCUOLA PRIMARIA,1,PDEE83006R,LOMBARDO RADICE -PD-,PADOVA,PADOVA,VENETO,SCUOLA PRIMARIA,,PDEE83007T,PRATI-PADOVA (EX XII IC),PADOVA,PADOVA,VENETO,SCUOLA PRIMARIA,,3,1.207
202425,0.346,42,statale,SCUOLA PRIMARIA,1,PDEE888017,GIACOMO LEOPARDI - PD,PADOVA,PADOVA,VENETO,SCUOLA PRIMARIA,,PDEE890039,GIUSEPPE MAZZINI - PD,PADOVA,PADOVA,VENETO,SCUOLA PRIMARIA,,7,1.772
202425,0.346,42,statale,SCUOLA PRIMARIA,1,PDEE888017,GIACOMO LEOPARDI - PD,PADOVA,PADOVA,VENETO,SCUOLA PRIMARIA,,PDEE890017,LAMBRUSCHINI-PD,PADOVA,PADOVA,VENETO,SCUOLA PRIMARIA,,1,2.003
202425,0.346,42,statale,SCUOLA PRIMARIA,1,PCEE00301N,G.TAVERNA,PIACENZA,PIACENZA,EMILIA ROMAGNA,SCUOLA PRIMARIA,,PCEE00304R,ALCIDE DE GASPERI,PIACENZA,PIACENZA,EMILIA ROMAGNA,SCUOLA PRIMARIA,,4,0.963
202425,0.346,42,statale,SCUOLA PRIMARIA,1,REEE84703B,G. ZIBORDI,REGGIO NELL'EMILIA,REGGIO EMILIA,EMILIA ROMAGNA,SCUOLA PRIMARIA,,REEE849011,RENZO PEZZANI,REGGIO NELL'EMILIA,REGGIO EMILIA,EMILIA ROMAGNA,SCUOLA PRIMARIA,,5,0.907
202425,0.346,42,statale,SCUOLA PRIMARIA,1,TOEE00401T,GIUSEPPE ALLIEVO,TORINO,TORINO,PIEMONTE,SCUOLA PRIMARIA,,TOEE873017,I.C. PADRE GEMELLI,TORINO,TORINO,PIEMONTE,SCUOLA PRIMARIA,,3,2.092
202425,0.346,42,statale,SCUOLA PRIMARIA,1,TOEE00401T,GIUSEPPE ALLIEVO,TORINO,TORINO,PIEMONTE,SCUOLA PRIMARIA,,TOEE8B502V,IC PACCHIOTTI-VIA REVEL NETRO,TORINO,TORINO,PIEMONTE,SCUOLA PRIMARIA,,3,2.864
202425,0.346,42,statale,SCUOLA PRIMARIA,1,REEE84602E,ADA NEGRI,REGGIO NELL'EMILIA,REGGIO EMILIA,EMILIA ROMAGNA,SCUOLA PRIMARIA,,REEE84502P,MATILDE DI CANOSSA,REGGIO NELL'EMILIA,REGGIO EMILIA,EMILIA ROMAGNA,SCUOLA PRIMARIA,,4,1.454
202425,0.346,42,statale,SCUOLA PRIMARIA,1,GEEE825025,S.EL. - CHIABRERA -,GENOVA,GENOVA,LIGURIA,SCUOLA PRIMARIA,,GEEE825036,S.EL. - L.CICALA -,GENOVA,GENOVA,LIGURIA,SCUOLA PRIMARIA,,3,0.617
202425,0.346,42,statale,SCUOLA PRIMARIA,1,GEEE825025,S.EL. - CHIABRERA -,GENOVA,GENOVA,LIGURIA,SCUOLA PRIMARIA,,GEEE812012,S.EL. - A.MAMELI -,GENOVA,GENOVA,LIGURIA,SCUOLA PRIMARIA,,2,0.622
202425,0.346,42,statale,SCUOLA PRIMARIA,1,MOEE847021,"""GIOVANNI PASCOLI"" MODENA",MODENA,MODENA,EMILIA ROMAGNA,SCUOLA PRIMARIA,,MOEE845029,"""DE AMICIS"" MODENA",MODENA,MODENA,EMILIA ROMAGNA,SCUOLA PRIMARIA,,3,1.122
202425,0.346,42,statale,SCUOLA PRIMARIA,1,FEEE80002L,VILLAGGIO INA-FERRARA,FERRARA,FERRARA,EMILIA ROMAGNA,SCUOLA PRIMARIA,,FEEE811034,VIA A.VOLTA-RIONE DORO,FERRARA,FERRARA,EMILIA ROMAGNA,SCUOLA PRIMARIA,,4,1.084
202425,0.346,42,statale,SCUOLA PRIMARIA,1,FEEE80002L,VILLAGGIO INA-FERRARA,FERRARA,FERRARA,EMILIA ROMAGNA,SCUOLA PRIMARIA,,FEEE811045,"""G.LEOPARDI""-FERRARA",FERRARA,FERRARA,EMILIA ROMAGNA,SCUOLA PRIMARIA,,5,1.75
202425,0.346,42,statale,SCUOLA PRIMARIA,1,MIEE8A901E,PRIMARIA G. RODARI,BARANZATE,MILANO,LOMBARDIA,SCUOLA PRIMARIA,,MIEE8DB01G,PRIMARIA DON MILANI,NOVATE MILANESE,MILANO,LOMBARDIA,SCUOLA PRIMARIA,,13,1.206
202425,0.346,42,statale,SCUOLA PRIMARIA,1,MIEE8BW01E,PRIMARIA NOVEGRO,SEGRATE,MILANO,LOMBARDIA,SCUOLA PRIMARIA,,MIEE8BK01P,PRIMARIA A. MERINI,SEGRATE,MILANO,LOMBARDIA,SCUOLA PRIMARIA,,4,1.775
202425,0.346,42,statale,SCUOLA PRIMARIA,1,PNEE814014,"PASIANO-CAP. ""DANTE ALIGHIERI""",PASIANO DI PORDENONE,PORDENONE,FRIULI-VENEZIA G.,SCUOLA PRIMARIA,,PNEE814025,"PASIANO-CECCHINI""M.T.DICALCUTTA",PASIANO DI PORDENONE,PORDENONE,FRIULI-VENEZIA G.,SCUOLA PRIMARIA,,1,3.207
202425,0.346,42,statale,SCUOLA PRIMARIA,1,PNEE814014,"PASIANO-CAP. ""DANTE ALIGHIERI""",PASIANO DI PORDENONE,PORDENONE,FRIULI-VENEZIA G.,SCUOLA PRIMARIA,,PNEE815021,"AZZANO X-FAGNIGOLA""N.SAURO""",AZZANO DECIMO,PORDENONE,FRIULI-VENEZIA G.,SCUOLA PRIMARIA,,4,4.164
202425,0.346,42,statale,SCUOLA PRIMARIA,1,PTEE823019,PESCIA-CAPOLUOGO VALCHIUSA,PESCIA,PISTOIA,TOSCANA,SCUOLA PRIMARIA,,PTEE82302A,CASTELLARE,PESCIA,PISTOIA,TOSCANA,SCUOLA PRIMARIA,,5,2.656
202425,0.346,42,statale,SCUOLA PRIMARIA,1,MIEE82202B,PRIMARIA VIA BOCCACCIO,COLOGNO MONZESE,MILANO,LOMBARDIA,SCUOLA PRIMARIA,,MIEE8EH015,PRIMARIA PASCOLI,COLOGNO MONZESE,MILANO,LOMBARDIA,SCUOLA PRIMARIA,,10,0.799
202425,0.346,42,statale,SCUOLA PRIMARIA,1,PAEE813023,F.P. PEREZ,PALERMO,PALERMO,SICILIA,SCUOLA PRIMARIA,,PAEE8A2038,VIA DEL VESPRO = R. PILO,PALERMO,PALERMO,SICILIA,SCUOLA PRIMARIA,,13,0.328
202425,0.346,42,statale,SCUOLA PRIMARIA,1,MBEE8E1028,ALDO MAURI,CESANO MADERNO,MONZA E DELLA BRIANZA,LOMBARDIA,SCUOLA PRIMARIA,,MBEE86101T,"""B.MUNARI"" - SEVESO",SEVESO,MONZA E DELLA BRIANZA,LOMBARDIA,SCUOLA PRIMARIA,,13,1.065
202425,0.346,42,statale,SCUOLA PRIMARIA,1,RMEE863026,VIA STAZ. PRIMA PORTA,ROMA,ROMA,LAZIO,SCUOLA PRIMARIA,,RMEE864033,VIA BREMBIO,ROMA,ROMA,LAZIO,SCUOLA PRIMARIA,,2,0.698
202425,0.346,42,statale,SCUOLA PRIMARIA,1,MIEE8B8019,PRIMARIA TOMMASO GROSSI,MILANO,MILANO,LOMBARDIA,SCUOLA PRIMARIA,,MIEE8DX01P,PRIMARIA CINQUE GIORNATE,MILANO,MILANO,LOMBARDIA,SCUOLA PRIMARIA,,7,0.961
202425,0.346,42,statale,SCUOLA PRIMARIA,1,MIEE8B8019,PRIMARIA TOMMASO GROSSI,MILANO,MILANO,LOMBARDIA,SCUOLA PRIMARIA,,MIEE8B802A,PRIMARIA OTTOLINI BELGIOIOSO,MILANO,MILANO,LOMBARDIA,SCUOLA PRIMARIA,,6,1.048
202425,0.346,42,statale,SCUOLA PRIMARIA,1,MIEE8C503E,PRIMARIA VIA MONTE BALDO,MILANO,MILANO,LOMBARDIA,SCUOLA PRIMARIA,,MIEE8C7047,PRIM. EDUC SPORT E MUS S.GIUSTO,MILANO,MILANO,LOMBARDIA,SCUOLA PRIMARIA,,1,0.433
202425,0.346,42,statale,SCUOLA PRIMARIA,1,MIEE8C503E,PRIMARIA VIA MONTE BALDO,MILANO,MILANO,LOMBARDIA,SCUOLA PRIMARIA,,MIEE8C303V,PRIMARIA VIA DELLE ANDE,MILANO,MILANO,LOMBARDIA,SCUOLA PRIMARIA,,5,1.915
202425,0.346,42,statale,SCUOLA PRIMARIA,1,VREE88303X,D'AZEGLIO MASSIMO,VERONA,VERONA,VENETO,SCUOLA PRIMARIA,,VREE882045,DE AMICIS EDMONDO,VERONA,VERONA,VENETO,SCUOLA PRIMARIA,,1,1.351
202425,0.346,42,statale,SCUOLA PRIMARIA,1,VREE88303X,D'AZEGLIO MASSIMO,VERONA,VERONA,VENETO,SCUOLA PRIMARIA,,VREE89203P,BARBARANI BERTO,VERONA,VERONA,VENETO,SCUOLA PRIMARIA,,7,2.885
202425,0.346,42,statale,SCUOLA PRIMARIA,1,BGEE86602E,PONTE S.PIETRO - VILL. S.MARIA,PONTE SAN PIETRO,BERGAMO,LOMBARDIA,SCUOLA PRIMARIA,,BGEE826024,"""S. GIOVANNI BOSCO"" - PRESEZZO",PRESEZZO,BERGAMO,LOMBARDIA,SCUOLA PRIMARIA,,2,1.257
202425,0.346,42,statale,SCUOLA PRIMARIA,1,BGEE86602E,PONTE S.PIETRO - VILL. S.MARIA,PONTE SAN PIETRO,BERGAMO,LOMBARDIA,SCUOLA PRIMARIA,,BGEE86604L,PONTE S.PIETRO - LOCATE,PONTE SAN PIETRO,BERGAMO,LOMBARDIA,SCUOLA PRIMARIA,,6,1.325
202425,0.346,42,statale,SCUOLA PRIMARIA,1,MOEE84803T,CARLO COLLODI,MODENA,MODENA,EMILIA ROMAGNA,SCUOLA PRIMARIA,,MOEE84804V,"""ANNA FRANK - MARCONI"" MODENA",MODENA,MODENA,EMILIA ROMAGNA,SCUOLA PRIMARIA,,1,0.79
202425,0.346,42,statale,SCUOLA PRIMARIA,1,MOEE84803T,CARLO COLLODI,MODENA,MODENA,EMILIA ROMAGNA,SCUOLA PRIMARIA,,MOEE816029,"""G.PASCOLI "" S. DALMAZIO",SERRAMAZZONI,MODENA,EMILIA ROMAGNA,SCUOLA PRIMARIA,,2,0.962
202425,0.346,42,statale,SCUOLA PRIMARIA,1,PVEE808085,ZEME,ZEME,PAVIA,LOMBARDIA,SCUOLA PRIMARIA,,PVEE808074,CASTELLO D'AGOGNA,CASTELLO D'AGOGNA,PAVIA,LOMBARDIA,SCUOLA PRIMARIA,,3,4.387
202425,0.346,42,statale,SCUOLA PRIMARIA,1,PVEE808085,ZEME,ZEME,PAVIA,LOMBARDIA,SCUOLA PRIMARIA,,PVEE808096,VALLE LOMELLINA,VALLE LOMELLINA,PAVIA,LOMBARDIA,SCUOLA PRIMARIA,,1,4.925
202425,0.346,42,statale,SCUOLA PRIMARIA,1,RCEE82907R,DON TEODORO RIGITANO CAMINI,CAMINI,REGGIO CALABRIA,CALABRIA,SCUOLA PRIMARIA,,RCEE82905P,RIACE MARINA,RIACE,REGGIO CALABRIA,CALABRIA,SCUOLA PRIMARIA,,2,1.445
202425,0.346,42,statale,SCUOLA PRIMARIA,1,RGEE833034,RAGUSA CENTRALE ECCE HOMO,RAGUSA,RAGUSA,SICILIA,SCUOLA PRIMARIA,,RGEE83502P,LOMBARDO RADICE,VITTORIA,RAGUSA,SICILIA,SCUOLA PRIMARIA,,4,0.529
202425,0.346,42,statale,SCUOLA PRIMARIA,1,RGEE833034,RAGUSA CENTRALE ECCE HOMO,RAGUSA,RAGUSA,SICILIA,SCUOLA PRIMARIA,,RGEE82202L,F. CRISPI,RAGUSA,RAGUSA,SICILIA,SCUOLA PRIMARIA,,1,0.635
202425,0.346,42,statale,SCUOLA PRIMARIA,1,VEEE870025,M.L. VISINTINI-MARGHERA,VENEZIA,VENEZIA,VENETO,SCUOLA PRIMARIA,,VEEE84501B,F. FILZI,VENEZIA,VENEZIA,VENETO,SCUOLA PRIMARIA,,2,1.982
202425,0.346,42,statale,SCUOLA PRIMARIA,1,VEEE870025,M.L. VISINTINI-MARGHERA,VENEZIA,VENEZIA,VENETO,SCUOLA PRIMARIA,,VEEE871021,CAPUOZZO-CATENE,VENEZIA,VENEZIA,VENETO,SCUOLA PRIMARIA,,1,2.023
202425,0.346,42,statale,SCUOLA PRIMARIA,1,VEEE870025,M.L. VISINTINI-MARGHERA,VENEZIA,VENEZIA,VENETO,SCUOLA PRIMARIA,,VEEE875017,JACOPO TINTORETTO,VENEZIA,VENEZIA,VENETO,SCUOLA PRIMARIA,,6,2.976
202425,0.346,42,statale,SCUOLA PRIMARIA,1,VEEE870025,M.L. VISINTINI-MARGHERA,VENEZIA,VENEZIA,VENETO,SCUOLA PRIMARIA,,VEEE875028,S. M. GORETTI,VENEZIA,VENEZIA,VENETO,SCUOLA PRIMARIA,,1,3.424
202425,0.346,42,statale,SCUOLA PRIMARIA,1,VEEE870025,M.L. VISINTINI-MARGHERA,VENEZIA,VENEZIA,VENETO,SCUOLA PRIMARIA,,VEEE827041,G.C.PAROLARI-ZELARINO,VENEZIA,VENEZIA,VENETO,SCUOLA PRIMARIA,,3,3.851
202425,0.346,42,statale,SCUOLA PRIMARIA,1,MIEE8FD02D,PRIMARIA E. BONTEMPI VIA BIZET,PIOLTELLO,MILANO,LOMBARDIA,SCUOLA PRIMARIA,,MIEE8E501N,PRIMARIA DON MILANI,CERNUSCO SUL NAVIGLIO,MILANO,LOMBARDIA,SCUOLA PRIMARIA,,15,1.061
202425,0.346,42,statale,SCUOLA PRIMARIA,1,RMEE8G304V,CLEMENTINA PERONE,ROMA,ROMA,LAZIO,SCUOLA PRIMARIA,,RMEE8BM01V,A. BALDI,ROMA,ROMA,LAZIO,SCUOLA PRIMARIA,,3,0.728
202425,0.346,42,statale,SCUOLA PRIMARIA,1,RMEE8G304V,CLEMENTINA PERONE,ROMA,ROMA,LAZIO,SCUOLA PRIMARIA,,RMEE8GK01X,VITTORIO ALFIERI,ROMA,ROMA,LAZIO,SCUOLA PRIMARIA,,3,1.07
202425,0.346,42,statale,SCUOLA PRIMARIA,1,TOEE8B802A,IC GABELLI - PESTALOZZI,TORINO,TORINO,PIEMONTE,SCUOLA PRIMARIA,,TOEE8B502V,IC PACCHIOTTI-VIA REVEL NETRO,TORINO,TORINO,PIEMONTE,SCUOLA PRIMARIA,,11,2.671
202425,0.346,42,statale,SCUOLA PRIMARIA,1,TOEE8B802A,IC GABELLI - PESTALOZZI,TORINO,TORINO,PIEMONTE,SCUOLA PRIMARIA,,TOEE88301T,I.C. R.L. MONTALCINI - ALFIERI,TORINO,TORINO,PIEMONTE,SCUOLA PRIMARIA,,1,3.099
202425,0.346,42,statale,SCUOLA PRIMARIA,1,BGEE812015,"BERGAMO ""MAZZI"" - CALVI",BERGAMO,BERGAMO,LOMBARDIA,SCUOLA PRIMARIA,,BGEE813022,"BERGAMO ""DONADONI"" -LOCATELLI",BERGAMO,BERGAMO,LOMBARDIA,SCUOLA PRIMARIA,,3,1.075
202425,0.346,42,statale,SCUOLA PRIMARIA,1,COEE85205E,COMO VIA VIGANO',COMO,COMO,LOMBARDIA,SCUOLA PRIMARIA,,COEE80803A,COMO VIA MONTELUNGO,COMO,COMO,LOMBARDIA,SCUOLA PRIMARIA,,1,0.667
202425,0.346,42,statale,SCUOLA PRIMARIA,1,COEE85205E,COMO VIA VIGANO',COMO,COMO,LOMBARDIA,SCUOLA PRIMARIA,,COEE808018,COMO LORA,COMO,COMO,LOMBARDIA,SCUOLA PRIMARIA,,1,1.156
202425,0.346,42,statale,SCUOLA PRIMARIA,1,MOEE06003D,"""JACOPO BAROZZI"" VIGNOLA",VIGNOLA,MODENA,EMILIA ROMAGNA,SCUOLA PRIMARIA,,MOEE81401L,"""A.CRESPELLANI "" SAVIGNANO S/P",SAVIGNANO SUL PANARO,MODENA,EMILIA ROMAGNA,SCUOLA PRIMARIA,,4,2.011
202425,0.346,42,statale,SCUOLA PRIMARIA,1,MOEE06003D,"""JACOPO BAROZZI"" VIGNOLA",VIGNOLA,MODENA,EMILIA ROMAGNA,SCUOLA PRIMARIA,,MOEE06005G,"""I.CALVINO"" BRODANO",VIGNOLA,MODENA,EMILIA ROMAGNA,SCUOLA PRIMARIA,,5,2.144
202425,0.346,42,statale,SCUOLA PRIMARIA,1,MOEE06003D,"""JACOPO BAROZZI"" VIGNOLA",VIGNOLA,MODENA,EMILIA ROMAGNA,SCUOLA PRIMARIA,,MOEE83601D,EDMONDO DE AMICIS,MARANO SUL PANARO,MODENA,EMILIA ROMAGNA,SCUOLA PRIMARIA,,1,3.831
202425,0.346,42,statale,SCUOLA PRIMARIA,1,BOEE85805L,LIPPARINI,BOLOGNA,BOLOGNA,EMILIA ROMAGNA,SCUOLA PRIMARIA,,BOEE85804G,ALDO MORO,BOLOGNA,BOLOGNA,EMILIA ROMAGNA,SCUOLA PRIMARIA,,5,1.442
202425,0.346,42,statale,SCUOLA PRIMARIA,1,BOEE85805L,LIPPARINI,BOLOGNA,BOLOGNA,EMILIA ROMAGNA,SCUOLA PRIMARIA,,BOEE85803E,2 AGOSTO,BOLOGNA,BOLOGNA,EMILIA ROMAGNA,SCUOLA PRIMARIA,,1,1.558
202425,0.346,42,statale,SCUOLA PRIMARIA,1,ALEE82601R,"ALESSANDRIA ""G.CARDUCCI""",ALESSANDRIA,ALESSANDRIA,PIEMONTE,SCUOLA PRIMARIA,,ALEE817067,PRIMARIA MONTANARI CASTELCERIOL,ALESSANDRIA,ALESSANDRIA,PIEMONTE,SCUOLA PRIMARIA,,4,0.68
202425,0.346,42,statale,SCUOLA PRIMARIA,1,ALEE82601R,"ALESSANDRIA ""G.CARDUCCI""",ALESSANDRIA,ALESSANDRIA,PIEMONTE,SCUOLA PRIMARIA,,ALEE83902X,"ALESSANDRIA ""A.FERRERO""",ALESSANDRIA,ALESSANDRIA,PIEMONTE,SCUOLA PRIMARIA,,1,1.288
202425,0.346,42,statale,SCUOLA PRIMARIA,1,ALEE82601R,"ALESSANDRIA ""G.CARDUCCI""",ALESSANDRIA,ALESSANDRIA,PIEMONTE,SCUOLA PRIMARIA,,ALEE825022,"ALESSANDRIA ""VILLAGGIO EUROPA""",ALESSANDRIA,ALESSANDRIA,PIEMONTE,SCUOLA PRIMARIA,,4,1.712
202425,0.346,42,statale,SCUOLA PRIMARIA,1,FIEE872062,CAPOLUOGO-LEONARDO DA VINCI,EMPOLI,FIRENZE,TOSCANA,SCUOLA PRIMARIA,,FIEE869044,S.MARIA A CASTAGNOLO/ALBERTI,LASTRA A SIGNA,FIRENZE,TOSCANA,SCUOLA PRIMARIA,,4,0.913
202425,0.346,42,statale,SCUOLA PRIMARIA,1,FIEE872062,CAPOLUOGO-LEONARDO DA VINCI,EMPOLI,FIRENZE,TOSCANA,SCUOLA PRIMARIA,,FIEE82201Q,"CAP.""L. DA VINCI""",SIGNA,FIRENZE,TOSCANA,SCUOLA PRIMARIA,,6,2.089
202425,0.346,42,statale,SCUOLA PRIMARIA,1,PVEE82505Q,CABRAL,PAVIA,PAVIA,LOMBARDIA,SCUOLA PRIMARIA,,PVEE82503N,PASCOLI,PAVIA,PAVIA,LOMBARDIA,SCUOLA PRIMARIA,,3,0.46
202425,0.346,42,statale,SCUOLA PRIMARIA,1,PVEE82505Q,CABRAL,PAVIA,PAVIA,LOMBARDIA,SCUOLA PRIMARIA,,PVEE828024,PAVIA VIA SCOPOLI - DE AMICIS,PAVIA,PAVIA,LOMBARDIA,SCUOLA PRIMARIA,,1,0.595
202425,0.346,42,statale,SCUOLA PRIMARIA,1,ATEE817024,'BAUSSANO' ASTI,ASTI,ASTI,PIEMONTE,SCUOLA PRIMARIA,,ATEE817013,CAGNI - ASTI,ASTI,ASTI,PIEMONTE,SCUOLA PRIMARIA,,3,0.345
202425,0.346,42,statale,SCUOLA PRIMARIA,1,ATEE817024,'BAUSSANO' ASTI,ASTI,ASTI,PIEMONTE,SCUOLA PRIMARIA,,ATEE817035,CAVOUR - ASTI,ASTI,ASTI,PIEMONTE,SCUOLA PRIMARIA,,1,0.701
202425,0.346,42,statale,SCUOLA PRIMARIA,1,RMEE8G7024,SANTA PALOMBA - G. D'ORAZIO,POMEZIA,ROMA,LAZIO,SCUOLA PRIMARIA,,RMEE8AX018,ALBANO - CANCELLIERA,ALBANO LAZIALE,ROMA,LAZIO,SCUOLA PRIMARIA,,3,3.083
202425,0.346,42,statale,SCUOLA PRIMARIA,1,VEEE846017,F. QUERINI,VENEZIA,VENEZIA,VENETO,SCUOLA PRIMARIA,,VEEE827041,G.C.PAROLARI-ZELARINO,VENEZIA,VENEZIA,VENETO,SCUOLA PRIMARIA,,2,2.752
202425,0.346,42,statale,SCUOLA PRIMARIA,1,VEEE846017,F. QUERINI,VENEZIA,VENEZIA,VENETO,SCUOLA PRIMARIA,,VEEE827063,EX VILLA MEDICO,VENEZIA,VENEZIA,VENETO,SCUOLA PRIMARIA,,5,3.275
202425,0.346,42,statale,SCUOLA PRIMARIA,1,VEEE846017,F. QUERINI,VENEZIA,VENEZIA,VENETO,SCUOLA PRIMARIA,,VEEE84401G,A. FUSINATO-MAROCCO,VENEZIA,VENEZIA,VENETO,SCUOLA PRIMARIA,,6,4.164
202425,0.346,42,statale,SCUOLA PRIMARIA,1,VEEE846017,F. QUERINI,VENEZIA,VENEZIA,VENETO,SCUOLA PRIMARIA,,VEEE834033,DIEGO VALERI,VENEZIA,VENEZIA,VENETO,SCUOLA PRIMARIA,,1,4.179
202425,0.346,42,statale,SCUOLA PRIMARIA,1,BSEE87704G,PRIMARIA CANOSSI BRESCIA,BRESCIA,BRESCIA,LOMBARDIA,SCUOLA PRIMARIA,,BSEE87703E,PRIMARIA PRANDINI BRESCIA,BRESCIA,BRESCIA,LOMBARDIA,SCUOLA PRIMARIA,,3,2.872
202425,0.346,42,statale,SCUOLA PRIMARIA,1,BSEE87704G,PRIMARIA CANOSSI BRESCIA,BRESCIA,BRESCIA,LOMBARDIA,SCUOLA PRIMARIA,,BSEE80402Q,PRIMARIA DI CAPODIMONTE,CASTENEDOLO,BRESCIA,LOMBARDIA,SCUOLA PRIMARIA,,3,3.18
202425,0.346,42,statale,SCUOLA PRIMARIA,1,BSEE88304V,PRIMARIA CORRIDONI BRESCIA,BRESCIA,BRESCIA,LOMBARDIA,SCUOLA PRIMARIA,,BSEE80402Q,PRIMARIA DI CAPODIMONTE,CASTENEDOLO,BRESCIA,LOMBARDIA,SCUOLA PRIMARIA,,3,0.567
202425,0.346,42,statale,SCUOLA PRIMARIA,1,BSEE88304V,PRIMARIA CORRIDONI BRESCIA,BRESCIA,BRESCIA,LOMBARDIA,SCUOLA PRIMARIA,,BSEE88301Q,PRIMARIA 28 MAGGIO BRESCIA,BRESCIA,BRESCIA,LOMBARDIA,SCUOLA PRIMARIA,,2,0.933
202425,0.346,42,statale,SCUOLA PRIMARIA,1,CNEE85901C,MONDOVI' PRIMARIA ALTIPIANO,MONDOVI',CUNEO,PIEMONTE,SCUOLA PRIMARIA,,CNEE85802N,MONDOVI' CAPOL. BORGO FERRONE,MONDOVI',CUNEO,PIEMONTE,SCUOLA PRIMARIA,,2,0.689
202425,0.346,42,statale,SCUOLA PRIMARIA,1,CNEE85901C,MONDOVI' PRIMARIA ALTIPIANO,MONDOVI',CUNEO,PIEMONTE,SCUOLA PRIMARIA,,CNEE85902D,PRIMARIA BORGO ARAGNO,MONDOVI',CUNEO,PIEMONTE,SCUOLA PRIMARIA,,3,1.394
202425,0.346,42,statale,SCUOLA PRIMARIA,1,MOEE839022,"""COLLODI ""CARPI",CARPI,MODENA,EMILIA ROMAGNA,SCUOLA PRIMARIA,,MOEE82201G,"""MARIANNA SALTINI"" CARPI",CARPI,MODENA,EMILIA ROMAGNA,SCUOLA PRIMARIA,,3,0.664
202425,0.346,42,statale,SCUOLA PRIMARIA,1,PDEE884021,FERRARI-PD,PADOVA,PADOVA,VENETO,SCUOLA PRIMARIA,,PDEE847011,"NOVENTA PADOVANA ""A.FRANK """,NOVENTA PADOVANA,PADOVA,VENETO,SCUOLA PRIMARIA,,5,2.276
202425,0.346,42,statale,SCUOLA PRIMARIA,1,VREE87801A,A.VIVALDI-STADIO-B.GO MILANO,VERONA,VERONA,VENETO,SCUOLA PRIMARIA,,VREE89203P,BARBARANI BERTO,VERONA,VERONA,VENETO,SCUOLA PRIMARIA,,3,1.059
202425,0.346,42,statale,SCUOLA PRIMARIA,1,MNEE82801T,LUNETTA - 'SALVADOR ALLENDE',MANTOVA,MANTOVA,LOMBARDIA,SCUOLA PRIMARIA,,MNEE82902P,NIEVO,MANTOVA,MANTOVA,LOMBARDIA,SCUOLA PRIMARIA,,5,0.529
202425,0.346,42,statale,SCUOLA PRIMARIA,1,MNEE82801T,LUNETTA - 'SALVADOR ALLENDE',MANTOVA,MANTOVA,LOMBARDIA,SCUOLA PRIMARIA,,MNEE82901N,ARDIGO',MANTOVA,MANTOVA,LOMBARDIA,SCUOLA PRIMARIA,,1,0.555
202425,0.346,42,statale,SCUOLA PRIMARIA,1,FIEE813033,BARGELLINI,FIRENZE,FIRENZE,TOSCANA,SCUOLA PRIMARIA,,FIEE86002G,VAMBA,FIRENZE,FIRENZE,TOSCANA,SCUOLA PRIMARIA,,9,0.546
202425,0.346,42,statale,SCUOLA PRIMARIA,1,PREE83602T,FILIPPO CORRIDONI,PARMA,PARMA,EMILIA ROMAGNA,SCUOLA PRIMARIA,,PREE827012,J. SANVITALE,PARMA,PARMA,EMILIA ROMAGNA,SCUOLA PRIMARIA,,3,0.45
202425,0.346,42,statale,SCUOLA PRIMARIA,1,PREE83602T,FILIPPO CORRIDONI,PARMA,PARMA,EMILIA ROMAGNA,SCUOLA PRIMARIA,,PREE020018,CORAZZA,PARMA,PARMA,EMILIA ROMAGNA,SCUOLA PRIMARIA,,6,1.317
202425,0.346,42,statale,SCUOLA PRIMARIA,1,PREE83801C,BRUNO FERRARI,LANGHIRANO,PARMA,EMILIA ROMAGNA,SCUOLA PRIMARIA,,PREE815083,PRIMARIA DIAZ LESIGNANO,LESIGNANO DE' BAGNI,PARMA,EMILIA ROMAGNA,SCUOLA PRIMARIA,,9,3.912
202425,0.346,42,statale,SCUOLA PRIMARIA,1,PREE83801C,BRUNO FERRARI,LANGHIRANO,PARMA,EMILIA ROMAGNA,SCUOLA PRIMARIA,,PREE83802D,LUIGI RICCARDI,LANGHIRANO,PARMA,EMILIA ROMAGNA,SCUOLA PRIMARIA,,4,4.854
202425,0.346,42,statale,SCUOLA PRIMARIA,1,BGEE825017,SCUOLA PRIMARIA PAGAZZANO,PAGAZZANO,BERGAMO,LOMBARDIA,SCUOLA PRIMARIA,,BGEE897026,"BRIGNANO G. D'ADDA ""LOCATELLI""",BRIGNANO GERA D'ADDA,BERGAMO,LOMBARDIA,SCUOLA PRIMARIA,,4,2.158
202425,0.346,42,statale,SCUOLA PRIMARIA,1,BSEE816011,"BRESCIA ""MANZONI""",BRESCIA,BRESCIA,LOMBARDIA,SCUOLA PRIMARIA,,BSEE88301Q,PRIMARIA 28 MAGGIO BRESCIA,BRESCIA,BRESCIA,LOMBARDIA,SCUOLA PRIMARIA,,4,2.16
202425,0.346,42,statale,SCUOLA PRIMARIA,1,GOEE814049,SCUOLA PRIMARIA ELISA FRINTA,GORIZIA,GORIZIA,FRIULI-VENEZIA G.,SCUOLA PRIMARIA,,GOEE81302B,FRANCESCO RISMONDO,GORIZIA,GORIZIA,FRIULI-VENEZIA G.,SCUOLA PRIMARIA,,5,0.787
202425,0.346,42,statale,SCUOLA PRIMARIA,1,LCEE82701B,LECCO DE AMICIS,LECCO,LECCO,LOMBARDIA,SCUOLA PRIMARIA,,LCEE828017,"SC. PRIM. ""A. MANZONI"" CIVATE",CIVATE,LECCO,LOMBARDIA,SCUOLA PRIMARIA,,2,0.776
202425,0.346,42,statale,SCUOLA PRIMARIA,1,MIEE80901X,PRIMARIA - VIA ANTONINI,MILANO,MILANO,LOMBARDIA,SCUOLA PRIMARIA,,MIEE809032,PRIMARIA WOLF FERRARI,MILANO,MILANO,LOMBARDIA,SCUOLA PRIMARIA,,2,0.996
202425,0.346,42,statale,SCUOLA PRIMARIA,1,MIEE88902T,PRIMARIA CURIEL,CORSICO,MILANO,LOMBARDIA,SCUOLA PRIMARIA,,MIEE8ES038,PRIMARIA D. ALIGHIERI,CESANO BOSCONE,MILANO,LOMBARDIA,SCUOLA PRIMARIA,,7,0.646
202425,0.346,42,statale,SCUOLA PRIMARIA,1,MIEE8AZ02G,PRIMARIA XXV APRILE,SESTO SAN GIOVANNI,MILANO,LOMBARDIA,SCUOLA PRIMARIA,,MIEE8A0014,PRIMARIA G. PASCOLI,SESTO SAN GIOVANNI,MILANO,LOMBARDIA,SCUOLA PRIMARIA,,6,2.084
202425,0.346,42,statale,SCUOLA PRIMARIA,1,MNEE83101N,CICOGNARA,VIADANA,MANTOVA,LOMBARDIA,SCUOLA PRIMARIA,,MNEE83102P,COGOZZO,VIADANA,MANTOVA,LOMBARDIA,SCUOLA PRIMARIA,,4,3.179
202425,0.346,42,statale,SCUOLA PRIMARIA,1,PIEE820042,DANTE ALIGHIERI,PONTEDERA,PISA,TOSCANA,SCUOLA PRIMARIA,,PIEE838014,A.SAFFI,PONTEDERA,PISA,TOSCANA,SCUOLA PRIMARIA,,5,1.015
202425,0.346,42,statale,SCUOLA PRIMARIA,1,POEE804016,C.COLLODI,PRATO,PRATO,TOSCANA,SCUOLA PRIMARIA,,POEE819043,LAURA POLI,PRATO,PRATO,TOSCANA,SCUOLA PRIMARIA,,1,1.397
202425,0.346,42,statale,SCUOLA PRIMARIA,1,POEE804016,C.COLLODI,PRATO,PRATO,TOSCANA,SCUOLA PRIMARIA,,POEE805012,LE FONTI,PRATO,PRATO,TOSCANA,SCUOLA PRIMARIA,,4,1.775
202425,0.346,42,statale,SCUOLA PRIMARIA,1,POEE804016,C.COLLODI,PRATO,PRATO,TOSCANA,SCUOLA PRIMARIA,,POEE817018,FABRIZIO DE ANDRE',PRATO,PRATO,TOSCANA,SCUOLA PRIMARIA,,7,2.122
202425,0.346,42,statale,SCUOLA PRIMARIA,1,PREE827023,ULISSE ADORNI,PARMA,PARMA,EMILIA ROMAGNA,SCUOLA PRIMARIA,,PREE020018,CORAZZA,PARMA,PARMA,EMILIA ROMAGNA,SCUOLA PRIMARIA,,6,2.273
202425,0.346,42,statale,SCUOLA PRIMARIA,1,RAEE82202G,"""PIRAZZINI A.""",FAENZA,RAVENNA,EMILIA ROMAGNA,SCUOLA PRIMARIA,,RAEE817013,"""CARCHIDIO F.""",FAENZA,RAVENNA,EMILIA ROMAGNA,SCUOLA PRIMARIA,,6,1.024
202425,0.346,42,statale,SCUOLA PRIMARIA,1,RMEE86701C,TOMBA DI NERONE,ROMA,ROMA,LAZIO,SCUOLA PRIMARIA,,RMEE8BV017,PARCO DI VEIO,ROMA,ROMA,LAZIO,SCUOLA PRIMARIA,,1,1.171
202425,0.346,42,statale,SCUOLA PRIMARIA,1,RMEE8EM02B,VIA SATTA - SCUOLA PRIMARIA,ROMA,ROMA,LAZIO,SCUOLA PRIMARIA,,RMEE8EM03C,B. CRIVELLI - SCUOLA PRIMARIA,ROMA,ROMA,LAZIO,SCUOLA PRIMARIA,,3,0.297
202425,0.346,42,statale,SCUOLA PRIMARIA,1,TOEE8BX02E,I.C. BOSSO - VIDARI,TORINO,TORINO,PIEMONTE,SCUOLA PRIMARIA,,TOEE8BZ026,I.C. ANTONELLI-CASALEGNOMILANI,TORINO,TORINO,PIEMONTE,SCUOLA PRIMARIA,,1,0.657
202425,0.346,42,statale,SCUOLA PRIMARIA,1,TOEE8BX02E,I.C. BOSSO - VIDARI,TORINO,TORINO,PIEMONTE,SCUOLA PRIMARIA,,TOEE8BZ015,I.C. ANTONELLI-CASALEGNO -CAP.,TORINO,TORINO,PIEMONTE,SCUOLA PRIMARIA,,2,0.865
202425,0.346,42,statale,SCUOLA PRIMARIA,1,VREE882023,LUDOVICO ARIOSTO-VR 11,VERONA,VERONA,VENETO,SCUOLA PRIMARIA,,VREE83006E,L. MILANI PALAZZINA,VERONA,VERONA,VENETO,SCUOLA PRIMARIA,,4,2.501
202425,0.346,42,statale,SCUOLA PRIMARIA,1,VREE882023,LUDOVICO ARIOSTO-VR 11,VERONA,VERONA,VENETO,SCUOLA PRIMARIA,,VREE83002A,LE RISORGIVE CADIDAVID,VERONA,VERONA,VENETO,SCUOLA PRIMARIA,,1,2.788
202425,0.346,42,statale,SCUOLA PRIMARIA,1,VREE890011,"""CARDUCCI G.""VR 15 B.GO VENEZIA",VERONA,VERONA,VENETO,SCUOLA PRIMARIA,,VREE89102T,"""RODARI""",VERONA,VERONA,VENETO,SCUOLA PRIMARIA,,5,0.39
202425,0.346,42,statale,SCUOLA PRIMARIA,1,BOEE853019,GUALANDI - I.C. N. 10 BOLOGNA,BOLOGNA,BOLOGNA,EMILIA ROMAGNA,SCUOLA PRIMARIA,,BOEE81705A,GIORDANI,BOLOGNA,BOLOGNA,EMILIA ROMAGNA,SCUOLA PRIMARIA,,1,0.839
202425,0.346,42,statale,SCUOLA PRIMARIA,1,BOEE853019,GUALANDI - I.C. N. 10 BOLOGNA,BOLOGNA,BOLOGNA,EMILIA ROMAGNA,SCUOLA PRIMARIA,,BOEE85302A,CARLO CHIOSTRI,BOLOGNA,BOLOGNA,EMILIA ROMAGNA,SCUOLA PRIMARIA,,6,0.889
202425,0.346,42,statale,SCUOLA PRIMARIA,1,BOEE853019,GUALANDI - I.C. N. 10 BOLOGNA,BOLOGNA,BOLOGNA,EMILIA ROMAGNA,SCUOLA PRIMARIA,,BOEE854015,DON MINZONI I.C. N. 11 BOLOGNA,BOLOGNA,BOLOGNA,EMILIA ROMAGNA,SCUOLA PRIMARIA,,3,1.16
202425,0.346,42,statale,SCUOLA PRIMARIA,1,BSEE88501B,PRIMARIA VOLTA BRESCIA,BRESCIA,BRESCIA,LOMBARDIA,SCUOLA PRIMARIA,,BSEE87005T,SONICO CAP.,SONICO,BRESCIA,LOMBARDIA,SCUOLA PRIMARIA,,4,2.538
202425,0.346,42,statale,SCUOLA PRIMARIA,1,BSEE88501B,PRIMARIA VOLTA BRESCIA,BRESCIA,BRESCIA,LOMBARDIA,SCUOLA PRIMARIA,,BSEE887035,PRIMARIA E. MONTALE BRESCIA,BRESCIA,BRESCIA,LOMBARDIA,SCUOLA PRIMARIA,,3,2.544
202425,0.346,42,statale,SCUOLA PRIMARIA,1,GEEE85101L,S.EL. - A.CANTORE -,GENOVA,GENOVA,LIGURIA,SCUOLA PRIMARIA,,GEEE85202D,S.EL. - E.SALGARI -,GENOVA,GENOVA,LIGURIA,SCUOLA PRIMARIA,,3,0.868
202425,0.346,42,statale,SCUOLA PRIMARIA,1,GEEE85101L,S.EL. - A.CANTORE -,GENOVA,GENOVA,LIGURIA,SCUOLA PRIMARIA,,GEEE83603L,SC.ELEM. DON BOSCO,GENOVA,GENOVA,LIGURIA,SCUOLA PRIMARIA,,5,0.934
202425,0.346,42,statale,SCUOLA PRIMARIA,1,GEEE85101L,S.EL. - A.CANTORE -,GENOVA,GENOVA,LIGURIA,SCUOLA PRIMARIA,,GEEE85103P,S.EL. - F.TAVIANI -,GENOVA,GENOVA,LIGURIA,SCUOLA PRIMARIA,,5,1.021
202425,0.346,42,statale,SCUOLA PRIMARIA,1,GEEE85101L,S.EL. - A.CANTORE -,GENOVA,GENOVA,LIGURIA,SCUOLA PRIMARIA,,GEEE83602G,S.EL. - C.SBARBARO -,GENOVA,GENOVA,LIGURIA,SCUOLA PRIMARIA,,1,1.698
202425,0.346,42,statale,SCUOLA PRIMARIA,1,GEEE85101L,S.EL. - A.CANTORE -,GENOVA,GENOVA,LIGURIA,SCUOLA PRIMARIA,,GEEE812012,S.EL. - A.MAMELI -,GENOVA,GENOVA,LIGURIA,SCUOLA PRIMARIA,,6,1.79
202425,0.346,42,statale,SCUOLA PRIMARIA,1,GEEE85101L,S.EL. - A.CANTORE -,GENOVA,GENOVA,LIGURIA,SCUOLA PRIMARIA,,GEEE812023,S.EL. - MONTEGRAPPA -,GENOVA,GENOVA,LIGURIA,SCUOLA PRIMARIA,,7,2.132
202425,0.346,42,statale,SCUOLA PRIMARIA,1,GEEE85101L,S.EL. - A.CANTORE -,GENOVA,GENOVA,LIGURIA,SCUOLA PRIMARIA,,GEEE841012,SC.ELEM. 2 GIUGNO,GENOVA,GENOVA,LIGURIA,SCUOLA PRIMARIA,,4,2.547
202425,0.346,42,statale,SCUOLA PRIMARIA,1,MIEE8BL038,PRIMARIA GIANNI RODARI,PIOLTELLO,MILANO,LOMBARDIA,SCUOLA PRIMARIA,,MIEE8CA037,PRIMARIA ALICE STURIALE,INZAGO,MILANO,LOMBARDIA,SCUOLA PRIMARIA,,9,0.795
202425,0.346,42,statale,SCUOLA PRIMARIA,1,MIEE8AF024,PRIMARIA VIA A. GRAF 70,MILANO,MILANO,LOMBARDIA,SCUOLA PRIMARIA,,MIEE8BR02P,PRIMARIA MARIA MONTESSORI,NOVATE MILANESE,MILANO,LOMBARDIA,SCUOLA PRIMARIA,,7,1.753
202425,0.346,42,statale,SCUOLA PRIMARIA,1,TOEE8BD023,I.C. ILARIA ALPI - DELEDDA,TORINO,TORINO,PIEMONTE,SCUOLA PRIMARIA,,TOEE87501V,SCUOLA PRIMARIA ANTONELLI,TORINO,TORINO,PIEMONTE,SCUOLA PRIMARIA,,3,2.243
202425,0.346,42,statale,SCUOLA PRIMARIA,1,TOEE8BD023,I.C. ILARIA ALPI - DELEDDA,TORINO,TORINO,PIEMONTE,SCUOLA PRIMARIA,,TOEE8AX01V,I.C. I SAN MAURO - N. COSTA,SAN MAURO TORINESE,TORINO,PIEMONTE,SCUOLA PRIMARIA,,3,2.293
202425,0.346,42,statale,SCUOLA PRIMARIA,1,SPEE815036,"""DON ANTONIO MORI"" - 2 GIUGNO",LA SPEZIA,LA SPEZIA,LIGURIA,SCUOLA PRIMARIA,,SPEE815025,"""NELLO OLIVIERI"" - REBOCCO",LA SPEZIA,LA SPEZIA,LIGURIA,SCUOLA PRIMARIA,,6,0.454
202425,0.346,42,statale,SCUOLA PRIMARIA,1,PCEE002096,G.MAZZINI,PIACENZA,PIACENZA,EMILIA ROMAGNA,SCUOLA PRIMARIA,,PCEE00304R,ALCIDE DE GASPERI,PIACENZA,PIACENZA,EMILIA ROMAGNA,SCUOLA PRIMARIA,,7,2.036
202425,0.346,42,statale,SCUOLA PRIMARIA,1,TOEE87802B,I.C. UMBERTO SABA -L. RADICE,TORINO,TORINO,PIEMONTE,SCUOLA PRIMARIA,,TOEE8A402C,I.C. VENARIA II - RIGOLA,VENARIA REALE,TORINO,PIEMONTE,SCUOLA PRIMARIA,,4,2.744
202425,0.346,42,statale,SCUOLA PRIMARIA,1,VEEE847035,S. BARBARA,VENEZIA,VENEZIA,VENETO,SCUOLA PRIMARIA,,VEEE83702D,GIOVANNI XXIII,MARTELLAGO,VENEZIA,VENETO,SCUOLA PRIMARIA,,1,4.144
202425,0.346,42,statale,SCUOLA PRIMARIA,1,VEEE847035,S. BARBARA,VENEZIA,VENEZIA,VENETO,SCUOLA PRIMARIA,,VEEE86004L,A. VIVALDI- TEMPO PIENO,SPINEA,VENEZIA,VENETO,SCUOLA PRIMARIA,,4,4.19
202425,0.346,42,statale,SCUOLA PRIMARIA,1,VEEE847035,S. BARBARA,VENEZIA,VENEZIA,VENETO,SCUOLA PRIMARIA,,VEEE861019,"""ANNA FRANK""",SPINEA,VENEZIA,VENETO,SCUOLA PRIMARIA,,3,4.459
202425,0.346,42,statale,SCUOLA PRIMARIA,1,NAEE8ER03L,NA IC 10 LEVI - 19/0,NAPOLI,NAPOLI,CAMPANIA,SCUOLA PRIMARIA,,NAEE8AF01L,NA IC VIRGILIO IV - PLESSO 10H,NAPOLI,NAPOLI,CAMPANIA,SCUOLA PRIMARIA,,6,0.0
202425,0.346,42,statale,SCUOLA PRIMARIA,1,PDEE882018,ANDREA MANTEGNA - PD,PADOVA,PADOVA,VENETO,SCUOLA PRIMARIA,,PDEE87903E,CESAROTTI ARRIA,PADOVA,PADOVA,VENETO,SCUOLA PRIMARIA,,3,2.64
202425,0.346,42,statale,SCUOLA PRIMARIA,1,PDEE882018,ANDREA MANTEGNA - PD,PADOVA,PADOVA,VENETO,SCUOLA PRIMARIA,,PDEE88001L,ARDIGO'-PD,PADOVA,PADOVA,VENETO,SCUOLA PRIMARIA,,2,2.743
202425,0.346,42,statale,SCUOLA PRIMARIA,1,TVEE869021,G. PASCOLI - VIALE ISTRIA,CONEGLIANO,TREVISO,VENETO,SCUOLA PRIMARIA,,TVEE86706D,SAN FRANCESCO,CONEGLIANO,TREVISO,VENETO,SCUOLA PRIMARIA,,2,0.469
202425,0.346,42,statale,SCUOLA PRIMARIA,1,RMEE81401X,DI DONATO,ROMA,ROMA,LAZIO,SCUOLA PRIMARIA,,RMEE81701B,BONGHI,ROMA,ROMA,LAZIO,SCUOLA PRIMARIA,,11,0.744
202425,0.346,42,statale,SCUOLA PRIMARIA,1,RMEE8FS03B,PASCOLI,ROMA,ROMA,LAZIO,SCUOLA PRIMARIA,,RMEE8FS02A,V.CUOCO,ROMA,ROMA,LAZIO,SCUOLA PRIMARIA,,5,0.369
202425,0.346,42,statale,SCUOLA PRIMARIA,1,RMEE8FS03B,PASCOLI,ROMA,ROMA,LAZIO,SCUOLA PRIMARIA,,RMEE8EM01A,RANDACCIO - SCUOLA PRIMARIA,ROMA,ROMA,LAZIO,SCUOLA PRIMARIA,,4,0.392
202425,0.346,42,statale,SCUOLA PRIMARIA,1,VTEE827014,"PRIMARIA ""SIRTO SACCHETTI""",ORTE,VITERBO,LAZIO,SCUOLA PRIMARIA,,VTEE827025,"PRIMARIA ""DON P. ARCANGELI""",ORTE,VITERBO,LAZIO,SCUOLA PRIMARIA,,3,3.197
202425,0.346,42,statale,SCUOLA PRIMARIA,1,MIEE8GF02Q,PRIMARIA A.MANZONI,BRESSO,MILANO,LOMBARDIA,SCUOLA PRIMARIA,,MIEE8GE01V,PRIMARIA ROMANI,BRESSO,MILANO,LOMBARDIA,SCUOLA PRIMARIA,,9,0.58
202425,0.346,42,statale,SCUOLA PRIMARIA,1,ALEE82701L,ALESSANDRIA VIA SCLAVO,ALESSANDRIA,ALESSANDRIA,PIEMONTE,SCUOLA PRIMARIA,,ALEE82801C,"ALESSANDRIA ""P.MORANDO""",ALESSANDRIA,ALESSANDRIA,PIEMONTE,SCUOLA PRIMARIA,,5,0.733
202425,0.346,42,statale,SCUOLA PRIMARIA,1,ALEE82702N,"ALESSANDRIA ""E.DE AMICIS""",ALESSANDRIA,ALESSANDRIA,PIEMONTE,SCUOLA PRIMARIA,,ALEE82801C,"ALESSANDRIA ""P.MORANDO""",ALESSANDRIA,ALESSANDRIA,PIEMONTE,SCUOLA PRIMARIA,,6,1.148
202425,0.346,42,statale,SCUOLA PRIMARIA,1,ALEE82702N,"ALESSANDRIA ""E.DE AMICIS""",ALESSANDRIA,ALESSANDRIA,PIEMONTE,SCUOLA PRIMARIA,,ALEE825022,"ALESSANDRIA ""VILLAGGIO EUROPA""",ALESSANDRIA,ALESSANDRIA,PIEMONTE,SCUOLA PRIMARIA,,1,1.278
202425,0.346,42,statale,SCUOLA PRIMARIA,1,BGEE83202B,CALCIO,CALCIO,BERGAMO,LOMBARDIA,SCUOLA PRIMARIA,,BSEE86101V,RUDIANO CAP.'M.A.CHIECCA',RUDIANO,BRESCIA,LOMBARDIA,SCUOLA PRIMARIA,,4,3.56
202425,0.346,42,statale,SCUOLA PRIMARIA,1,MOEE816018,"""L. CASOLARI"" SERRAMAZZONI",SERRAMAZZONI,MODENA,EMILIA ROMAGNA,SCUOLA PRIMARIA,,MOEE811015,"""M. DI CANOSSA"" MONTEFIORINO",MONTEFIORINO,MODENA,EMILIA ROMAGNA,SCUOLA PRIMARIA,,4,4.497
202425,0.346,42,statale,SCUOLA PRIMARIA,1,NOEE82403L,"""DE AMICIS""",NOVARA,NOVARA,PIEMONTE,SCUOLA PRIMARIA,,NOEE83101N,"""BOTTACCHI""",NOVARA,NOVARA,PIEMONTE,SCUOLA PRIMARIA,,2,0.655
202425,0.346,42,statale,SCUOLA PRIMARIA,1,RGEE81302T,FRAZ. CAVA D'ALIGA,SCICLI,RAGUSA,SICILIA,SCUOLA PRIMARIA,,RGEE83501N,G. CARUANO PRIMARIA,VITTORIA,RAGUSA,SICILIA,SCUOLA PRIMARIA,,1,2.308
202425,0.346,42,statale,SCUOLA PRIMARIA,1,NOEE82303R,""" DON PONZETTO """,NOVARA,NOVARA,PIEMONTE,SCUOLA PRIMARIA,,NOEE82402G,"""RODARI""",NOVARA,NOVARA,PIEMONTE,SCUOLA PRIMARIA,,1,1.821
202425,0.346,42,statale,SCUOLA PRIMARIA,1,NOEE82303R,""" DON PONZETTO """,NOVARA,NOVARA,PIEMONTE,SCUOLA PRIMARIA,,NOEE82302Q,"""M.COPPINO""",NOVARA,NOVARA,PIEMONTE,SCUOLA PRIMARIA,,5,2.337
202425,0.346,42,statale,SCUOLA PRIMARIA,1,GEEE83703C,S.EL. - O.FOGLIETTA -,GENOVA,GENOVA,LIGURIA,SCUOLA PRIMARIA,,GEEE838016,S.EL. - S.GIOVANNI BATTISTA -,GENOVA,GENOVA,LIGURIA,SCUOLA PRIMARIA,,8,0.67
202425,0.346,42,statale,SCUOLA PRIMARIA,1,PCEE00402E,CADUTI SUL LAVORO,PIACENZA,PIACENZA,EMILIA ROMAGNA,SCUOLA PRIMARIA,,PCEE00801R,DON G. MINZONI,PIACENZA,PIACENZA,EMILIA ROMAGNA,SCUOLA PRIMARIA,,9,2.807
202425,0.346,42,statale,SCUOLA PRIMARIA,1,PCEE00402E,CADUTI SUL LAVORO,PIACENZA,PIACENZA,EMILIA ROMAGNA,SCUOLA PRIMARIA,,PCEE002108,FRAZ. MUCINASSO,PIACENZA,PIACENZA,EMILIA ROMAGNA,SCUOLA PRIMARIA,,1,3.019
202425,0.346,42,statale,SCUOLA PRIMARIA,1,ALEE82805L,"ALESSANDRIA ""G.BOVIO""",ALESSANDRIA,ALESSANDRIA,PIEMONTE,SCUOLA PRIMARIA,,ALEE82802D,"ALESSANDRIA ""S.SANTAROSA""",ALESSANDRIA,ALESSANDRIA,PIEMONTE,SCUOLA PRIMARIA,,8,0.934
202425,0.346,42,statale,SCUOLA PRIMARIA,1,BGEE8AD01R,"TREVIGLIO ""BATTISTI""",TREVIGLIO,BERGAMO,LOMBARDIA,SCUOLA PRIMARIA,,BGEE83701D,CALVENZANO,CALVENZANO,BERGAMO,LOMBARDIA,SCUOLA PRIMARIA,,5,1.996
202425,0.346,42,statale,SCUOLA PRIMARIA,1,GEEE81403Q,SC.PRIMARIA DI ROSSIGLIONE,ROSSIGLIONE,GENOVA,LIGURIA,SCUOLA PRIMARIA,,GEEE81402P,SC.PRIMARIA DI CAMPO LIGURE,CAMPO LIGURE,GENOVA,LIGURIA,SCUOLA PRIMARIA,,2,3.569
202425,0.346,42,statale,SCUOLA PRIMARIA,1,PVEE830024,VIDARI,VIGEVANO,PAVIA,LOMBARDIA,SCUOLA PRIMARIA,,PVEE83301E,VIG.VIA BOTTO - RAMELLA,VIGEVANO,PAVIA,LOMBARDIA,SCUOLA PRIMARIA,,11,1.165
202425,0.346,42,statale,SCUOLA PRIMARIA,1,PVEE830024,VIDARI,VIGEVANO,PAVIA,LOMBARDIA,SCUOLA PRIMARIA,,PVEE83202Q,DON MILANI,VIGEVANO,PAVIA,LOMBARDIA,SCUOLA PRIMARIA,,4,1.284
202425,0.346,42,statale,SCUOLA PRIMARIA,1,AQEE84001V,"""AGOSTINO PERSIA""",AVEZZANO,L'AQUILA,ABRUZZO,SCUOLA PRIMARIA,,AQEE84002X,"""G.MAZZINI""",AVEZZANO,L'AQUILA,ABRUZZO,SCUOLA PRIMARIA,,6,1.066
202425,0.346,42,statale,SCUOLA PRIMARIA,1,CREE821041,"""GUIDO MIGLIOLI""",CREMONA,CREMONA,LOMBARDIA,SCUOLA PRIMARIA,,CREE82101T,"""TRENTO TRIESTE""",CREMONA,CREMONA,LOMBARDIA,SCUOLA PRIMARIA,,3,1.923
202425,0.346,42,statale,SCUOLA PRIMARIA,1,MIEE8AZ01B,PRIMARIA G. ROVANI,SESTO SAN GIOVANNI,MILANO,LOMBARDIA,SCUOLA PRIMARIA,,MIEE8A0014,PRIMARIA G. PASCOLI,SESTO SAN GIOVANNI,MILANO,LOMBARDIA,SCUOLA PRIMARIA,,1,1.617
202425,0.346,42,statale,SCUOLA PRIMARIA,1,MIEE8AZ01B,PRIMARIA G. ROVANI,SESTO SAN GIOVANNI,MILANO,LOMBARDIA,SCUOLA PRIMARIA,,MIEE81901E,PRIMARIA VIA MATTEI,MILANO,MILANO,LOMBARDIA,SCUOLA PRIMARIA,,3,2.15
202425,0.346,42,statale,SCUOLA PRIMARIA,1,MIEE8AZ01B,PRIMARIA G. ROVANI,SESTO SAN GIOVANNI,MILANO,LOMBARDIA,SCUOLA PRIMARIA,,MIEE8DF031,PRIMARIA G.B. PIRELLI,MILANO,MILANO,LOMBARDIA,SCUOLA PRIMARIA,,2,2.41
202425,0.346,42,statale,SCUOLA PRIMARIA,1,MIEE8DS01G,PRIMARIA CARLA FRACCI,MILANO,MILANO,LOMBARDIA,SCUOLA PRIMARIA,,MIEE87701E,PRIMARIA SACCO E VANZETTI,OPERA,MILANO,LOMBARDIA,SCUOLA PRIMARIA,,6,1.912
202425,0.346,42,statale,SCUOLA PRIMARIA,1,MIEE8AP01B,PRMARIA A. COSTA,CINISELLO BALSAMO,MILANO,LOMBARDIA,SCUOLA PRIMARIA,,MIEE8AS03T,PRIMARIA PARCO DEI FIORI,CINISELLO BALSAMO,MILANO,LOMBARDIA,SCUOLA PRIMARIA,,4,1.298
202425,0.346,42,statale,SCUOLA PRIMARIA,1,MIEE8AP01B,PRMARIA A. COSTA,CINISELLO BALSAMO,MILANO,LOMBARDIA,SCUOLA PRIMARIA,,MIEE8AS02R,PRIMARIA G. PARINI,CINISELLO BALSAMO,MILANO,LOMBARDIA,SCUOLA PRIMARIA,,4,1.559
202425,0.346,42,statale,SCUOLA PRIMARIA,1,TOEE8BM012,I.C. PINEROLO I - BATTISTI,PINEROLO,TORINO,PIEMONTE,SCUOLA PRIMARIA,,TOEE8BM034,I.C. PINEROLO I -GIOV. XXIII,PINEROLO,TORINO,PIEMONTE,SCUOLA PRIMARIA,,2,0.331
202425,0.346,42,statale,SCUOLA PRIMARIA,1,SVEE82205T,ALBENGA I - DON BARBERA,ALBENGA,SAVONA,LIGURIA,SCUOLA PRIMARIA,,SVEE82204R,ALBENGA I - VADINO,ALBENGA,SAVONA,LIGURIA,SCUOLA PRIMARIA,,2,0.497
202425,0.346,42,statale,SCUOLA PRIMARIA,1,SVEE82205T,ALBENGA I - DON BARBERA,ALBENGA,SAVONA,LIGURIA,SCUOLA PRIMARIA,,SVEE81506Q,ALBENGA II - PACCINI,ALBENGA,SAVONA,LIGURIA,SCUOLA PRIMARIA,,6,0.737
202425,0.346,42,statale,SCUOLA PRIMARIA,1,ALEE80701B,"SERRAVALLE SCRIVIA ""G.MARCONI""",SERRAVALLE SCRIVIA,ALESSANDRIA,PIEMONTE,SCUOLA PRIMARIA,,ALEE80703D,"STAZZANO ""A.FERRARI""",STAZZANO,ALESSANDRIA,PIEMONTE,SCUOLA PRIMARIA,,7,1.099
202425,0.346,42,statale,SCUOLA PRIMARIA,1,ALEE80701B,"SERRAVALLE SCRIVIA ""G.MARCONI""",SERRAVALLE SCRIVIA,ALESSANDRIA,PIEMONTE,SCUOLA PRIMARIA,,ALEE81301P,"ARQUATA SCRIVIA ""G.PASCOLI""",ARQUATA SCRIVIA,ALESSANDRIA,PIEMONTE,SCUOLA PRIMARIA,,1,4.624
202425,0.346,42,statale,SCUOLA PRIMARIA,1,AREE83701N,"""MASACCIO""",AREZZO,AREZZO,TOSCANA,SCUOLA PRIMARIA,,AREE835023,"""GAMURRINI""",AREZZO,AREZZO,TOSCANA,SCUOLA PRIMARIA,,3,0.738
202425,0.346,42,statale,SCUOLA PRIMARIA,1,BGEE84903T,ELEMENTARE MONTELLO,MONTELLO,BERGAMO,LOMBARDIA,SCUOLA PRIMARIA,,BGEE82402C,COSTA DI MEZZATE,COSTA DI MEZZATE,BERGAMO,LOMBARDIA,SCUOLA PRIMARIA,,4,1.063
202425,0.346,42,statale,SCUOLA PRIMARIA,1,BGEE84903T,ELEMENTARE MONTELLO,MONTELLO,BERGAMO,LOMBARDIA,SCUOLA PRIMARIA,,BGEE82401B,BAGNATICA,BAGNATICA,BERGAMO,LOMBARDIA,SCUOLA PRIMARIA,,2,2.042
202425,0.346,42,statale,SCUOLA PRIMARIA,1,CNEE813035,CEVA - CAPOLUOGO,CEVA,CUNEO,PIEMONTE,SCUOLA PRIMARIA,,CNEE813024,SALE DELLE LANGHE - CAPOLUOGO,SALE DELLE LANGHE,CUNEO,PIEMONTE,SCUOLA PRIMARIA,,2,3.876
202425,0.346,42,statale,SCUOLA PRIMARIA,1,CNEE813035,CEVA - CAPOLUOGO,CEVA,CUNEO,PIEMONTE,SCUOLA PRIMARIA,,CNEE82610G,COSTIGLIOLE SALUZZO,COSTIGLIOLE SALUZZO,CUNEO,PIEMONTE,SCUOLA PRIMARIA,,5,4.967
202425,0.346,42,statale,SCUOLA PRIMARIA,1,MBEE8B103D,VIA DELLA VITTORIA,AICURZIO,MONZA E DELLA BRIANZA,LOMBARDIA,SCUOLA PRIMARIA,,MBEE8B101B,VIA PETRARCA - BERNAREGGIO,BERNAREGGIO,MONZA E DELLA BRIANZA,LOMBARDIA,SCUOLA PRIMARIA,,2,0.579
202425,0.346,42,statale,SCUOLA PRIMARIA,1,MCEE827077,ENRICO FERMI,MACERATA,MACERATA,MARCHE,SCUOLA PRIMARIA,,MCEE827033,Q. RE PACE,MACERATA,MACERATA,MARCHE,SCUOLA PRIMARIA,,1,0.57
202425,0.346,42,statale,SCUOLA PRIMARIA,1,PDEE882029,DELEDDA -PD-,PADOVA,PADOVA,VENETO,SCUOLA PRIMARIA,,PDEE86501E,VIGODARZERE DON BOSCO,VIGODARZERE,PADOVA,VENETO,SCUOLA PRIMARIA,,3,1.937
202425,0.346,42,statale,SCUOLA PRIMARIA,1,PDEE882029,DELEDDA -PD-,PADOVA,PADOVA,VENETO,SCUOLA PRIMARIA,,PDEE846015,"""FALCONE-BORSELLINO""LOC.BRAGNI",CADONEGHE,PADOVA,VENETO,SCUOLA PRIMARIA,,1,2.606
202425,0.346,42,statale,SCUOLA PRIMARIA,1,RAEE811014,"""BRUNO PASINI""",RAVENNA,RAVENNA,EMILIA ROMAGNA,SCUOLA PRIMARIA,,RAEE811047,G. GARIBALDI,RAVENNA,RAVENNA,EMILIA ROMAGNA,SCUOLA PRIMARIA,,3,1.553
202425,0.346,42,statale,SCUOLA PRIMARIA,1,RAEE811014,"""BRUNO PASINI""",RAVENNA,RAVENNA,EMILIA ROMAGNA,SCUOLA PRIMARIA,,RAEE81003A,M. MORETTI,RAVENNA,RAVENNA,EMILIA ROMAGNA,SCUOLA PRIMARIA,,2,1.668
202425,0.346,42,statale,SCUOLA PRIMARIA,1,RAEE811014,"""BRUNO PASINI""",RAVENNA,RAVENNA,EMILIA ROMAGNA,SCUOLA PRIMARIA,,RAEE81902Q,CARUSO BALELLA,RAVENNA,RAVENNA,EMILIA ROMAGNA,SCUOLA PRIMARIA,,2,1.668
202425,0.346,42,statale,SCUOLA PRIMARIA,1,TOEE8BD034,I.C. ILARIA ALPI - D'ACQUISTO,TORINO,TORINO,PIEMONTE,SCUOLA PRIMARIA,,TOEE815017,"I.C. ""TOMMASEO""",TORINO,TORINO,PIEMONTE,SCUOLA PRIMARIA,,7,2.745
202425,0.346,42,statale,SCUOLA PRIMARIA,1,VEEE870014,F. GRIMANI-MARGHERA,VENEZIA,VENEZIA,VENETO,SCUOLA PRIMARIA,,VEEE869032,ELSA MORANTE,MIRA,VENEZIA,VENETO,SCUOLA PRIMARIA,,8,4.638
202425,0.346,42,statale,SCUOLA PRIMARIA,1,VREE89802L,"CASETTE - ""B.TOSI""",LEGNAGO,VERONA,VENETO,SCUOLA PRIMARIA,,VREE89804P,"VANGADIZZA ""DON MILANI""",LEGNAGO,VERONA,VENETO,SCUOLA PRIMARIA,,2,1.374
202425,0.346,42,statale,SCUOLA PRIMARIA,1,PREE826016,MICHELI,PARMA,PARMA,EMILIA ROMAGNA,SCUOLA PRIMARIA,,PREE834015,""" DON MILANI """,PARMA,PARMA,EMILIA ROMAGNA,SCUOLA PRIMARIA,,7,3.208
202425,0.346,42,statale,SCUOLA PRIMARIA,1,ATEE81301Q,GIULIANI - CANELLI,CANELLI,ASTI,PIEMONTE,SCUOLA PRIMARIA,,ATEE81302R,"""UMBERTO BOSCA""",CANELLI,ASTI,PIEMONTE,SCUOLA PRIMARIA,,3,0.463
202425,0.346,42,statale,SCUOLA PRIMARIA,1,ATEE81301Q,GIULIANI - CANELLI,CANELLI,ASTI,PIEMONTE,SCUOLA PRIMARIA,,ATEE81303T,GABRIELLA FERRO,SAN MARZANO OLIVETO,ASTI,PIEMONTE,SCUOLA PRIMARIA,,1,4.04
202425,0.346,42,statale,SCUOLA PRIMARIA,1,FOEE821015,MANZONI,FORLI',FORLI'-CESENA,EMILIA ROMAGNA,SCUOLA PRIMARIA,,FOEE82402N,I.C. 3 - BERSANI,FORLI',FORLI'-CESENA,EMILIA ROMAGNA,SCUOLA PRIMARIA,,3,1.544
202425,0.346,42,statale,SCUOLA PRIMARIA,1,MIEE895014,PRIMARIA M. MONTESSORI,SAN GIULIANO MILANESE,MILANO,LOMBARDIA,SCUOLA PRIMARIA,,MIEE8EM01T,PRIMARIA G.CAVALCANTI,SAN GIULIANO MILANESE,MILANO,LOMBARDIA,SCUOLA PRIMARIA,,7,0.744
202425,0.346,42,statale,SCUOLA PRIMARIA,1,APEE841014,"CAPOLUOGO ""LUIGI SALVADORI""",FERMO,FERMO,MARCHE,SCUOLA PRIMARIA,,APEE83703E,MARTIRI RESISTENZA,PORTO SANT'ELPIDIO,FERMO,MARCHE,SCUOLA PRIMARIA,,4,1.801
202425,0.346,42,statale,SCUOLA PRIMARIA,1,MIEE8CV03E,PRIMARIA MARTIRI DI GORLA,MILANO,MILANO,LOMBARDIA,SCUOLA PRIMARIA,,MIEE8GH01A,PRIMARIA BOTTEGO,MILANO,MILANO,LOMBARDIA,SCUOLA PRIMARIA,,5,1.283
202425,0.346,42,statale,SCUOLA PRIMARIA,1,MIEE8CV03E,PRIMARIA MARTIRI DI GORLA,MILANO,MILANO,LOMBARDIA,SCUOLA PRIMARIA,,MIEE8D4028,PRIMARIA B.MUNARI,MILANO,MILANO,LOMBARDIA,SCUOLA PRIMARIA,,4,2.176
202425,0.346,42,statale,SCUOLA PRIMARIA,1,MIEE8CV03E,PRIMARIA MARTIRI DI GORLA,MILANO,MILANO,LOMBARDIA,SCUOLA PRIMARIA,,MIEE8DF031,PRIMARIA G.B. PIRELLI,MILANO,MILANO,LOMBARDIA,SCUOLA PRIMARIA,,1,2.43
202425,0.346,42,statale,SCUOLA PRIMARIA,1,RMEE8DY046,SCUOLA PRIMARIA VIA LAZIO,LADISPOLI,ROMA,LAZIO,SCUOLA PRIMARIA,,RMEE8DX039,GIANNI RODARI,LADISPOLI,ROMA,LAZIO,SCUOLA PRIMARIA,,3,0.971
202425,0.346,42,statale,SCUOLA PRIMARIA,1,MIEE8D201G,PRIMARIA VIA CONSOLE MARCELLO,MILANO,MILANO,LOMBARDIA,SCUOLA PRIMARIA,,MIEE8D101Q,PRIMARIA RINNOVATA PIZZIGONI,MILANO,MILANO,LOMBARDIA,SCUOLA PRIMARIA,,3,0.152
202425,0.346,42,statale,SCUOLA PRIMARIA,1,MIEE8D201G,PRIMARIA VIA CONSOLE MARCELLO,MILANO,MILANO,LOMBARDIA,SCUOLA PRIMARIA,,MIEE8F0015,PRIMARIA PIETRO MICCA,MILANO,MILANO,LOMBARDIA,SCUOLA PRIMARIA,,8,1.67
202425,0.346,42,statale,SCUOLA PRIMARIA,1,MNEE80801L,CESARE BATTISTI,CASTIGLIONE DELLE STIVIERE,MANTOVA,LOMBARDIA,SCUOLA PRIMARIA,,MNEE80802N,DANTE ALIGHIERI,CASTIGLIONE DELLE STIVIERE,MANTOVA,LOMBARDIA,SCUOLA PRIMARIA,,11,1.531
202425,0.346,42,statale,SCUOLA PRIMARIA,1,MNEE80801L,CESARE BATTISTI,CASTIGLIONE DELLE STIVIERE,MANTOVA,LOMBARDIA,SCUOLA PRIMARIA,,MNEE80702T,GOZZOLINA,CASTIGLIONE DELLE STIVIERE,MANTOVA,LOMBARDIA,SCUOLA PRIMARIA,,1,3.152
202425,0.346,42,statale,SCUOLA PRIMARIA,1,CREE812013,"TRESCORE CREMASCO ""A.ZAVAGLIO""",TRESCORE CREMASCO,CREMONA,LOMBARDIA,SCUOLA PRIMARIA,,CREE812024,"CASALETTO VAPRIO ""S.PAVESI""",CASALETTO VAPRIO,CREMONA,LOMBARDIA,SCUOLA PRIMARIA,,2,0.987
202425,0.346,42,statale,SCUOLA PRIMARIA,1,NOEE82501A,"""I. CALVINO""",NOVARA,NOVARA,PIEMONTE,SCUOLA PRIMARIA,,NOEE826038,GIOVANNI XXIII,NOVARA,NOVARA,PIEMONTE,SCUOLA PRIMARIA,,5,2.233
202425,0.346,42,statale,SCUOLA PRIMARIA,1,VREE87701E,6 MAGGIO 1848-VR 05 SANTA LUCIA,VERONA,VERONA,VENETO,SCUOLA PRIMARIA,,VREE88402P,EUROPA UNITA,VERONA,VERONA,VENETO,SCUOLA PRIMARIA,,7,2.499
202425,0.346,42,statale,SCUOLA PRIMARIA,1,MBEE8F701R,IQBAL MASIH - MONZA,MONZA,MONZA E DELLA BRIANZA,LOMBARDIA,SCUOLA PRIMARIA,,MBEE8F702T,ANZANI ALESSANDRO - MONZA,MONZA,MONZA E DELLA BRIANZA,LOMBARDIA,SCUOLA PRIMARIA,,4,0.831
202425,0.346,42,statale,SCUOLA PRIMARIA,1,MBEE8F701R,IQBAL MASIH - MONZA,MONZA,MONZA E DELLA BRIANZA,LOMBARDIA,SCUOLA PRIMARIA,,MBEE8F803P,"""A.MANZONI""",MONZA,MONZA E DELLA BRIANZA,LOMBARDIA,SCUOLA PRIMARIA,,3,1.047
202425,0.346,42,statale,SCUOLA PRIMARIA,1,RAEE82701N,"""F. MORDANI""",RAVENNA,RAVENNA,EMILIA ROMAGNA,SCUOLA PRIMARIA,,RAEE81902Q,CARUSO BALELLA,RAVENNA,RAVENNA,EMILIA ROMAGNA,SCUOLA PRIMARIA,,7,0.446
202425,0.346,42,statale,SCUOLA PRIMARIA,1,CTEE8AH01L,VIA MARCHESE DI CASALOTTO,CATANIA,CATANIA,SICILIA,SCUOLA PRIMARIA,,CTEE8A6011,GIUFFRIDA,CATANIA,CATANIA,SICILIA,SCUOLA PRIMARIA,,4,0.624
202425,0.346,42,statale,SCUOLA PRIMARIA,1,LOEE81501V,PRIMARIA COLLODI - S. ANGELO L.,SANT'ANGELO LODIGIANO,LODI,LOMBARDIA,SCUOLA PRIMARIA,,LOEE81602Q,PRIMARIA S.F CABRINI-CASTIRAGA,CASTIRAGA VIDARDO,LODI,LOMBARDIA,SCUOLA PRIMARIA,,5,1.62
202425,0.346,42,statale,SCUOLA PRIMARIA,1,VREE894018,VERONELLA,VERONELLA,VERONA,VENETO,SCUOLA PRIMARIA,,VREE89403A,S.GREGORIO,VERONELLA,VERONA,VENETO,SCUOLA PRIMARIA,,3,2.427
202425,0.346,42,statale,SCUOLA PRIMARIA,1,BSEE87803A,PRIMARIA RAFFAELLO SANZIO,BRESCIA,BRESCIA,LOMBARDIA,SCUOLA PRIMARIA,,BSEE880018,PRIMARIA BOIFAVA CAIONVICO BS,BRESCIA,BRESCIA,LOMBARDIA,SCUOLA PRIMARIA,,5,3.442
202425,0.346,42,statale,SCUOLA PRIMARIA,1,IMEE81305D,ALESSANDRO VOLTA,SANREMO,IMPERIA,LIGURIA,SCUOLA PRIMARIA,,IMEE813019,S.PIETRO,SANREMO,IMPERIA,LIGURIA,SCUOLA PRIMARIA,,4,0.233
202425,0.346,42,statale,SCUOLA PRIMARIA,1,IMEE81305D,ALESSANDRO VOLTA,SANREMO,IMPERIA,LIGURIA,SCUOLA PRIMARIA,,IMEE81306E,CASTILLO,SANREMO,IMPERIA,LIGURIA,SCUOLA PRIMARIA,,2,0.914
202425,0.346,42,statale,SCUOLA PRIMARIA,1,IMEE81305D,ALESSANDRO VOLTA,SANREMO,IMPERIA,LIGURIA,SCUOLA PRIMARIA,,IMEE81707V,RUBINO,SANREMO,IMPERIA,LIGURIA,SCUOLA PRIMARIA,,2,1.02
202425,0.346,42,statale,SCUOLA PRIMARIA,1,ATEE81903R,SAVIO - ASTI,ASTI,ASTI,PIEMONTE,SCUOLA PRIMARIA,,ATEE81402L,PASCOLI - ASTI,ASTI,ASTI,PIEMONTE,SCUOLA PRIMARIA,,2,0.434
202425,0.346,42,statale,SCUOLA PRIMARIA,1,ATEE81903R,SAVIO - ASTI,ASTI,ASTI,PIEMONTE,SCUOLA PRIMARIA,,ATEE81902Q,D'ACQUISTO - ASTI,ASTI,ASTI,PIEMONTE,SCUOLA PRIMARIA,,2,0.436
202425,0.346,42,statale,SCUOLA PRIMARIA,1,RGEE83003L,ISPICA CENTRALE,ISPICA,RAGUSA,SICILIA,SCUOLA PRIMARIA,,RGEE80701D,SAN GIUSEPPE,ISPICA,RAGUSA,SICILIA,SCUOLA PRIMARIA,,4,0.511
202425,0.346,42,statale,SCUOLA PRIMARIA,1,RMEE88701N,L. CAMPANARI,MONTEROTONDO,ROMA,LAZIO,SCUOLA PRIMARIA,,RMEE88203L,MONTEROTONDO- BORGO NUOVO,MONTEROTONDO,ROMA,LAZIO,SCUOLA PRIMARIA,,5,0.771
202425,0.346,42,statale,SCUOLA PRIMARIA,1,VREE890022,FORTI A.,VERONA,VERONA,VENETO,SCUOLA PRIMARIA,,VREE89101R,GUARINO DA VERONA-VR 19 S.CROCE,VERONA,VERONA,VENETO,SCUOLA PRIMARIA,,5,0.8
202425,0.346,42,statale,SCUOLA PRIMARIA,1,AREE83702P,"""SANTE TANI""",AREZZO,AREZZO,TOSCANA,SCUOLA PRIMARIA,,AREE839019,"""ANTONIO CURINA""",AREZZO,AREZZO,TOSCANA,SCUOLA PRIMARIA,,1,0.96
202425,0.346,42,statale,SCUOLA PRIMARIA,1,AREE83702P,"""SANTE TANI""",AREZZO,AREZZO,TOSCANA,SCUOLA PRIMARIA,,AREE83801D,ALDO MORO,AREZZO,AREZZO,TOSCANA,SCUOLA PRIMARIA,,5,1.222
202425,0.346,42,statale,SCUOLA PRIMARIA,1,MIEE823027,PRIMARIA VIA VALLARSA,MILANO,MILANO,LOMBARDIA,SCUOLA PRIMARIA,,MIEE8B802A,PRIMARIA OTTOLINI BELGIOIOSO,MILANO,MILANO,LOMBARDIA,SCUOLA PRIMARIA,,7,0.744
202425,0.346,42,statale,SCUOLA PRIMARIA,1,FEEE811023,"""M.POLEDRELLI""-FERRARA",FERRARA,FERRARA,EMILIA ROMAGNA,SCUOLA PRIMARIA,,FEEE811012,"""C.GOVONI""-FERRARA",FERRARA,FERRARA,EMILIA ROMAGNA,SCUOLA PRIMARIA,,2,0.412
202425,0.346,42,statale,SCUOLA PRIMARIA,1,FOEE80903L,CIVITELLA FRANCESCHI PIGNOCCHI,CIVITELLA DI ROMAGNA,FORLI'-CESENA,EMILIA ROMAGNA,SCUOLA PRIMARIA,,FOEE80902G,GALEATA FACIBENI,GALEATA,FORLI'-CESENA,EMILIA ROMAGNA,SCUOLA PRIMARIA,,1,2.296
202425,0.346,42,statale,SCUOLA PRIMARIA,1,MIEE81902G,PRIMARIA VIA S.UGUZZONE,MILANO,MILANO,LOMBARDIA,SCUOLA PRIMARIA,,MIEE8DF031,PRIMARIA G.B. PIRELLI,MILANO,MILANO,LOMBARDIA,SCUOLA PRIMARIA,,1,1.562
202425,0.346,42,statale,SCUOLA PRIMARIA,1,MIEE888011,PRIMARIA L. SALMA,CORSICO,MILANO,LOMBARDIA,SCUOLA PRIMARIA,,MIEE8EG02A,PRIMARIA I MAGGIO,BUCCINASCO,MILANO,LOMBARDIA,SCUOLA PRIMARIA,,6,0.819
202425,0.346,42,statale,SCUOLA PRIMARIA,1,MOEE83001E,"""G.PASCOLI"" SASSUOLO",SASSUOLO,MODENA,EMILIA ROMAGNA,SCUOLA PRIMARIA,,MOEE83002G,"""S.AGOSTINO"" SASSUOLO",SASSUOLO,MODENA,EMILIA ROMAGNA,SCUOLA PRIMARIA,,8,0.87
202425,0.346,42,statale,SCUOLA PRIMARIA,1,NAEE8HL03D,NA IC 23 COLLETTA - CAPASSO,NAPOLI,NAPOLI,CAMPANIA,SCUOLA PRIMARIA,,NAEE8FY019,T.ANNUNZIATA I.C. G. LEOPARDI,TORRE ANNUNZIATA,NAPOLI,CAMPANIA,SCUOLA PRIMARIA,,3,0.314
202425,0.346,42,statale,SCUOLA PRIMARIA,1,PDEE83105G,"OSPEDALETTO EUG. ""G.B.FERRARI""",OSPEDALETTO EUGANEO,PADOVA,VENETO,SCUOLA PRIMARIA,,PDEE83106L,"""A. MANZONI"" LOC. PALUGANA",OSPEDALETTO EUGANEO,PADOVA,VENETO,SCUOLA PRIMARIA,,2,1.786
202425,0.346,42,statale,SCUOLA PRIMARIA,1,PDEE884043,GIOVANNI VENTITREESIMO-PD,PADOVA,PADOVA,VENETO,SCUOLA PRIMARIA,,PDEE88401X,SAN CAMILLO - PD,PADOVA,PADOVA,VENETO,SCUOLA PRIMARIA,,5,1.687
202425,0.346,42,statale,SCUOLA PRIMARIA,1,RGEE811037,DON GNOCCHI,POZZALLO,RAGUSA,SICILIA,SCUOLA PRIMARIA,,RGEE81801X,SCUOLA PRIMARIA,POZZALLO,RAGUSA,SICILIA,SCUOLA PRIMARIA,,3,0.435
202425,0.346,42,statale,SCUOLA PRIMARIA,1,RMEE83101N,VITTORIO BACHELET,ROMA,ROMA,LAZIO,SCUOLA PRIMARIA,,RMEE85301E,NUOVA EUROPA,ROMA,ROMA,LAZIO,SCUOLA PRIMARIA,,4,1.211
202425,0.346,42,statale,SCUOLA PRIMARIA,1,RMEE8FF01L,M.POGGIALI - VIA LEONORI,ROMA,ROMA,LAZIO,SCUOLA PRIMARIA,,RMEE8CH02D,MALASPINA,ROMA,ROMA,LAZIO,SCUOLA PRIMARIA,,1,0.67
202425,0.346,42,statale,SCUOLA PRIMARIA,1,TOEE866025,I.C. CAIROLI,TORINO,TORINO,PIEMONTE,SCUOLA PRIMARIA,,TOEE01404G,COLLODI - RODARI,TORINO,TORINO,PIEMONTE,SCUOLA PRIMARIA,,3,0.801
202425,0.346,42,statale,SCUOLA PRIMARIA,1,TVEE871032,A. GABELLI - VIALE CADORNA,TREVISO,TREVISO,VENETO,SCUOLA PRIMARIA,,TVEE87301G,G.CIARDI - VILLAGGIO GESCAL,TREVISO,TREVISO,VENETO,SCUOLA PRIMARIA,,1,0.408
202425,0.346,42,statale,SCUOLA PRIMARIA,1,TVEE871032,A. GABELLI - VIALE CADORNA,TREVISO,TREVISO,VENETO,SCUOLA PRIMARIA,,TVEE871021,E. DE AMICIS - VIA CACCIANIGA,TREVISO,TREVISO,VENETO,SCUOLA PRIMARIA,,3,0.65
202425,0.346,42,statale,SCUOLA PRIMARIA,1,VIEE869017,IC VICENZA 10 - C. COLOMBO,VICENZA,VICENZA,VENETO,SCUOLA PRIMARIA,,VIEE87001B,IC VICENZA 5 - 2 GIUGNO,VICENZA,VICENZA,VENETO,SCUOLA PRIMARIA,,4,1.386
202425,0.346,42,statale,SCUOLA PRIMARIA,1,GEEE83601E,S.EL. - D.FERRERO -,GENOVA,GENOVA,LIGURIA,SCUOLA PRIMARIA,,GEEE841034,SC.ELEM. XXV APRILE,GENOVA,GENOVA,LIGURIA,SCUOLA PRIMARIA,,4,1.974
202425,0.346,42,statale,SCUOLA PRIMARIA,1,GEEE83601E,S.EL. - D.FERRERO -,GENOVA,GENOVA,LIGURIA,SCUOLA PRIMARIA,,GEEE838016,S.EL. - S.GIOVANNI BATTISTA -,GENOVA,GENOVA,LIGURIA,SCUOLA PRIMARIA,,6,2.344
202425,0.346,42,statale,SCUOLA PRIMARIA,1,GEEE83601E,S.EL. - D.FERRERO -,GENOVA,GENOVA,LIGURIA,SCUOLA PRIMARIA,,GEEE838027,S.EL. - G.RODARI -,GENOVA,GENOVA,LIGURIA,SCUOLA PRIMARIA,,2,2.548
202425,0.346,42,statale,SCUOLA PRIMARIA,1,LIEE82803T,PRIMARIA ALIGHIERI,PIOMBINO,LIVORNO,TOSCANA,SCUOLA PRIMARIA,,LIEE82802R,"""XXV APRILE""",PIOMBINO,LIVORNO,TOSCANA,SCUOLA PRIMARIA,,1,0.576
202425,0.346,42,statale,SCUOLA PRIMARIA,1,LIEE82803T,PRIMARIA ALIGHIERI,PIOMBINO,LIVORNO,TOSCANA,SCUOLA PRIMARIA,,LIEE82901G,PERTICALE,PIOMBINO,LIVORNO,TOSCANA,SCUOLA PRIMARIA,,4,0.954
202425,0.346,42,statale,SCUOLA PRIMARIA,1,LIEE82803T,PRIMARIA ALIGHIERI,PIOMBINO,LIVORNO,TOSCANA,SCUOLA PRIMARIA,,LIEE82902L,LOC. DIACCIONI,PIOMBINO,LIVORNO,TOSCANA,SCUOLA PRIMARIA,,1,2.278
202425,0.346,42,statale,SCUOLA PRIMARIA,1,MIEE8AQ017,PRIMARIA BUSCAGLIA,CINISELLO BALSAMO,MILANO,LOMBARDIA,SCUOLA PRIMARIA,,MIEE8AS02R,PRIMARIA G. PARINI,CINISELLO BALSAMO,MILANO,LOMBARDIA,SCUOLA PRIMARIA,,2,1.458
202425,0.346,42,statale,SCUOLA PRIMARIA,1,MIEE8AQ017,PRIMARIA BUSCAGLIA,CINISELLO BALSAMO,MILANO,LOMBARDIA,SCUOLA PRIMARIA,,MIEE8AR013,PRIMARIA GARIBALDI,CINISELLO BALSAMO,MILANO,LOMBARDIA,SCUOLA PRIMARIA,,1,1.753
202425,0.346,42,statale,SCUOLA PRIMARIA,1,MIEE8AQ017,PRIMARIA BUSCAGLIA,CINISELLO BALSAMO,MILANO,LOMBARDIA,SCUOLA PRIMARIA,,MBEE89102P,ADA NEGRI,MUGGIO',MONZA E DELLA BRIANZA,LOMBARDIA,SCUOLA PRIMARIA,,5,2.101
202425,0.346,42,statale,SCUOLA PRIMARIA,1,BGEE81207B,"BERGAMO ""MAZZI"" - BIFFI",BERGAMO,BERGAMO,LOMBARDIA,SCUOLA PRIMARIA,,BGEE80802E,"BERGAMO ""S. LUCIA"" - DIAZ",BERGAMO,BERGAMO,LOMBARDIA,SCUOLA PRIMARIA,,3,1.371
202425,0.346,42,statale,SCUOLA PRIMARIA,1,BGEE81207B,"BERGAMO ""MAZZI"" - BIFFI",BERGAMO,BERGAMO,LOMBARDIA,SCUOLA PRIMARIA,,BGEE80801D,"BERGAMO ""S. LUCIA"" - RODARI",BERGAMO,BERGAMO,LOMBARDIA,SCUOLA PRIMARIA,,1,1.704
202425,0.346,42,statale,SCUOLA PRIMARIA,1,ALEE83404V,"""GIANNI RODARI"" - TORTONA",TORTONA,ALESSANDRIA,PIEMONTE,SCUOLA PRIMARIA,,ALEE81202X,"VIGUZZOLO ""DR.E. CARNEVALE""",VIGUZZOLO,ALESSANDRIA,PIEMONTE,SCUOLA PRIMARIA,,1,3.726
202425,0.346,42,statale,SCUOLA PRIMARIA,1,RGEE824028,MARIA SCHININA',RAGUSA,RAGUSA,SICILIA,SCUOLA PRIMARIA,,RGEE824039,GIANNI RODARI,RAGUSA,RAGUSA,SICILIA,SCUOLA PRIMARIA,,3,0.837
202425,0.346,42,statale,SCUOLA PRIMARIA,1,TOEE866014,I.C. CAIROLI - V. RISMONDO,TORINO,TORINO,PIEMONTE,SCUOLA PRIMARIA,,TOEE01404G,COLLODI - RODARI,TORINO,TORINO,PIEMONTE,SCUOLA PRIMARIA,,4,0.768
202425,0.346,42,statale,SCUOLA PRIMARIA,1,BOEE81603C,FRANCESCO ACRI,BOLOGNA,BOLOGNA,EMILIA ROMAGNA,SCUOLA PRIMARIA,,BOEE81602B,ADELFO GROSSO,BOLOGNA,BOLOGNA,EMILIA ROMAGNA,SCUOLA PRIMARIA,,1,0.65
202425,0.346,42,statale,SCUOLA PRIMARIA,1,BOEE81603C,FRANCESCO ACRI,BOLOGNA,BOLOGNA,EMILIA ROMAGNA,SCUOLA PRIMARIA,,BOEE87205V,SALICETO,BOLOGNA,BOLOGNA,EMILIA ROMAGNA,SCUOLA PRIMARIA,,7,0.865
202425,0.346,42,statale,SCUOLA PRIMARIA,1,BOEE81603C,FRANCESCO ACRI,BOLOGNA,BOLOGNA,EMILIA ROMAGNA,SCUOLA PRIMARIA,,BOEE817016,ERCOLANI - I.C. N. 6 BOLOGNA,BOLOGNA,BOLOGNA,EMILIA ROMAGNA,SCUOLA PRIMARIA,,2,1.528
202425,0.346,42,statale,SCUOLA PRIMARIA,1,BOEE81603C,FRANCESCO ACRI,BOLOGNA,BOLOGNA,EMILIA ROMAGNA,SCUOLA PRIMARIA,,BOEE876012,GUIDI - I.C. N. 17 BOLOGNA,BOLOGNA,BOLOGNA,EMILIA ROMAGNA,SCUOLA PRIMARIA,,1,2.211
202425,0.346,42,statale,SCUOLA PRIMARIA,1,RMEE8GH02X,ANTONIO DE CURTIS,ROMA,ROMA,LAZIO,SCUOLA PRIMARIA,,RMEE8GH01V,G.ROSSINI,ROMA,ROMA,LAZIO,SCUOLA PRIMARIA,,6,0.075
202425,0.346,42,statale,SCUOLA PRIMARIA,1,RMEE8GH02X,ANTONIO DE CURTIS,ROMA,ROMA,LAZIO,SCUOLA PRIMARIA,,RMEE8B6016,DON PAOLO ALBERA,ROMA,ROMA,LAZIO,SCUOLA PRIMARIA,,2,0.364
202425,0.346,42,statale,SCUOLA PRIMARIA,1,GEEE86604D,SCUOLA PRIMARIA MARCONI,RAPALLO,GENOVA,LIGURIA,SCUOLA PRIMARIA,,GEEE86601A,SCUOLA PRIMARIA DELLEPIANE,RAPALLO,GENOVA,LIGURIA,SCUOLA PRIMARIA,,2,2.636
202425,0.346,42,statale,SCUOLA PRIMARIA,1,GEEE86604D,SCUOLA PRIMARIA MARCONI,RAPALLO,GENOVA,LIGURIA,SCUOLA PRIMARIA,,GEEE80602Q,S.EL. DI NOZAREGO BASSO,SANTA MARGHERITA LIGURE,GENOVA,LIGURIA,SCUOLA PRIMARIA,,4,3.405
202425,0.346,42,statale,SCUOLA PRIMARIA,1,MIEE8CC04X,PRIMARIA VIA DON CASTELLAZZI,CASSANO D'ADDA,MILANO,LOMBARDIA,SCUOLA PRIMARIA,,MIEE8CC02T,PRIMARIA VIA G.PASCOLI,CASSANO D'ADDA,MILANO,LOMBARDIA,SCUOLA PRIMARIA,,3,2.222
202425,0.346,42,statale,SCUOLA PRIMARIA,1,RMEE8EY02P,VIA BONAFEDE,ROMA,ROMA,LAZIO,SCUOLA PRIMARIA,,RMEE8EX03X,MADRE TERESA DI CALCUTTA,ROMA,ROMA,LAZIO,SCUOLA PRIMARIA,,4,0.763
202425,0.346,42,statale,SCUOLA PRIMARIA,1,VEEE855056,MADDALENA LAURA LOMBARDINI,CAVARZERE,VENEZIA,VENETO,SCUOLA PRIMARIA,,VEEE855034,GIOVANNI XXIII,CAVARZERE,VENEZIA,VENETO,SCUOLA PRIMARIA,,3,0.661
202425,0.346,42,statale,SCUOLA PRIMARIA,1,GOEE80402L,C. BATTISTI,MONFALCONE,GORIZIA,FRIULI-VENEZIA G.,SCUOLA PRIMARIA,,GOEE815034,G. CARDUCCI,SAN CANZIAN D'ISONZO,GORIZIA,FRIULI-VENEZIA G.,SCUOLA PRIMARIA,,6,4.865
202425,0.346,42,statale,SCUOLA PRIMARIA,1,MIEE82503X,PRIMARIA RICCARDO BAUER,CINISELLO BALSAMO,MILANO,LOMBARDIA,SCUOLA PRIMARIA,,MIEE8AY02L,PRIMARI L.BUFFOLI,CUSANO MILANINO,MILANO,LOMBARDIA,SCUOLA PRIMARIA,,5,2.945
202425,0.346,42,statale,SCUOLA PRIMARIA,1,BSEE87702D,PRIMARIA E. RINALDINI BRESCIA,BRESCIA,BRESCIA,LOMBARDIA,SCUOLA PRIMARIA,,BSEE88301Q,PRIMARIA 28 MAGGIO BRESCIA,BRESCIA,BRESCIA,LOMBARDIA,SCUOLA PRIMARIA,,4,4.318
202425,0.346,42,statale,SCUOLA PRIMARIA,1,BSEE87702D,PRIMARIA E. RINALDINI BRESCIA,BRESCIA,BRESCIA,LOMBARDIA,SCUOLA PRIMARIA,,BSEE84601R,"""DON LORENZO MILANI""",BORGOSATOLLO,BRESCIA,LOMBARDIA,SCUOLA PRIMARIA,,2,4.794
202425,0.346,42,statale,SCUOLA PRIMARIA,1,BGEE81402T,"SCUOLA PRIMARIA ""GHISLERI""",BERGAMO,BERGAMO,LOMBARDIA,SCUOLA PRIMARIA,,BGEE813022,"BERGAMO ""DONADONI"" -LOCATELLI",BERGAMO,BERGAMO,LOMBARDIA,SCUOLA PRIMARIA,,3,0.231
202425,0.346,42,statale,SCUOLA PRIMARIA,1,BGEE839026,CASAZZA,CASAZZA,BERGAMO,LOMBARDIA,SCUOLA PRIMARIA,,BGEE839059,GAVERINA CAP.,GAVERINA TERME,BERGAMO,LOMBARDIA,SCUOLA PRIMARIA,,1,1.604
202425,0.346,42,statale,SCUOLA PRIMARIA,1,MEEE81605X,MAZZARRA' S. ANDREA,MAZZARRA' SANT'ANDREA,MESSINA,SICILIA,SCUOLA PRIMARIA,,MEEE816072,"SC. ELEM.""PROF.F.CONTI""-FURNARI",FURNARI,MESSINA,SICILIA,SCUOLA PRIMARIA,,1,2.019
202425,0.346,42,statale,SCUOLA PRIMARIA,1,MOEE84701X,"""C.COSTA"" CITTADELLA MO",MODENA,MODENA,EMILIA ROMAGNA,SCUOLA PRIMARIA,,MOEE841044,"""ANNA FRANK"" MODENA",MODENA,MODENA,EMILIA ROMAGNA,SCUOLA PRIMARIA,,1,1.097
202425,0.346,42,statale,SCUOLA PRIMARIA,1,MOEE84701X,"""C.COSTA"" CITTADELLA MO",MODENA,MODENA,EMILIA ROMAGNA,SCUOLA PRIMARIA,,MOEE816029,"""G.PASCOLI "" S. DALMAZIO",SERRAMAZZONI,MODENA,EMILIA ROMAGNA,SCUOLA PRIMARIA,,5,1.332
202425,0.346,42,statale,SCUOLA PRIMARIA,1,MOEE84701X,"""C.COSTA"" CITTADELLA MO",MODENA,MODENA,EMILIA ROMAGNA,SCUOLA PRIMARIA,,MOEE845029,"""DE AMICIS"" MODENA",MODENA,MODENA,EMILIA ROMAGNA,SCUOLA PRIMARIA,,1,1.371
202425,0.346,42,statale,SCUOLA PRIMARIA,1,PDEE85102N,MARCONI LOC. SARMEOLA,RUBANO,PADOVA,VENETO,SCUOLA PRIMARIA,,PDEE85105R,DA VINCI LOC. SARMEOLA,RUBANO,PADOVA,VENETO,SCUOLA PRIMARIA,,3,0.506
202425,0.346,42,statale,SCUOLA PRIMARIA,1,RMEE82005B,MIGLIACCIO ANTONELLO MAURO,ROMA,ROMA,LAZIO,SCUOLA PRIMARIA,,RMEE8ES02Q,VIA FABRIANO,ROMA,ROMA,LAZIO,SCUOLA PRIMARIA,,2,0.54
202425,0.346,42,statale,SCUOLA PRIMARIA,1,VTEE81601N,XXV APRILE,CIVITA CASTELLANA,VITERBO,LAZIO,SCUOLA PRIMARIA,,VTEE81201A,FABRICA DI ROMA,FABRICA DI ROMA,VITERBO,LAZIO,SCUOLA PRIMARIA,,3,0.433
202425,0.346,42,statale,SCUOLA PRIMARIA,1,MIEE8GH02B,PRIMARIA G.B.PERASSO,MILANO,MILANO,LOMBARDIA,SCUOLA PRIMARIA,,MIEE8BK02B,GIANNI RODARI,SEGRATE,MILANO,LOMBARDIA,SCUOLA PRIMARIA,,11,1.751
202425,0.346,42,statale,SCUOLA PRIMARIA,1,FOEE81601N,SAVIGNANO DANTE ALIGHIERI,SAVIGNANO SUL RUBICONE,FORLI'-CESENA,EMILIA ROMAGNA,SCUOLA PRIMARIA,,FOEE81604R,SAVIGNANO RIO SALTO-FIORAVANTI,SAVIGNANO SUL RUBICONE,FORLI'-CESENA,EMILIA ROMAGNA,SCUOLA PRIMARIA,,6,0.781
202425,0.346,42,statale,SCUOLA PRIMARIA,1,UDEE84105L,GIANNI RODARI,UDINE,UDINE,FRIULI-VENEZIA G.,SCUOLA PRIMARIA,,UDEE84103E,SAN DOMENICO,UDINE,UDINE,FRIULI-VENEZIA G.,SCUOLA PRIMARIA,,1,0.847
202425,0.346,42,statale,SCUOLA PRIMARIA,1,UDEE84105L,GIANNI RODARI,UDINE,UDINE,FRIULI-VENEZIA G.,SCUOLA PRIMARIA,,UDEE84101C,ENRICO FRUCH,UDINE,UDINE,FRIULI-VENEZIA G.,SCUOLA PRIMARIA,,4,0.975
202425,0.346,42,statale,SCUOLA PRIMARIA,1,BSEE816044,PRIMARIA CRISPI BRESCIA,BRESCIA,BRESCIA,LOMBARDIA,SCUOLA PRIMARIA,,BSEE887035,PRIMARIA E. MONTALE BRESCIA,BRESCIA,BRESCIA,LOMBARDIA,SCUOLA PRIMARIA,,4,3.31
202425,0.346,42,statale,SCUOLA PRIMARIA,1,BSEE816044,PRIMARIA CRISPI BRESCIA,BRESCIA,BRESCIA,LOMBARDIA,SCUOLA PRIMARIA,,BSEE88305X,PRIMARIA MELZI BRESCIA,BRESCIA,BRESCIA,LOMBARDIA,SCUOLA PRIMARIA,,2,4.031
202425,0.346,42,statale,SCUOLA PRIMARIA,1,MIEE8CV019,PRIMARIA PAOLO E LARISSA PINI,MILANO,MILANO,LOMBARDIA,SCUOLA PRIMARIA,,MIEE8DF031,PRIMARIA G.B. PIRELLI,MILANO,MILANO,LOMBARDIA,SCUOLA PRIMARIA,,4,2.136
202425,0.346,42,statale,SCUOLA PRIMARIA,1,VAEE87701C,"""CAVOUR"" - CAIELLO -",GALLARATE,VARESE,LOMBARDIA,SCUOLA PRIMARIA,,VAEE84102P,E TOTI - CAVARIA -,CAVARIA CON PREMEZZO,VARESE,LOMBARDIA,SCUOLA PRIMARIA,,1,1.055
202425,0.346,42,statale,SCUOLA PRIMARIA,1,VAEE87701C,"""CAVOUR"" - CAIELLO -",GALLARATE,VARESE,LOMBARDIA,SCUOLA PRIMARIA,,VAEE86703X,"SCUOLA PRIMARIA ""G. PARINI""",CASSANO MAGNAGO,VARESE,LOMBARDIA,SCUOLA PRIMARIA,,2,1.721
202425,0.346,42,statale,SCUOLA PRIMARIA,1,VREE88302V,LENOTTI TULLIO-VR 12 GOLOSINE,VERONA,VERONA,VENETO,SCUOLA PRIMARIA,,VREE89203P,BARBARANI BERTO,VERONA,VERONA,VENETO,SCUOLA PRIMARIA,,1,3.387
202425,0.346,42,statale,SCUOLA PRIMARIA,1,MIEE8FW025,PRIMARIA VIA BARONI,MILANO,MILANO,LOMBARDIA,SCUOLA PRIMARIA,,MIEE8FW047,PRIMARIA PL. MONTESSORI VIA BARONI,MILANO,MILANO,LOMBARDIA,SCUOLA PRIMARIA,,2,0.0
202425,0.346,42,statale,SCUOLA PRIMARIA,1,MIEE8FW025,PRIMARIA VIA BARONI,MILANO,MILANO,LOMBARDIA,SCUOLA PRIMARIA,,MIEE88001A,PRIMARIA ALBERELLE,ROZZANO,MILANO,LOMBARDIA,SCUOLA PRIMARIA,,4,1.268
202425,0.346,42,statale,SCUOLA PRIMARIA,1,COEE84301G,COMO VIA CUZZI,COMO,COMO,LOMBARDIA,SCUOLA PRIMARIA,,COEE81304V,COMO BRECCIA,COMO,COMO,LOMBARDIA,SCUOLA PRIMARIA,,5,1.353
202425,0.346,42,statale,SCUOLA PRIMARIA,1,BGEE80703Q,"BERGAMO ""DE AMICIS"" - VALLI",BERGAMO,BERGAMO,LOMBARDIA,SCUOLA PRIMARIA,,BGEE80701N,"BERGAMO ""DE AMICIS""",BERGAMO,BERGAMO,LOMBARDIA,SCUOLA PRIMARIA,,1,1.329
202425,0.346,42,statale,SCUOLA PRIMARIA,1,BGEE80703Q,"BERGAMO ""DE AMICIS"" - VALLI",BERGAMO,BERGAMO,LOMBARDIA,SCUOLA PRIMARIA,,BGEE813022,"BERGAMO ""DONADONI"" -LOCATELLI",BERGAMO,BERGAMO,LOMBARDIA,SCUOLA PRIMARIA,,2,1.666
202425,0.346,42,statale,SCUOLA PRIMARIA,1,BREE81002G,PRIMARIA G.B. PERASSO,BRINDISI,BRINDISI,PUGLIA,SCUOLA PRIMARIA,,BREE83501V,S.LORENZO CIRCOLO BRINDISI,BRINDISI,BRINDISI,PUGLIA,SCUOLA PRIMARIA,,3,0.389
202425,0.346,42,statale,SCUOLA PRIMARIA,1,COEE84801P,COMO PONTE CHIASSO,COMO,COMO,LOMBARDIA,SCUOLA PRIMARIA,,COEE84803R,COMO SAGNINO,COMO,COMO,LOMBARDIA,SCUOLA PRIMARIA,,2,1.006
202425,0.346,42,statale,SCUOLA PRIMARIA,1,FIEE872073,"NAIANA - ""G.CARDUCCI""",EMPOLI,FIRENZE,TOSCANA,SCUOLA PRIMARIA,,FIEE872051,"PONTORME ""JACOPO CARRUCCI""",EMPOLI,FIRENZE,TOSCANA,SCUOLA PRIMARIA,,2,0.547
202425,0.346,42,statale,SCUOLA PRIMARIA,1,LIEE81403X,G. MICHELI,LIVORNO,LIVORNO,TOSCANA,SCUOLA PRIMARIA,,LIEE814041,PUCCINI GIACOMO,LIVORNO,LIVORNO,TOSCANA,SCUOLA PRIMARIA,,5,0.881
202425,0.346,42,statale,SCUOLA PRIMARIA,1,LTEE847036,E. DE AMICIS,LATINA,LATINA,LAZIO,SCUOLA PRIMARIA,,LTEE81502N,GIOVANNI XXIII,LATINA,LATINA,LAZIO,SCUOLA PRIMARIA,,1,0.607
202425,0.346,42,statale,SCUOLA PRIMARIA,1,MIEE8FU01C,PRIMARIA E. TOTI,MILANO,MILANO,LOMBARDIA,SCUOLA PRIMARIA,,MIEE8FU02D,PRIMARIA BONETTI,MILANO,MILANO,LOMBARDIA,SCUOLA PRIMARIA,,1,0.795
202425,0.346,42,statale,SCUOLA PRIMARIA,1,RMEE84301X,GIORGIO CAPRONI,ROMA,ROMA,LAZIO,SCUOLA PRIMARIA,,RMEE8FY018,RIO DE JANEIRO,ROMA,ROMA,LAZIO,SCUOLA PRIMARIA,,1,0.529
202425,0.346,42,statale,SCUOLA PRIMARIA,1,RMEE870018,CIVITELLA S.PAOLO,CIVITELLA SAN PAOLO,ROMA,LAZIO,SCUOLA PRIMARIA,,RMEE87402L,PRIMARIA VIA TIBERINA,FIANO ROMANO,ROMA,LAZIO,SCUOLA PRIMARIA,,2,3.943
202425,0.346,42,statale,SCUOLA PRIMARIA,1,RMEE8CK03G,DELEDDA,ROMA,ROMA,LAZIO,SCUOLA PRIMARIA,,RMEE82401E,DE AMICIS,ROMA,ROMA,LAZIO,SCUOLA PRIMARIA,,5,0.687
202425,0.346,42,statale,SCUOLA PRIMARIA,1,RMEE8CK03G,DELEDDA,ROMA,ROMA,LAZIO,SCUOLA PRIMARIA,,RMEE8GC02R,GIANNI RODARI,ROMA,ROMA,LAZIO,SCUOLA PRIMARIA,,4,0.833
202425,0.346,42,statale,SCUOLA PRIMARIA,1,RNEE817019,FERRARI - IC CENTRO STORICO,RIMINI,RIMINI,EMILIA ROMAGNA,SCUOLA PRIMARIA,,RNEE819044,M.TERESA DI C. - IC ALIGHIERI,RIMINI,RIMINI,EMILIA ROMAGNA,SCUOLA PRIMARIA,,1,0.817
202425,0.346,42,statale,SCUOLA PRIMARIA,1,ROEE811079,G. MAZZINI-VILLANOVA DEL GHEBBO,VILLANOVA DEL GHEBBO,ROVIGO,VENETO,SCUOLA PRIMARIA,,ROEE811057,"""A. OROBONI""-FRATTA POLESINE",FRATTA POLESINE,ROVIGO,VENETO,SCUOLA PRIMARIA,,1,3.589
202425,0.346,42,statale,SCUOLA PRIMARIA,1,ROEE811079,G. MAZZINI-VILLANOVA DEL GHEBBO,VILLANOVA DEL GHEBBO,ROVIGO,VENETO,SCUOLA PRIMARIA,,ROEE811046,"""F. SCARDONA""-COSTA DI ROVIGO",COSTA DI ROVIGO,ROVIGO,VENETO,SCUOLA PRIMARIA,,2,4.363
202425,0.346,42,statale,SCUOLA PRIMARIA,1,VAEE87703E,"""MAZZINI"" - CASCINETTA -",GALLARATE,VARESE,LOMBARDIA,SCUOLA PRIMARIA,,VAEE87702D,"""MARCONI"" - CRENNA -",GALLARATE,VARESE,LOMBARDIA,SCUOLA PRIMARIA,,5,1.319
202425,0.346,42,statale,SCUOLA PRIMARIA,1,VEEE834055,RENATO FUCINI,VENEZIA,VENEZIA,VENETO,SCUOLA PRIMARIA,,VEEE834033,DIEGO VALERI,VENEZIA,VENEZIA,VENETO,SCUOLA PRIMARIA,,3,1.649
202425,0.346,42,statale,SCUOLA PRIMARIA,1,VIEE87104A,IC VICENZA 1 - A. LOSCHI,VICENZA,VICENZA,VENETO,SCUOLA PRIMARIA,,VIEE87003D,IC VICENZA5 - G. GIUSTI,VICENZA,VICENZA,VENETO,SCUOLA PRIMARIA,,6,1.674
202425,0.346,42,statale,SCUOLA PRIMARIA,1,VIEE87104A,IC VICENZA 1 - A. LOSCHI,VICENZA,VICENZA,VENETO,SCUOLA PRIMARIA,,VIEE87001B,IC VICENZA 5 - 2 GIUGNO,VICENZA,VICENZA,VENETO,SCUOLA PRIMARIA,,1,1.951
202425,0.346,42,statale,SCUOLA PRIMARIA,1,ALEE825011,"ALESSANDRIA ""G.GALILEI""",ALESSANDRIA,ALESSANDRIA,PIEMONTE,SCUOLA PRIMARIA,,ALEE825022,"ALESSANDRIA ""VILLAGGIO EUROPA""",ALESSANDRIA,ALESSANDRIA,PIEMONTE,SCUOLA PRIMARIA,,3,0.572
202425,0.346,42,statale,SCUOLA PRIMARIA,1,ALEE825011,"ALESSANDRIA ""G.GALILEI""",ALESSANDRIA,ALESSANDRIA,PIEMONTE,SCUOLA PRIMARIA,,ALEE82802D,"ALESSANDRIA ""S.SANTAROSA""",ALESSANDRIA,ALESSANDRIA,PIEMONTE,SCUOLA PRIMARIA,,1,2.56
202425,0.346,42,statale,SCUOLA PRIMARIA,1,ALEE825011,"ALESSANDRIA ""G.GALILEI""",ALESSANDRIA,ALESSANDRIA,PIEMONTE,SCUOLA PRIMARIA,,ALEE839042,"ALESSANDRIA ""C.PER LA LIBERTA'""",ALESSANDRIA,ALESSANDRIA,PIEMONTE,SCUOLA PRIMARIA,,2,2.67
202425,0.346,42,statale,SCUOLA PRIMARIA,1,VREE8AB01Q,"""L. MILANI""",SAN BONIFACIO,VERONA,VENETO,SCUOLA PRIMARIA,,VREE8AA021,"""DON MARIO VIALE"" PROVA-S.BON 2",SAN BONIFACIO,VERONA,VENETO,SCUOLA PRIMARIA,,7,1.202
202425,0.346,42,statale,SCUOLA PRIMARIA,1,MIEE8FC01L,PRIMARIA VIA DEI GAROFANI,ROZZANO,MILANO,LOMBARDIA,SCUOLA PRIMARIA,,MIEE88002B,PRIMARIA ORCHIDEE,ROZZANO,MILANO,LOMBARDIA,SCUOLA PRIMARIA,,3,0.729
202425,0.346,42,statale,SCUOLA PRIMARIA,1,MIEE8FC01L,PRIMARIA VIA DEI GAROFANI,ROZZANO,MILANO,LOMBARDIA,SCUOLA PRIMARIA,,MIEE88001A,PRIMARIA ALBERELLE,ROZZANO,MILANO,LOMBARDIA,SCUOLA PRIMARIA,,1,1.305
202425,0.346,42,statale,SCUOLA PRIMARIA,1,MBEE8GA01C,F.LLI CERVI,LIMBIATE,MONZA E DELLA BRIANZA,LOMBARDIA,SCUOLA PRIMARIA,,MBEE86801L,MANZONI,BOVISIO-MASCIAGO,MONZA E DELLA BRIANZA,LOMBARDIA,SCUOLA PRIMARIA,,8,0.742
202425,0.346,42,statale,SCUOLA PRIMARIA,1,CREE81601A,"""G. MARCONI""(CASALMAGGIORE CAP)",CASALMAGGIORE,CREMONA,LOMBARDIA,SCUOLA PRIMARIA,,CREE80102N,VICOBELLIGNANO,CASALMAGGIORE,CREMONA,LOMBARDIA,SCUOLA PRIMARIA,,6,1.177
202425,0.346,42,statale,SCUOLA PRIMARIA,1,CREE81601A,"""G. MARCONI""(CASALMAGGIORE CAP)",CASALMAGGIORE,CREMONA,LOMBARDIA,SCUOLA PRIMARIA,,CREE813042,""" A. MAROLI "" (MARTIGNANA PO)",MARTIGNANA DI PO,CREMONA,LOMBARDIA,SCUOLA PRIMARIA,,1,2.845
202425,0.346,42,statale,SCUOLA PRIMARIA,1,MIEE8GE02X,PRIMARIA KENNEDY,BRESSO,MILANO,LOMBARDIA,SCUOLA PRIMARIA,,MIEE8ED01T,PRIMARIA MARCO POLO,BOLLATE,MILANO,LOMBARDIA,SCUOLA PRIMARIA,,7,0.252
202425,0.346,42,statale,SCUOLA PRIMARIA,1,PVEE83101V,VIG.VIALE LIBERTA' - DE AMICIS,VIGEVANO,PAVIA,LOMBARDIA,SCUOLA PRIMARIA,,PVEE83202Q,DON MILANI,VIGEVANO,PAVIA,LOMBARDIA,SCUOLA PRIMARIA,,6,1.123
202425,0.346,42,statale,SCUOLA PRIMARIA,1,BOEE86301X,P. ZANETTI - BAZZANO,VALSAMOGGIA,BOLOGNA,EMILIA ROMAGNA,SCUOLA PRIMARIA,,BOEE863021,A. VENTURI - MONTEVEGLIO,VALSAMOGGIA,BOLOGNA,EMILIA ROMAGNA,SCUOLA PRIMARIA,,7,3.059
202425,0.346,42,statale,SCUOLA PRIMARIA,1,POEE80802E,BORGONUOVO/BOCCHERINI,PRATO,PRATO,TOSCANA,SCUOLA PRIMARIA,,POEE81401R,GANDHI,PRATO,PRATO,TOSCANA,SCUOLA PRIMARIA,,3,1.581
202425,0.346,42,statale,SCUOLA PRIMARIA,1,FIEE84801X,LAVAGNINI,FIRENZE,FIRENZE,TOSCANA,SCUOLA PRIMARIA,,FIEE848021,C. BATTISTI,FIRENZE,FIRENZE,TOSCANA,SCUOLA PRIMARIA,,5,0.613
202425,0.346,42,statale,SCUOLA PRIMARIA,1,MIEE8D0032,PRIMARIA VIA VALDAGNO,MILANO,MILANO,LOMBARDIA,SCUOLA PRIMARIA,,MIEE8ES016,PRIMARIA BRAMANTE,CESANO BOSCONE,MILANO,LOMBARDIA,SCUOLA PRIMARIA,,1,2.098
202425,0.346,42,statale,SCUOLA PRIMARIA,1,MIEE8D0032,PRIMARIA VIA VALDAGNO,MILANO,MILANO,LOMBARDIA,SCUOLA PRIMARIA,,MIEE8ES038,PRIMARIA D. ALIGHIERI,CESANO BOSCONE,MILANO,LOMBARDIA,SCUOLA PRIMARIA,,2,2.242
202425,0.346,42,statale,SCUOLA PRIMARIA,1,TVEE813043,VITTORINO DA FELTRE - FRESCADA,PREGANZIOL,TREVISO,VENETO,SCUOLA PRIMARIA,,TVEE82301E,DANTE ALIGHIERI - DOSSON,CASIER,TREVISO,VENETO,SCUOLA PRIMARIA,,2,1.441
202425,0.346,42,statale,SCUOLA PRIMARIA,1,PREE83601R,PIETRO COCCONI,PARMA,PARMA,EMILIA ROMAGNA,SCUOLA PRIMARIA,,PREE020018,CORAZZA,PARMA,PARMA,EMILIA ROMAGNA,SCUOLA PRIMARIA,,4,1.211
202425,0.346,42,statale,SCUOLA PRIMARIA,1,PREE83601R,PIETRO COCCONI,PARMA,PARMA,EMILIA ROMAGNA,SCUOLA PRIMARIA,,PREE821024,"""A.FRANK""",PARMA,PARMA,EMILIA ROMAGNA,SCUOLA PRIMARIA,,2,1.803
202425,0.346,42,statale,SCUOLA PRIMARIA,1,BSEE88302R,PRIMARIA BATTISTI BRESCIA,BRESCIA,BRESCIA,LOMBARDIA,SCUOLA PRIMARIA,,BSEE88305X,PRIMARIA MELZI BRESCIA,BRESCIA,BRESCIA,LOMBARDIA,SCUOLA PRIMARIA,,1,1.458
202425,0.346,42,statale,SCUOLA PRIMARIA,1,BSEE88302R,PRIMARIA BATTISTI BRESCIA,BRESCIA,BRESCIA,LOMBARDIA,SCUOLA PRIMARIA,,BSEE88402L,PRIMARIA ARICI BRESCIA,BRESCIA,BRESCIA,LOMBARDIA,SCUOLA PRIMARIA,,1,1.88
202425,0.346,42,statale,SCUOLA PRIMARIA,1,VIEE85505D,A. ROSMINI,SCHIO,VICENZA,VENETO,SCUOLA PRIMARIA,,VIEE843024,"""GIOVANNI XXIII""",SCHIO,VICENZA,VENETO,SCUOLA PRIMARIA,,7,1.167
202425,0.346,42,statale,SCUOLA PRIMARIA,1,BSEE887013,PRIMARIA RODARI BRESCIA,BRESCIA,BRESCIA,LOMBARDIA,SCUOLA PRIMARIA,,BSEE857017,SCUOLA PRIMARIA GIANNI RODARI,RONCADELLE,BRESCIA,LOMBARDIA,SCUOLA PRIMARIA,,2,3.425
202425,0.346,42,statale,SCUOLA PRIMARIA,1,BSEE887013,PRIMARIA RODARI BRESCIA,BRESCIA,BRESCIA,LOMBARDIA,SCUOLA PRIMARIA,,BSEE88801V,PRIMARIA L.DA VINCI CELLATICA,CELLATICA,BRESCIA,LOMBARDIA,SCUOLA PRIMARIA,,4,3.705
202425,0.346,42,statale,SCUOLA PRIMARIA,1,MIEE8AS01V,PRIMARIA ZANDONAI,CINISELLO BALSAMO,MILANO,LOMBARDIA,SCUOLA PRIMARIA,,MIEE8FJ011,PRIMARIA DON MILANI,PADERNO DUGNANO,MILANO,LOMBARDIA,SCUOLA PRIMARIA,,7,1.787
202425,0.346,42,statale,SCUOLA PRIMARIA,1,MIEE8D4017,"PRIMARIA ""E. FERMI""",MILANO,MILANO,LOMBARDIA,SCUOLA PRIMARIA,,MIEE8D303D,ELSA MORANTE - MILANO,MILANO,MILANO,LOMBARDIA,SCUOLA PRIMARIA,,4,1.142
202425,0.346,42,statale,SCUOLA PRIMARIA,1,BOEE80501X,DE AMICIS IC SAN P. IN CASALE,SAN PIETRO IN CASALE,BOLOGNA,EMILIA ROMAGNA,SCUOLA PRIMARIA,,BOEE805021,MACCARETOLO,SAN PIETRO IN CASALE,BOLOGNA,EMILIA ROMAGNA,SCUOLA PRIMARIA,,5,2.708
202425,0.346,42,statale,SCUOLA PRIMARIA,1,MOEE82901A,"""COLLODI"" SASSUOLO",SASSUOLO,MODENA,EMILIA ROMAGNA,SCUOLA PRIMARIA,,MOEE82702Q,"""CADUTI LIBERTA'"" SASSUOLO",SASSUOLO,MODENA,EMILIA ROMAGNA,SCUOLA PRIMARIA,,2,1.462
202425,0.346,42,statale,SCUOLA PRIMARIA,1,PAEE8AD03X,PLESSO VERGA G.,PALERMO,PALERMO,SICILIA,SCUOLA PRIMARIA,,PAEE8AD063,I.C. G.E. NUCCIO,PALERMO,PALERMO,SICILIA,SCUOLA PRIMARIA,,2,0.308
202425,0.346,42,statale,SCUOLA PRIMARIA,1,PGEE85301D,"SCUOLA PRIMARIA ""A. BONUCCI""",PERUGIA,PERUGIA,UMBRIA,SCUOLA PRIMARIA,,PGEE85302E,SCUOLA PRIMARIA VILLA PITIGNANO,PERUGIA,PERUGIA,UMBRIA,SCUOLA PRIMARIA,,5,1.126
202425,0.346,42,statale,SCUOLA PRIMARIA,1,RGEE809015,S. MARTA,MODICA,RAGUSA,SICILIA,SCUOLA PRIMARIA,,RGEE809048,"""8 MARZO""",MODICA,RAGUSA,SICILIA,SCUOLA PRIMARIA,,1,0.65
202425,0.346,42,statale,SCUOLA PRIMARIA,1,RGEE81301R,FRAZ. DONNALUCATA,SCICLI,RAGUSA,SICILIA,SCUOLA PRIMARIA,,RGEE812011,PLESSO QUASIMODO,SCICLI,RAGUSA,SICILIA,SCUOLA PRIMARIA,,4,0.713
202425,0.346,42,statale,SCUOLA PRIMARIA,1,RMEE89003G,TIVOLI - G. RODARI,TIVOLI,ROMA,LAZIO,SCUOLA PRIMARIA,,RMEE8DV01G,PRIMARIA ALBUCCIONE,GUIDONIA MONTECELIO,ROMA,LAZIO,SCUOLA PRIMARIA,,3,2.054
202425,0.346,42,statale,SCUOLA PRIMARIA,1,RMEE89003G,TIVOLI - G. RODARI,TIVOLI,ROMA,LAZIO,SCUOLA PRIMARIA,,RMEE8DV02L,PRIMARIA COLLE FIORITO,GUIDONIA MONTECELIO,ROMA,LAZIO,SCUOLA PRIMARIA,,8,2.278
202425,0.346,42,statale,SCUOLA PRIMARIA,1,CREE820023,"""REALDO COLOMBO-FERRANTE APORTI",CREMONA,CREMONA,LOMBARDIA,SCUOLA PRIMARIA,,LOEE80201R,PRIMARIA A. MANZONI - MULAZZANO,MULAZZANO,LODI,LOMBARDIA,SCUOLA PRIMARIA,,4,0.349
202425,0.346,42,statale,SCUOLA PRIMARIA,1,CREE820023,"""REALDO COLOMBO-FERRANTE APORTI",CREMONA,CREMONA,LOMBARDIA,SCUOLA PRIMARIA,,CREE821052,"""CAPRA PLASIO""",CREMONA,CREMONA,LOMBARDIA,SCUOLA PRIMARIA,,1,0.716
202425,0.346,42,statale,SCUOLA PRIMARIA,1,CREE820023,"""REALDO COLOMBO-FERRANTE APORTI",CREMONA,CREMONA,LOMBARDIA,SCUOLA PRIMARIA,,CREE82101T,"""TRENTO TRIESTE""",CREMONA,CREMONA,LOMBARDIA,SCUOLA PRIMARIA,,1,1.261
202425,0.346,42,statale,SCUOLA PRIMARIA,1,MIEE8DY01E,PRIMARIA DE NICOLA,MILANO,MILANO,LOMBARDIA,SCUOLA PRIMARIA,,MIEE8DY03L,PRIMARIA G.FERRARIS,MILANO,MILANO,LOMBARDIA,SCUOLA PRIMARIA,,1,0.565
202425,0.346,42,statale,SCUOLA PRIMARIA,1,MIEE8DY01E,PRIMARIA DE NICOLA,MILANO,MILANO,LOMBARDIA,SCUOLA PRIMARIA,,MIEE8DZ01A,PRIMARIA SANDRO PERTINI,MILANO,MILANO,LOMBARDIA,SCUOLA PRIMARIA,,2,0.955
202425,0.346,42,statale,SCUOLA PRIMARIA,1,PIEE82001V,EDMONDO DE AMICIS,PONTEDERA,PISA,TOSCANA,SCUOLA PRIMARIA,,PIEE838014,A.SAFFI,PONTEDERA,PISA,TOSCANA,SCUOLA PRIMARIA,,3,1.172
202425,0.346,42,statale,SCUOLA PRIMARIA,1,PNEE83203Q,"PORDENONE-V.LE TRIESTE""GABELLI""",PORDENONE,PORDENONE,FRIULI-VENEZIA G.,SCUOLA PRIMARIA,,PNEE83202P,"PORDENONE-VIA MOLINARI""COLLODI""",PORDENONE,PORDENONE,FRIULI-VENEZIA G.,SCUOLA PRIMARIA,,1,0.669
202425,0.346,42,statale,SCUOLA PRIMARIA,1,PNEE83203Q,"PORDENONE-V.LE TRIESTE""GABELLI""",PORDENONE,PORDENONE,FRIULI-VENEZIA G.,SCUOLA PRIMARIA,,PNEE83102V,"PORDENONE-VIA FONDA ""G.NARVESA""",PORDENONE,PORDENONE,FRIULI-VENEZIA G.,SCUOLA PRIMARIA,,2,0.815
202425,0.346,42,statale,SCUOLA PRIMARIA,1,PNEE83301D,"PN-V. CARABINIERE ""L.RADICE""",PORDENONE,PORDENONE,FRIULI-VENEZIA G.,SCUOLA PRIMARIA,,PNEE83201N,"PN-COMINA BASSA ""IV NOVEMBRE""",PORDENONE,PORDENONE,FRIULI-VENEZIA G.,SCUOLA PRIMARIA,,3,0.854
202425,0.346,42,statale,SCUOLA PRIMARIA,1,RMEE8G1014,CARLO EVANGELISTI,ROMA,ROMA,LAZIO,SCUOLA PRIMARIA,,RMEE84604E,PIANO ZONA 74,ROMA,ROMA,LAZIO,SCUOLA PRIMARIA,,1,1.174
202425,0.346,42,statale,SCUOLA PRIMARIA,1,RMEE8G1014,CARLO EVANGELISTI,ROMA,ROMA,LAZIO,SCUOLA PRIMARIA,,RMEE8GL01Q,PAPA WOJTYLA,ROMA,ROMA,LAZIO,SCUOLA PRIMARIA,,1,1.263
202425,0.346,42,statale,SCUOLA PRIMARIA,1,SOEE81904L,SONDRIO - F.S.QUADRIO,SONDRIO,SONDRIO,LOMBARDIA,SCUOLA PRIMARIA,,SOEE82003Q,SCUOLA PRIMARIA E.PAINI,SONDRIO,SONDRIO,LOMBARDIA,SCUOLA PRIMARIA,,1,0.255
202425,0.346,42,statale,SCUOLA PRIMARIA,1,VAEE87602N,"""DE AMICIS"" - SCIARE' -",GALLARATE,VARESE,LOMBARDIA,SCUOLA PRIMARIA,,VAEE87502T,"""MANZONI""-MADONNA IN CAMPAGNA-",GALLARATE,VARESE,LOMBARDIA,SCUOLA PRIMARIA,,1,0.815
202425,0.346,42,statale,SCUOLA PRIMARIA,1,VAEE87602N,"""DE AMICIS"" - SCIARE' -",GALLARATE,VARESE,LOMBARDIA,SCUOLA PRIMARIA,,VAEE86702V,"SCUOLA PRIMARIA ""G. RODARI""",CASSANO MAGNAGO,VARESE,LOMBARDIA,SCUOLA PRIMARIA,,3,1.247
202425,0.346,42,statale,SCUOLA PRIMARIA,1,TOEE88902T,IC. MONCAL. - S. PIETRO GABELLI,MONCALIERI,TORINO,PIEMONTE,SCUOLA PRIMARIA,,TOEE88901R,IC.MONCAL.-S.PIETRO MONTESSORI,MONCALIERI,TORINO,PIEMONTE,SCUOLA PRIMARIA,,4,0.4
202425,0.346,42,statale,SCUOLA PRIMARIA,1,BGEE812037,"BERGAMO ""MAZZI"" - DON BOSCO",BERGAMO,BERGAMO,LOMBARDIA,SCUOLA PRIMARIA,,BGEE812026,"BERGAMO ""MAZZI"" -ORIO AL SERIO",ORIO AL SERIO,BERGAMO,LOMBARDIA,SCUOLA PRIMARIA,,2,1.504
202425,0.346,42,statale,SCUOLA PRIMARIA,1,BGEE812037,"BERGAMO ""MAZZI"" - DON BOSCO",BERGAMO,BERGAMO,LOMBARDIA,SCUOLA PRIMARIA,,BGEE813022,"BERGAMO ""DONADONI"" -LOCATELLI",BERGAMO,BERGAMO,LOMBARDIA,SCUOLA PRIMARIA,,3,1.717
202425,0.346,42,statale,SCUOLA PRIMARIA,1,MIEE8AN03N,PRIMARIA G. UCELLI DI NEMI,MILANO,MILANO,LOMBARDIA,SCUOLA PRIMARIA,,MIEE8FA022,PRIMARIA G.MAZZINI,SAN DONATO MILANESE,MILANO,LOMBARDIA,SCUOLA PRIMARIA,,4,0.777
202425,0.346,42,statale,SCUOLA PRIMARIA,1,MIEE8CF018,PRIMARIA C.CANTU',MILANO,MILANO,LOMBARDIA,SCUOLA PRIMARIA,,MIEE8CT021,PRIMARIA DUCA DEGLI ABRUZZI,MILANO,MILANO,LOMBARDIA,SCUOLA PRIMARIA,,6,1.0
202425,0.346,42,statale,SCUOLA PRIMARIA,1,PDEE883036,MORANTE-PD,PADOVA,PADOVA,VENETO,SCUOLA PRIMARIA,,PDEE88401X,SAN CAMILLO - PD,PADOVA,PADOVA,VENETO,SCUOLA PRIMARIA,,1,3.191
202425,0.346,42,statale,SCUOLA PRIMARIA,1,PDEE883036,MORANTE-PD,PADOVA,PADOVA,VENETO,SCUOLA PRIMARIA,,PDEE88001L,ARDIGO'-PD,PADOVA,PADOVA,VENETO,SCUOLA PRIMARIA,,4,3.257
202425,0.346,42,statale,SCUOLA PRIMARIA,1,PDEE883036,MORANTE-PD,PADOVA,PADOVA,VENETO,SCUOLA PRIMARIA,,PDEE884032,FORCELLINI-PD,PADOVA,PADOVA,VENETO,SCUOLA PRIMARIA,,1,3.514
202425,0.346,42,statale,SCUOLA PRIMARIA,1,BGEE84304X,COSTA VOLPINO CORTI,COSTA VOLPINO,BERGAMO,LOMBARDIA,SCUOLA PRIMARIA,,BGEE84302T,COSTA VOLPINO -PIANO-,COSTA VOLPINO,BERGAMO,LOMBARDIA,SCUOLA PRIMARIA,,3,0.76
202425,0.346,42,statale,SCUOLA PRIMARIA,1,BIEE815019,"BIELLA-""CRIDIS""",BIELLA,BIELLA,PIEMONTE,SCUOLA PRIMARIA,,BIEE81502A,BIELLA-P.MICCA,BIELLA,BIELLA,PIEMONTE,SCUOLA PRIMARIA,,1,0.629
202425,0.346,42,statale,SCUOLA PRIMARIA,1,BOEE846049,PRIMARIA PULICARI,IMOLA,BOLOGNA,EMILIA ROMAGNA,SCUOLA PRIMARIA,,BOEE846027,P. TABANELLI - IC 4 IMOLA,IMOLA,BOLOGNA,EMILIA ROMAGNA,SCUOLA PRIMARIA,,2,1.613
202425,0.346,42,statale,SCUOLA PRIMARIA,1,RMEE8E701T,VIA ACQUARONI,ROMA,ROMA,LAZIO,SCUOLA PRIMARIA,,RMEE8E401A,GROTTE CELONI,ROMA,ROMA,LAZIO,SCUOLA PRIMARIA,,6,0.686
202425,0.346,42,statale,SCUOLA PRIMARIA,1,RNEE805013,VILLAGGIO NUOVO (IC MIRAMARE),RIMINI,RIMINI,EMILIA ROMAGNA,SCUOLA PRIMARIA,,RNEE81602E,ALBA ADRIATICA (IC XX SETTEM),RIMINI,RIMINI,EMILIA ROMAGNA,SCUOLA PRIMARIA,,5,1.437
202425,0.346,42,statale,SCUOLA PRIMARIA,1,SAEE8AZ05P,LICINELLA,CAPACCIO PAESTUM,SALERNO,CAMPANIA,SCUOLA PRIMARIA,,SAEE8AY04T,SPINAZZO- PAGLIANO,CAPACCIO PAESTUM,SALERNO,CAMPANIA,SCUOLA PRIMARIA,,1,2.755
202425,0.346,42,statale,SCUOLA PRIMARIA,1,MIEE8C501C,PRIMARIA GIUSEPPE CALASANZIO,MILANO,MILANO,LOMBARDIA,SCUOLA PRIMARIA,,MIEE8C303V,PRIMARIA VIA DELLE ANDE,MILANO,MILANO,LOMBARDIA,SCUOLA PRIMARIA,,2,2.231
202425,0.346,42,statale,SCUOLA PRIMARIA,1,MIEE8C501C,PRIMARIA GIUSEPPE CALASANZIO,MILANO,MILANO,LOMBARDIA,SCUOLA PRIMARIA,,MIEE815017,MI-MASSAUA AGGR. SMS CARDARELLI,MILANO,MILANO,LOMBARDIA,SCUOLA PRIMARIA,,2,2.254
202425,0.346,42,statale,SCUOLA PRIMARIA,1,PVEE83201P,VIG.VITT.VEN. REGINA MARGHERITA,VIGEVANO,PAVIA,LOMBARDIA,SCUOLA PRIMARIA,,PVEE830035,ADA NEGRI,VIGEVANO,PAVIA,LOMBARDIA,SCUOLA PRIMARIA,,2,2.807
202425,0.346,42,statale,SCUOLA PRIMARIA,1,MIEE8A5028,PRIMARIA B.ORIANI,SESTO SAN GIOVANNI,MILANO,LOMBARDIA,SCUOLA PRIMARIA,,MIEE8DF031,PRIMARIA G.B. PIRELLI,MILANO,MILANO,LOMBARDIA,SCUOLA PRIMARIA,,3,2.036
202425,0.346,42,statale,SCUOLA PRIMARIA,1,BSEE83202X,SCUOLA PRIMARIA M. SENECI,LUMEZZANE,BRESCIA,LOMBARDIA,SCUOLA PRIMARIA,,BSEE83201V,SCUOLA PRIMARIA V. BACHELET,LUMEZZANE,BRESCIA,LOMBARDIA,SCUOLA PRIMARIA,,4,0.51
202425,0.346,42,statale,SCUOLA PRIMARIA,1,PCEE005019,VITTORINO DA FELTRE,PIACENZA,PIACENZA,EMILIA ROMAGNA,SCUOLA PRIMARIA,,PCEE00304R,ALCIDE DE GASPERI,PIACENZA,PIACENZA,EMILIA ROMAGNA,SCUOLA PRIMARIA,,1,1.716
202425,0.346,42,statale,SCUOLA PRIMARIA,1,PCEE005019,VITTORINO DA FELTRE,PIACENZA,PIACENZA,EMILIA ROMAGNA,SCUOLA PRIMARIA,,LOEE81004V,PRIMARIA GIANNI RODARI-SAN ROCC,SAN ROCCO AL PORTO,LODI,LOMBARDIA,SCUOLA PRIMARIA,,5,4.831
202425,0.346,42,statale,SCUOLA PRIMARIA,1,TOEE004041,ALLIEVO-FRANCHETTI,TORINO,TORINO,PIEMONTE,SCUOLA PRIMARIA,,TOEE8A402C,I.C. VENARIA II - RIGOLA,VENARIA REALE,TORINO,PIEMONTE,SCUOLA PRIMARIA,,3,3.383
202425,0.346,42,statale,SCUOLA PRIMARIA,1,TOEE004041,ALLIEVO-FRANCHETTI,TORINO,TORINO,PIEMONTE,SCUOLA PRIMARIA,,TOEE810014,"I.C. ""D.M.TUROLDO"" - LEOPARDI",TORINO,TORINO,PIEMONTE,SCUOLA PRIMARIA,,1,3.674
202425,0.346,42,statale,SCUOLA PRIMARIA,1,TOEE004041,ALLIEVO-FRANCHETTI,TORINO,TORINO,PIEMONTE,SCUOLA PRIMARIA,,TOEE88301T,I.C. R.L. MONTALCINI - ALFIERI,TORINO,TORINO,PIEMONTE,SCUOLA PRIMARIA,,2,3.679
202425,0.346,42,statale,SCUOLA PRIMARIA,1,PIEE810029,COPERNICO,SANTA CROCE SULL'ARNO,PISA,TOSCANA,SCUOLA PRIMARIA,,PIEE826041,L. DA VINCI,SAN MINIATO,PISA,TOSCANA,SCUOLA PRIMARIA,,2,1.172
202425,0.346,42,statale,SCUOLA PRIMARIA,1,LOEE814013,PRIMARIA RENZO PEZZANI - LODI,LODI,LODI,LOMBARDIA,SCUOLA PRIMARIA,,LOEE81201B,PRIMARIA - GIOVANNI PASCOLI,LODI,LODI,LOMBARDIA,SCUOLA PRIMARIA,,7,1.215
202425,0.346,42,statale,SCUOLA PRIMARIA,1,MIEE8CW015,PRIMARIA TITO SPERI,MILANO,MILANO,LOMBARDIA,SCUOLA PRIMARIA,,MIEE81702X,PRIMARIA T. CIRESOLA,MILANO,MILANO,LOMBARDIA,SCUOLA PRIMARIA,,7,0.568
202425,0.346,42,statale,SCUOLA PRIMARIA,1,APEE83601L,P.S. ELPIDIO CAPOLUOGO,PORTO SANT'ELPIDIO,FERMO,MARCHE,SCUOLA PRIMARIA,,APEE83603P,LA CORVA,PORTO SANT'ELPIDIO,FERMO,MARCHE,SCUOLA PRIMARIA,,6,1.027
202425,0.346,42,statale,SCUOLA PRIMARIA,1,APEE83601L,P.S. ELPIDIO CAPOLUOGO,PORTO SANT'ELPIDIO,FERMO,MARCHE,SCUOLA PRIMARIA,,APEE83602N,MARINA PICENA,PORTO SANT'ELPIDIO,FERMO,MARCHE,SCUOLA PRIMARIA,,2,1.265
202425,0.346,42,statale,SCUOLA PRIMARIA,1,LTEE820014,ALBERTO CARLO BLANC,SAN FELICE CIRCEO,LATINA,LAZIO,SCUOLA PRIMARIA,,LTEE820025,DON G. CAPITANIO B.GO MONTENERO,SAN FELICE CIRCEO,LATINA,LAZIO,SCUOLA PRIMARIA,,2,1.043
202425,0.346,42,statale,SCUOLA PRIMARIA,1,LTEE84902R,A. MEUCCI - B.GO GRAPPA,LATINA,LATINA,LAZIO,SCUOLA PRIMARIA,,LTEE84903T,MAZZINI BORGO S.MICHELE,LATINA,LATINA,LAZIO,SCUOLA PRIMARIA,,1,3.047
202425,0.346,42,statale,SCUOLA PRIMARIA,1,MBEE86301D,C. COLLODI,SEVESO,MONZA E DELLA BRIANZA,LOMBARDIA,SCUOLA PRIMARIA,,MBEE85001B,"SCUOLA PRIMARIA ""A. MANZONI""",BARLASSINA,MONZA E DELLA BRIANZA,LOMBARDIA,SCUOLA PRIMARIA,,7,1.797
202425,0.346,42,statale,SCUOLA PRIMARIA,1,MNEE81204B,BUSCOLDO,CURTATONE,MANTOVA,LOMBARDIA,SCUOLA PRIMARIA,,MNEE839029,PRIMARIA GABBIANA,MARCARIA,MANTOVA,LOMBARDIA,SCUOLA PRIMARIA,,1,4.703
202425,0.346,42,statale,SCUOLA PRIMARIA,1,MNEE82803X,"CITTADELLA - ""TAZZOLI""",MANTOVA,MANTOVA,LOMBARDIA,SCUOLA PRIMARIA,,MNEE82802V,POMPONAZZO,MANTOVA,MANTOVA,LOMBARDIA,SCUOLA PRIMARIA,,2,0.156
202425,0.346,42,statale,SCUOLA PRIMARIA,1,NAEE8GK033,SAN GENNARO VES. I.C. GIUGLIANI,SAN GENNARO VESUVIANO,NAPOLI,CAMPANIA,SCUOLA PRIMARIA,,NAEE8BF017,PIERO ANGELA,OTTAVIANO,NAPOLI,CAMPANIA,SCUOLA PRIMARIA,,1,0.242
202425,0.346,42,statale,SCUOLA PRIMARIA,1,PDEE87205T,MEGLIADINO SAN FIDENZIO,BORGO VENETO,PADOVA,VENETO,SCUOLA PRIMARIA,,PDEE87201N,SALETTO,BORGO VENETO,PADOVA,VENETO,SCUOLA PRIMARIA,,2,0.338
202425,0.346,42,statale,SCUOLA PRIMARIA,1,VIEE869039,IC VICENZA 10 - T. E F. FRACCON,VICENZA,VICENZA,VENETO,SCUOLA PRIMARIA,,VIEE87001B,IC VICENZA 5 - 2 GIUGNO,VICENZA,VICENZA,VENETO,SCUOLA PRIMARIA,,1,0.641
202425,0.346,42,statale,SCUOLA PRIMARIA,1,ANEE830013,"JESI ""GARIBALDI""",JESI,ANCONA,MARCHE,SCUOLA PRIMARIA,,ANEE83902E,"JESI ""MESTICA""",JESI,ANCONA,MARCHE,SCUOLA PRIMARIA,,1,0.42
202425,0.346,42,statale,SCUOLA PRIMARIA,1,ANEE830013,"JESI ""GARIBALDI""",JESI,ANCONA,MARCHE,SCUOLA PRIMARIA,,ANEE83901D,"JESI ""CONTI""",JESI,ANCONA,MARCHE,SCUOLA PRIMARIA,,4,0.822
202425,0.346,42,statale,SCUOLA PRIMARIA,1,BGEE84405R,"COVO ""A.LOCATELLI""",COVO,BERGAMO,LOMBARDIA,SCUOLA PRIMARIA,,BGEE896019,CORTENUOVA CAP- M.HACK,CORTENUOVA,BERGAMO,LOMBARDIA,SCUOLA PRIMARIA,,1,4.301
202425,0.346,42,statale,SCUOLA PRIMARIA,1,BGEE84405R,"COVO ""A.LOCATELLI""",COVO,BERGAMO,LOMBARDIA,SCUOLA PRIMARIA,,BGEE84402N,"""PAPA GIOV.XXIII"" FONTANELLA",FONTANELLA,BERGAMO,LOMBARDIA,SCUOLA PRIMARIA,,4,4.517
202425,0.346,42,statale,SCUOLA PRIMARIA,1,MOEE845018,"""S. GIOVANNI BOSCO"" MODENA",MODENA,MODENA,EMILIA ROMAGNA,SCUOLA PRIMARIA,,MOEE845029,"""DE AMICIS"" MODENA",MODENA,MODENA,EMILIA ROMAGNA,SCUOLA PRIMARIA,,1,0.477
202425,0.346,42,statale,SCUOLA PRIMARIA,1,MOEE845018,"""S. GIOVANNI BOSCO"" MODENA",MODENA,MODENA,EMILIA ROMAGNA,SCUOLA PRIMARIA,,MOEE84301L,"""G. GRAZIOSI"" MODENA",MODENA,MODENA,EMILIA ROMAGNA,SCUOLA PRIMARIA,,5,0.927
202425,0.346,42,statale,SCUOLA PRIMARIA,1,MOEE845018,"""S. GIOVANNI BOSCO"" MODENA",MODENA,MODENA,EMILIA ROMAGNA,SCUOLA PRIMARIA,,MOEE84302N,"""S. AGNESE"" MODENA",MODENA,MODENA,EMILIA ROMAGNA,SCUOLA PRIMARIA,,6,1.739
202425,0.346,42,statale,SCUOLA PRIMARIA,1,RMEE8FA01D,EX P.M.KOLBE,ROMA,ROMA,LAZIO,SCUOLA PRIMARIA,,RMEE8AE01Q,SAN CESAREO - EUGENIO GIANNUZZI,SAN CESAREO,ROMA,LAZIO,SCUOLA PRIMARIA,,7,0.943
202425,0.346,42,statale,SCUOLA PRIMARIA,1,CAEE89304R,RIVA (CAGLIARI),CAGLIARI,CAGLIARI,SARDEGNA,SCUOLA PRIMARIA,,CAEE89301N,SANTA CATERINA(CAGLIARI),CAGLIARI,CAGLIARI,SARDEGNA,SCUOLA PRIMARIA,,2,0.546
202425,0.346,42,statale,SCUOLA PRIMARIA,1,FIEE841015,PETRARCA,FIRENZE,FIRENZE,TOSCANA,SCUOLA PRIMARIA,,FIEE841026,"""MONTAGNOLA - ISOLOTTO""",FIRENZE,FIRENZE,TOSCANA,SCUOLA PRIMARIA,,4,0.839
202425,0.346,42,statale,SCUOLA PRIMARIA,1,AREE81103G,"""I. DEL LUNGO""",MONTEVARCHI,AREZZO,TOSCANA,SCUOLA PRIMARIA,,AREE81102E,PESTELLO,MONTEVARCHI,AREZZO,TOSCANA,SCUOLA PRIMARIA,,5,0.897
202425,0.346,42,statale,SCUOLA PRIMARIA,1,AREE81103G,"""I. DEL LUNGO""",MONTEVARCHI,AREZZO,TOSCANA,SCUOLA PRIMARIA,,AREE834016,"""DON MILANI""",MONTEVARCHI,AREZZO,TOSCANA,SCUOLA PRIMARIA,,1,1.035
202425,0.346,42,statale,SCUOLA PRIMARIA,1,VREE88503G,DORIGO,VERONA,VERONA,VENETO,SCUOLA PRIMARIA,,VREE88501D,DOMENICO MERCANTE-MAD.DI CAMPAG,VERONA,VERONA,VENETO,SCUOLA PRIMARIA,,6,1.173
202425,0.346,42,statale,SCUOLA PRIMARIA,1,TOEE8CF029,I.C. BOBBIO - NOVARO - C.LEVI,TORINO,TORINO,PIEMONTE,SCUOLA PRIMARIA,,TOEE80503P,I.C. CENA - PIETRO MICCA,TORINO,TORINO,PIEMONTE,SCUOLA PRIMARIA,,6,3.331
202425,0.346,42,statale,SCUOLA PRIMARIA,1,TOEE8CF029,I.C. BOBBIO - NOVARO - C.LEVI,TORINO,TORINO,PIEMONTE,SCUOLA PRIMARIA,,TOEE81804T,IC OLIVETTI-VITTORIO AMEDEO II,TORINO,TORINO,PIEMONTE,SCUOLA PRIMARIA,,1,3.721
202425,0.346,42,statale,SCUOLA PRIMARIA,1,GEEE84406P,UMBERTO I - RIVA TRIGOSO,SESTRI LEVANTE,GENOVA,LIGURIA,SCUOLA PRIMARIA,,GEEE84405N,S.GIOVANNI BOSCO,SESTRI LEVANTE,GENOVA,LIGURIA,SCUOLA PRIMARIA,,3,0.902
202425,0.346,42,statale,SCUOLA PRIMARIA,1,IMEE81102P,SC. PRIM. CASTELVECCHIO,IMPERIA,IMPERIA,LIGURIA,SCUOLA PRIMARIA,,IMEE801024,DIANO CASTELLO,DIANO CASTELLO,IMPERIA,LIGURIA,SCUOLA PRIMARIA,,3,3.626
202425,0.346,42,statale,SCUOLA PRIMARIA,1,IMEE81102P,SC. PRIM. CASTELVECCHIO,IMPERIA,IMPERIA,LIGURIA,SCUOLA PRIMARIA,,IMEE801035,DIANO MARINA,DIANO MARINA,IMPERIA,LIGURIA,SCUOLA PRIMARIA,,1,4.19
202425,0.346,42,statale,SCUOLA PRIMARIA,1,MNEE839018,PRIMARIA CAMPITELLO,MARCARIA,MANTOVA,LOMBARDIA,SCUOLA PRIMARIA,,MNEE839029,PRIMARIA GABBIANA,MARCARIA,MANTOVA,LOMBARDIA,SCUOLA PRIMARIA,,1,4.121
202425,0.346,42,statale,SCUOLA PRIMARIA,1,MOEE82903C,"""G. BELLINI"" QUATTROPONTI",SASSUOLO,MODENA,EMILIA ROMAGNA,SCUOLA PRIMARIA,,MOEE832016,"""ENZO FERRARI"" FIORANO M.",FIORANO MODENESE,MODENA,EMILIA ROMAGNA,SCUOLA PRIMARIA,,2,2.357
202425,0.346,42,statale,SCUOLA PRIMARIA,1,SAEE8AS02R,RIONE S. ANNA PICCOLA,BATTIPAGLIA,SALERNO,CAMPANIA,SCUOLA PRIMARIA,,SAEE8AE017,"PRIMARIA ""G. SIANI"" BATTIPAGLIA",BATTIPAGLIA,SALERNO,CAMPANIA,SCUOLA PRIMARIA,,1,0.81
202425,0.346,42,statale,SCUOLA PRIMARIA,1,MIEE8AG02X,PRIMARIA GHERARDINI,MILANO,MILANO,LOMBARDIA,SCUOLA PRIMARIA,,MIEE8DB01G,PRIMARIA DON MILANI,NOVATE MILANESE,MILANO,LOMBARDIA,SCUOLA PRIMARIA,,2,1.868
202425,0.346,42,statale,SCUOLA PRIMARIA,1,MIEE8AG02X,PRIMARIA GHERARDINI,MILANO,MILANO,LOMBARDIA,SCUOLA PRIMARIA,,MIEE8BR02P,PRIMARIA MARIA MONTESSORI,NOVATE MILANESE,MILANO,LOMBARDIA,SCUOLA PRIMARIA,,2,1.878
202425,0.346,42,statale,SCUOLA PRIMARIA,1,RMEE88602V,"""GIUSEPPE DI MATTEO""",MORLUPO,ROMA,LAZIO,SCUOLA PRIMARIA,,RMEE88601T,"""ROSARIO LIVATINO""",MORLUPO,ROMA,LAZIO,SCUOLA PRIMARIA,,4,1.009
202425,0.346,42,statale,SCUOLA PRIMARIA,1,TOEE8BD012,I.C. ILARIA ALPI - PEROTTI,TORINO,TORINO,PIEMONTE,SCUOLA PRIMARIA,,TOEE86401C,"SCUOLA ""A. SPINELLI""",TORINO,TORINO,PIEMONTE,SCUOLA PRIMARIA,,14,3.176
202425,0.346,42,statale,SCUOLA PRIMARIA,1,AGEE85701T,CRISPI,RIBERA,AGRIGENTO,SICILIA,SCUOLA PRIMARIA,,AGEE856012,DON BOSCO,RIBERA,AGRIGENTO,SICILIA,SCUOLA PRIMARIA,,2,0.885
202425,0.346,42,statale,SCUOLA PRIMARIA,1,BGEE85203N,"PRIMARIA TELGATE ""C. BREVI""",TELGATE,BERGAMO,LOMBARDIA,SCUOLA PRIMARIA,,BGEE85201G,"PRIMARIA GRUMELLO ""P. RAVASIO""",GRUMELLO DEL MONTE,BERGAMO,LOMBARDIA,SCUOLA PRIMARIA,,3,2.284
202425,0.346,42,statale,SCUOLA PRIMARIA,1,PREE826038,SAN LEONARDO,PARMA,PARMA,EMILIA ROMAGNA,SCUOLA PRIMARIA,,PREE821024,"""A.FRANK""",PARMA,PARMA,EMILIA ROMAGNA,SCUOLA PRIMARIA,,4,2.916
202425,0.346,42,statale,SCUOLA PRIMARIA,1,TOEE8AZ01E,I.C. ALBERTI-SALGARI SANTAROSA,TORINO,TORINO,PIEMONTE,SCUOLA PRIMARIA,,TOEE8AZ03L,I.C. ALBERTI-SALGARI -VIA BERTA,TORINO,TORINO,PIEMONTE,SCUOLA PRIMARIA,,3,0.469
202425,0.346,42,statale,SCUOLA PRIMARIA,1,TOEE8AZ01E,I.C. ALBERTI-SALGARI SANTAROSA,TORINO,TORINO,PIEMONTE,SCUOLA PRIMARIA,,TOEE8AZ02G,I.C. ALBERTI - SALGARI,TORINO,TORINO,PIEMONTE,SCUOLA PRIMARIA,,2,0.545
202425,0.346,42,statale,SCUOLA PRIMARIA,1,TVEE842032,A. ZANZOTTO-CONTA' -PIEVE CAP.,PIEVE DI SOLIGO,TREVISO,VENETO,SCUOLA PRIMARIA,,TVEE842043,PAPA LUCIANI - SOLIGHETTO,PIEVE DI SOLIGO,TREVISO,VENETO,SCUOLA PRIMARIA,,7,1.494
202425,0.346,42,statale,SCUOLA PRIMARIA,1,TVEE842032,A. ZANZOTTO-CONTA' -PIEVE CAP.,PIEVE DI SOLIGO,TREVISO,VENETO,SCUOLA PRIMARIA,,TVEE842021,DON L. MILANI - BARBISANO,PIEVE DI SOLIGO,TREVISO,VENETO,SCUOLA PRIMARIA,,1,2.351
202425,0.346,42,statale,SCUOLA PRIMARIA,1,VREE88502E,SIMONI R.,VERONA,VERONA,VENETO,SCUOLA PRIMARIA,,VREE88903V,MAGGI G.,VERONA,VERONA,VENETO,SCUOLA PRIMARIA,,3,2.526
202425,0.346,42,statale,SCUOLA PRIMARIA,1,BSEE843019,ROVATO CAP.,ROVATO,BRESCIA,LOMBARDIA,SCUOLA PRIMARIA,,BSEE82101C,CAZZAGO SAN MARTINO CAP.,CAZZAGO SAN MARTINO,BRESCIA,LOMBARDIA,SCUOLA PRIMARIA,,5,2.429
202425,0.346,42,statale,SCUOLA PRIMARIA,1,BSEE843019,ROVATO CAP.,ROVATO,BRESCIA,LOMBARDIA,SCUOLA PRIMARIA,,BSEE84302A,ROVATO - FRAZ.ALGHISI -,ROVATO,BRESCIA,LOMBARDIA,SCUOLA PRIMARIA,,5,3.402
202425,0.346,42,statale,SCUOLA PRIMARIA,1,BGEE85902B,SCUOLA PRIMARIA CAP,MARTINENGO,BERGAMO,LOMBARDIA,SCUOLA PRIMARIA,,BGEE89901R,COLOGNO AL SERIO,COLOGNO AL SERIO,BERGAMO,LOMBARDIA,SCUOLA PRIMARIA,,7,4.881
202425,0.346,42,statale,SCUOLA PRIMARIA,1,VIEE885037,A. FOGAZZARO,ARZIGNANO,VICENZA,VENETO,SCUOLA PRIMARIA,,VIEE879041,CASTELLO A.GIURIOLO,ARZIGNANO,VICENZA,VENETO,SCUOLA PRIMARIA,,2,0.742
202425,0.346,42,statale,SCUOLA PRIMARIA,1,VREE84001X,"S.MARTINO B.A.""E.SALGARI""",SAN MARTINO BUON ALBERGO,VERONA,VENETO,SCUOLA PRIMARIA,,VREE840021,S.MARTINO B.A.SALVO D'ACQUISTO,SAN MARTINO BUON ALBERGO,VERONA,VENETO,SCUOLA PRIMARIA,,2,1.076
202425,0.346,42,statale,SCUOLA PRIMARIA,1,VREE882012,"""BUSTI ANGELA""",VERONA,VERONA,VENETO,SCUOLA PRIMARIA,,VREE88901R,MASSALONGO A.-VR 18 VERONETTA,VERONA,VERONA,VENETO,SCUOLA PRIMARIA,,2,3.208
202425,0.346,42,statale,SCUOLA PRIMARIA,1,VREE882012,"""BUSTI ANGELA""",VERONA,VERONA,VENETO,SCUOLA PRIMARIA,,VREE83002A,LE RISORGIVE CADIDAVID,VERONA,VERONA,VENETO,SCUOLA PRIMARIA,,2,3.597
202425,0.346,42,statale,SCUOLA PRIMARIA,1,MBEE8BZ01V,SC. ELEMENTARE CARNATE,CARNATE,MONZA E DELLA BRIANZA,LOMBARDIA,SCUOLA PRIMARIA,,MBEE8CL023,"""A. CASATI""",USMATE VELATE,MONZA E DELLA BRIANZA,LOMBARDIA,SCUOLA PRIMARIA,,4,0.996
202425,0.346,42,statale,SCUOLA PRIMARIA,1,MBEE8BZ01V,SC. ELEMENTARE CARNATE,CARNATE,MONZA E DELLA BRIANZA,LOMBARDIA,SCUOLA PRIMARIA,,MBEE8B102C,VIA S.BARTOLOMEO,BERNAREGGIO,MONZA E DELLA BRIANZA,LOMBARDIA,SCUOLA PRIMARIA,,4,1.272
202425,0.346,42,statale,SCUOLA PRIMARIA,1,PVEE821029,BRONI - PAOLO BAFFI,BRONI,PAVIA,LOMBARDIA,SCUOLA PRIMARIA,,PVEE80007D,SC. PRIM. CANNETO PAVESE,CANNETO PAVESE,PAVIA,LOMBARDIA,SCUOLA PRIMARIA,,8,2.007
202425,0.346,42,statale,SCUOLA PRIMARIA,1,PVEE821029,BRONI - PAOLO BAFFI,BRONI,PAVIA,LOMBARDIA,SCUOLA PRIMARIA,,PVEE82103A,REDAVALLE R. PANIS,REDAVALLE,PAVIA,LOMBARDIA,SCUOLA PRIMARIA,,1,4.366
202425,0.346,42,statale,SCUOLA PRIMARIA,1,PVEE821029,BRONI - PAOLO BAFFI,BRONI,PAVIA,LOMBARDIA,SCUOLA PRIMARIA,,PVEE80004A,SC. PRIM. MONTU' BECCARIA,MONTU' BECCARIA,PAVIA,LOMBARDIA,SCUOLA PRIMARIA,,2,4.909
202425,0.346,42,statale,SCUOLA PRIMARIA,1,BSEE89405A,PRALBOINO CAP.,PRALBOINO,BRESCIA,LOMBARDIA,SCUOLA PRIMARIA,,BSEE894038,MILZANO CAP.,MILZANO,BRESCIA,LOMBARDIA,SCUOLA PRIMARIA,,1,1.744
202425,0.346,42,statale,SCUOLA PRIMARIA,1,BSEE89405A,PRALBOINO CAP.,PRALBOINO,BRESCIA,LOMBARDIA,SCUOLA PRIMARIA,,BSEE899019,PRIMARIA - GOTTOLENGO,GOTTOLENGO,BRESCIA,LOMBARDIA,SCUOLA PRIMARIA,,1,4.598
202425,0.346,42,statale,SCUOLA PRIMARIA,1,LIEE826014,BENCI ANTONIO,LIVORNO,LIVORNO,TOSCANA,SCUOLA PRIMARIA,,LIEE826025,"""D'AZEGLIO MASSIMO""",LIVORNO,LIVORNO,TOSCANA,SCUOLA PRIMARIA,,6,0.647
202425,0.346,42,statale,SCUOLA PRIMARIA,1,LTEE847047,GIONCHETTO,LATINA,LATINA,LAZIO,SCUOLA PRIMARIA,,LTEE81502N,GIOVANNI XXIII,LATINA,LATINA,LAZIO,SCUOLA PRIMARIA,,3,1.245
202425,0.346,42,statale,SCUOLA PRIMARIA,1,LTEE847047,GIONCHETTO,LATINA,LATINA,LAZIO,SCUOLA PRIMARIA,,LTEE84503E,O.MONTIANI,LATINA,LATINA,LAZIO,SCUOLA PRIMARIA,,1,1.275
202425,0.346,42,statale,SCUOLA PRIMARIA,1,PDEE89902P,PONTELONGO-MONTESSORI,PONTELONGO,PADOVA,VENETO,SCUOLA PRIMARIA,,PDEE870089,"""M. POLO"" LOC.CAMPAGNOLA-BRUGIN",BRUGINE,PADOVA,VENETO,SCUOLA PRIMARIA,,4,3.593
202425,0.346,42,statale,SCUOLA PRIMARIA,1,TOEE8BY02A,"I.C. SINIGAGLIA - ""MONTALE""",TORINO,TORINO,PIEMONTE,SCUOLA PRIMARIA,,TOEE8BY019,I.C. SINIGAGLIA-C. SEBASTOPOLI,TORINO,TORINO,PIEMONTE,SCUOLA PRIMARIA,,1,0.508
202425,0.346,42,statale,SCUOLA PRIMARIA,1,VEEE86901X,CARLO GOLDONI,MIRA,VENEZIA,VENETO,SCUOLA PRIMARIA,,VEEE869021,GIUSEPPE PARINI,MIRA,VENEZIA,VENETO,SCUOLA PRIMARIA,,1,1.139
202425,0.346,42,statale,SCUOLA PRIMARIA,1,MIEE8BL01E,PRIMARIA VIA MOLISE,PIOLTELLO,MILANO,LOMBARDIA,SCUOLA PRIMARIA,,MIEE8BW02G,PRIMARIA STRADA ANULARE,SEGRATE,MILANO,LOMBARDIA,SCUOLA PRIMARIA,,6,1.512
202425,0.346,42,statale,SCUOLA PRIMARIA,1,BSEE881014,PRIMARIA A.DIAZ BRESCIA,BRESCIA,BRESCIA,LOMBARDIA,SCUOLA PRIMARIA,,BSEE88402L,PRIMARIA ARICI BRESCIA,BRESCIA,BRESCIA,LOMBARDIA,SCUOLA PRIMARIA,,3,4.245
202425,0.346,42,statale,SCUOLA PRIMARIA,1,TVEE87201Q,"""DON LORENZO MILANI"" - SAN ZENO",TREVISO,TREVISO,VENETO,SCUOLA PRIMARIA,,TVEE87204V,"""A. FRANK""- S.MARIA DEL SILE",TREVISO,TREVISO,VENETO,SCUOLA PRIMARIA,,3,1.115
202425,0.346,42,statale,SCUOLA PRIMARIA,1,TVEE87201Q,"""DON LORENZO MILANI"" - SAN ZENO",TREVISO,TREVISO,VENETO,SCUOLA PRIMARIA,,TVEE871021,E. DE AMICIS - VIA CACCIANIGA,TREVISO,TREVISO,VENETO,SCUOLA PRIMARIA,,1,1.274
202425,0.346,42,statale,SCUOLA PRIMARIA,1,TVEE87404E,"""DIEGO VALERI"" - SAN PAOLO",TREVISO,TREVISO,VENETO,SCUOLA PRIMARIA,,TVEE87403D,VITTORINO DA FELTRE - MONIGO,TREVISO,TREVISO,VENETO,SCUOLA PRIMARIA,,2,0.709
202425,0.346,42,statale,SCUOLA PRIMARIA,1,TVEE87404E,"""DIEGO VALERI"" - SAN PAOLO",TREVISO,TREVISO,VENETO,SCUOLA PRIMARIA,,TVEE87402C,G. TONIOLO - S. BONA NUOVA,TREVISO,TREVISO,VENETO,SCUOLA PRIMARIA,,1,0.982
202425,0.346,42,statale,SCUOLA PRIMARIA,1,VREE844017,"""BRUNO ANZOLIN"" MONTEFORTE",MONTEFORTE D'ALPONE,VERONA,VENETO,SCUOLA PRIMARIA,,VREE8AA021,"""DON MARIO VIALE"" PROVA-S.BON 2",SAN BONIFACIO,VERONA,VENETO,SCUOLA PRIMARIA,,5,2.593
202425,0.346,42,statale,SCUOLA PRIMARIA,1,PCEE00403G,DUE GIUGNO,PIACENZA,PIACENZA,EMILIA ROMAGNA,SCUOLA PRIMARIA,,PCEE002108,FRAZ. MUCINASSO,PIACENZA,PIACENZA,EMILIA ROMAGNA,SCUOLA PRIMARIA,,4,4.147
202425,0.346,42,statale,SCUOLA PRIMARIA,1,VIEE877016,G.ZANELLA,MONTECCHIO MAGGIORE,VICENZA,VENETO,SCUOLA PRIMARIA,,VIEE87601A,A.MANZONI,MONTECCHIO MAGGIORE,VICENZA,VENETO,SCUOLA PRIMARIA,,6,2.39
202425,0.346,42,statale,SCUOLA PRIMARIA,1,BOEE818012,LIVIO TEMPESTA - IC N.7 BOLOGNA,BOLOGNA,BOLOGNA,EMILIA ROMAGNA,SCUOLA PRIMARIA,,BOEE855022,PRIMARIA PADRE O. MARELLA,BOLOGNA,BOLOGNA,EMILIA ROMAGNA,SCUOLA PRIMARIA,,2,1.096
202425,0.346,42,statale,SCUOLA PRIMARIA,1,BOEE832018,G. FORNASINI IC PORRETTA TERME,ALTO RENO TERME,BOLOGNA,EMILIA ROMAGNA,SCUOLA PRIMARIA,,BOEE811039,SILLA,GAGGIO MONTANO,BOLOGNA,EMILIA ROMAGNA,SCUOLA PRIMARIA,,1,2.997
202425,0.346,42,statale,SCUOLA PRIMARIA,1,BOEE832018,G. FORNASINI IC PORRETTA TERME,ALTO RENO TERME,BOLOGNA,EMILIA ROMAGNA,SCUOLA PRIMARIA,,BOEE83204B,"PRIMARIA ""MONTESSORI"" VENTURINA",ALTO RENO TERME,BOLOGNA,EMILIA ROMAGNA,SCUOLA PRIMARIA,,1,3.096
202425,0.346,42,statale,SCUOLA PRIMARIA,1,BSEE88502C,PRIMARIA DIV. ACQUI BRESCIA,BRESCIA,BRESCIA,LOMBARDIA,SCUOLA PRIMARIA,,BSEE88402L,PRIMARIA ARICI BRESCIA,BRESCIA,BRESCIA,LOMBARDIA,SCUOLA PRIMARIA,,2,4.842
202425,0.346,42,statale,SCUOLA PRIMARIA,1,MIEE809021,MI/BOGNETTI AGGR. SMS HEINE,MILANO,MILANO,LOMBARDIA,SCUOLA PRIMARIA,,MIEE8CB011,PRIMARIA VIA BOCCONI,MILANO,MILANO,LOMBARDIA,SCUOLA PRIMARIA,,5,1.26
202425,0.346,42,statale,SCUOLA PRIMARIA,1,NOEE81203A,"""A. ANTONELLI""",GHEMME,NOVARA,PIEMONTE,SCUOLA PRIMARIA,,NOEE812029,""" LUIGI PEDRANA """,SIZZANO,NOVARA,PIEMONTE,SCUOLA PRIMARIA,,1,2.898
202425,0.346,42,statale,SCUOLA PRIMARIA,1,RMEE8E902E,VIA ROCCA CENCIA,ROMA,ROMA,LAZIO,SCUOLA PRIMARIA,,RMEE855027,VIA GIARRE -PRIMARIA,ROMA,ROMA,LAZIO,SCUOLA PRIMARIA,,4,1.629
202425,0.346,42,statale,SCUOLA PRIMARIA,1,RMEE8EY04R,P. R. PIROTTA,ROMA,ROMA,LAZIO,SCUOLA PRIMARIA,,RMEE82302Q,ELEMENTARE G.B. VALENTE,ROMA,ROMA,LAZIO,SCUOLA PRIMARIA,,2,0.516
202425,0.346,42,statale,SCUOLA PRIMARIA,1,VAEE85001C,PRIMARIA CLERICI,GERENZANO,VARESE,LOMBARDIA,SCUOLA PRIMARIA,,VAEE85002D,PRIMARIA GIOVANNI XXIII,GERENZANO,VARESE,LOMBARDIA,SCUOLA PRIMARIA,,2,0.605
202425,0.346,42,statale,SCUOLA PRIMARIA,1,VAEE86906P,GIUSEPPE MAZZINI,VARESE,VARESE,LOMBARDIA,SCUOLA PRIMARIA,,VAEE874011,"""CARDUCCI"" - CASBENO -",VARESE,VARESE,LOMBARDIA,SCUOLA PRIMARIA,,2,1.654
202425,0.346,42,statale,SCUOLA PRIMARIA,1,FIEE847014,GALLIANO-ROSSINI,FIRENZE,FIRENZE,TOSCANA,SCUOLA PRIMARIA,,FIEE85602X,GIANNI RODARI,FIRENZE,FIRENZE,TOSCANA,SCUOLA PRIMARIA,,9,0.413
202425,0.346,42,statale,SCUOLA PRIMARIA,1,VBEE81501Q,"SCUOLA PRIMARIA ""CANTELLI""",VERBANIA,VERBANO-CUSIO-OSSOLA,PIEMONTE,SCUOLA PRIMARIA,,VBEE813014,"SCUOLA ELEMENTARE ""MARIA PERON""",VERBANIA,VERBANO-CUSIO-OSSOLA,PIEMONTE,SCUOLA PRIMARIA,,2,0.963
202425,0.346,42,statale,SCUOLA PRIMARIA,1,MOEE82303D,GIOTTO - AREA CROTTI,CARPI,MODENA,EMILIA ROMAGNA,SCUOLA PRIMARIA,,MOEE817058,"""LEONARDO DA VINCI"" CARPI",CARPI,MODENA,EMILIA ROMAGNA,SCUOLA PRIMARIA,,4,0.862
202425,0.346,42,statale,SCUOLA PRIMARIA,1,MIEE89302D,PRIMARIA BORGO LOMBARDO,SAN GIULIANO MILANESE,MILANO,LOMBARDIA,SCUOLA PRIMARIA,,MIEE8EM01T,PRIMARIA G.CAVALCANTI,SAN GIULIANO MILANESE,MILANO,LOMBARDIA,SCUOLA PRIMARIA,,7,1.447
202425,0.346,42,statale,SCUOLA PRIMARIA,1,RMEE8BX01V,CALDERINI,ROMA,ROMA,LAZIO,SCUOLA PRIMARIA,,RMEE8BX034,PIERO DELLA FRANCESCA,ROMA,ROMA,LAZIO,SCUOLA PRIMARIA,,2,0.996
202425,0.346,42,statale,SCUOLA PRIMARIA,1,SPEE81403A,LA SPEZIA FOSSITERMI A.REVERE,LA SPEZIA,LA SPEZIA,LIGURIA,SCUOLA PRIMARIA,,SPEE814018,LA SPEZIA CHIAPPA A.MANZONI,LA SPEZIA,LA SPEZIA,LIGURIA,SCUOLA PRIMARIA,,3,0.493
202425,0.346,42,statale,SCUOLA PRIMARIA,1,TSEE81203C,SCUOLA PRIMARIA L. MAURO,TRIESTE,TRIESTE,FRIULI-VENEZIA G.,SCUOLA PRIMARIA,,TSEE80801P,A. PADOA,TRIESTE,TRIESTE,FRIULI-VENEZIA G.,SCUOLA PRIMARIA,,1,0.438
202425,0.346,42,statale,SCUOLA PRIMARIA,1,RMEE8FB019,CHICO MENDEZ,ROMA,ROMA,LAZIO,SCUOLA PRIMARIA,,RMEE827012,SANDRO PERTINI,ROMA,ROMA,LAZIO,SCUOLA PRIMARIA,,3,1.225
202425,0.346,42,statale,SCUOLA PRIMARIA,1,RMEE8FB019,CHICO MENDEZ,ROMA,ROMA,LAZIO,SCUOLA PRIMARIA,,RMEE85301E,NUOVA EUROPA,ROMA,ROMA,LAZIO,SCUOLA PRIMARIA,,4,1.225
202425,0.346,42,statale,SCUOLA PRIMARIA,1,RMEE8FB019,CHICO MENDEZ,ROMA,ROMA,LAZIO,SCUOLA PRIMARIA,,RMEE8E801N,VIA S. BIAGIO PLATANI,ROMA,ROMA,LAZIO,SCUOLA PRIMARIA,,5,2.22
202425,0.346,42,statale,SCUOLA PRIMARIA,1,GEEE85102N,S.EL. - E.MONTALE -,GENOVA,GENOVA,LIGURIA,SCUOLA PRIMARIA,,GEEE826032,S.EL.ST. M. MAZZA,GENOVA,GENOVA,LIGURIA,SCUOLA PRIMARIA,,3,2.5
202425,0.346,42,statale,SCUOLA PRIMARIA,1,LTEE85701P,ISTITUTO COMPRENSIVO ASPRI,FONDI,LATINA,LAZIO,SCUOLA PRIMARIA,,LTEE817018,S.TEN.A.ASPRI,FONDI,LATINA,LAZIO,SCUOLA PRIMARIA,,5,0.0
202425,0.346,42,statale,SCUOLA PRIMARIA,1,MIEE8AN01G,PRIMARIALARGO GUERRIERI GONZAGA,MILANO,MILANO,LOMBARDIA,SCUOLA PRIMARIA,,MIEE8AN02L,PRIMARIA S.GIOVANNI BOSCO,MILANO,MILANO,LOMBARDIA,SCUOLA PRIMARIA,,2,0.48
202425,0.346,42,statale,SCUOLA PRIMARIA,1,MIEE8AN01G,PRIMARIALARGO GUERRIERI GONZAGA,MILANO,MILANO,LOMBARDIA,SCUOLA PRIMARIA,,MIEE8DW042,PRIMARIA VIA MELERI,MILANO,MILANO,LOMBARDIA,SCUOLA PRIMARIA,,3,1.336
202425,0.346,42,statale,SCUOLA PRIMARIA,1,GEEE84201T,S.EL. DI VIA TEGLIA,GENOVA,GENOVA,LIGURIA,SCUOLA PRIMARIA,,GEEE84202V,S.EL. - E.MORANTE -,GENOVA,GENOVA,LIGURIA,SCUOLA PRIMARIA,,4,0.811
202425,0.346,42,statale,SCUOLA PRIMARIA,1,GEEE84201T,S.EL. DI VIA TEGLIA,GENOVA,GENOVA,LIGURIA,SCUOLA PRIMARIA,,GEEE82302D,SC.PRIMARIA- DOGE G.DA MURTA -,GENOVA,GENOVA,LIGURIA,SCUOLA PRIMARIA,,1,1.409
202425,0.346,42,statale,SCUOLA PRIMARIA,1,PVEE814015,"BELGIOIOSO ""C. LAURENTI""",BELGIOIOSO,PAVIA,LOMBARDIA,SCUOLA PRIMARIA,,PVEE814059,"ALBUZZANO ""FELICE CAVALLOTTI""",ALBUZZANO,PAVIA,LOMBARDIA,SCUOLA PRIMARIA,,5,4.5
202425,0.346,42,statale,SCUOLA PRIMARIA,1,RMEE812018,ANNA FRANK,ROMA,ROMA,LAZIO,SCUOLA PRIMARIA,,RMEE8EG01T,E. CHIOVINI,ROMA,ROMA,LAZIO,SCUOLA PRIMARIA,,6,0.95
202425,0.346,42,statale,SCUOLA PRIMARIA,1,RMEE8FS019,R. GUTTUSO,ROMA,ROMA,LAZIO,SCUOLA PRIMARIA,,RMEE843021,GIUSEPPE VACCARI,ROMA,ROMA,LAZIO,SCUOLA PRIMARIA,,5,0.56
202425,0.346,42,statale,SCUOLA PRIMARIA,1,FIEE87701X,CAPOLUOGO- CARDUCCI,FUCECCHIO,FIRENZE,TOSCANA,SCUOLA PRIMARIA,,FIEE877043,"CAPOLUOGO ""PASCOLI""",FUCECCHIO,FIRENZE,TOSCANA,SCUOLA PRIMARIA,,2,0.764
202425,0.346,42,statale,SCUOLA PRIMARIA,1,BOEE868013,I.C. MOLINELLA CAPOLUOGO,MOLINELLA,BOLOGNA,EMILIA ROMAGNA,SCUOLA PRIMARIA,,BOEE868024,MARMORTA PRIMARIA,MOLINELLA,BOLOGNA,EMILIA ROMAGNA,SCUOLA PRIMARIA,,5,3.947
202425,0.346,42,statale,SCUOLA PRIMARIA,1,BOEE868013,I.C. MOLINELLA CAPOLUOGO,MOLINELLA,BOLOGNA,EMILIA ROMAGNA,SCUOLA PRIMARIA,,BOEE868046,S.PIETRO CAPOFIUME PRIMARIA,MOLINELLA,BOLOGNA,EMILIA ROMAGNA,SCUOLA PRIMARIA,,2,4.101
202425,0.346,42,statale,SCUOLA PRIMARIA,1,MNEE83801C,VIADANA,VIADANA,MANTOVA,LOMBARDIA,SCUOLA PRIMARIA,,MNEE83003X,CASALETTO,VIADANA,MANTOVA,LOMBARDIA,SCUOLA PRIMARIA,,4,2.637
202425,0.346,42,statale,SCUOLA PRIMARIA,1,MNEE83801C,VIADANA,VIADANA,MANTOVA,LOMBARDIA,SCUOLA PRIMARIA,,REEE828021,BRESCELLO CAP.,BRESCELLO,REGGIO EMILIA,EMILIA ROMAGNA,SCUOLA PRIMARIA,,2,3.645
202425,0.346,42,statale,SCUOLA PRIMARIA,1,NOEE80901C,DON CARLO FELICE SAINO,CERANO,NOVARA,PIEMONTE,SCUOLA PRIMARIA,,NOEE83001T,"""DON LORENZO MILANI""",TRECATE,NOVARA,PIEMONTE,SCUOLA PRIMARIA,,2,4.062
202425,0.346,42,statale,SCUOLA PRIMARIA,1,NOEE80901C,DON CARLO FELICE SAINO,CERANO,NOVARA,PIEMONTE,SCUOLA PRIMARIA,,NOEE82902P,F. ROGNONI SOZZAGO,SOZZAGO,NOVARA,PIEMONTE,SCUOLA PRIMARIA,,4,4.857
202425,0.346,42,statale,SCUOLA PRIMARIA,1,ALEE817056,PRIMARIA PRATO SAN GIULIANO V:,ALESSANDRIA,ALESSANDRIA,PIEMONTE,SCUOLA PRIMARIA,,ALEE817034,PRIMARIA BRAVETTA LITTA PARODI,ALESSANDRIA,ALESSANDRIA,PIEMONTE,SCUOLA PRIMARIA,,1,4.654
202425,0.346,42,statale,SCUOLA PRIMARIA,1,ANEE830035,"JESI ""MAZZINI-MARCONI""",JESI,ANCONA,MARCHE,SCUOLA PRIMARIA,,ANEE83901D,"JESI ""CONTI""",JESI,ANCONA,MARCHE,SCUOLA PRIMARIA,,1,0.992
202425,0.346,42,statale,SCUOLA PRIMARIA,1,ANEE843037,"OSIMO ""BRUNO DA OSIMO""",OSIMO,ANCONA,MARCHE,SCUOLA PRIMARIA,,ANEE842019,OSIMO - FORNACE FAGIOLI,OSIMO,ANCONA,MARCHE,SCUOLA PRIMARIA,,4,0.889
202425,0.346,42,statale,SCUOLA PRIMARIA,1,ATEE80601L,CELLARENGO,CELLARENGO,ASTI,PIEMONTE,SCUOLA PRIMARIA,,ATEE80604Q,VALFENERA CAP.,VALFENERA,ASTI,PIEMONTE,SCUOLA PRIMARIA,,1,3.652
202425,0.346,42,statale,SCUOLA PRIMARIA,1,ATEE81901P,DANTE ALIGHIERI -ASTI,ASTI,ASTI,PIEMONTE,SCUOLA PRIMARIA,,ATEE80501R,CASTELL'ALFERO CAP.,CASTELL'ALFERO,ASTI,PIEMONTE,SCUOLA PRIMARIA,,3,0.324
202425,0.346,42,statale,SCUOLA PRIMARIA,1,ATEE81901P,DANTE ALIGHIERI -ASTI,ASTI,ASTI,PIEMONTE,SCUOLA PRIMARIA,,ATEE817046,FRAZ. SAN CARLO - ASTI,ASTI,ASTI,PIEMONTE,SCUOLA PRIMARIA,,2,0.468
202425,0.346,42,statale,SCUOLA PRIMARIA,1,BGEE87505C,"SERIATE CAP. ""G. RODARI""",SERIATE,BERGAMO,LOMBARDIA,SCUOLA PRIMARIA,,BGEE876025,"SERIATE CAP. ""CERIOLI""",SERIATE,BERGAMO,LOMBARDIA,SCUOLA PRIMARIA,,1,1.259
202425,0.346,42,statale,SCUOLA PRIMARIA,1,BGEE87505C,"SERIATE CAP. ""G. RODARI""",SERIATE,BERGAMO,LOMBARDIA,SCUOLA PRIMARIA,,BGEE87507E,"SERIATE ""G. DONIZETTI""",SERIATE,BERGAMO,LOMBARDIA,SCUOLA PRIMARIA,,2,1.358
202425,0.346,42,statale,SCUOLA PRIMARIA,1,BGEE88304A,ZANDOBBIO CAP.,ZANDOBBIO,BERGAMO,LOMBARDIA,SCUOLA PRIMARIA,,BGEE883039,ENTRATICO,ENTRATICO,BERGAMO,LOMBARDIA,SCUOLA PRIMARIA,,1,2.379
202425,0.346,42,statale,SCUOLA PRIMARIA,1,BGEE8AC033,"""G. CARDUCCI""",DALMINE,BERGAMO,LOMBARDIA,SCUOLA PRIMARIA,,BGEE8AC022,"""C. COLLODI""",DALMINE,BERGAMO,LOMBARDIA,SCUOLA PRIMARIA,,6,0.983
202425,0.346,42,statale,SCUOLA PRIMARIA,1,BOEE84301P,G. MARCONI - I.C. 2 IMOLA,IMOLA,BOLOGNA,EMILIA ROMAGNA,SCUOLA PRIMARIA,,BOEE847012,CAPPUCCINI - I.C. 6 IMOLA,IMOLA,BOLOGNA,EMILIA ROMAGNA,SCUOLA PRIMARIA,,1,1.096
202425,0.346,42,statale,SCUOLA PRIMARIA,1,BSEE86402B,"DARFO BOARIO T.""S.F.D'ASSISI""",DARFO BOARIO TERME,BRESCIA,LOMBARDIA,SCUOLA PRIMARIA,,BSEE86401A,DARFO BOARIO T.FRAZ.GORZONE,DARFO BOARIO TERME,BRESCIA,LOMBARDIA,SCUOLA PRIMARIA,,2,1.508
202425,0.346,42,statale,SCUOLA PRIMARIA,1,BSEE86402B,"DARFO BOARIO T.""S.F.D'ASSISI""",DARFO BOARIO TERME,BRESCIA,LOMBARDIA,SCUOLA PRIMARIA,,BSEE86406G,ANGOLO TERME CAP.,ANGOLO TERME,BRESCIA,LOMBARDIA,SCUOLA PRIMARIA,,1,3.076
202425,0.346,42,statale,SCUOLA PRIMARIA,1,BSEE886039,PRIMARIA G.MAMELI BRESCIA,BRESCIA,BRESCIA,LOMBARDIA,SCUOLA PRIMARIA,,BSEE88802X,PRIMARIA COLLEBEATO,COLLEBEATO,BRESCIA,LOMBARDIA,SCUOLA PRIMARIA,,3,2.457
202425,0.346,42,statale,SCUOLA PRIMARIA,1,CNEE863014,"BRA CAP. ""DON MILANI""",BRA,CUNEO,PIEMONTE,SCUOLA PRIMARIA,,CNEE864021,"BRA- ""EDOARDO MOSCA""",BRA,CUNEO,PIEMONTE,SCUOLA PRIMARIA,,4,0.854
202425,0.346,42,statale,SCUOLA PRIMARIA,1,COEE84804T,CAMPIONE D'ITALIA,CAMPIONE D'ITALIA,COMO,LOMBARDIA,SCUOLA PRIMARIA,,COEE80102E,SC. PRIM. LANZO D'INTELVI,ALTA VALLE INTELVI,COMO,LOMBARDIA,SCUOLA PRIMARIA,,1,4.138
202425,0.346,42,statale,SCUOLA PRIMARIA,1,FIEE812015,DUCA D'AOSTA,FIRENZE,FIRENZE,TOSCANA,SCUOLA PRIMARIA,,FIEE83701D,GIORGIO AMBROSOLI,FIRENZE,FIRENZE,TOSCANA,SCUOLA PRIMARIA,,6,1.397
202425,0.346,42,statale,SCUOLA PRIMARIA,1,GEEE826021,S.EL.ST. - DUCA DEGLI ABRUZZI,GENOVA,GENOVA,LIGURIA,SCUOLA PRIMARIA,,GEEE826032,S.EL.ST. M. MAZZA,GENOVA,GENOVA,LIGURIA,SCUOLA PRIMARIA,,2,0.547
202425,0.346,42,statale,SCUOLA PRIMARIA,1,GEEE826021,S.EL.ST. - DUCA DEGLI ABRUZZI,GENOVA,GENOVA,LIGURIA,SCUOLA PRIMARIA,,GEEE811016,SCUOLA PRIMARIA - A. SPINOLA -,GENOVA,GENOVA,LIGURIA,SCUOLA PRIMARIA,,3,0.617
202425,0.346,42,statale,SCUOLA PRIMARIA,1,GEEE83101B,S.EL. - PAPA GIOVANNI XXIII -,GENOVA,GENOVA,LIGURIA,SCUOLA PRIMARIA,,GEEE83002L,S.EL. - A.FRANK -,GENOVA,GENOVA,LIGURIA,SCUOLA PRIMARIA,,8,0.387
202425,0.346,42,statale,SCUOLA PRIMARIA,1,LCEE81404C,"""C. COLLODI"" OSNAGO",OSNAGO,LECCO,LOMBARDIA,SCUOLA PRIMARIA,,MBEE8DJ028,SCUOLA PRIMARIA - RONCO BRIANTI,RONCO BRIANTINO,MONZA E DELLA BRIANZA,LOMBARDIA,SCUOLA PRIMARIA,,4,1.135
202425,0.346,42,statale,SCUOLA PRIMARIA,1,LOEE80902L,PRIMARIA F. BONACCORSI - ZORLES,CASALPUSTERLENGO,LODI,LOMBARDIA,SCUOLA PRIMARIA,,LOEE80701X,PRIMARIA - SECUGNAGO,SECUGNAGO,LODI,LOMBARDIA,SCUOLA PRIMARIA,,1,3.393
202425,0.346,42,statale,SCUOLA PRIMARIA,1,LOEE80902L,PRIMARIA F. BONACCORSI - ZORLES,CASALPUSTERLENGO,LODI,LOMBARDIA,SCUOLA PRIMARIA,,LOEE807021,PRIMARIA - BREMBIO,BREMBIO,LODI,LOMBARDIA,SCUOLA PRIMARIA,,1,3.431
202425,0.346,42,statale,SCUOLA PRIMARIA,1,LOEE81101G,PRIMARIA S. F. CABRINI - LODI,LODI,LODI,LOMBARDIA,SCUOLA PRIMARIA,,LOEE81102L,PRIMARIA E. DE AMICIS - LODI,LODI,LODI,LOMBARDIA,SCUOLA PRIMARIA,,1,1.679
202425,0.346,42,statale,SCUOLA PRIMARIA,1,LOEE81101G,PRIMARIA S. F. CABRINI - LODI,LODI,LODI,LOMBARDIA,SCUOLA PRIMARIA,,LOEE81201B,PRIMARIA - GIOVANNI PASCOLI,LODI,LODI,LOMBARDIA,SCUOLA PRIMARIA,,2,2.069
202425,0.346,42,statale,SCUOLA PRIMARIA,1,LTEE85302C,SELVA VETERE,FONDI,LATINA,LAZIO,SCUOLA PRIMARIA,,LTEE819021,CADUTI DI NASSYRIA,MONTE SAN BIAGIO,LATINA,LAZIO,SCUOLA PRIMARIA,,1,3.544
202425,0.346,42,statale,SCUOLA PRIMARIA,1,MBEE879024,GIULIO GAVAZZI,DESIO,MONZA E DELLA BRIANZA,LOMBARDIA,SCUOLA PRIMARIA,,MBEE87502R,VIA PRATI - DESIO,DESIO,MONZA E DELLA BRIANZA,LOMBARDIA,SCUOLA PRIMARIA,,2,0.344
202425,0.346,42,statale,SCUOLA PRIMARIA,1,MBEE8CP02E,ALDO MORO E MARTIRI DI VIA FANI,MEZZAGO,MONZA E DELLA BRIANZA,LOMBARDIA,SCUOLA PRIMARIA,,MBEE8CP01D,MADRE TERESA DI CALCUTTA,BELLUSCO,MONZA E DELLA BRIANZA,LOMBARDIA,SCUOLA PRIMARIA,,1,2.01
202425,0.346,42,statale,SCUOLA PRIMARIA,1,MBEE8CP02E,ALDO MORO E MARTIRI DI VIA FANI,MEZZAGO,MONZA E DELLA BRIANZA,LOMBARDIA,SCUOLA PRIMARIA,,MBEE8DP025,N. TOMMASEO - BUSNAGO,BUSNAGO,MONZA E DELLA BRIANZA,LOMBARDIA,SCUOLA PRIMARIA,,2,2.107
202425,0.346,42,statale,SCUOLA PRIMARIA,1,MEEE86701L,COLLEREALE - PLESSO PIRANDELLO,MESSINA,MESSINA,SICILIA,SCUOLA PRIMARIA,,MEEE88701T,PRIMARIA DRAGO,MESSINA,MESSINA,SICILIA,SCUOLA PRIMARIA,,3,0.128
202425,0.346,42,statale,SCUOLA PRIMARIA,1,MIEE8A1021,PRIMARIA B.LUINI,SESTO SAN GIOVANNI,MILANO,LOMBARDIA,SCUOLA PRIMARIA,,MBEE8AH01G,VIA CARAVAGGIO ANG.ZARA-MONZA,MONZA,MONZA E DELLA BRIANZA,LOMBARDIA,SCUOLA PRIMARIA,,1,1.614
202425,0.346,42,statale,SCUOLA PRIMARIA,1,MIEE8DQ02G,PRIMARIA LOCATELLI,MILANO,MILANO,LOMBARDIA,SCUOLA PRIMARIA,,MIEE8DG01P,PRIMARIA S.T. FABBRI,MILANO,MILANO,LOMBARDIA,SCUOLA PRIMARIA,,1,0.694
202425,0.346,42,statale,SCUOLA PRIMARIA,1,MNEE82502B,"SCUOLA PRIMARIA ""A.FRANK""",SUZZARA,MANTOVA,LOMBARDIA,SCUOLA PRIMARIA,,MNEE813025,S. ANTONIO - SCUOLA PRIMARIA,PORTO MANTOVANO,MANTOVA,LOMBARDIA,SCUOLA PRIMARIA,,2,3.843
202425,0.346,42,statale,SCUOLA PRIMARIA,1,MNEE82502B,"SCUOLA PRIMARIA ""A.FRANK""",SUZZARA,MANTOVA,LOMBARDIA,SCUOLA PRIMARIA,,MNEE835011,GONZAGA SCUOLA PRIMARIA,GONZAGA,MANTOVA,LOMBARDIA,SCUOLA PRIMARIA,,1,4.666
202425,0.346,42,statale,SCUOLA PRIMARIA,1,NOEE82901N,"""GIANNI RODARI""",TRECATE,NOVARA,PIEMONTE,SCUOLA PRIMARIA,,NOEE83002V,"""DE AMICIS""",ROMENTINO,NOVARA,PIEMONTE,SCUOLA PRIMARIA,,1,3.475
202425,0.346,42,statale,SCUOLA PRIMARIA,1,PDEE89004A,FRANCESCO PETRARCA,PADOVA,PADOVA,VENETO,SCUOLA PRIMARIA,,PDEE890017,LAMBRUSCHINI-PD,PADOVA,PADOVA,VENETO,SCUOLA PRIMARIA,,1,1.95
202425,0.346,42,statale,SCUOLA PRIMARIA,1,PDEE89004A,FRANCESCO PETRARCA,PADOVA,PADOVA,VENETO,SCUOLA PRIMARIA,,PDEE890028,MONTEGRAPPA-PD,PADOVA,PADOVA,VENETO,SCUOLA PRIMARIA,,4,2.365
202425,0.346,42,statale,SCUOLA PRIMARIA,1,PGEE00202P,BELLOCCHIO ISTITUTO,PERUGIA,PERUGIA,UMBRIA,SCUOLA PRIMARIA,,PGEE00204R,"MADONNA ALTA ""DON MILANI""",PERUGIA,PERUGIA,UMBRIA,SCUOLA PRIMARIA,,3,0.349
202425,0.346,42,statale,SCUOLA PRIMARIA,1,PGEE023138,D.D. 1 CIRC. CASTELLO S.FILIPPO,CITTA' DI CASTELLO,PERUGIA,UMBRIA,SCUOLA PRIMARIA,,PGEE02303R,RIGNALDELLO,CITTA' DI CASTELLO,PERUGIA,UMBRIA,SCUOLA PRIMARIA,,2,0.812
202425,0.346,42,statale,SCUOLA PRIMARIA,1,PNEE82902V,"S.VITO TAGL.""LA NOSTRA FAMIGLIA",SAN VITO AL TAGLIAMENTO,PORDENONE,FRIULI-VENEZIA G.,SCUOLA PRIMARIA,,PNEE82903X,"S.VITO T.-LIGUGNANA""G.MARCONI""",SAN VITO AL TAGLIAMENTO,PORDENONE,FRIULI-VENEZIA G.,SCUOLA PRIMARIA,,2,1.249
202425,0.346,42,statale,SCUOLA PRIMARIA,1,PREE07501C,DE AMICIS,FIDENZA,PARMA,EMILIA ROMAGNA,SCUOLA PRIMARIA,,PREE07504G,"""ONGARO""",FIDENZA,PARMA,EMILIA ROMAGNA,SCUOLA PRIMARIA,,6,0.956
202425,0.346,42,statale,SCUOLA PRIMARIA,1,PREE833019,"""RENZO PEZZANI""",PARMA,PARMA,EMILIA ROMAGNA,SCUOLA PRIMARIA,,PREE834015,""" DON MILANI """,PARMA,PARMA,EMILIA ROMAGNA,SCUOLA PRIMARIA,,1,1.12
202425,0.346,42,statale,SCUOLA PRIMARIA,1,PVEE813019,VILLANTERIO,VILLANTERIO,PAVIA,LOMBARDIA,SCUOLA PRIMARIA,,LOEE81502X,PRIMARIA G. MARCONI - MARUDO,MARUDO,LODI,LOMBARDIA,SCUOLA PRIMARIA,,3,4.231
202425,0.346,42,statale,SCUOLA PRIMARIA,1,REEE82302T,GATTATICO PRATICELLO,GATTATICO,REGGIO EMILIA,EMILIA ROMAGNA,SCUOLA PRIMARIA,,REEE82303V,"TANETO ""MAESTRO IDRO ARTIOLI""",GATTATICO,REGGIO EMILIA,EMILIA ROMAGNA,SCUOLA PRIMARIA,,5,4.001
202425,0.346,42,statale,SCUOLA PRIMARIA,1,REEE82302T,GATTATICO PRATICELLO,GATTATICO,REGGIO EMILIA,EMILIA ROMAGNA,SCUOLA PRIMARIA,,PREE81401X,SORBOLO CPL.,SORBOLO MEZZANI,PARMA,EMILIA ROMAGNA,SCUOLA PRIMARIA,,1,4.938
202425,0.346,42,statale,SCUOLA PRIMARIA,1,RMEE83104R,AURELIO POZZI,ROMA,ROMA,LAZIO,SCUOLA PRIMARIA,,RMEE8GA014,FEDERICO FELLINI,ROMA,ROMA,LAZIO,SCUOLA PRIMARIA,,3,2.204
202425,0.346,42,statale,SCUOLA PRIMARIA,1,SREE80102C,II I.C. FALCONE-BORSELLINO SR,SIRACUSA,SIRACUSA,SICILIA,SCUOLA PRIMARIA,,SREE86401E,PRIMARIA FERLA,FERLA,SIRACUSA,SICILIA,SCUOLA PRIMARIA,,1,1.466
202425,0.346,42,statale,SCUOLA PRIMARIA,1,TOEE8AB05X,I.C. IVREA II - D.MILANI-BELL.,IVREA,TORINO,PIEMONTE,SCUOLA PRIMARIA,,TOEE8AB03T,I.C. IVREA II-OLIVETTI,IVREA,TORINO,PIEMONTE,SCUOLA PRIMARIA,,2,0.931
202425,0.346,42,statale,SCUOLA PRIMARIA,1,TOEE8BE02V,I.C. TORINO II-AURORA,TORINO,TORINO,PIEMONTE,SCUOLA PRIMARIA,,TOEE88301T,I.C. R.L. MONTALCINI - ALFIERI,TORINO,TORINO,PIEMONTE,SCUOLA PRIMARIA,,3,2.397
202425,0.346,42,statale,SCUOLA PRIMARIA,1,TSEE80101X,U. GASPARDIS,TRIESTE,TRIESTE,FRIULI-VENEZIA G.,SCUOLA PRIMARIA,,TSEE80303N,S. SLATAPER EX BERGAMAS,TRIESTE,TRIESTE,FRIULI-VENEZIA G.,SCUOLA PRIMARIA,,1,0.488
202425,0.346,42,statale,SCUOLA PRIMARIA,1,TSEE80101X,U. GASPARDIS,TRIESTE,TRIESTE,FRIULI-VENEZIA G.,SCUOLA PRIMARIA,,TSEE80801P,A. PADOA,TRIESTE,TRIESTE,FRIULI-VENEZIA G.,SCUOLA PRIMARIA,,4,0.949
202425,0.346,42,statale,SCUOLA PRIMARIA,1,TSEE80101X,U. GASPARDIS,TRIESTE,TRIESTE,FRIULI-VENEZIA G.,SCUOLA PRIMARIA,,TSEE80302L,S. LAGHI,TRIESTE,TRIESTE,FRIULI-VENEZIA G.,SCUOLA PRIMARIA,,1,1.039
202425,0.346,42,statale,SCUOLA PRIMARIA,1,TVEE86603E,DON ORFEO MANTOVANI-V.DEI MILLE,CONEGLIANO,TREVISO,VENETO,SCUOLA PRIMARIA,,TVEE869032,G. MARCONI - VIA TONIOLO,CONEGLIANO,TREVISO,VENETO,SCUOLA PRIMARIA,,4,0.966
202425,0.346,42,statale,SCUOLA PRIMARIA,1,VEEE86001D,I. NIEVO,SPINEA,VENEZIA,VENETO,SCUOLA PRIMARIA,,VEEE861019,"""ANNA FRANK""",SPINEA,VENEZIA,VENETO,SCUOLA PRIMARIA,,1,0.919
202425,0.346,42,statale,SCUOLA PRIMARIA,1,VEEE86001D,I. NIEVO,SPINEA,VENEZIA,VENETO,SCUOLA PRIMARIA,,VEEE86102A,"""MARCO POLO""",SPINEA,VENEZIA,VENETO,SCUOLA PRIMARIA,,1,1.196
202425,0.346,42,statale,SCUOLA PRIMARIA,1,VIEE84604N,IC ALTISSIMO- CRESPADORO,CRESPADORO,VICENZA,VENETO,SCUOLA PRIMARIA,,VIEE84601E,IC ALTISSIMO-S.PIETRO MUSSOLINO,SAN PIETRO MUSSOLINO,VICENZA,VENETO,SCUOLA PRIMARIA,,1,4.505
202425,0.346,42,statale,SCUOLA PRIMARIA,1,VIEE86201C,IC VICENZA 9 GIOVANNI XXIII,VICENZA,VICENZA,VENETO,SCUOLA PRIMARIA,,VIEE87001B,IC VICENZA 5 - 2 GIUGNO,VICENZA,VICENZA,VENETO,SCUOLA PRIMARIA,,2,0.924
202425,0.346,42,statale,SCUOLA PRIMARIA,1,VREE87702G,FRATTINI P.,VERONA,VERONA,VENETO,SCUOLA PRIMARIA,,VREE88402P,EUROPA UNITA,VERONA,VERONA,VENETO,SCUOLA PRIMARIA,,3,2.958
202425,0.346,42,statale,SCUOLA PRIMARIA,1,MIEE8CC01R,PRIMARIA QUINT. DI VONA,CASSANO D'ADDA,MILANO,LOMBARDIA,SCUOLA PRIMARIA,,MIEE8CC02T,PRIMARIA VIA G.PASCOLI,CASSANO D'ADDA,MILANO,LOMBARDIA,SCUOLA PRIMARIA,,3,1.409
202425,0.346,42,statale,SCUOLA PRIMARIA,1,MIEE8CC01R,PRIMARIA QUINT. DI VONA,CASSANO D'ADDA,MILANO,LOMBARDIA,SCUOLA PRIMARIA,,MIEE8CC03V,PRIMARIA VIALE RIMEMBRANZE,CASSANO D'ADDA,MILANO,LOMBARDIA,SCUOLA PRIMARIA,,5,2.43
202425,0.346,42,statale,SCUOLA PRIMARIA,1,MIEE8CC01R,PRIMARIA QUINT. DI VONA,CASSANO D'ADDA,MILANO,LOMBARDIA,SCUOLA PRIMARIA,,MIEE8B502V,PRIMARIA ADA NEGRI,POZZUOLO MARTESANA,MILANO,LOMBARDIA,SCUOLA PRIMARIA,,1,2.655
202425,0.346,42,statale,SCUOLA PRIMARIA,1,VIEE86202D,IC VICENZA 9 L. ZECCHETTO,VICENZA,VICENZA,VENETO,SCUOLA PRIMARIA,,VIEE87001B,IC VICENZA 5 - 2 GIUGNO,VICENZA,VICENZA,VENETO,SCUOLA PRIMARIA,,1,1.901
202425,0.346,42,statale,SCUOLA PRIMARIA,1,VIEE86202D,IC VICENZA 9 L. ZECCHETTO,VICENZA,VICENZA,VENETO,SCUOLA PRIMARIA,,VIEE821027,G. GHIROTTI - CREAZZO,CREAZZO,VICENZA,VENETO,SCUOLA PRIMARIA,,7,2.387
202425,0.346,42,statale,SCUOLA PRIMARIA,1,VIEE83903D,IC VICENZA 2 E 4 - G.B. TIEPOLO,VICENZA,VICENZA,VENETO,SCUOLA PRIMARIA,,VIEE83906L,IC VICENZA 2 E 4 - LIOY,VICENZA,VICENZA,VENETO,SCUOLA PRIMARIA,,2,0.986
202425,0.346,42,statale,SCUOLA PRIMARIA,1,VIEE83903D,IC VICENZA 2 E 4 - G.B. TIEPOLO,VICENZA,VICENZA,VENETO,SCUOLA PRIMARIA,,VIEE86102N,IC VICENZA 6 E 7 - RIELLO,VICENZA,VICENZA,VENETO,SCUOLA PRIMARIA,,3,1.218
202425,0.346,42,statale,SCUOLA PRIMARIA,1,VIEE83903D,IC VICENZA 2 E 4 - G.B. TIEPOLO,VICENZA,VICENZA,VENETO,SCUOLA PRIMARIA,,VIEE86101L,IC VICENZA 6 E 7 - ZANELLA,VICENZA,VICENZA,VENETO,SCUOLA PRIMARIA,,4,1.414
202425,0.346,42,statale,SCUOLA PRIMARIA,1,MBEE8GC014,SCUOLA PRIMARIA DON L. MILANI,LIMBIATE,MONZA E DELLA BRIANZA,LOMBARDIA,SCUOLA PRIMARIA,,MBEE8F901C,GIANNI RODARI,LIMBIATE,MONZA E DELLA BRIANZA,LOMBARDIA,SCUOLA PRIMARIA,,6,1.079
202425,0.346,42,statale,SCUOLA PRIMARIA,1,MIEE8DU028,PRIMARIA VIALE PUGLIE,MILANO,MILANO,LOMBARDIA,SCUOLA PRIMARIA,,MIEE8B9015,PRIMARIA E.MOROSINI E B.SAVOIA,MILANO,MILANO,LOMBARDIA,SCUOLA PRIMARIA,,7,1.969
202425,0.346,42,statale,SCUOLA PRIMARIA,1,MIEE8DR01A,PRIMARIA P.SOTTOCORNO,MILANO,MILANO,LOMBARDIA,SCUOLA PRIMARIA,,MIEE8FA022,PRIMARIA G.MAZZINI,SAN DONATO MILANESE,MILANO,LOMBARDIA,SCUOLA PRIMARIA,,4,1.355
202425,0.346,42,statale,SCUOLA PRIMARIA,1,MNEE805015,GOITO,GOITO,MANTOVA,LOMBARDIA,SCUOLA PRIMARIA,,MNEE805037,MAIOLI,GOITO,MANTOVA,LOMBARDIA,SCUOLA PRIMARIA,,1,1.841
202425,0.346,42,statale,SCUOLA PRIMARIA,1,MNEE805015,GOITO,GOITO,MANTOVA,LOMBARDIA,SCUOLA PRIMARIA,,MNEE805026,CERLONGO,GOITO,MANTOVA,LOMBARDIA,SCUOLA PRIMARIA,,1,3.158
202425,0.346,42,statale,SCUOLA PRIMARIA,1,BOEE854026,ADELE E DINO ROMAGNOLI PARTIGIA,BOLOGNA,BOLOGNA,EMILIA ROMAGNA,SCUOLA PRIMARIA,,BOEE854015,DON MINZONI I.C. N. 11 BOLOGNA,BOLOGNA,BOLOGNA,EMILIA ROMAGNA,SCUOLA PRIMARIA,,3,1.116
202425,0.346,42,statale,SCUOLA PRIMARIA,1,BSEE8AN048,"MONTICHIARI ""G. B. ALBERTI""",MONTICHIARI,BRESCIA,LOMBARDIA,SCUOLA PRIMARIA,,BSEE8AN026,"MONTICHIARI FRAZ. ""S.ANTONIO""",MONTICHIARI,BRESCIA,LOMBARDIA,SCUOLA PRIMARIA,,2,2.634
202425,0.346,42,statale,SCUOLA PRIMARIA,1,MIEE82502V,PRIMARIA ABRAMO LINCOLN,CINISELLO BALSAMO,MILANO,LOMBARDIA,SCUOLA PRIMARIA,,MIEE8AY02L,PRIMARI L.BUFFOLI,CUSANO MILANINO,MILANO,LOMBARDIA,SCUOLA PRIMARIA,,4,2.826
202425,0.346,42,statale,SCUOLA PRIMARIA,1,MOEE82301B,MANFREDO FANTI - CARPI,CARPI,MODENA,EMILIA ROMAGNA,SCUOLA PRIMARIA,,MOEE839011,ANNA FRANK,CARPI,MODENA,EMILIA ROMAGNA,SCUOLA PRIMARIA,,3,1.147
202425,0.346,42,statale,SCUOLA PRIMARIA,1,PDEE846026,CADONEGHE GIULIO ZANON-MEJANIGA,CADONEGHE,PADOVA,VENETO,SCUOLA PRIMARIA,,PDEE846015,"""FALCONE-BORSELLINO""LOC.BRAGNI",CADONEGHE,PADOVA,VENETO,SCUOLA PRIMARIA,,2,1.955
202425,0.346,42,statale,SCUOLA PRIMARIA,1,PDEE846026,CADONEGHE GIULIO ZANON-MEJANIGA,CADONEGHE,PADOVA,VENETO,SCUOLA PRIMARIA,,PDEE84901L,DON BOSCO-CODIVERNO DI VIGONZA,VIGONZA,PADOVA,VENETO,SCUOLA PRIMARIA,,4,4.18
202425,0.346,42,statale,SCUOLA PRIMARIA,1,PDEE846026,CADONEGHE GIULIO ZANON-MEJANIGA,CADONEGHE,PADOVA,VENETO,SCUOLA PRIMARIA,,PDEE86503L,VIGODARZERE LOC. TERRAGLIONE,VIGODARZERE,PADOVA,VENETO,SCUOLA PRIMARIA,,1,4.185
202425,0.346,42,statale,SCUOLA PRIMARIA,1,VREE882034,GIULIARI BARTOLOMEO-VR 10,VERONA,VERONA,VENETO,SCUOLA PRIMARIA,,VREE83002A,LE RISORGIVE CADIDAVID,VERONA,VERONA,VENETO,SCUOLA PRIMARIA,,2,3.362
202425,0.346,42,statale,SCUOLA PRIMARIA,1,PDEE83001G,GOZZI - PADOVA,PADOVA,PADOVA,VENETO,SCUOLA PRIMARIA,,PDEE88703D,D. VALERI,PADOVA,PADOVA,VENETO,SCUOLA PRIMARIA,,4,1.203
202425,0.346,42,statale,SCUOLA PRIMARIA,1,BGEE84902R,GORLAGO,GORLAGO,BERGAMO,LOMBARDIA,SCUOLA PRIMARIA,,BGEE84901Q,ELEMENTARE CAROBBIO,CAROBBIO DEGLI ANGELI,BERGAMO,LOMBARDIA,SCUOLA PRIMARIA,,3,1.19
202425,0.346,42,statale,SCUOLA PRIMARIA,1,BGEE84902R,GORLAGO,GORLAGO,BERGAMO,LOMBARDIA,SCUOLA PRIMARIA,,BGEE84002A,"PRIMARIA CHIUDUNO ""MON. VALOTI""",CHIUDUNO,BERGAMO,LOMBARDIA,SCUOLA PRIMARIA,,1,3.295
202425,0.346,42,statale,SCUOLA PRIMARIA,1,MIEE8BL027,PRIMARIA FALCONE-BORSELLINO,PIOLTELLO,MILANO,LOMBARDIA,SCUOLA PRIMARIA,,MIEE8BX01A,PRIMARIA A.SCHWEITZER,SEGRATE,MILANO,LOMBARDIA,SCUOLA PRIMARIA,,3,2.436
202425,0.346,42,statale,SCUOLA PRIMARIA,1,VAEE874044,FELICITA MORANDI,VARESE,VARESE,LOMBARDIA,SCUOLA PRIMARIA,,VAEE874011,"""CARDUCCI"" - CASBENO -",VARESE,VARESE,LOMBARDIA,SCUOLA PRIMARIA,,4,1.303
202425,0.346,42,statale,SCUOLA PRIMARIA,1,MIEE8FP021,PRIMARIA VIA BODIO,MILANO,MILANO,LOMBARDIA,SCUOLA PRIMARIA,,MIEE8F201R,PRIMARIA F. APORTI,MILANO,MILANO,LOMBARDIA,SCUOLA PRIMARIA,,6,1.571
202425,0.346,42,statale,SCUOLA PRIMARIA,1,ALEE839053,"ALESSANDRIA ""A.MORBELLI""",ALESSANDRIA,ALESSANDRIA,PIEMONTE,SCUOLA PRIMARIA,,ALEE839042,"ALESSANDRIA ""C.PER LA LIBERTA'""",ALESSANDRIA,ALESSANDRIA,PIEMONTE,SCUOLA PRIMARIA,,4,1.752
202425,0.346,42,statale,SCUOLA PRIMARIA,1,COEE853016,IV NOVEMBRE,MARIANO COMENSE,COMO,LOMBARDIA,SCUOLA PRIMARIA,,COEE853038,DANTE ALIGHIERI,MARIANO COMENSE,COMO,LOMBARDIA,SCUOLA PRIMARIA,,1,0.634
202425,0.346,42,statale,SCUOLA PRIMARIA,1,COEE853016,IV NOVEMBRE,MARIANO COMENSE,COMO,LOMBARDIA,SCUOLA PRIMARIA,,COEE85101E,"SCUOLA ELEMENTARE ""G.DEL CURTO""",MARIANO COMENSE,COMO,LOMBARDIA,SCUOLA PRIMARIA,,2,0.909
202425,0.346,42,statale,SCUOLA PRIMARIA,1,FGEE856016,GARIBALDI,FOGGIA,FOGGIA,PUGLIA,SCUOLA PRIMARIA,,FGEE00501A,S. GIOVANNI BOSCO,FOGGIA,FOGGIA,PUGLIA,SCUOLA PRIMARIA,,3,0.962
202425,0.346,42,statale,SCUOLA PRIMARIA,1,FOEE826029,ANELLO RIVALTI,FORLI',FORLI'-CESENA,EMILIA ROMAGNA,SCUOLA PRIMARIA,,FOEE822022,RAFFAELE RIVALTA,FORLI',FORLI'-CESENA,EMILIA ROMAGNA,SCUOLA PRIMARIA,,3,1.371
202425,0.346,42,statale,SCUOLA PRIMARIA,1,TVEE870047,I MAGGIO - SAN BARTOLOMEO,TREVISO,TREVISO,VENETO,SCUOLA PRIMARIA,,TVEE868047,G.CARDUCCI - PORCELLENGO,PAESE,TREVISO,VENETO,SCUOLA PRIMARIA,,3,0.783
202425,0.346,42,statale,SCUOLA PRIMARIA,1,MIEE8C1026,PRIMARIA VIA CILEA,MILANO,MILANO,LOMBARDIA,SCUOLA PRIMARIA,,MIEE8C1015,PRIMARIA G.BORSI,MILANO,MILANO,LOMBARDIA,SCUOLA PRIMARIA,,6,0.743
202425,0.346,42,statale,SCUOLA PRIMARIA,1,TVEE87905P,"""A.SACCARDO"" - ZONA PEEP",MONTEBELLUNA,TREVISO,VENETO,SCUOLA PRIMARIA,,TVEE87902G,U. FOSCOLO - SAN GAETANO,MONTEBELLUNA,TREVISO,VENETO,SCUOLA PRIMARIA,,2,1.07
202425,0.346,42,statale,SCUOLA PRIMARIA,1,VAEE87601L,"""PELLICO"" - CEDRATE -",GALLARATE,VARESE,LOMBARDIA,SCUOLA PRIMARIA,,VAEE86702V,"SCUOLA PRIMARIA ""G. RODARI""",CASSANO MAGNAGO,VARESE,LOMBARDIA,SCUOLA PRIMARIA,,3,0.95
202425,0.346,42,statale,SCUOLA PRIMARIA,1,MIEE8A801P,PRIMARIA DON MILANI,BOLLATE,MILANO,LOMBARDIA,SCUOLA PRIMARIA,,MIEE8BR01N,PRIMARIA ITALO CALVINO,NOVATE MILANESE,MILANO,LOMBARDIA,SCUOLA PRIMARIA,,4,1.052
202425,0.346,42,statale,SCUOLA PRIMARIA,1,PDEE83005Q,ARCOBALENO,PADOVA,PADOVA,VENETO,SCUOLA PRIMARIA,,PDEE83007T,PRATI-PADOVA (EX XII IC),PADOVA,PADOVA,VENETO,SCUOLA PRIMARIA,,5,0.789
202425,0.346,42,statale,SCUOLA PRIMARIA,1,BSEE874011,"GAVARDO CAP. ""MONS. L.FERRETTI""",GAVARDO,BRESCIA,LOMBARDIA,SCUOLA PRIMARIA,,BSEE874022,GAVARDO FRAZ.SOPRAPONTE,GAVARDO,BRESCIA,LOMBARDIA,SCUOLA PRIMARIA,,1,1.617
202425,0.346,42,statale,SCUOLA PRIMARIA,1,BSEE874011,"GAVARDO CAP. ""MONS. L.FERRETTI""",GAVARDO,BRESCIA,LOMBARDIA,SCUOLA PRIMARIA,,BSEE86702V,"VILLANUOVA S/C ""DON MILANI""",VILLANUOVA SUL CLISI,BRESCIA,LOMBARDIA,SCUOLA PRIMARIA,,4,2.304
202425,0.346,42,statale,SCUOLA PRIMARIA,1,MOEE81801X,"""G. MARCONI"" SPILAMBERTO",SPILAMBERTO,MODENA,EMILIA ROMAGNA,SCUOLA PRIMARIA,,MOEE81002A,"""GIUSEPPE VERDI"" S.CESARIO",SAN CESARIO SUL PANARO,MODENA,EMILIA ROMAGNA,SCUOLA PRIMARIA,,7,3.283
202425,0.346,42,statale,SCUOLA PRIMARIA,1,TOEE817031,I.C. PACINOTTI - MANZONI,TORINO,TORINO,PIEMONTE,SCUOLA PRIMARIA,,TOEE8BV03X,I.C. DUCA D'AOSTA - CALVINO,TORINO,TORINO,PIEMONTE,SCUOLA PRIMARIA,,6,0.528
202425,0.346,42,statale,SCUOLA PRIMARIA,1,TOEE817031,I.C. PACINOTTI - MANZONI,TORINO,TORINO,PIEMONTE,SCUOLA PRIMARIA,,TOEE88401N,I.C. M. L. SPAZIANI - CASATI,TORINO,TORINO,PIEMONTE,SCUOLA PRIMARIA,,1,1.106
202425,0.346,42,statale,SCUOLA PRIMARIA,1,TOEE879016,I.C. VIVALDI-MURIALDO,TORINO,TORINO,PIEMONTE,SCUOLA PRIMARIA,,TOEE810025,"I.C. ""D.M.TUROLDO"" -GIANELLI",TORINO,TORINO,PIEMONTE,SCUOLA PRIMARIA,,4,3.09
202425,0.346,42,statale,SCUOLA PRIMARIA,1,TOEE879016,I.C. VIVALDI-MURIALDO,TORINO,TORINO,PIEMONTE,SCUOLA PRIMARIA,,TOEE88301T,I.C. R.L. MONTALCINI - ALFIERI,TORINO,TORINO,PIEMONTE,SCUOLA PRIMARIA,,5,3.402
202425,0.346,42,statale,SCUOLA PRIMARIA,1,APEE82404D,S. LIBORIO,MONTEGRANARO,FERMO,MARCHE,SCUOLA PRIMARIA,,APEE82403C,S.MARIA,MONTEGRANARO,FERMO,MARCHE,SCUOLA PRIMARIA,,4,1.824
202425,0.346,42,statale,SCUOLA PRIMARIA,1,BGEE8AE01L,"TREVIGLIO ""DE AMICIS""",TREVIGLIO,BERGAMO,LOMBARDIA,SCUOLA PRIMARIA,,BGEE8AE02N,"TREVIGLIO ""G. M. BICETTI""",TREVIGLIO,BERGAMO,LOMBARDIA,SCUOLA PRIMARIA,,3,1.808
202425,0.346,42,statale,SCUOLA PRIMARIA,1,MIEE8FR01G,PRIMARIA PAPA GIOVANNI XXIII,MAGENTA,MILANO,LOMBARDIA,SCUOLA PRIMARIA,,MIEE8FQ01Q,"PRIMARIA S. CATERINA DA SIENA""",MAGENTA,MILANO,LOMBARDIA,SCUOLA PRIMARIA,,2,0.964
202425,0.346,42,statale,SCUOLA PRIMARIA,1,MIEE8FY01Q,"PRIMARIA ""NAZARIO SAURO""",MILANO,MILANO,LOMBARDIA,SCUOLA PRIMARIA,,MIEE8DA01Q,PRIMARIA VIA ZUARA,MILANO,MILANO,LOMBARDIA,SCUOLA PRIMARIA,,6,0.828
202425,0.346,42,statale,SCUOLA PRIMARIA,1,RAEE80601L,"""QUADRI LUIGI""",MASSA LOMBARDA,RAVENNA,EMILIA ROMAGNA,SCUOLA PRIMARIA,,RAEE80602N,"""TORCHI ANGIOLO""",MASSA LOMBARDA,RAVENNA,EMILIA ROMAGNA,SCUOLA PRIMARIA,,2,1.957
202425,0.346,42,statale,SCUOLA PRIMARIA,1,RAEE80601L,"""QUADRI LUIGI""",MASSA LOMBARDA,RAVENNA,EMILIA ROMAGNA,SCUOLA PRIMARIA,,RAEE80604Q,PASCOLI G. S.AGATA SUL SANTERNO,SANT'AGATA SUL SANTERNO,RAVENNA,EMILIA ROMAGNA,SCUOLA PRIMARIA,,4,2.753
202425,0.346,42,statale,SCUOLA PRIMARIA,1,BSEE815026,PRIMARIA G. DELEDDA BRESCIA,BRESCIA,BRESCIA,LOMBARDIA,SCUOLA PRIMARIA,,BSEE85601B,SC.ELEMENTARE F.DE ANDRE',CASTEL MELLA,BRESCIA,LOMBARDIA,SCUOLA PRIMARIA,,6,3.904
202425,0.346,42,statale,SCUOLA PRIMARIA,1,MIEE8EL034,PRIMARIA ANTONIO GRAMSCI,GARBAGNATE MILANESE,MILANO,LOMBARDIA,SCUOLA PRIMARIA,,MIEE8EL012,PRIMARIA ALDO MORO,GARBAGNATE MILANESE,MILANO,LOMBARDIA,SCUOLA PRIMARIA,,1,0.448
202425,0.346,42,statale,SCUOLA PRIMARIA,1,MIEE8EL034,PRIMARIA ANTONIO GRAMSCI,GARBAGNATE MILANESE,MILANO,LOMBARDIA,SCUOLA PRIMARIA,,MIEE8EC023,PRIMARIA DON C.GNOCCHI,ARESE,MILANO,LOMBARDIA,SCUOLA PRIMARIA,,1,0.905
202425,0.346,42,statale,SCUOLA PRIMARIA,1,MIEE8FN029,PRIMARIA G.MARCONI,RHO,MILANO,LOMBARDIA,SCUOLA PRIMARIA,,MIEE8GD013,PRIMARIA S. FEDERICI,RHO,MILANO,LOMBARDIA,SCUOLA PRIMARIA,,3,0.612
202425,0.346,42,statale,SCUOLA PRIMARIA,1,SSEE025154,S.SIMPLICIO - OLBIA,OLBIA,SASSARI,SARDEGNA,SCUOLA PRIMARIA,,SSEE82507N,PRIM. MURTA MARIA,OLBIA,SASSARI,SARDEGNA,SCUOLA PRIMARIA,,2,0.314
202425,0.346,42,statale,SCUOLA PRIMARIA,1,BGEE817018,ALBANO S. ALESSANDRO,ALBANO SANT'ALESSANDRO,BERGAMO,LOMBARDIA,SCUOLA PRIMARIA,,BGEE81705C,TORRE DE' ROVERI,TORRE DE' ROVERI,BERGAMO,LOMBARDIA,SCUOLA PRIMARIA,,5,1.49
202425,0.346,42,statale,SCUOLA PRIMARIA,1,BGEE817018,ALBANO S. ALESSANDRO,ALBANO SANT'ALESSANDRO,BERGAMO,LOMBARDIA,SCUOLA PRIMARIA,,BGEE87507E,"SERIATE ""G. DONIZETTI""",SERIATE,BERGAMO,LOMBARDIA,SCUOLA PRIMARIA,,1,1.819
202425,0.346,42,statale,SCUOLA PRIMARIA,1,GEEE816019,S.EL. - N.GALLINO -,GENOVA,GENOVA,LIGURIA,SCUOLA PRIMARIA,,GEEE804057,S.EL.-A.FRANK-CASTAGNA,SERRA RICCO',GENOVA,LIGURIA,SCUOLA PRIMARIA,,4,1.455
202425,0.346,42,statale,SCUOLA PRIMARIA,1,PIEE817024,GUERRAZZI,CASTELFRANCO DI SOTTO,PISA,TOSCANA,SCUOLA PRIMARIA,,PIEE82206Q,ANGELICA,MONTOPOLI IN VAL D'ARNO,PISA,TOSCANA,SCUOLA PRIMARIA,,3,1.756
202425,0.346,42,statale,SCUOLA PRIMARIA,1,PIEE817024,GUERRAZZI,CASTELFRANCO DI SOTTO,PISA,TOSCANA,SCUOLA PRIMARIA,,PIEE82205P,SAN ROMANO,MONTOPOLI IN VAL D'ARNO,PISA,TOSCANA,SCUOLA PRIMARIA,,3,1.919
202425,0.346,42,statale,SCUOLA PRIMARIA,1,PIEE817024,GUERRAZZI,CASTELFRANCO DI SOTTO,PISA,TOSCANA,SCUOLA PRIMARIA,,PIEE82203L,CAPANNE,MONTOPOLI IN VAL D'ARNO,PISA,TOSCANA,SCUOLA PRIMARIA,,3,2.687
202425,0.346,42,statale,SCUOLA PRIMARIA,1,TOEE8BR015,I.C. PARRI - CAPPONI,TORINO,TORINO,PIEMONTE,SCUOLA PRIMARIA,,TOEE8A401B,I.C. VENARIA II - GRAMSCI,VENARIA REALE,TORINO,PIEMONTE,SCUOLA PRIMARIA,,1,2.513
202425,0.346,42,statale,SCUOLA PRIMARIA,1,TOEE8BR015,I.C. PARRI - CAPPONI,TORINO,TORINO,PIEMONTE,SCUOLA PRIMARIA,,TOEE8A403D,I.C. VENARIA II - ROMERO,VENARIA REALE,TORINO,PIEMONTE,SCUOLA PRIMARIA,,2,2.515
202425,0.346,42,statale,SCUOLA PRIMARIA,1,BGEE841048,PRIMARIA PONTIDA/VALMORA,PONTIDA,BERGAMO,LOMBARDIA,SCUOLA PRIMARIA,,BGEE819043,PALAZZAGO CAP.,PALAZZAGO,BERGAMO,LOMBARDIA,SCUOLA PRIMARIA,,1,2.603
202425,0.346,42,statale,SCUOLA PRIMARIA,1,BSEE84102P,PALAZZOLO LOC. S.ROCCO,PALAZZOLO SULL'OGLIO,BRESCIA,LOMBARDIA,SCUOLA PRIMARIA,,BSEE8AM03B,"SCUOLA PRIMARIA ""S.CUORE""",PALAZZOLO SULL'OGLIO,BRESCIA,LOMBARDIA,SCUOLA PRIMARIA,,3,0.462
202425,0.346,42,statale,SCUOLA PRIMARIA,1,GEEE80702G,SC. PR - L. GARAVENTA -A. GALLO,GENOVA,GENOVA,LIGURIA,SCUOLA PRIMARIA,,GEEE813041,S.EL. - E.DE AMICIS -,GENOVA,GENOVA,LIGURIA,SCUOLA PRIMARIA,,2,0.163
202425,0.346,42,statale,SCUOLA PRIMARIA,1,GEEE80702G,SC. PR - L. GARAVENTA -A. GALLO,GENOVA,GENOVA,LIGURIA,SCUOLA PRIMARIA,,GEEE80701E,S.EL. - G.EMBRIACO -,GENOVA,GENOVA,LIGURIA,SCUOLA PRIMARIA,,2,0.4
202425,0.346,42,statale,SCUOLA PRIMARIA,1,IMEE810063,"SCUOLA PRIMARIA ""A. MAGLIANO""",IMPERIA,IMPERIA,LIGURIA,SCUOLA PRIMARIA,,IMEE81904B,S.LORENZO AL MARE,SAN LORENZO AL MARE,IMPERIA,LIGURIA,SCUOLA PRIMARIA,,2,4.57
202425,0.346,42,statale,SCUOLA PRIMARIA,1,REEE847019,CARDUCCI G.,REGGIO NELL'EMILIA,REGGIO EMILIA,EMILIA ROMAGNA,SCUOLA PRIMARIA,,REEE84502P,MATILDE DI CANOSSA,REGGIO NELL'EMILIA,REGGIO EMILIA,EMILIA ROMAGNA,SCUOLA PRIMARIA,,3,1.229
202425,0.346,42,statale,SCUOLA PRIMARIA,1,REEE847019,CARDUCCI G.,REGGIO NELL'EMILIA,REGGIO EMILIA,EMILIA ROMAGNA,SCUOLA PRIMARIA,,REEE849022,MARCO POLO,REGGIO NELL'EMILIA,REGGIO EMILIA,EMILIA ROMAGNA,SCUOLA PRIMARIA,,5,1.484
202425,0.346,42,statale,SCUOLA PRIMARIA,1,REEE847019,CARDUCCI G.,REGGIO NELL'EMILIA,REGGIO EMILIA,EMILIA ROMAGNA,SCUOLA PRIMARIA,,REEE850037,MARTIN LUTHER KING,REGGIO NELL'EMILIA,REGGIO EMILIA,EMILIA ROMAGNA,SCUOLA PRIMARIA,,2,2.322
202425,0.346,42,statale,SCUOLA PRIMARIA,1,SVEE81903X,SAVONA II - COLOMBO CRISTOFORO,SAVONA,SAVONA,LIGURIA,SCUOLA PRIMARIA,,SVEE81901T,SAVONA II - MAMELI,SAVONA,SAVONA,LIGURIA,SCUOLA PRIMARIA,,3,0.702
202425,0.346,42,statale,SCUOLA PRIMARIA,1,TOEE88402P,I.C. M. L. SPAZIANI - BATTISTI,TORINO,TORINO,PIEMONTE,SCUOLA PRIMARIA,,TOEE88301T,I.C. R.L. MONTALCINI - ALFIERI,TORINO,TORINO,PIEMONTE,SCUOLA PRIMARIA,,4,1.045
202425,0.346,42,statale,SCUOLA PRIMARIA,1,VEEE82506B,PAOLA E ANGELA RAMPULLA,ANNONE VENETO,VENEZIA,VENETO,SCUOLA PRIMARIA,,VEEE825049,GUGLIELMO MARCONI-CAP.,PRAMAGGIORE,VENEZIA,VENETO,SCUOLA PRIMARIA,,2,4.535
202425,0.346,42,statale,SCUOLA PRIMARIA,1,TOEE8BV02V,I.C. DUCA D'AOSTA-ARMSTRONG,TORINO,TORINO,PIEMONTE,SCUOLA PRIMARIA,,TOEE8BW01N,I.C. ALIGHIERI KENNEDY - CAP.,TORINO,TORINO,PIEMONTE,SCUOLA PRIMARIA,,4,1.225
202425,0.346,42,statale,SCUOLA PRIMARIA,1,MOEE84801Q,"""ANTONIO GRAMSCI"" MODENA",MODENA,MODENA,EMILIA ROMAGNA,SCUOLA PRIMARIA,,MOEE84302N,"""S. AGNESE"" MODENA",MODENA,MODENA,EMILIA ROMAGNA,SCUOLA PRIMARIA,,2,3.262
202425,0.346,42,statale,SCUOLA PRIMARIA,1,MOEE84801Q,"""ANTONIO GRAMSCI"" MODENA",MODENA,MODENA,EMILIA ROMAGNA,SCUOLA PRIMARIA,,MOEE85102L,SALICETO PANARO - MODENA,MODENA,MODENA,EMILIA ROMAGNA,SCUOLA PRIMARIA,,6,3.473
202425,0.346,42,statale,SCUOLA PRIMARIA,1,BSEE886028,PRIMARIA DON VENDER BRESCIA,BRESCIA,BRESCIA,LOMBARDIA,SCUOLA PRIMARIA,,BSEE88303T,PRIMARIA CASAZZA BRESCIA,BRESCIA,BRESCIA,LOMBARDIA,SCUOLA PRIMARIA,,1,2.991
202425,0.346,42,statale,SCUOLA PRIMARIA,1,MIEE8FP01X,PRIMARIA VIA GUICCIARDI,MILANO,MILANO,LOMBARDIA,SCUOLA PRIMARIA,,MIEE8DG01P,PRIMARIA S.T. FABBRI,MILANO,MILANO,LOMBARDIA,SCUOLA PRIMARIA,,3,1.795
202425,0.346,42,statale,SCUOLA PRIMARIA,1,MIEE8FP01X,PRIMARIA VIA GUICCIARDI,MILANO,MILANO,LOMBARDIA,SCUOLA PRIMARIA,,MIEE8CH01X,PRIMARIA F. CONFALONIERI,MILANO,MILANO,LOMBARDIA,SCUOLA PRIMARIA,,1,1.914
202425,0.346,42,statale,SCUOLA PRIMARIA,1,NOEE82301P,"""RIGUTINI""",NOVARA,NOVARA,PIEMONTE,SCUOLA PRIMARIA,,NOEE826016,"""BOLLINI""",NOVARA,NOVARA,PIEMONTE,SCUOLA PRIMARIA,,6,2.078
202425,0.346,42,statale,SCUOLA PRIMARIA,1,PGEE05206X,VILLA REDENTA-EX.S.CARLO,SPOLETO,PERUGIA,UMBRIA,SCUOLA PRIMARIA,,PGEE05201P,D.D. 2 CIRC. SPOLETO TOSCANO,SPOLETO,PERUGIA,UMBRIA,SCUOLA PRIMARIA,,3,0.477
202425,0.346,42,statale,SCUOLA PRIMARIA,1,PVEE828013,MONTEBOLONE,PAVIA,PAVIA,LOMBARDIA,SCUOLA PRIMARIA,,PVEE83406G,"""GIUSEPPINA DELFRATE""",PAVIA,PAVIA,LOMBARDIA,SCUOLA PRIMARIA,,2,1.557
202425,0.346,42,statale,SCUOLA PRIMARIA,1,PVEE828013,MONTEBOLONE,PAVIA,PAVIA,LOMBARDIA,SCUOLA PRIMARIA,,PVEE828024,PAVIA VIA SCOPOLI - DE AMICIS,PAVIA,PAVIA,LOMBARDIA,SCUOLA PRIMARIA,,3,2.262
202425,0.346,42,statale,SCUOLA PRIMARIA,1,TOEE882023,I.C. SIDOLI - VIA FLECCHIA,TORINO,TORINO,PIEMONTE,SCUOLA PRIMARIA,,TOEE01404G,COLLODI - RODARI,TORINO,TORINO,PIEMONTE,SCUOLA PRIMARIA,,4,0.723
202425,0.346,42,statale,SCUOLA PRIMARIA,1,VAEE83801T,"PRIMARIA ""G. MACCHI"" SOMMA L.DO",SOMMA LOMBARDO,VARESE,LOMBARDIA,SCUOLA PRIMARIA,,VAEE838119,"PRIMARIA ""MILITE IGNOTO""",SOMMA LOMBARDO,VARESE,LOMBARDIA,SCUOLA PRIMARIA,,4,1.069
202425,0.346,42,statale,SCUOLA PRIMARIA,1,VIEE88303G,ALFREDO TALIN,THIENE,VICENZA,VENETO,SCUOLA PRIMARIA,,VIEE83801G,BASSI-GRAZIANI,ZUGLIANO,VICENZA,VENETO,SCUOLA PRIMARIA,,6,1.106
202425,0.346,42,statale,SCUOLA PRIMARIA,1,AQEE84303C,SCUOLA PRIMARIA ANTONIO GANDIN,AVEZZANO,L'AQUILA,ABRUZZO,SCUOLA PRIMARIA,,AQEE84202G,VIA DELLE INDUSTRIE,AVEZZANO,L'AQUILA,ABRUZZO,SCUOLA PRIMARIA,,4,2.308
202425,0.346,42,statale,SCUOLA PRIMARIA,1,RMEE827023,VIA ASPERTINI,ROMA,ROMA,LAZIO,SCUOLA PRIMARIA,,RMEE8E801N,VIA S. BIAGIO PLATANI,ROMA,ROMA,LAZIO,SCUOLA PRIMARIA,,6,1.34
202425,0.346,42,statale,SCUOLA PRIMARIA,1,RMEE827023,VIA ASPERTINI,ROMA,ROMA,LAZIO,SCUOLA PRIMARIA,,RMEE8E401A,GROTTE CELONI,ROMA,ROMA,LAZIO,SCUOLA PRIMARIA,,1,1.762
202425,0.346,42,statale,SCUOLA PRIMARIA,1,TOEE8BR026,I.C. PARRI - STRADA LANZO,TORINO,TORINO,PIEMONTE,SCUOLA PRIMARIA,,TOEE8A403D,I.C. VENARIA II - ROMERO,VENARIA REALE,TORINO,PIEMONTE,SCUOLA PRIMARIA,,1,2.127
202425,0.346,42,statale,SCUOLA PRIMARIA,1,LUEE84001R,"ALTOPASCIO ""G.PASCOLI""",ALTOPASCIO,LUCCA,TOSCANA,SCUOLA PRIMARIA,,LUEE82002L,"VIAREGGIO ""G.PASCOLI""",VIAREGGIO,LUCCA,TOSCANA,SCUOLA PRIMARIA,,4,0.087
202425,0.346,42,statale,SCUOLA PRIMARIA,1,LUEE84001R,"ALTOPASCIO ""G.PASCOLI""",ALTOPASCIO,LUCCA,TOSCANA,SCUOLA PRIMARIA,,LUEE81805Q,"VIAREGGIO ""G.MARSILI""",VIAREGGIO,LUCCA,TOSCANA,SCUOLA PRIMARIA,,1,0.655
202425,0.346,42,statale,SCUOLA PRIMARIA,1,ANEE82402R,"FALCONARA ""MARCONI""",FALCONARA MARITTIMA,ANCONA,MARCHE,SCUOLA PRIMARIA,,ANEE82601B,"FALCONARA ""MERCANTINI""",FALCONARA MARITTIMA,ANCONA,MARCHE,SCUOLA PRIMARIA,,2,1.851
202425,0.346,42,statale,SCUOLA PRIMARIA,1,BAEE88201A,SAN GIOVANNI BOSCO,MOLFETTA,BARI,PUGLIA,SCUOLA PRIMARIA,,BAEE854027,DON AZZOLLINI - 4 C.D. MOLFETTA,MOLFETTA,BARI,PUGLIA,SCUOLA PRIMARIA,,1,0.307
202425,0.346,42,statale,SCUOLA PRIMARIA,1,BSEE823025,DELLO FRAZ.QUINZANELLO,DELLO,BRESCIA,LOMBARDIA,SCUOLA PRIMARIA,,BSEE823014,DELLO CAP.,DELLO,BRESCIA,LOMBARDIA,SCUOLA PRIMARIA,,1,2.181
202425,0.346,42,statale,SCUOLA PRIMARIA,1,BSEE823025,DELLO FRAZ.QUINZANELLO,DELLO,BRESCIA,LOMBARDIA,SCUOLA PRIMARIA,,BSEE890042,MAIRANO CAP.,MAIRANO,BRESCIA,LOMBARDIA,SCUOLA PRIMARIA,,4,3.808
202425,0.346,42,statale,SCUOLA PRIMARIA,1,COEE84303N,GIOVANNI PAOLO II,COMO,COMO,LOMBARDIA,SCUOLA PRIMARIA,,COEE81304V,COMO BRECCIA,COMO,COMO,LOMBARDIA,SCUOLA PRIMARIA,,1,1.046
202425,0.346,42,statale,SCUOLA PRIMARIA,1,LTEE80902A,BORGO SAN DONATO,SABAUDIA,LATINA,LAZIO,SCUOLA PRIMARIA,,LTEE841015,DON LORENZO MILANI(CAPOLUOGO),PONTINIA,LATINA,LAZIO,SCUOLA PRIMARIA,,2,3.995
202425,0.346,42,statale,SCUOLA PRIMARIA,1,MBEE8EZ01P,IGNOTO MILITI,NOVA MILANESE,MONZA E DELLA BRIANZA,LOMBARDIA,SCUOLA PRIMARIA,,MBEE8EZ03R,DON MILANI,NOVA MILANESE,MONZA E DELLA BRIANZA,LOMBARDIA,SCUOLA PRIMARIA,,1,0.511
202425,0.346,42,statale,SCUOLA PRIMARIA,1,NOEE83103Q,"""CARLO LEVI""",NOVARA,NOVARA,PIEMONTE,SCUOLA PRIMARIA,,NOEE83101N,"""BOTTACCHI""",NOVARA,NOVARA,PIEMONTE,SCUOLA PRIMARIA,,3,0.537
202425,0.346,42,statale,SCUOLA PRIMARIA,1,NOEE83103Q,"""CARLO LEVI""",NOVARA,NOVARA,PIEMONTE,SCUOLA PRIMARIA,,NOEE82801T,"""FRATELLI DI DIO""",NOVARA,NOVARA,PIEMONTE,SCUOLA PRIMARIA,,1,1.237
202425,0.346,42,statale,SCUOLA PRIMARIA,1,NOEE83103Q,"""CARLO LEVI""",NOVARA,NOVARA,PIEMONTE,SCUOLA PRIMARIA,,NOEE826016,"""BOLLINI""",NOVARA,NOVARA,PIEMONTE,SCUOLA PRIMARIA,,1,1.347
202425,0.346,42,statale,SCUOLA PRIMARIA,1,NOEE83304C,DANTE ALIGHIERI,BORGOMANERO,NOVARA,PIEMONTE,SCUOLA PRIMARIA,,NOEE83205N,PRIMARIA SANTA CROCE,BORGOMANERO,NOVARA,PIEMONTE,SCUOLA PRIMARIA,,3,1.454
202425,0.346,42,statale,SCUOLA PRIMARIA,1,RNEE805035,BRUNO MUNARI-IC MIRAMARE,RIMINI,RIMINI,EMILIA ROMAGNA,SCUOLA PRIMARIA,,RNEE81602E,ALBA ADRIATICA (IC XX SETTEM),RIMINI,RIMINI,EMILIA ROMAGNA,SCUOLA PRIMARIA,,2,2.013
202425,0.346,42,statale,SCUOLA PRIMARIA,1,RNEE805035,BRUNO MUNARI-IC MIRAMARE,RIMINI,RIMINI,EMILIA ROMAGNA,SCUOLA PRIMARIA,,RNEE805024,SAN SALVATORE (IC MIRAMARE),RIMINI,RIMINI,EMILIA ROMAGNA,SCUOLA PRIMARIA,,2,2.55
202425,0.346,42,statale,SCUOLA PRIMARIA,1,VEEE805011,"PRIMARIA ""E. FILIBERTO""",TORRE DI MOSTO,VENEZIA,VENETO,SCUOLA PRIMARIA,,VEEE863022,VITTORINO DA FELTRE-BIVERONE,SAN STINO DI LIVENZA,VENEZIA,VENETO,SCUOLA PRIMARIA,,3,0.561
202425,0.346,42,statale,SCUOLA PRIMARIA,1,VREE879027,SEGALA GREGORIO,VERONA,VERONA,VENETO,SCUOLA PRIMARIA,,VREE879016,NOGAROLA ISOTTA-VR 8 CENTRO ST.,VERONA,VERONA,VENETO,SCUOLA PRIMARIA,,1,0.488
202425,0.346,42,statale,SCUOLA PRIMARIA,1,VREE879027,SEGALA GREGORIO,VERONA,VERONA,VENETO,SCUOLA PRIMARIA,,VREE88902T,"""RUBELE B.""",VERONA,VERONA,VENETO,SCUOLA PRIMARIA,,1,0.837
202425,0.346,42,statale,SCUOLA PRIMARIA,1,BGEE89602A,"ROMANO DI LOMBARDIA ""MOTTINI""",ROMANO DI LOMBARDIA,BERGAMO,LOMBARDIA,SCUOLA PRIMARIA,,BGEE825039,SCUOLA PRIMARIA MORENGO,MORENGO,BERGAMO,LOMBARDIA,SCUOLA PRIMARIA,,3,3.68
202425,0.346,42,statale,SCUOLA PRIMARIA,1,BSEE88504E,PRIMARIA TORRICELLA BRESCIA,BRESCIA,BRESCIA,LOMBARDIA,SCUOLA PRIMARIA,,BSEE88801V,PRIMARIA L.DA VINCI CELLATICA,CELLATICA,BRESCIA,LOMBARDIA,SCUOLA PRIMARIA,,4,3.398
202425,0.346,42,statale,SCUOLA PRIMARIA,1,PDEE89201V,C. BATTISTI CAMPOSAMPIERO,CAMPOSAMPIERO,PADOVA,VENETO,SCUOLA PRIMARIA,,PDEE840049,SANTA GIUSTINA IN COLLE- A.MORO,SANTA GIUSTINA IN COLLE,PADOVA,VENETO,SCUOLA PRIMARIA,,3,1.913
202425,0.346,42,statale,SCUOLA PRIMARIA,1,PDEE89201V,C. BATTISTI CAMPOSAMPIERO,CAMPOSAMPIERO,PADOVA,VENETO,SCUOLA PRIMARIA,,PDEE84005A,G.RODARI LOC. FRATTE,SANTA GIUSTINA IN COLLE,PADOVA,VENETO,SCUOLA PRIMARIA,,4,2.787
202425,0.346,42,statale,SCUOLA PRIMARIA,1,ALEE817012,PRIMARIA CARETTA SPINETTA,ALESSANDRIA,ALESSANDRIA,PIEMONTE,SCUOLA PRIMARIA,,ALEE817023,PRIMARIA CASALEGGIO BETTALE,ALESSANDRIA,ALESSANDRIA,PIEMONTE,SCUOLA PRIMARIA,,4,1.707
202425,0.346,42,statale,SCUOLA PRIMARIA,1,BGEE825028,SCUOLA PRIMARIA BARIANO,BARIANO,BERGAMO,LOMBARDIA,SCUOLA PRIMARIA,,BGEE835052,CARAVAGGIO -MASANO,CARAVAGGIO,BERGAMO,LOMBARDIA,SCUOLA PRIMARIA,,1,2.545
202425,0.346,42,statale,SCUOLA PRIMARIA,1,BLEE83301R,"""VITTORINO DA FELTRE"" FELTRE",FELTRE,BELLUNO,VENETO,SCUOLA PRIMARIA,,BLEE83302T,FARRA,FELTRE,BELLUNO,VENETO,SCUOLA PRIMARIA,,5,0.949
202425,0.346,42,statale,SCUOLA PRIMARIA,1,UDEE842029,"UDINE-""P. ZORUTTI""",UDINE,UDINE,FRIULI-VENEZIA G.,SCUOLA PRIMARIA,,UDEE844021,""" G. PASCOLI "" VIA PORDENONE",UDINE,UDINE,FRIULI-VENEZIA G.,SCUOLA PRIMARIA,,3,1.689
202425,0.346,42,statale,SCUOLA PRIMARIA,1,BSEE829013,"CALCINATO ""G.FERRABOSCHI""",CALCINATO,BRESCIA,LOMBARDIA,SCUOLA PRIMARIA,,BSEE829024,"FR.CALCINATELLO""M.AGOSTI""",CALCINATO,BRESCIA,LOMBARDIA,SCUOLA PRIMARIA,,4,1.396
202425,0.346,42,statale,SCUOLA PRIMARIA,1,GEEE840016,S.EL. - L.ARIOSTO -,GENOVA,GENOVA,LIGURIA,SCUOLA PRIMARIA,,GEEE811016,SCUOLA PRIMARIA - A. SPINOLA -,GENOVA,GENOVA,LIGURIA,SCUOLA PRIMARIA,,6,2.509
202425,0.346,42,statale,SCUOLA PRIMARIA,1,TOEE8BV01T,I.C. DUCA D'AOSTA - CAP,TORINO,TORINO,PIEMONTE,SCUOLA PRIMARIA,,TOEE8BW01N,I.C. ALIGHIERI KENNEDY - CAP.,TORINO,TORINO,PIEMONTE,SCUOLA PRIMARIA,,4,0.738
202425,0.346,42,statale,SCUOLA PRIMARIA,1,GEEE84901L,SCUOLA PRIMARIA DE AMICIS,GENOVA,GENOVA,LIGURIA,SCUOLA PRIMARIA,,GEEE854014,"PRIMARIA ""G.GRILLO""",GENOVA,GENOVA,LIGURIA,SCUOLA PRIMARIA,,3,0.314
202425,0.346,42,statale,SCUOLA PRIMARIA,1,AQEE82503V,SCUOLA PRIMARIA LECCE NEI MARSI,LECCE NEI MARSI,L'AQUILA,ABRUZZO,SCUOLA PRIMARIA,,AQEE82504X,SCUOLA PRIMARIA ORTUCCHIO,ORTUCCHIO,L'AQUILA,ABRUZZO,SCUOLA PRIMARIA,,2,4.246
202425,0.346,42,statale,SCUOLA PRIMARIA,1,BSEE88003A,PRIMARIA BELLINI BRESCIA,BRESCIA,BRESCIA,LOMBARDIA,SCUOLA PRIMARIA,,BSEE880018,PRIMARIA BOIFAVA CAIONVICO BS,BRESCIA,BRESCIA,LOMBARDIA,SCUOLA PRIMARIA,,2,2.794
202425,0.346,42,statale,SCUOLA PRIMARIA,1,CNEE82802T,"DRONERO CAP. ""PIETRO ALLEMANDI""",DRONERO,CUNEO,PIEMONTE,SCUOLA PRIMARIA,,CNEE82801R,"ROCCABRUNA ""ANTONIO ACCHIARDI""",ROCCABRUNA,CUNEO,PIEMONTE,SCUOLA PRIMARIA,,2,1.76
202425,0.346,42,statale,SCUOLA PRIMARIA,1,COEE81301Q,COMO PRESTINO,COMO,COMO,LOMBARDIA,SCUOLA PRIMARIA,,COEE81303T,S. FERMO,SAN FERMO DELLA BATTAGLIA,COMO,LOMBARDIA,SCUOLA PRIMARIA,,2,1.268
202425,0.346,42,statale,SCUOLA PRIMARIA,1,COEE85604R,ERBA CREVENNA,ERBA,COMO,LOMBARDIA,SCUOLA PRIMARIA,,COEE804033,PONTELAMBRO S. CHIARA,PONTE LAMBRO,COMO,LOMBARDIA,SCUOLA PRIMARIA,,1,0.65
202425,0.346,42,statale,SCUOLA PRIMARIA,1,FEEE825043,VIA.L.BENETTI-RO FERRARESE,RIVA DEL PO,FERRARA,EMILIA ROMAGNA,SCUOLA PRIMARIA,,FEEE825021,VIA MONTESSORI-BERRA,RIVA DEL PO,FERRARA,EMILIA ROMAGNA,SCUOLA PRIMARIA,,1,0.263
202425,0.346,42,statale,SCUOLA PRIMARIA,1,MTEE824022,G.MINOZZI- MATERA,MATERA,MATERA,BASILICATA,SCUOLA PRIMARIA,,MTEE82602N,SEMERIA-MATERA,MATERA,MATERA,BASILICATA,SCUOLA PRIMARIA,,1,0.569
202425,0.346,42,statale,SCUOLA PRIMARIA,1,PGEE041018,D.D. 1 CIRC. MARSCIANO IV NOVEM,MARSCIANO,PERUGIA,UMBRIA,SCUOLA PRIMARIA,,PGEE04104B,G. CICIONI - FRAZ. CERQUETO,MARSCIANO,PERUGIA,UMBRIA,SCUOLA PRIMARIA,,2,0.186
202425,0.346,42,statale,SCUOLA PRIMARIA,1,POEE818036,NELSON MANDELA,PRATO,PRATO,TOSCANA,SCUOLA PRIMARIA,,POEE821021,C.A. DALLA CHIESA,PRATO,PRATO,TOSCANA,SCUOLA PRIMARIA,,2,1.156
202425,0.346,42,statale,SCUOLA PRIMARIA,1,TOEE8B501T,IC PACCHIOTTI-VIA REVEL CAP.,TORINO,TORINO,PIEMONTE,SCUOLA PRIMARIA,,TOEE88301T,I.C. R.L. MONTALCINI - ALFIERI,TORINO,TORINO,PIEMONTE,SCUOLA PRIMARIA,,3,1.121
202425,0.346,42,statale,SCUOLA PRIMARIA,1,TSEE81101E,D. ROSSETTI,TRIESTE,TRIESTE,FRIULI-VENEZIA G.,SCUOLA PRIMARIA,,TSEE81102G,G. FOSCHIATTI,TRIESTE,TRIESTE,FRIULI-VENEZIA G.,SCUOLA PRIMARIA,,1,0.623
202425,0.346,42,statale,SCUOLA PRIMARIA,1,CNEE86101C,"CUNEO - VIA SOBRERO ""L.EINAUDI""",CUNEO,CUNEO,PIEMONTE,SCUOLA PRIMARIA,,CNEE847038,CUNEO-FRAZ.MADONNA GRAZIE,CUNEO,CUNEO,PIEMONTE,SCUOLA PRIMARIA,,6,0.443
202425,0.346,42,statale,SCUOLA PRIMARIA,1,RAEE82201E,"""TOLOSANO A.""",FAENZA,RAVENNA,EMILIA ROMAGNA,SCUOLA PRIMARIA,,RAEE82302B,"""DE AMICIS E."" - GRANAROLO",FAENZA,RAVENNA,EMILIA ROMAGNA,SCUOLA PRIMARIA,,3,0.461
202425,0.346,42,statale,SCUOLA PRIMARIA,1,RAEE82201E,"""TOLOSANO A.""",FAENZA,RAVENNA,EMILIA ROMAGNA,SCUOLA PRIMARIA,,RAEE82301A,"""MARTIRI DI CEFALONIA""",FAENZA,RAVENNA,EMILIA ROMAGNA,SCUOLA PRIMARIA,,6,1.388
202425,0.346,42,statale,SCUOLA PRIMARIA,1,SVEE820045,SAVONA I - VILLAPIANA MAZZINI,SAVONA,SAVONA,LIGURIA,SCUOLA PRIMARIA,,SVEE81901T,SAVONA II - MAMELI,SAVONA,SAVONA,LIGURIA,SCUOLA PRIMARIA,,3,0.635
202425,0.346,42,statale,SCUOLA PRIMARIA,1,SVEE820045,SAVONA I - VILLAPIANA MAZZINI,SAVONA,SAVONA,LIGURIA,SCUOLA PRIMARIA,,SVEE82101T,SAVONA IV - XXV APRILE,SAVONA,SAVONA,LIGURIA,SCUOLA PRIMARIA,,1,1.835
202425,0.346,42,statale,SCUOLA PRIMARIA,1,MIEE8EJ01A,PRIMARIA V.LE LOMBARDIA,COLOGNO MONZESE,MILANO,LOMBARDIA,SCUOLA PRIMARIA,,MIEE8EH026,PRIMARIAVESPUCCI,COLOGNO MONZESE,MILANO,LOMBARDIA,SCUOLA PRIMARIA,,2,1.451
202425,0.346,42,statale,SCUOLA PRIMARIA,1,AREE82801V,"""LUIGI GORI""",BIBBIENA,AREZZO,TOSCANA,SCUOLA PRIMARIA,,AREE822032,PRIMARIA DI S.PIERO IN FRASSINO,ORTIGNANO RAGGIOLO,AREZZO,TOSCANA,SCUOLA PRIMARIA,,3,4.168
202425,0.346,42,statale,SCUOLA PRIMARIA,1,BGEE81105D,"BERGAMO ""MUZIO""-I. CALVINO",BERGAMO,BERGAMO,LOMBARDIA,SCUOLA PRIMARIA,,BGEE82301G,AZZANO S. PAOLO,AZZANO SAN PAOLO,BERGAMO,LOMBARDIA,SCUOLA PRIMARIA,,2,1.586
202425,0.346,42,statale,SCUOLA PRIMARIA,1,BGEE81105D,"BERGAMO ""MUZIO""-I. CALVINO",BERGAMO,BERGAMO,LOMBARDIA,SCUOLA PRIMARIA,,BGEE81107G,"BERGAMO ""MUZIO"" - DON MILANI",BERGAMO,BERGAMO,LOMBARDIA,SCUOLA PRIMARIA,,1,1.619
202425,0.346,42,statale,SCUOLA PRIMARIA,1,BGEE88602Q,VERDELLINO -ZINGONIA-,VERDELLINO,BERGAMO,LOMBARDIA,SCUOLA PRIMARIA,,BGEE86101A,SCUOLA PRIMARIA OSIO SOTTO,OSIO SOTTO,BERGAMO,LOMBARDIA,SCUOLA PRIMARIA,,4,2.218
202425,0.346,42,statale,SCUOLA PRIMARIA,1,BOEE855011,A. VISCARDI I.C. N. 12 BOLOGNA,BOLOGNA,BOLOGNA,EMILIA ROMAGNA,SCUOLA PRIMARIA,,BOEE855022,PRIMARIA PADRE O. MARELLA,BOLOGNA,BOLOGNA,EMILIA ROMAGNA,SCUOLA PRIMARIA,,4,0.687
202425,0.346,42,statale,SCUOLA PRIMARIA,1,LCEE823069,CALOLZIOCORTE - FOPPENICO,CALOLZIOCORTE,LECCO,LOMBARDIA,SCUOLA PRIMARIA,,LCEE82307A,CALOLZIOCORTE - SALA,CALOLZIOCORTE,LECCO,LOMBARDIA,SCUOLA PRIMARIA,,3,1.289
202425,0.346,42,statale,SCUOLA PRIMARIA,1,MIEE85502P,PRIMARIA G. MAZZINI,LEGNANO,MILANO,LOMBARDIA,SCUOLA PRIMARIA,,MIEE8AX01Q,PRIMARIA E. FERMI,CUSANO MILANINO,MILANO,LOMBARDIA,SCUOLA PRIMARIA,,5,0.055
202425,0.346,42,statale,SCUOLA PRIMARIA,1,VREE895014,PRADELLE-MACULAN-BAGNOLO,NOGAROLE ROCCA,VERONA,VENETO,SCUOLA PRIMARIA,,VREE895025,MOZZECANE,MOZZECANE,VERONA,VENETO,SCUOLA PRIMARIA,,1,4.835
202425,0.346,42,statale,SCUOLA PRIMARIA,1,CNEE86401X,"BRA-""RITA LEVI MONTALCINI""",BRA,CUNEO,PIEMONTE,SCUOLA PRIMARIA,,CNEE864021,"BRA- ""EDOARDO MOSCA""",BRA,CUNEO,PIEMONTE,SCUOLA PRIMARIA,,7,0.569
202425,0.346,42,statale,SCUOLA PRIMARIA,1,AQEE84305E,SCUOLA PRIMARIA SAN PELINO,AVEZZANO,L'AQUILA,ABRUZZO,SCUOLA PRIMARIA,,AQEE84201E,BORGO PINETA,AVEZZANO,L'AQUILA,ABRUZZO,SCUOLA PRIMARIA,,1,0.216
202425,0.346,42,statale,SCUOLA PRIMARIA,1,BIEE816015,COSSATO CAPOLUOGO,COSSATO,BIELLA,PIEMONTE,SCUOLA PRIMARIA,,BIEE816026,COSSATO AGLIETTI,COSSATO,BIELLA,PIEMONTE,SCUOLA PRIMARIA,,1,0.862
202425,0.346,42,statale,SCUOLA PRIMARIA,1,BOEE80801B,GIOVANNI XXIII I.C. N 1 BOLOGNA,BOLOGNA,BOLOGNA,EMILIA ROMAGNA,SCUOLA PRIMARIA,,BOEE87402B,XXV APRILE 1945,CASALECCHIO DI RENO,BOLOGNA,EMILIA ROMAGNA,SCUOLA PRIMARIA,,5,1.105
202425,0.346,42,statale,SCUOLA PRIMARIA,1,CZEE822022,CURINGA - CAPOLUOGO - I.C.,CURINGA,CATANZARO,CALABRIA,SCUOLA PRIMARIA,,CZEE822011,CURINGA - ACCONIA - I.C.,CURINGA,CATANZARO,CALABRIA,SCUOLA PRIMARIA,,1,2.175
202425,0.346,42,statale,SCUOLA PRIMARIA,1,MNEE800012,CASALMORO,CASALMORO,MANTOVA,LOMBARDIA,SCUOLA PRIMARIA,,MNEE800056,CASTELNUOVO,ASOLA,MANTOVA,LOMBARDIA,SCUOLA PRIMARIA,,1,3.888
202425,0.346,42,statale,SCUOLA PRIMARIA,1,MNEE800012,CASALMORO,CASALMORO,MANTOVA,LOMBARDIA,SCUOLA PRIMARIA,,MNEE800045,ASOLA,ASOLA,MANTOVA,LOMBARDIA,SCUOLA PRIMARIA,,1,4.373
202425,0.346,42,statale,SCUOLA PRIMARIA,1,MOEE81402N,"""ANNA FRANK "" FORMICA",SAVIGNANO SUL PANARO,MODENA,EMILIA ROMAGNA,SCUOLA PRIMARIA,,MOEE83601D,EDMONDO DE AMICIS,MARANO SUL PANARO,MODENA,EMILIA ROMAGNA,SCUOLA PRIMARIA,,3,3.627
202425,0.346,42,statale,SCUOLA PRIMARIA,1,PSEE81101X,MACERATA F. - R.SANZIO - CAP.GO,MACERATA FELTRIA,PESARO E URBINO,MARCHE,SCUOLA PRIMARIA,,PSEE809021,SASSOCORVARO - MERCATALE,SASSOCORVARO AUDITORE,PESARO E URBINO,MARCHE,SCUOLA PRIMARIA,,1,4.323
202425,0.346,42,statale,SCUOLA PRIMARIA,1,RMEE8AQ02R,CENTRO URBANO,ROCCA DI PAPA,ROMA,LAZIO,SCUOLA PRIMARIA,,RMEE8AQ03T,CAMPI DI ANNIBALE,ROCCA DI PAPA,ROMA,LAZIO,SCUOLA PRIMARIA,,2,0.455
202425,0.346,42,statale,SCUOLA PRIMARIA,1,RMEE8G1025,VIA E. BONDI,ROMA,ROMA,LAZIO,SCUOLA PRIMARIA,,RMEE8G2021,VIA ORBASSANO 69,ROMA,ROMA,LAZIO,SCUOLA PRIMARIA,,1,1.607
202425,0.346,42,statale,SCUOLA PRIMARIA,1,ROEE808039,VIA MARCONI-POLESELLA,POLESELLA,ROVIGO,VENETO,SCUOLA PRIMARIA,,ROEE808028,VIA MATTEOTTI-GUARDA VENETA,GUARDA VENETA,ROVIGO,VENETO,SCUOLA PRIMARIA,,1,3.971
202425,0.346,42,statale,SCUOLA PRIMARIA,1,TOEE82704L,I.C. CORIO - CARLO A. ANGLESIO,ROCCA CANAVESE,TORINO,PIEMONTE,SCUOLA PRIMARIA,,TOEE82701D,"I.C. CORIO - ""EUGENIO MUSSO""",CORIO,TORINO,PIEMONTE,SCUOLA PRIMARIA,,1,3.417
202425,0.346,42,statale,SCUOLA PRIMARIA,1,TREE809013,"TERNI ""G.OBERDAN""(I.C. OBERDAN)",TERNI,TERNI,UMBRIA,SCUOLA PRIMARIA,,TREE809024,"TERNI ""M.DI SARRA""(I.C.OBERDAN)",TERNI,TERNI,UMBRIA,SCUOLA PRIMARIA,,1,0.848
202425,0.346,42,statale,SCUOLA PRIMARIA,1,UDEE84804A,VIA ROSSINI TEMPO PIENO,MANZANO,UDINE,FRIULI-VENEZIA G.,SCUOLA PRIMARIA,,UDEE82602B,PIETRO ZORUTTI - PERCOTO,PAVIA DI UDINE,UDINE,FRIULI-VENEZIA G.,SCUOLA PRIMARIA,,3,4.636
202425,0.346,42,statale,SCUOLA PRIMARIA,1,VIEE82902T,A. GABELLI - BELVEDERE,TEZZE SUL BRENTA,VICENZA,VENETO,SCUOLA PRIMARIA,,VIEE82903V,IV NOVEMBRE - CAMPAGNARI,TEZZE SUL BRENTA,VICENZA,VENETO,SCUOLA PRIMARIA,,2,1.505
202425,0.346,42,statale,SCUOLA PRIMARIA,1,VTEE81702E,"""DON BOSCO"" CIVITA CASTELLANA",CIVITA CASTELLANA,VITERBO,LAZIO,SCUOLA PRIMARIA,,VTEE81201A,FABRICA DI ROMA,FABRICA DI ROMA,VITERBO,LAZIO,SCUOLA PRIMARIA,,3,1.119
202425,0.346,42,statale,SCUOLA PRIMARIA,1,PREE835011,"""P. RACAGNI""",PARMA,PARMA,EMILIA ROMAGNA,SCUOLA PRIMARIA,,PREE821024,"""A.FRANK""",PARMA,PARMA,EMILIA ROMAGNA,SCUOLA PRIMARIA,,2,1.373
202425,0.346,42,statale,SCUOLA PRIMARIA,1,IMEE81202E,SC. ELEM. LARGO GHIGLIA,IMPERIA,IMPERIA,LIGURIA,SCUOLA PRIMARIA,,IMEE801046,DIANO S. PIETRO,DIANO SAN PIETRO,IMPERIA,LIGURIA,SCUOLA PRIMARIA,,2,4.537
202425,0.346,42,statale,SCUOLA PRIMARIA,1,BSEE82501Q,"""G.E.FALCK"" VOBARNO",VOBARNO,BRESCIA,LOMBARDIA,SCUOLA PRIMARIA,,BSEE82502R,ROE'VOLCIANO CAP.,ROE' VOLCIANO,BRESCIA,LOMBARDIA,SCUOLA PRIMARIA,,5,2.537
202425,0.346,42,statale,SCUOLA PRIMARIA,1,BSEE82501Q,"""G.E.FALCK"" VOBARNO",VOBARNO,BRESCIA,LOMBARDIA,SCUOLA PRIMARIA,,BSEE8AC01D,T.OLIVELLI SALO',SALO',BRESCIA,LOMBARDIA,SCUOLA PRIMARIA,,5,4.714
202425,0.346,42,statale,SCUOLA PRIMARIA,1,RMEE89001D,TIVOLI - BAGNI,TIVOLI,ROMA,LAZIO,SCUOLA PRIMARIA,,RMEE8DV02L,PRIMARIA COLLE FIORITO,GUIDONIA MONTECELIO,ROMA,LAZIO,SCUOLA PRIMARIA,,3,2.268
202425,0.346,42,statale,SCUOLA PRIMARIA,1,PVEE81701L,MORTARA,MORTARA,PAVIA,LOMBARDIA,SCUOLA PRIMARIA,,PVEE81702N,PARONA,PARONA,PAVIA,LOMBARDIA,SCUOLA PRIMARIA,,3,3.769
202425,0.346,42,statale,SCUOLA PRIMARIA,1,MOEE06001B,"""G.MAZZINI"" VIGNOLA",VIGNOLA,MODENA,EMILIA ROMAGNA,SCUOLA PRIMARIA,,MOEE83601D,EDMONDO DE AMICIS,MARANO SUL PANARO,MODENA,EMILIA ROMAGNA,SCUOLA PRIMARIA,,6,4.468
202425,0.346,42,statale,SCUOLA PRIMARIA,1,SIEE81001T,P.MAZZI,PIANCASTAGNAIO,SIENA,TOSCANA,SCUOLA PRIMARIA,,SIEE815011,PRIMARIA ABBADIA SAN SALVATORE,ABBADIA SAN SALVATORE,SIENA,TOSCANA,SCUOLA PRIMARIA,,2,4.214
202425,0.346,42,statale,SCUOLA PRIMARIA,1,MIEE8D0021,PRIMARIA VIA FORZE ARMATE,MILANO,MILANO,LOMBARDIA,SCUOLA PRIMARIA,,MIEE8ES038,PRIMARIA D. ALIGHIERI,CESANO BOSCONE,MILANO,LOMBARDIA,SCUOLA PRIMARIA,,3,1.654
202425,0.346,42,statale,SCUOLA PRIMARIA,1,RMEE8FC015,G. BASILE,ROMA,ROMA,LAZIO,SCUOLA PRIMARIA,,RMEE8E401A,GROTTE CELONI,ROMA,ROMA,LAZIO,SCUOLA PRIMARIA,,2,2.627
202425,0.346,42,statale,SCUOLA PRIMARIA,1,MIEE8FA033,PRIMARIA M.LUTHER KING,SAN DONATO MILANESE,MILANO,LOMBARDIA,SCUOLA PRIMARIA,,MIEE8FA011,PRIMARIA G.MATTEOTTI,SAN DONATO MILANESE,MILANO,LOMBARDIA,SCUOLA PRIMARIA,,3,1.326
202425,0.346,42,statale,SCUOLA PRIMARIA,1,BGEE883028,PRIMARIA TRESCORE BALNEARIO,TRESCORE BALNEARIO,BERGAMO,LOMBARDIA,SCUOLA PRIMARIA,,BGEE883017,CENATE SOPRA CAP.,CENATE SOPRA,BERGAMO,LOMBARDIA,SCUOLA PRIMARIA,,5,2.43
202425,0.346,42,statale,SCUOLA PRIMARIA,1,BGEE883028,PRIMARIA TRESCORE BALNEARIO,TRESCORE BALNEARIO,BERGAMO,LOMBARDIA,SCUOLA PRIMARIA,,BGEE883039,ENTRATICO,ENTRATICO,BERGAMO,LOMBARDIA,SCUOLA PRIMARIA,,3,2.665
202425,0.346,42,statale,SCUOLA PRIMARIA,1,FIEE86001E,COLOMBO,FIRENZE,FIRENZE,TOSCANA,SCUOLA PRIMARIA,,FIEE86002G,VAMBA,FIRENZE,FIRENZE,TOSCANA,SCUOLA PRIMARIA,,3,0.639
202425,0.346,42,statale,SCUOLA PRIMARIA,1,FIEE86001E,COLOMBO,FIRENZE,FIRENZE,TOSCANA,SCUOLA PRIMARIA,,FIEE85901A,MAMELI,FIRENZE,FIRENZE,TOSCANA,SCUOLA PRIMARIA,,4,1.213
202425,0.346,42,statale,SCUOLA PRIMARIA,1,RMEE8A9035,"""E.PESTALOZZI""PRIMARIA 1",POMEZIA,ROMA,LAZIO,SCUOLA PRIMARIA,,RMEE8GZ01P,MARTIN PESCATORE,POMEZIA,ROMA,LAZIO,SCUOLA PRIMARIA,,6,1.114
202425,0.346,42,statale,SCUOLA PRIMARIA,1,BGEE875018,"SERIATE ""BATTISTI""",SERIATE,BERGAMO,LOMBARDIA,SCUOLA PRIMARIA,,BGEE863012,SCANZOROSCIATE - PEDRENGO,PEDRENGO,BERGAMO,LOMBARDIA,SCUOLA PRIMARIA,,4,1.674
202425,0.346,42,statale,SCUOLA PRIMARIA,1,BSEE8AN015,"MONTICHIARI FRAZ. ""VIGHIZZOLO""",MONTICHIARI,BRESCIA,LOMBARDIA,SCUOLA PRIMARIA,,BSEE829024,"FR.CALCINATELLO""M.AGOSTI""",CALCINATO,BRESCIA,LOMBARDIA,SCUOLA PRIMARIA,,1,3.397
202425,0.346,42,statale,SCUOLA PRIMARIA,1,BTEE8AA022,"""SAN RUGGIERO""",BARLETTA,BARLETTA-ANDRIA-TRANI,PUGLIA,SCUOLA PRIMARIA,,BTEE89201N,"PLESSO PRIMARIA ""M. D'AZEGLIO""",BARLETTA,BARLETTA-ANDRIA-TRANI,PUGLIA,SCUOLA PRIMARIA,,2,0.505
202425,0.346,42,statale,SCUOLA PRIMARIA,1,CNEE83705Q,SCUOLA PRIMARIA MANGO,MANGO,CUNEO,PIEMONTE,SCUOLA PRIMARIA,,CNEE83703N,NEIVE - SC. PRIMARIA BORGONUOVO,NEIVE,CUNEO,PIEMONTE,SCUOLA PRIMARIA,,1,4.81
202425,0.346,42,statale,SCUOLA PRIMARIA,1,CREE820045,"""A. MANZONI""",CREMONA,CREMONA,LOMBARDIA,SCUOLA PRIMARIA,,CREE82202P,"""DON PRIMO MAZZOLARI""",CREMONA,CREMONA,LOMBARDIA,SCUOLA PRIMARIA,,1,0.816
202425,0.346,42,statale,SCUOLA PRIMARIA,1,CREE820045,"""A. MANZONI""",CREMONA,CREMONA,LOMBARDIA,SCUOLA PRIMARIA,,CREE82101T,"""TRENTO TRIESTE""",CREMONA,CREMONA,LOMBARDIA,SCUOLA PRIMARIA,,1,1.169
202425,0.346,42,statale,SCUOLA PRIMARIA,1,CREE820045,"""A. MANZONI""",CREMONA,CREMONA,LOMBARDIA,SCUOLA PRIMARIA,,CREE82203Q,"""BIANCA MARIA VISCONTI""",CREMONA,CREMONA,LOMBARDIA,SCUOLA PRIMARIA,,1,1.434
202425,0.346,42,statale,SCUOLA PRIMARIA,1,CZEE848015,SELLIA MARINA -CALABRICATA- I.C,SELLIA MARINA,CATANZARO,CALABRIA,SCUOLA PRIMARIA,,CZEE848026,SELLIA MARINA -CAPOLUOGO- I.C.,SELLIA MARINA,CATANZARO,CALABRIA,SCUOLA PRIMARIA,,2,0.363
202425,0.346,42,statale,SCUOLA PRIMARIA,1,GEEE825014,S.EL. - G.GARIBALDI -,GENOVA,GENOVA,LIGURIA,SCUOLA PRIMARIA,,GEEE811016,SCUOLA PRIMARIA - A. SPINOLA -,GENOVA,GENOVA,LIGURIA,SCUOLA PRIMARIA,,1,1.384
202425,0.346,42,statale,SCUOLA PRIMARIA,1,GEEE825014,S.EL. - G.GARIBALDI -,GENOVA,GENOVA,LIGURIA,SCUOLA PRIMARIA,,GEEE853018,S.EL. - M.MAZZINI -,GENOVA,GENOVA,LIGURIA,SCUOLA PRIMARIA,,1,1.976
202425,0.346,42,statale,SCUOLA PRIMARIA,1,GEEE86602B,SCUOLA PRIMARIA ANTOLA,RAPALLO,GENOVA,LIGURIA,SCUOLA PRIMARIA,,GEEE86603C,SCUOLA PRIMARIA TERAMO PIAGGIO,ZOAGLI,GENOVA,LIGURIA,SCUOLA PRIMARIA,,1,2.854
202425,0.346,42,statale,SCUOLA PRIMARIA,1,LCEE82705G,LECCO S.STEFANO,LECCO,LECCO,LOMBARDIA,SCUOLA PRIMARIA,,LCEE824065,"""G. CARDUCCI"" CASTELLO - LECCO",LECCO,LECCO,LOMBARDIA,SCUOLA PRIMARIA,,3,0.792
202425,0.346,42,statale,SCUOLA PRIMARIA,1,LOEE807043,PRIMARIA - SENNA LODIGIANA,SENNA LODIGIANA,LODI,LOMBARDIA,SCUOLA PRIMARIA,,LOEE81002R,PRIMARIA - SOMAGLIA,SOMAGLIA,LODI,LOMBARDIA,SCUOLA PRIMARIA,,2,3.229
202425,0.346,42,statale,SCUOLA PRIMARIA,1,LOEE815031,PRIMARIA S.F. D'ASSISI-VALERA F,VALERA FRATTA,LODI,LOMBARDIA,SCUOLA PRIMARIA,,PVEE81307G,MARZANO,MARZANO,PAVIA,LOMBARDIA,SCUOLA PRIMARIA,,2,3.271
202425,0.346,42,statale,SCUOLA PRIMARIA,1,LUEE84305C,"PONTE A MORIANO ""I.NIERI""",LUCCA,LUCCA,TOSCANA,SCUOLA PRIMARIA,,LUEE843018,SALTOCCHIO,LUCCA,LUCCA,TOSCANA,SCUOLA PRIMARIA,,1,0.797
202425,0.346,42,statale,SCUOLA PRIMARIA,1,MIEE8C7025,PRIMARIA C. POMA,MILANO,MILANO,LOMBARDIA,SCUOLA PRIMARIA,,MIEE832033,PRIMARIA DON MILANI,SETTIMO MILANESE,MILANO,LOMBARDIA,SCUOLA PRIMARIA,,3,1.441
202425,0.346,42,statale,SCUOLA PRIMARIA,1,MIEE8C8032,PRIMARIA MARZABOTTO,SESTO SAN GIOVANNI,MILANO,LOMBARDIA,SCUOLA PRIMARIA,,MIEE8EH026,PRIMARIAVESPUCCI,COLOGNO MONZESE,MILANO,LOMBARDIA,SCUOLA PRIMARIA,,4,2.878
202425,0.346,42,statale,SCUOLA PRIMARIA,1,MSEE807014,VILLAFRANCA (IC BARACCHINI),VILLAFRANCA IN LUNIGIANA,MASSA-CARRARA,TOSCANA,SCUOLA PRIMARIA,,MSEE807025,BAGNONE CAPOLUOGO,BAGNONE,MASSA-CARRARA,TOSCANA,SCUOLA PRIMARIA,,2,4.071
202425,0.346,42,statale,SCUOLA PRIMARIA,1,NOEE821046,"""GIAN FILIPPO USELLINI""",ARONA,NOVARA,PIEMONTE,SCUOLA PRIMARIA,,NOEE821013,DANTE ALIGHIERI,ARONA,NOVARA,PIEMONTE,SCUOLA PRIMARIA,,2,0.982
202425,0.346,42,statale,SCUOLA PRIMARIA,1,SAEE87104P,S.PIETRO AL TANAGRO CAP.P.P.,SAN PIETRO AL TANAGRO,SALERNO,CAMPANIA,SCUOLA PRIMARIA,,SAEE8AA065,ATENA LUCANA CAP.,ATENA LUCANA,SALERNO,CAMPANIA,SCUOLA PRIMARIA,,2,0.478
202425,0.346,42,statale,SCUOLA PRIMARIA,1,TVEE86602D,"""GIANNI RODARI"" - PARE'",CONEGLIANO,TREVISO,VENETO,SCUOLA PRIMARIA,,TVEE869032,G. MARCONI - VIA TONIOLO,CONEGLIANO,TREVISO,VENETO,SCUOLA PRIMARIA,,3,1.504
202425,0.346,42,statale,SCUOLA PRIMARIA,1,VREE84705V,"""F.LLI BETTILI-FERRARI"" PALU'",PALU',VERONA,VENETO,SCUOLA PRIMARIA,,VREE84704T,"VOLON ""S.PIO X """,ZEVIO,VERONA,VENETO,SCUOLA PRIMARIA,,2,2.589
202425,0.346,42,statale,SCUOLA PRIMARIA,1,VEEE84402L,E. TOTI,VENEZIA,VENEZIA,VENETO,SCUOLA PRIMARIA,,VEEE834066,DON MILANI - TEMPO PIENO,VENEZIA,VENEZIA,VENETO,SCUOLA PRIMARIA,,5,3.674
202425,0.346,42,statale,SCUOLA PRIMARIA,1,PTEE82601R,ALBERTO MANZI,QUARRATA,PISTOIA,TOSCANA,SCUOLA PRIMARIA,,PTEE82701L,OLMI,QUARRATA,PISTOIA,TOSCANA,SCUOLA PRIMARIA,,3,0.61
202425,0.346,42,statale,SCUOLA PRIMARIA,1,PDEE89903Q,PIOVE DI SACCO-DANTE ALIGHIERI,PIOVE DI SACCO,PADOVA,VENETO,SCUOLA PRIMARIA,,PDEE8AA027,G. MARCONI LOC. ARZERELLO,PIOVE DI SACCO,PADOVA,VENETO,SCUOLA PRIMARIA,,3,1.546
202425,0.346,42,statale,SCUOLA PRIMARIA,1,PDEE89903Q,PIOVE DI SACCO-DANTE ALIGHIERI,PIOVE DI SACCO,PADOVA,VENETO,SCUOLA PRIMARIA,,PDEE8AA016,UMBERTO PRIMO,PIOVE DI SACCO,PADOVA,VENETO,SCUOLA PRIMARIA,,1,2.063
202425,0.346,42,statale,SCUOLA PRIMARIA,1,PREE839018,FORNOVO CPL,FORNOVO DI TARO,PARMA,EMILIA ROMAGNA,SCUOLA PRIMARIA,,PREE80903E,FRAZ. RAMIOLA - MEDESANO,MEDESANO,PARMA,EMILIA ROMAGNA,SCUOLA PRIMARIA,,3,1.4
202425,0.346,42,statale,SCUOLA PRIMARIA,1,PREE839018,FORNOVO CPL,FORNOVO DI TARO,PARMA,EMILIA ROMAGNA,SCUOLA PRIMARIA,,PREE839029,FRAZ.RICO',FORNOVO DI TARO,PARMA,EMILIA ROMAGNA,SCUOLA PRIMARIA,,1,2.039
202425,0.346,42,statale,SCUOLA PRIMARIA,1,PVEE82501G,PAVIA VIA ACERBI - ADA NEGRI,PAVIA,PAVIA,LOMBARDIA,SCUOLA PRIMARIA,,PVEE828024,PAVIA VIA SCOPOLI - DE AMICIS,PAVIA,PAVIA,LOMBARDIA,SCUOLA PRIMARIA,,3,1.561
202425,0.346,42,statale,SCUOLA PRIMARIA,1,REEE830032,S. ILARIO CAP.-'COLLODI',SANT'ILARIO D'ENZA,REGGIO EMILIA,EMILIA ROMAGNA,SCUOLA PRIMARIA,,REEE83001X,"SANT'ILARIO CAP. ""BRUNO MUNARI""",SANT'ILARIO D'ENZA,REGGIO EMILIA,EMILIA ROMAGNA,SCUOLA PRIMARIA,,2,0.639
202425,0.346,42,statale,SCUOLA PRIMARIA,1,RGEE82204P,C.BATTISTI,RAGUSA,RAGUSA,SICILIA,SCUOLA PRIMARIA,,RGEE82202L,F. CRISPI,RAGUSA,RAGUSA,SICILIA,SCUOLA PRIMARIA,,1,0.348
202425,0.346,42,statale,SCUOLA PRIMARIA,1,TOEE80504Q,I.C. CENA - ABBA,TORINO,TORINO,PIEMONTE,SCUOLA PRIMARIA,,TOEE81804T,IC OLIVETTI-VITTORIO AMEDEO II,TORINO,TORINO,PIEMONTE,SCUOLA PRIMARIA,,2,2.315
202425,0.346,42,statale,SCUOLA PRIMARIA,1,UDEE843047,ADA NEGRI,UDINE,UDINE,FRIULI-VENEZIA G.,SCUOLA PRIMARIA,,UDEE857012,E. DE AMICIS,UDINE,UDINE,FRIULI-VENEZIA G.,SCUOLA PRIMARIA,,3,2.205
202425,0.346,42,statale,SCUOLA PRIMARIA,1,VREE89806R,"TERRANEGRA ""G.UNGARETTI""",LEGNAGO,VERONA,VENETO,SCUOLA PRIMARIA,,VREE89803N,"S.PIETRO DI LEGNAGO ""D. TRECCA""",LEGNAGO,VERONA,VENETO,SCUOLA PRIMARIA,,2,2.001
202425,0.346,42,statale,SCUOLA PRIMARIA,1,VREE89806R,"TERRANEGRA ""G.UNGARETTI""",LEGNAGO,VERONA,VENETO,SCUOLA PRIMARIA,,VREE89704V,FRANCESCO DAL CER ANGIARI,ANGIARI,VERONA,VENETO,SCUOLA PRIMARIA,,1,2.572
202425,0.346,42,statale,SCUOLA PRIMARIA,1,GEEE82301C,S.PRIMARIA- D.ALIGHIERI -,GENOVA,GENOVA,LIGURIA,SCUOLA PRIMARIA,,GEEE82302D,SC.PRIMARIA- DOGE G.DA MURTA -,GENOVA,GENOVA,LIGURIA,SCUOLA PRIMARIA,,5,0.962
202425,0.346,42,statale,SCUOLA PRIMARIA,1,BSEE82601G,VILLA CARCINA CAP.,VILLA CARCINA,BRESCIA,LOMBARDIA,SCUOLA PRIMARIA,,BSEE82603N,VILLA CARCINA FRAZ. CARCINA,VILLA CARCINA,BRESCIA,LOMBARDIA,SCUOLA PRIMARIA,,2,1.236
202425,0.346,42,statale,SCUOLA PRIMARIA,1,CREE81501E,PIEVE S.GIACOMO CAP.,PIEVE SAN GIACOMO,CREMONA,LOMBARDIA,SCUOLA PRIMARIA,,CREE81503L,"""G.B. PUERARI"" (SOSPIRO)",SOSPIRO,CREMONA,LOMBARDIA,SCUOLA PRIMARIA,,3,3.215
202425,0.346,42,statale,SCUOLA PRIMARIA,1,LCEE81704X,AIRUNO,AIRUNO,LECCO,LOMBARDIA,SCUOLA PRIMARIA,,LCEE81703V,BRIVIO CAP.,BRIVIO,LECCO,LOMBARDIA,SCUOLA PRIMARIA,,2,2.401
202425,0.346,42,statale,SCUOLA PRIMARIA,1,MBEE8E1017,MARTIN LUTHER KING,CESANO MADERNO,MONZA E DELLA BRIANZA,LOMBARDIA,SCUOLA PRIMARIA,,MBEE8E1039,A. BORGHI,CESANO MADERNO,MONZA E DELLA BRIANZA,LOMBARDIA,SCUOLA PRIMARIA,,3,0.982
202425,0.346,42,statale,SCUOLA PRIMARIA,1,PIEE82101P,C.BATTISTI,PISA,PISA,TOSCANA,SCUOLA PRIMARIA,,PIEE82105V,E. ZERBOGLIO,PISA,PISA,TOSCANA,SCUOLA PRIMARIA,,2,0.672
202425,0.346,42,statale,SCUOLA PRIMARIA,1,REEE85202T,DON PASQUINO BORGHI-CANOLO,CORREGGIO,REGGIO EMILIA,EMILIA ROMAGNA,SCUOLA PRIMARIA,,REEE83102R,SCUOLA PRIMARIA S.GIOVANNI,NOVELLARA,REGGIO EMILIA,EMILIA ROMAGNA,SCUOLA PRIMARIA,,2,3.46
202425,0.346,42,statale,SCUOLA PRIMARIA,1,RNEE81702A,VIA GRIFFA (IC CENTRO STORICO),RIMINI,RIMINI,EMILIA ROMAGNA,SCUOLA PRIMARIA,,RNEE81604L,LAGOMAGGIO (IC XX SETTEMBRE),RIMINI,RIMINI,EMILIA ROMAGNA,SCUOLA PRIMARIA,,1,1.213
202425,0.346,42,statale,SCUOLA PRIMARIA,1,TOEE808047,XXV APRILE,TORINO,TORINO,PIEMONTE,SCUOLA PRIMARIA,,TOEE8AW013,"I.C. SAN MAURO II - ""CATTI""",SAN MAURO TORINESE,TORINO,PIEMONTE,SCUOLA PRIMARIA,,3,4.205
202425,0.346,42,statale,SCUOLA PRIMARIA,1,VAEE84701L,"I. MILITI - SARONNO ""MILITI""",SARONNO,VARESE,LOMBARDIA,SCUOLA PRIMARIA,,VAEE849018,PIZZIGONI,SARONNO,VARESE,LOMBARDIA,SCUOLA PRIMARIA,,2,0.783
202425,0.346,42,statale,SCUOLA PRIMARIA,1,VCEE803014,SCUOLA PRIMARIA PELLICO,SANTHIA',VERCELLI,PIEMONTE,SCUOLA PRIMARIA,,VCEE805072,"PRIMARIA ""DON GIACOMO ABBONDO""",TRONZANO VERCELLESE,VERCELLI,PIEMONTE,SCUOLA PRIMARIA,,1,0.419
202425,0.346,42,statale,SCUOLA PRIMARIA,1,REEE848015,CA' BIANCA,REGGIO NELL'EMILIA,REGGIO EMILIA,EMILIA ROMAGNA,SCUOLA PRIMARIA,,REEE850037,MARTIN LUTHER KING,REGGIO NELL'EMILIA,REGGIO EMILIA,EMILIA ROMAGNA,SCUOLA PRIMARIA,,4,2.277
202425,0.346,42,statale,SCUOLA PRIMARIA,1,MOEE846025,"""G.LEOPARDI"" MODENA",MODENA,MODENA,EMILIA ROMAGNA,SCUOLA PRIMARIA,,MOEE84401C,"""NICOLA PISANO"" MODENA",MODENA,MODENA,EMILIA ROMAGNA,SCUOLA PRIMARIA,,3,1.463
202425,0.346,42,statale,SCUOLA PRIMARIA,1,NAEE8GD04Q,NA IC BONGHI - QUATTRO GIORNATE,NAPOLI,NAPOLI,CAMPANIA,SCUOLA PRIMARIA,,NAEE8GD05R,NA IC BONGHI - RIONE ASCARELLI,NAPOLI,NAPOLI,CAMPANIA,SCUOLA PRIMARIA,,3,0.428
202425,0.346,42,statale,SCUOLA PRIMARIA,1,UDEE84702C,"""RICCARDO PITTERI""",CERVIGNANO DEL FRIULI,UDINE,FRIULI-VENEZIA G.,SCUOLA PRIMARIA,,UDEE84704E,"""ABATE BIAVI""",CERVIGNANO DEL FRIULI,UDINE,FRIULI-VENEZIA G.,SCUOLA PRIMARIA,,1,0.892
202425,0.346,42,statale,SCUOLA PRIMARIA,1,UDEE84702C,"""RICCARDO PITTERI""",CERVIGNANO DEL FRIULI,UDINE,FRIULI-VENEZIA G.,SCUOLA PRIMARIA,,UDEE84603N,G. CAPPONI - TERZO D'AQUILEIA,TERZO D'AQUILEIA,UDINE,FRIULI-VENEZIA G.,SCUOLA PRIMARIA,,1,2.307
202425,0.346,42,statale,SCUOLA PRIMARIA,1,TOEE82003R,I.C. SALVEMINI - CASTELLO MIR.,TORINO,TORINO,PIEMONTE,SCUOLA PRIMARIA,,TOEE8BF01N,I.C. NICHELINO IV - GRAMSCI,NICHELINO,TORINO,PIEMONTE,SCUOLA PRIMARIA,,3,1.074
202425,0.346,42,statale,SCUOLA PRIMARIA,1,BOEE87701T,DE AMICIS - I.C. N. 18 BOLOGNA,BOLOGNA,BOLOGNA,EMILIA ROMAGNA,SCUOLA PRIMARIA,,BOEE876012,GUIDI - I.C. N. 17 BOLOGNA,BOLOGNA,BOLOGNA,EMILIA ROMAGNA,SCUOLA PRIMARIA,,3,1.098
202425,0.346,42,statale,SCUOLA PRIMARIA,1,CREE80002T,SCUOLA PRIMARIA ANNICCO,ANNICCO,CREMONA,LOMBARDIA,SCUOLA PRIMARIA,,CREE80803D,"""S. FRANCESCA SAVERIO CABRINI""",GRUMELLO CREMONESE ED UNITI,CREMONA,LOMBARDIA,SCUOLA PRIMARIA,,3,4.488
202425,0.346,42,statale,SCUOLA PRIMARIA,1,CZEE844074,"SCUOLA PRIMARIA ""T. AUGRUSO""",LAMEZIA TERME,CATANZARO,CALABRIA,SCUOLA PRIMARIA,,CZEE844085,"SCUOLA PRIMARIA ""S.M. PIETA'""",LAMEZIA TERME,CATANZARO,CALABRIA,SCUOLA PRIMARIA,,2,0.362
202425,0.346,42,statale,SCUOLA PRIMARIA,1,MBEE8EV02C,VIA RIZZOLI,LENTATE SUL SEVESO,MONZA E DELLA BRIANZA,LOMBARDIA,SCUOLA PRIMARIA,,MBEE85001B,"SCUOLA PRIMARIA ""A. MANZONI""",BARLASSINA,MONZA E DELLA BRIANZA,LOMBARDIA,SCUOLA PRIMARIA,,2,1.114
202425,0.346,42,statale,SCUOLA PRIMARIA,1,MIEE81903L,PRIMARIA VIA CARNOVALI,MILANO,MILANO,LOMBARDIA,SCUOLA PRIMARIA,,MIEE81702X,PRIMARIA T. CIRESOLA,MILANO,MILANO,LOMBARDIA,SCUOLA PRIMARIA,,1,3.091
202425,0.346,42,statale,SCUOLA PRIMARIA,1,MIEE8AG01V,PRIMARIA VIA VAL LAGARINA,MILANO,MILANO,LOMBARDIA,SCUOLA PRIMARIA,,MIEE8BR02P,PRIMARIA MARIA MONTESSORI,NOVATE MILANESE,MILANO,LOMBARDIA,SCUOLA PRIMARIA,,4,1.048
202425,0.346,42,statale,SCUOLA PRIMARIA,1,MIEE8ET023,PRIMARIA MONACA,CESANO BOSCONE,MILANO,LOMBARDIA,SCUOLA PRIMARIA,,MIEE8ET012,PRIMARIA G. MATTEOTTI,CESANO BOSCONE,MILANO,LOMBARDIA,SCUOLA PRIMARIA,,1,0.387
202425,0.346,42,statale,SCUOLA PRIMARIA,1,MIEE8ET023,PRIMARIA MONACA,CESANO BOSCONE,MILANO,LOMBARDIA,SCUOLA PRIMARIA,,MIEE8ES038,PRIMARIA D. ALIGHIERI,CESANO BOSCONE,MILANO,LOMBARDIA,SCUOLA PRIMARIA,,2,0.593
202425,0.346,42,statale,SCUOLA PRIMARIA,1,MNEE827012,CASTELLUCCHIO,CASTELLUCCHIO,MANTOVA,LOMBARDIA,SCUOLA PRIMARIA,,MNEE839029,PRIMARIA GABBIANA,MARCARIA,MANTOVA,LOMBARDIA,SCUOLA PRIMARIA,,1,4.127
202425,0.346,42,statale,SCUOLA PRIMARIA,1,PDEE888039,ROSMINI (EX IV IC),PADOVA,PADOVA,VENETO,SCUOLA PRIMARIA,,PDEE87901C,REGGIA DEI CARRARESI-PD,PADOVA,PADOVA,VENETO,SCUOLA PRIMARIA,,2,1.825
202425,0.346,42,statale,SCUOLA PRIMARIA,1,PREE82904R,MARTIRI DI CEFALONIA,PARMA,PARMA,EMILIA ROMAGNA,SCUOLA PRIMARIA,,PREE834015,""" DON MILANI """,PARMA,PARMA,EMILIA ROMAGNA,SCUOLA PRIMARIA,,3,1.232
202425,0.346,42,statale,SCUOLA PRIMARIA,1,RGEE81501C,FODERA',VITTORIA,RAGUSA,SICILIA,SCUOLA PRIMARIA,,RGEE81502D,SS.ROSARIO,VITTORIA,RAGUSA,SICILIA,SCUOLA PRIMARIA,,1,0.24
202425,0.346,42,statale,SCUOLA PRIMARIA,1,TOEE8CF018,I.C. BOBBIO - NOVARO,TORINO,TORINO,PIEMONTE,SCUOLA PRIMARIA,,TOEE81804T,IC OLIVETTI-VITTORIO AMEDEO II,TORINO,TORINO,PIEMONTE,SCUOLA PRIMARIA,,3,2.848
202425,0.346,42,statale,SCUOLA PRIMARIA,1,TVEE876079,D.L. PELLIZZARI,VILLORBA,TREVISO,VENETO,SCUOLA PRIMARIA,,TVEE876046,DE AMICIS - FONTANE,VILLORBA,TREVISO,VENETO,SCUOLA PRIMARIA,,2,1.085
202425,0.346,42,statale,SCUOLA PRIMARIA,1,TVEE884045,NAZARIO SAURO - PIAVON,ODERZO,TREVISO,VENETO,SCUOLA PRIMARIA,,TVEE88104N,G.MARCONI - CESSALTO,CESSALTO,TREVISO,VENETO,SCUOLA PRIMARIA,,1,0.727
202425,0.346,42,statale,SCUOLA PRIMARIA,1,VREE8AA01X,"""NEGRI ELEONORO"" LOCARA",SAN BONIFACIO,VERONA,VENETO,SCUOLA PRIMARIA,,VIEE81803C,LONIGO - MADONNA,LONIGO,VICENZA,VENETO,SCUOLA PRIMARIA,,2,3.186
202425,0.346,42,statale,SCUOLA PRIMARIA,1,VIEE843013,"""A. PALLADIO""-SCHIO",SCHIO,VICENZA,VENETO,SCUOLA PRIMARIA,,VIEE842028,SCUOLA PRIMARIA -S. BENEDETTO,SCHIO,VICENZA,VENETO,SCUOLA PRIMARIA,,2,1.145
202425,0.346,42,statale,SCUOLA PRIMARIA,1,TOEE8A202R,I.C. TO PEYRON -V. VENTIMIGLIA,TORINO,TORINO,PIEMONTE,SCUOLA PRIMARIA,,TOEE8B9048,"IC MATTEOTTI - PELLICO ""BALBIS""",TORINO,TORINO,PIEMONTE,SCUOLA PRIMARIA,,4,1.627
202425,0.346,42,statale,SCUOLA PRIMARIA,1,TOEE8A202R,I.C. TO PEYRON -V. VENTIMIGLIA,TORINO,TORINO,PIEMONTE,SCUOLA PRIMARIA,,TOEE01404G,COLLODI - RODARI,TORINO,TORINO,PIEMONTE,SCUOLA PRIMARIA,,1,1.77
202425,0.346,42,statale,SCUOLA PRIMARIA,1,PCEE80801Q,BORGONOVO - CAPOLUOGO,BORGONOVO VAL TIDONE,PIACENZA,EMILIA ROMAGNA,SCUOLA PRIMARIA,,PCEE80802R,ZIANO-CAPOLUOGO,ZIANO PIACENTINO,PIACENZA,EMILIA ROMAGNA,SCUOLA PRIMARIA,,3,4.294
202425,0.346,42,statale,SCUOLA PRIMARIA,1,BGEE86605N,PONTE S. PIETRO,PONTE SAN PIETRO,BERGAMO,LOMBARDIA,SCUOLA PRIMARIA,,BGEE84507P,"MOZZO ""MOSE DEL BROLO""",MOZZO,BERGAMO,LOMBARDIA,SCUOLA PRIMARIA,,2,1.345
202425,0.346,42,statale,SCUOLA PRIMARIA,1,NAEE83001V,NA IC MAROTTA - BASILE,NAPOLI,NAPOLI,CAMPANIA,SCUOLA PRIMARIA,,NAEE8FM012,NA IC 91 MINNITI - C.D LOGGETTA,NAPOLI,NAPOLI,CAMPANIA,SCUOLA PRIMARIA,,1,0.577
202425,0.346,42,statale,SCUOLA PRIMARIA,1,RMEE8A601G,ZAGAROLO - COLLE DEI FRATI,ZAGAROLO,ROMA,LAZIO,SCUOLA PRIMARIA,,RMEE8A602L,"""E. DE AMICIS""",ZAGAROLO,ROMA,LAZIO,SCUOLA PRIMARIA,,3,0.199
202425,0.346,42,statale,SCUOLA PRIMARIA,1,SVEE81401P,SAVONA III - DE AMICIS E.,SAVONA,SAVONA,LIGURIA,SCUOLA PRIMARIA,,SVEE82101T,SAVONA IV - XXV APRILE,SAVONA,SAVONA,LIGURIA,SCUOLA PRIMARIA,,3,0.636
202425,0.346,42,statale,SCUOLA PRIMARIA,1,SVEE81401P,SAVONA III - DE AMICIS E.,SAVONA,SAVONA,LIGURIA,SCUOLA PRIMARIA,,SVEE82103X,SAVONA IV - CALLANDRONE,SAVONA,SAVONA,LIGURIA,SCUOLA PRIMARIA,,1,1.061
202425,0.346,42,statale,SCUOLA PRIMARIA,1,TVEE87405G,G. CARDUCCI - S.BONA VECCHIA,TREVISO,TREVISO,VENETO,SCUOLA PRIMARIA,,TVEE870036,BINDONI - P.LE COSTITUZIONE,TREVISO,TREVISO,VENETO,SCUOLA PRIMARIA,,2,1.518
202425,0.346,42,statale,SCUOLA PRIMARIA,1,TVEE88004T,FRANCESCO DALL'ONGARO - MANSUE',MANSUE',TREVISO,VENETO,SCUOLA PRIMARIA,,TVEE88001P,ALBINO LUCIANI - GORGO CAP.,GORGO AL MONTICANO,TREVISO,VENETO,SCUOLA PRIMARIA,,4,3.882
202425,0.346,42,statale,SCUOLA PRIMARIA,1,CNEE84501E,VERZUOLO CAP.,VERZUOLO,CUNEO,PIEMONTE,SCUOLA PRIMARIA,,CNEE86206D,MANTA - CAPOLUOGO,MANTA,CUNEO,PIEMONTE,SCUOLA PRIMARIA,,1,1.302
202425,0.346,42,statale,SCUOLA PRIMARIA,1,FEEE80001G,"""C.DELLA SALA""-PONTELAGOSCURO",FERRARA,FERRARA,EMILIA ROMAGNA,SCUOLA PRIMARIA,,ROEE803047,"""C.COLLODI""-S.MARIA MADDALENA",OCCHIOBELLO,ROVIGO,VENETO,SCUOLA PRIMARIA,,3,1.676
202425,0.346,42,statale,SCUOLA PRIMARIA,1,LEEE8AR01N,C. BATTISTI,LECCE,LECCE,PUGLIA,SCUOLA PRIMARIA,,LEEE07101Q,E.DE AMICIS,LECCE,LECCE,PUGLIA,SCUOLA PRIMARIA,,1,0.519
202425,0.346,42,statale,SCUOLA PRIMARIA,1,BSEE87701C,PRIMARIA UGOLINI BRESCIA,BRESCIA,BRESCIA,LOMBARDIA,SCUOLA PRIMARIA,,BSEE880018,PRIMARIA BOIFAVA CAIONVICO BS,BRESCIA,BRESCIA,LOMBARDIA,SCUOLA PRIMARIA,,1,4.666
202425,0.346,42,statale,SCUOLA PRIMARIA,1,BGEE833016,CALUSCO D'ADDA,CALUSCO D'ADDA,BERGAMO,LOMBARDIA,SCUOLA PRIMARIA,,BGEE83603Q,SCUOLA PRIMARIA STATALE CARVICO,CARVICO,BERGAMO,LOMBARDIA,SCUOLA PRIMARIA,,4,1.994
202425,0.346,42,statale,SCUOLA PRIMARIA,1,AREE82304V,"SCUOLA PRIMARIA ""RIGHI""",SUBBIANO,AREZZO,TOSCANA,SCUOLA PRIMARIA,,AREE82303T,"""SANDRO PERTINI""",SUBBIANO,AREZZO,TOSCANA,SCUOLA PRIMARIA,,1,0.073
202425,0.346,42,statale,SCUOLA PRIMARIA,1,BGEE838019,CASTELLI CALEPIO - CIVIDINO,CASTELLI CALEPIO,BERGAMO,LOMBARDIA,SCUOLA PRIMARIA,,BSEE8AM03B,"SCUOLA PRIMARIA ""S.CUORE""",PALAZZOLO SULL'OGLIO,BRESCIA,LOMBARDIA,SCUOLA PRIMARIA,,3,1.274
202425,0.346,42,statale,SCUOLA PRIMARIA,1,CREE80303A,PRIMARIA SESTO CREMONESE CAP.,SESTO ED UNITI,CREMONA,LOMBARDIA,SCUOLA PRIMARIA,,CREE82403B,CAVATIGOZZI,CREMONA,CREMONA,LOMBARDIA,SCUOLA PRIMARIA,,2,4.487
202425,0.346,42,statale,SCUOLA PRIMARIA,1,GEEE86502G,S.PRIMARIA DI RI-PIANI,CHIAVARI,GENOVA,LIGURIA,SCUOLA PRIMARIA,,GEEE847011,S.EL. - E.RIBOLI -,LAVAGNA,GENOVA,LIGURIA,SCUOLA PRIMARIA,,2,0.931
202425,0.346,42,statale,SCUOLA PRIMARIA,1,MBEE87501Q,UMBERTO TAGLIABUE,DESIO,MONZA E DELLA BRIANZA,LOMBARDIA,SCUOLA PRIMARIA,,MBEE89202E,SCUOLA PRIMARIA BUONARROTI,LISSONE,MONZA E DELLA BRIANZA,LOMBARDIA,SCUOLA PRIMARIA,,2,0.916
202425,0.346,42,statale,SCUOLA PRIMARIA,1,PGEE81703C,VIA S.ANTONIO/TUORO S.TRASIMENO,TUORO SUL TRASIMENO,PERUGIA,UMBRIA,SCUOLA PRIMARIA,,AREE84104C,"""A.F. PALIOTTI""",CORTONA,AREZZO,TOSCANA,SCUOLA PRIMARIA,,2,4.934
202425,0.346,42,statale,SCUOLA PRIMARIA,1,PIEE81801V,GENOVESI,PISA,PISA,TOSCANA,SCUOLA PRIMARIA,,PIEE840047,S.FRANCESCO,CASCINA,PISA,TOSCANA,SCUOLA PRIMARIA,,1,1.225
202425,0.346,42,statale,SCUOLA PRIMARIA,1,REEE84601D,BERGONZI A.,REGGIO NELL'EMILIA,REGGIO EMILIA,EMILIA ROMAGNA,SCUOLA PRIMARIA,,REEE834028,ITALO CALVINO,REGGIO NELL'EMILIA,REGGIO EMILIA,EMILIA ROMAGNA,SCUOLA PRIMARIA,,9,2.584
202425,0.346,42,statale,SCUOLA PRIMARIA,1,RGEE82203N,PAOLO VETRI,RAGUSA,RAGUSA,SICILIA,SCUOLA PRIMARIA,,RGEE833045,PALAZZELLO,RAGUSA,RAGUSA,SICILIA,SCUOLA PRIMARIA,,4,0.682
202425,0.346,42,statale,SCUOLA PRIMARIA,1,RMEE833019,VIA NIOBE,ROMA,ROMA,LAZIO,SCUOLA PRIMARIA,,RMEE83302A,PLESSO CASALOTTO,ROMA,ROMA,LAZIO,SCUOLA PRIMARIA,,1,0.439
202425,0.346,42,statale,SCUOLA PRIMARIA,1,TOEE816035,I.C. KING MILA - VIA CHAMBERY,TORINO,TORINO,PIEMONTE,SCUOLA PRIMARIA,,TOEE8AY01P,I.C. PALAZZESCHI TO - OTTINO,TORINO,TORINO,PIEMONTE,SCUOLA PRIMARIA,,2,0.668
202425,0.346,42,statale,SCUOLA PRIMARIA,1,MIEE8AU02C,PRIMARIA ITALO CALVINO,COLOGNO MONZESE,MILANO,LOMBARDIA,SCUOLA PRIMARIA,,MIEE8B001P,PRIMARIA VIA PIAVE,VIMODRONE,MILANO,LOMBARDIA,SCUOLA PRIMARIA,,2,0.961
202425,0.346,42,statale,SCUOLA PRIMARIA,1,MIEE8DY02G,PRIMARIA SAN PAOLINO,MILANO,MILANO,LOMBARDIA,SCUOLA PRIMARIA,,MIEE8DZ01A,PRIMARIA SANDRO PERTINI,MILANO,MILANO,LOMBARDIA,SCUOLA PRIMARIA,,1,1.273
202425,0.346,42,statale,SCUOLA PRIMARIA,1,MIEE8DY02G,PRIMARIA SAN PAOLINO,MILANO,MILANO,LOMBARDIA,SCUOLA PRIMARIA,,MIEE8CY01R,PRIMARIA GINO CAPPONI,MILANO,MILANO,LOMBARDIA,SCUOLA PRIMARIA,,1,1.834
202425,0.346,42,statale,SCUOLA PRIMARIA,1,PIEE81003A,PASCOLI,SANTA CROCE SULL'ARNO,PISA,TOSCANA,SCUOLA PRIMARIA,,PIEE82601T,GALILEI,SAN MINIATO,PISA,TOSCANA,SCUOLA PRIMARIA,,4,3.091
202425,0.346,42,statale,SCUOLA PRIMARIA,1,POEE81601C,CLAUDIO PUDDU - LOC.MALISETI,PRATO,PRATO,TOSCANA,SCUOLA PRIMARIA,,POEE820025,G.PUCCINI/BARTOLINI,PRATO,PRATO,TOSCANA,SCUOLA PRIMARIA,,4,1.66
202425,0.346,42,statale,SCUOLA PRIMARIA,1,ANEE81801C,"ANCONA ""MARINELLI""",ANCONA,ANCONA,MARCHE,SCUOLA PRIMARIA,,ANEE81701L,"ANCONA ""COLLODI""",ANCONA,ANCONA,MARCHE,SCUOLA PRIMARIA,,2,0.96
202425,0.346,42,statale,SCUOLA PRIMARIA,1,BSEE894016,PAVONE DEL MELLA CAP.,PAVONE DEL MELLA,BRESCIA,LOMBARDIA,SCUOLA PRIMARIA,,BSEE89602V,LENO FRAZ. CASTELLETTO,LENO,BRESCIA,LOMBARDIA,SCUOLA PRIMARIA,,3,3.419
202425,0.346,42,statale,SCUOLA PRIMARIA,1,CREE81901T,D. INVERNIZZI - PANDINO,PANDINO,CREMONA,LOMBARDIA,SCUOLA PRIMARIA,,CREE81902V,"""ANGELITA DI ANZIO"" (NOSADELLO)",PANDINO,CREMONA,LOMBARDIA,SCUOLA PRIMARIA,,1,1.893
202425,0.346,42,statale,SCUOLA PRIMARIA,1,FIEE813011,BALDUCCI,FIRENZE,FIRENZE,TOSCANA,SCUOLA PRIMARIA,,FIEE813022,BARACCA,FIRENZE,FIRENZE,TOSCANA,SCUOLA PRIMARIA,,1,0.689
202425,0.346,42,statale,SCUOLA PRIMARIA,1,FIEE813011,BALDUCCI,FIRENZE,FIRENZE,TOSCANA,SCUOLA PRIMARIA,,FIEE83701D,GIORGIO AMBROSOLI,FIRENZE,FIRENZE,TOSCANA,SCUOLA PRIMARIA,,4,1.623
202425,0.346,42,statale,SCUOLA PRIMARIA,1,MIEE8C401L,PRIMARIA M.L. KING,MILANO,MILANO,LOMBARDIA,SCUOLA PRIMARIA,,MIEE8C301R,PRIMARIA VIA BROCCHI,MILANO,MILANO,LOMBARDIA,SCUOLA PRIMARIA,,3,1.203
202425,0.346,42,statale,SCUOLA PRIMARIA,1,TSEE81001P,B. MARIN,TRIESTE,TRIESTE,FRIULI-VENEZIA G.,SCUOLA PRIMARIA,,TSEE81002Q,E. DE MARCHI,TRIESTE,TRIESTE,FRIULI-VENEZIA G.,SCUOLA PRIMARIA,,1,0.637
202425,0.346,42,statale,SCUOLA PRIMARIA,1,VIEE880012,VALDAGNO - CAP. - MANZONI,VALDAGNO,VICENZA,VENETO,SCUOLA PRIMARIA,,VIEE848038,RECOARO T. - CAP.,RECOARO TERME,VICENZA,VENETO,SCUOLA PRIMARIA,,3,0.217
202425,0.346,42,statale,SCUOLA PRIMARIA,1,MEEE88102X,""" L. CAPUANA """,BARCELLONA POZZO DI GOTTO,MESSINA,SICILIA,SCUOLA PRIMARIA,,MEEE82402Q,FRAZ. CALDERA',BARCELLONA POZZO DI GOTTO,MESSINA,SICILIA,SCUOLA PRIMARIA,,4,0.549
202425,0.346,42,statale,SCUOLA PRIMARIA,1,TSEE81502V,DUCA D'AOSTA EX BERGAMAS,TRIESTE,TRIESTE,FRIULI-VENEZIA G.,SCUOLA PRIMARIA,,TSEE80802Q,N. SAURO,TRIESTE,TRIESTE,FRIULI-VENEZIA G.,SCUOLA PRIMARIA,,5,0.88
202425,0.346,42,statale,SCUOLA PRIMARIA,1,VEEE827052,D.A.MUNARETTO-CIPRESSINA,VENEZIA,VENEZIA,VENETO,SCUOLA PRIMARIA,,VEEE82703X,"""RITA LEVI MONTALCINI""",VENEZIA,VENEZIA,VENETO,SCUOLA PRIMARIA,,1,4.272
202425,0.346,42,statale,SCUOLA PRIMARIA,1,IMEE815044,"VIA GALILEI BORGO ""G. RODARI""",SANREMO,IMPERIA,LIGURIA,SCUOLA PRIMARIA,,IMEE81707V,RUBINO,SANREMO,IMPERIA,LIGURIA,SCUOLA PRIMARIA,,2,0.869
202425,0.346,42,statale,SCUOLA PRIMARIA,1,LOEE80903N,PRIMARIA ROSOLINO ANDENA-CASALP,CASALPUSTERLENGO,LODI,LOMBARDIA,SCUOLA PRIMARIA,,LOEE81002R,PRIMARIA - SOMAGLIA,SOMAGLIA,LODI,LOMBARDIA,SCUOLA PRIMARIA,,1,3.312
202425,0.346,42,statale,SCUOLA PRIMARIA,1,TSEE801021,A. PITTONI,TRIESTE,TRIESTE,FRIULI-VENEZIA G.,SCUOLA PRIMARIA,,TSEE813016,F. DARDI,TRIESTE,TRIESTE,FRIULI-VENEZIA G.,SCUOLA PRIMARIA,,3,0.539
202425,0.346,42,statale,SCUOLA PRIMARIA,1,NOEE82505E,"""C.E.BUSCAGLIA""",NOVARA,NOVARA,PIEMONTE,SCUOLA PRIMARIA,,NOEE826016,"""BOLLINI""",NOVARA,NOVARA,PIEMONTE,SCUOLA PRIMARIA,,2,1.59
202425,0.346,42,statale,SCUOLA PRIMARIA,1,PTEE829029,COLLODI,PISTOIA,PISTOIA,TOSCANA,SCUOLA PRIMARIA,,PTEE810017,ROCCON ROSSO-LA VERGINE,PISTOIA,PISTOIA,TOSCANA,SCUOLA PRIMARIA,,2,0.723
202425,0.346,42,statale,SCUOLA PRIMARIA,1,BSEE816022,"BRESCIA ""CALINI""",BRESCIA,BRESCIA,LOMBARDIA,SCUOLA PRIMARIA,,BSEE88402L,PRIMARIA ARICI BRESCIA,BRESCIA,BRESCIA,LOMBARDIA,SCUOLA PRIMARIA,,3,3.114
202425,0.346,42,statale,SCUOLA PRIMARIA,1,BSEE816022,"BRESCIA ""CALINI""",BRESCIA,BRESCIA,LOMBARDIA,SCUOLA PRIMARIA,,BSEE88401G,PRIMARIA N. SAURO BRESCIA,BRESCIA,BRESCIA,LOMBARDIA,SCUOLA PRIMARIA,,1,4.261
202425,0.346,42,statale,SCUOLA PRIMARIA,1,VAEE878018,DANTE ALIGHIERI,GALLARATE,VARESE,LOMBARDIA,SCUOLA PRIMARIA,,VAEE878029,"""DA VINCI"" - RONCHI -",GALLARATE,VARESE,LOMBARDIA,SCUOLA PRIMARIA,,4,0.964
202425,0.346,42,statale,SCUOLA PRIMARIA,1,MOEE81901Q,"""L.A. MURATORI "" SAN FELICE S/P",SAN FELICE SUL PANARO,MODENA,EMILIA ROMAGNA,SCUOLA PRIMARIA,,MOEE04010L,"""G. RODARI"" - MORTIZZUOLO",MIRANDOLA,MODENA,EMILIA ROMAGNA,SCUOLA PRIMARIA,,5,4.412
202425,0.346,42,statale,SCUOLA PRIMARIA,1,RMEE87801V,SANDRO PERTINI,FONTE NUOVA,ROMA,LAZIO,SCUOLA PRIMARIA,,RMEE8AF01G,VIA BRENNERO,FONTE NUOVA,ROMA,LAZIO,SCUOLA PRIMARIA,,7,0.944
202425,0.346,42,statale,SCUOLA PRIMARIA,1,ALEE829029,"NOVI LIGURE ""G.PASCOLI""",NOVI LIGURE,ALESSANDRIA,PIEMONTE,SCUOLA PRIMARIA,,ALEE831029,"NOVI LIGURE ""M.L. ZUCCA""",NOVI LIGURE,ALESSANDRIA,PIEMONTE,SCUOLA PRIMARIA,,3,0.908
202425,0.346,42,statale,SCUOLA PRIMARIA,1,BGEE83201A,PRIMARIA TORRE PALLAVICINA,TORRE PALLAVICINA,BERGAMO,LOMBARDIA,SCUOLA PRIMARIA,,CREE811017,SONCINO CAP.,SONCINO,CREMONA,LOMBARDIA,SCUOLA PRIMARIA,,2,4.746
202425,0.346,42,statale,SCUOLA PRIMARIA,1,BGEE855013,"""G. FALCONE P. BORSELLINO""",LOVERE,BERGAMO,LOMBARDIA,SCUOLA PRIMARIA,,BGEE87802R,PIANICO,PIANICO,BERGAMO,LOMBARDIA,SCUOLA PRIMARIA,,1,2.135
202425,0.346,42,statale,SCUOLA PRIMARIA,1,BSEE815015,PRIMARIA BERTOLOTTI BRESCIA,BRESCIA,BRESCIA,LOMBARDIA,SCUOLA PRIMARIA,,BSEE85601B,SC.ELEMENTARE F.DE ANDRE',CASTEL MELLA,BRESCIA,LOMBARDIA,SCUOLA PRIMARIA,,3,1.872
202425,0.346,42,statale,SCUOLA PRIMARIA,1,BSEE852025,MAZZANO FRAZ.CILIVERGHE,MAZZANO,BRESCIA,LOMBARDIA,SCUOLA PRIMARIA,,BSEE87501R,"REZZATO FRAZ.VIRLE ""P.GOINI""",REZZATO,BRESCIA,LOMBARDIA,SCUOLA PRIMARIA,,2,2.206
202425,0.346,42,statale,SCUOLA PRIMARIA,1,CHEE03602P,RIONE CAPPUCCINI,GUARDIAGRELE,CHIETI,ABRUZZO,SCUOLA PRIMARIA,,CHEE03601N,VIA CAVALIERI-D.D. GURDIAGRELE,GUARDIAGRELE,CHIETI,ABRUZZO,SCUOLA PRIMARIA,,1,0.662
202425,0.346,42,statale,SCUOLA PRIMARIA,1,FIEE84301R,NADIA NENCIONI,FIRENZE,FIRENZE,TOSCANA,SCUOLA PRIMARIA,,FIEE84303V,AGNESI,FIRENZE,FIRENZE,TOSCANA,SCUOLA PRIMARIA,,1,1.034
202425,0.346,42,statale,SCUOLA PRIMARIA,1,LCEE82308B,CALOLZIOCORTE - PASCOLO,CALOLZIOCORTE,LECCO,LOMBARDIA,SCUOLA PRIMARIA,,LCEE823058,VERCURAGO CAP.,VERCURAGO,LECCO,LOMBARDIA,SCUOLA PRIMARIA,,1,0.992
202425,0.346,42,statale,SCUOLA PRIMARIA,1,MIEE8C1048,PRIMARIA I.NIEVO,MILANO,MILANO,LOMBARDIA,SCUOLA PRIMARIA,,MIEE832022,PRIMARIA VIA BUOZZI,SETTIMO MILANESE,MILANO,LOMBARDIA,SCUOLA PRIMARIA,,1,2.068
202425,0.346,42,statale,SCUOLA PRIMARIA,1,MIEE8ES027,PRIMARIA P. GOBETTI,CESANO BOSCONE,MILANO,LOMBARDIA,SCUOLA PRIMARIA,,MIEE8ES038,PRIMARIA D. ALIGHIERI,CESANO BOSCONE,MILANO,LOMBARDIA,SCUOLA PRIMARIA,,1,1.409
202425,0.346,42,statale,SCUOLA PRIMARIA,1,PDEE88601G,A.ORIANI,PADOVA,PADOVA,VENETO,SCUOLA PRIMARIA,,PDEE89503C,FALCONE E BORSELLINO,ALBIGNASEGO,PADOVA,VENETO,SCUOLA PRIMARIA,,1,1.04
202425,0.346,42,statale,SCUOLA PRIMARIA,1,PIEE82103R,O. LORENZINI,PISA,PISA,TOSCANA,SCUOLA PRIMARIA,,PIEE81802X,DON MILANI,PISA,PISA,TOSCANA,SCUOLA PRIMARIA,,1,0.599
202425,0.346,42,statale,SCUOLA PRIMARIA,1,RCEE85303D,SANT'ILARIO DELLO JONIO,SANT'ILARIO DELLO IONIO,REGGIO CALABRIA,CALABRIA,SCUOLA PRIMARIA,,RCEE81506T,PRIMARIA SCHIAVO,ARDORE,REGGIO CALABRIA,CALABRIA,SCUOLA PRIMARIA,,1,3.561
202425,0.346,42,statale,SCUOLA PRIMARIA,1,RNEE804039,TORCONCA (IC CATTOLICA),SAN GIOVANNI IN MARIGNANO,RIMINI,EMILIA ROMAGNA,SCUOLA PRIMARIA,,RNEE80101Q,PIANVENTENA-IC S.GIOV.,SAN GIOVANNI IN MARIGNANO,RIMINI,EMILIA ROMAGNA,SCUOLA PRIMARIA,,2,0.864
202425,0.346,42,statale,SCUOLA PRIMARIA,1,TVEE88103L,S. PIO X - MEDUNA DI L.,MEDUNA DI LIVENZA,TREVISO,VENETO,SCUOLA PRIMARIA,,TVEE88101E,ALEANDRO - MOTTA DI L. CAP.,MOTTA DI LIVENZA,TREVISO,VENETO,SCUOLA PRIMARIA,,1,3.704
202425,0.346,42,statale,SCUOLA PRIMARIA,1,UDEE85803X,"UDINE-""A. FRIZ""",UDINE,UDINE,FRIULI-VENEZIA G.,SCUOLA PRIMARIA,,UDEE858041,"UDINE-""E. GIRARDINI""",UDINE,UDINE,FRIULI-VENEZIA G.,SCUOLA PRIMARIA,,2,0.581
202425,0.346,42,statale,SCUOLA PRIMARIA,1,VEEE82401A,E. FERMI,SAN DONA' DI PIAVE,VENEZIA,VENETO,SCUOLA PRIMARIA,,VEEE82402B,FORTE 48,SAN DONA' DI PIAVE,VENEZIA,VENETO,SCUOLA PRIMARIA,,2,0.589
202425,0.346,42,statale,SCUOLA PRIMARIA,1,VREE890033,"""MANZONI A.""",VERONA,VERONA,VENETO,SCUOLA PRIMARIA,,VREE89101R,GUARINO DA VERONA-VR 19 S.CROCE,VERONA,VERONA,VENETO,SCUOLA PRIMARIA,,3,1.157
202425,0.346,42,statale,SCUOLA PRIMARIA,1,VREE890033,"""MANZONI A.""",VERONA,VERONA,VENETO,SCUOLA PRIMARIA,,VREE88902T,"""RUBELE B.""",VERONA,VERONA,VENETO,SCUOLA PRIMARIA,,1,2.282
202425,0.346,42,statale,SCUOLA PRIMARIA,1,GEEE85203E,S.EL. - G.MAZZINI -,GENOVA,GENOVA,LIGURIA,SCUOLA PRIMARIA,,GEEE853018,S.EL. - M.MAZZINI -,GENOVA,GENOVA,LIGURIA,SCUOLA PRIMARIA,,6,2.965
202425,0.346,42,statale,SCUOLA PRIMARIA,1,POEE81501L,CILIANI,PRATO,PRATO,TOSCANA,SCUOLA PRIMARIA,,POEE820025,G.PUCCINI/BARTOLINI,PRATO,PRATO,TOSCANA,SCUOLA PRIMARIA,,5,0.858
202425,0.346,42,statale,SCUOLA PRIMARIA,1,BSEE858013,DARFO BOARIO TERME CAP.,DARFO BOARIO TERME,BRESCIA,LOMBARDIA,SCUOLA PRIMARIA,,BSEE858035,GIANICO CAP.,GIANICO,BRESCIA,LOMBARDIA,SCUOLA PRIMARIA,,3,1.896
202425,0.346,42,statale,SCUOLA PRIMARIA,1,MIEE8CT01X,PRIMARIA VITTORIO LOCCHI,MILANO,MILANO,LOMBARDIA,SCUOLA PRIMARIA,,MIEE8CT021,PRIMARIA DUCA DEGLI ABRUZZI,MILANO,MILANO,LOMBARDIA,SCUOLA PRIMARIA,,3,0.784
202425,0.346,42,statale,SCUOLA PRIMARIA,1,LOEE80901G,PRIMARIA F. SCOTTI - CASALPUST.,CASALPUSTERLENGO,LODI,LOMBARDIA,SCUOLA PRIMARIA,,LOEE81002R,PRIMARIA - SOMAGLIA,SOMAGLIA,LODI,LOMBARDIA,SCUOLA PRIMARIA,,3,3.402
202425,0.346,42,statale,SCUOLA PRIMARIA,1,LOEE80901G,PRIMARIA F. SCOTTI - CASALPUST.,CASALPUSTERLENGO,LODI,LOMBARDIA,SCUOLA PRIMARIA,,LOEE81702G,PRIMARIA SAN BIAGIO - CODOGNO,CODOGNO,LODI,LOMBARDIA,SCUOLA PRIMARIA,,2,3.99
202425,0.346,42,statale,SCUOLA PRIMARIA,1,PTEE824015,CAPOLUOGO SIMONETTI,PESCIA,PISTOIA,TOSCANA,SCUOLA PRIMARIA,,PTEE82302A,CASTELLARE,PESCIA,PISTOIA,TOSCANA,SCUOLA PRIMARIA,,2,2.825
202425,0.346,42,statale,SCUOLA PRIMARIA,1,MIEE8FD03E,PRIMARIA D'ACQUISTO V.TOGLIATTI,PIOLTELLO,MILANO,LOMBARDIA,SCUOLA PRIMARIA,,MIEE8E501N,PRIMARIA DON MILANI,CERNUSCO SUL NAVIGLIO,MILANO,LOMBARDIA,SCUOLA PRIMARIA,,1,1.099
202425,0.346,42,statale,SCUOLA PRIMARIA,1,PVEE801013,CHIGNOLO PO,CHIGNOLO PO,PAVIA,LOMBARDIA,SCUOLA PRIMARIA,,MIEE81301G,PRIMARIA - E.TOTI,SAN COLOMBANO AL LAMBRO,MILANO,LOMBARDIA,SCUOLA PRIMARIA,,2,2.862
202425,0.346,42,statale,SCUOLA PRIMARIA,1,RMEE86001N,SOGLIAN,ROMA,ROMA,LAZIO,SCUOLA PRIMARIA,,RMEE85802P,ISOLA FARNESE,ROMA,ROMA,LAZIO,SCUOLA PRIMARIA,,3,1.778
202425,0.346,42,statale,SCUOLA PRIMARIA,1,UDEE844043,"UDINE-""IPPOLITO NIEVO""",UDINE,UDINE,FRIULI-VENEZIA G.,SCUOLA PRIMARIA,,UDEE844021,""" G. PASCOLI "" VIA PORDENONE",UDINE,UDINE,FRIULI-VENEZIA G.,SCUOLA PRIMARIA,,4,0.738
202425,0.346,42,statale,SCUOLA PRIMARIA,1,VIEE85502A,"""DON C. GNOCCHI""",SCHIO,VICENZA,VENETO,SCUOLA PRIMARIA,,VIEE842017,SCUOLA PRIMARIA - DON MILANI,SCHIO,VICENZA,VENETO,SCUOLA PRIMARIA,,5,1.966
202425,0.346,42,statale,SCUOLA PRIMARIA,1,FOEE826018,I.C. 1 - DIEGO FABBRI,FORLI',FORLI'-CESENA,EMILIA ROMAGNA,SCUOLA PRIMARIA,,FOEE819015,SQUADRANI,FORLI',FORLI'-CESENA,EMILIA ROMAGNA,SCUOLA PRIMARIA,,3,1.126
202425,0.346,42,statale,SCUOLA PRIMARIA,1,BGEE85802G,MISANO GERA D'ADDA,MISANO DI GERA D'ADDA,BERGAMO,LOMBARDIA,SCUOLA PRIMARIA,,BGEE83703G,CASIRATE D'ADDA,CASIRATE D'ADDA,BERGAMO,LOMBARDIA,SCUOLA PRIMARIA,,2,4.688
202425,0.346,42,statale,SCUOLA PRIMARIA,1,FIEE84903T,ENRIQUES-CAPPONI,FIRENZE,FIRENZE,TOSCANA,SCUOLA PRIMARIA,,FIEE839048,CAIROLI ALAMANNI,FIRENZE,FIRENZE,TOSCANA,SCUOLA PRIMARIA,,1,0.68
202425,0.346,42,statale,SCUOLA PRIMARIA,1,PGEE86002N,PIAVE - FOLIGNO,FOLIGNO,PERUGIA,UMBRIA,SCUOLA PRIMARIA,,PGEE83001R,I.C. FOLIGNO 3 - S.ERACLIO,FOLIGNO,PERUGIA,UMBRIA,SCUOLA PRIMARIA,,1,0.919
202425,0.346,42,statale,SCUOLA PRIMARIA,1,SVEE820023,SAVONA I - LAVAGNOLA NOBERASCO,SAVONA,SAVONA,LIGURIA,SCUOLA PRIMARIA,,SVEE82103X,SAVONA IV - CALLANDRONE,SAVONA,SAVONA,LIGURIA,SCUOLA PRIMARIA,,1,2.261
202425,0.346,42,statale,SCUOLA PRIMARIA,1,TVEE87702X,D. VALERI - VIA RAGUSA,MOGLIANO VENETO,TREVISO,VENETO,SCUOLA PRIMARIA,,TVEE877031,A. FRANK - ZONA PEEP,MOGLIANO VENETO,TREVISO,VENETO,SCUOLA PRIMARIA,,1,0.693
202425,0.346,42,statale,SCUOLA PRIMARIA,1,UDEE84203A,"""LUIGI GARZONI"" - VIA RONCHI",UDINE,UDINE,FRIULI-VENEZIA G.,SCUOLA PRIMARIA,,UDEE844021,""" G. PASCOLI "" VIA PORDENONE",UDINE,UDINE,FRIULI-VENEZIA G.,SCUOLA PRIMARIA,,1,1.672
202425,0.346,42,statale,SCUOLA PRIMARIA,1,UDEE84203A,"""LUIGI GARZONI"" - VIA RONCHI",UDINE,UDINE,FRIULI-VENEZIA G.,SCUOLA PRIMARIA,,UDEE858041,"UDINE-""E. GIRARDINI""",UDINE,UDINE,FRIULI-VENEZIA G.,SCUOLA PRIMARIA,,1,2.026
202425,0.346,42,statale,SCUOLA PRIMARIA,1,UDEE84203A,"""LUIGI GARZONI"" - VIA RONCHI",UDINE,UDINE,FRIULI-VENEZIA G.,SCUOLA PRIMARIA,,UDEE85802V,""" G. CARDUCCI "" UDINE",UDINE,UDINE,FRIULI-VENEZIA G.,SCUOLA PRIMARIA,,1,2.619
202425,0.346,42,statale,SCUOLA PRIMARIA,1,VAEE87105N,GIUSEPPE PARINI,VARESE,VARESE,LOMBARDIA,SCUOLA PRIMARIA,,VAEE87101D,EUGENIO MEDEA,VARESE,VARESE,LOMBARDIA,SCUOLA PRIMARIA,,1,1.042
202425,0.346,42,statale,SCUOLA PRIMARIA,1,BOEE82701R,R. BONFIGLIOLI - I.C. MINERBIO,MINERBIO,BOLOGNA,EMILIA ROMAGNA,SCUOLA PRIMARIA,,BOEE82702T,ACHILLE CASANOVA CA' DE' FABBRI,MINERBIO,BOLOGNA,EMILIA ROMAGNA,SCUOLA PRIMARIA,,1,2.399
202425,0.346,42,statale,SCUOLA PRIMARIA,1,LEEE8AE02B,A. DIAZ,LECCE,LECCE,PUGLIA,SCUOLA PRIMARIA,,LEEE07101Q,E.DE AMICIS,LECCE,LECCE,PUGLIA,SCUOLA PRIMARIA,,4,0.876
202425,0.346,42,statale,SCUOLA PRIMARIA,1,MIEE8DU017,PRIMARIA VIA MARTINENGO,MILANO,MILANO,LOMBARDIA,SCUOLA PRIMARIA,,MIEE809032,PRIMARIA WOLF FERRARI,MILANO,MILANO,LOMBARDIA,SCUOLA PRIMARIA,,7,2.288
202425,0.346,42,statale,SCUOLA PRIMARIA,1,VEEE867018,EDMONDO DE AMICIS,DOLO,VENEZIA,VENETO,SCUOLA PRIMARIA,,VEEE86703A,GIOTTO,DOLO,VENEZIA,VENETO,SCUOLA PRIMARIA,,2,0.635
202425,0.346,42,statale,SCUOLA PRIMARIA,1,BOEE854037,GIUSEPPE GARIBALDI,BOLOGNA,BOLOGNA,EMILIA ROMAGNA,SCUOLA PRIMARIA,,BOEE854015,DON MINZONI I.C. N. 11 BOLOGNA,BOLOGNA,BOLOGNA,EMILIA ROMAGNA,SCUOLA PRIMARIA,,1,0.978
202425,0.346,42,statale,SCUOLA PRIMARIA,1,BOEE854037,GIUSEPPE GARIBALDI,BOLOGNA,BOLOGNA,EMILIA ROMAGNA,SCUOLA PRIMARIA,,BOEE87302G,DON BOSCO,BOLOGNA,BOLOGNA,EMILIA ROMAGNA,SCUOLA PRIMARIA,,1,1.089
202425,0.346,42,statale,SCUOLA PRIMARIA,1,FEEE81301N,"""G.MATTEOTTI""-FERRARA",FERRARA,FERRARA,EMILIA ROMAGNA,SCUOLA PRIMARIA,,FEEE812041,"""F. TUMIATI""",FERRARA,FERRARA,EMILIA ROMAGNA,SCUOLA PRIMARIA,,2,1.064
202425,0.346,42,statale,SCUOLA PRIMARIA,1,RMEE8F2019,L. PIRANDELLO,ROMA,ROMA,LAZIO,SCUOLA PRIMARIA,,RMEE842025,L. SCIASCIA,ROMA,ROMA,LAZIO,SCUOLA PRIMARIA,,4,0.661
202425,0.346,42,statale,SCUOLA PRIMARIA,1,BSEE85502L,"""ANDERSEN"" GARDONE V.T.",GARDONE VAL TROMPIA,BRESCIA,LOMBARDIA,SCUOLA PRIMARIA,,BSEE8AF033,"""CANDIA"" SAREZZO-PONTE ZANANO",SAREZZO,BRESCIA,LOMBARDIA,SCUOLA PRIMARIA,,1,1.079
202425,0.346,42,statale,SCUOLA PRIMARIA,1,BSEE85502L,"""ANDERSEN"" GARDONE V.T.",GARDONE VAL TROMPIA,BRESCIA,LOMBARDIA,SCUOLA PRIMARIA,,BSEE85503N,A. FRANK INZINO,GARDONE VAL TROMPIA,BRESCIA,LOMBARDIA,SCUOLA PRIMARIA,,3,2.533
202425,0.346,42,statale,SCUOLA PRIMARIA,1,MIEE8FH01Q,PRIMARIA A.MANZONI,PARABIAGO,MILANO,LOMBARDIA,SCUOLA PRIMARIA,,MIEE8FG01X,PRIMARIA VIA BRESCIA,PARABIAGO,MILANO,LOMBARDIA,SCUOLA PRIMARIA,,2,0.854
202425,0.346,42,statale,SCUOLA PRIMARIA,1,MNEE81602L,C. TRIVULZIO DI BELGIOJOSO,SAN GIORGIO BIGARELLO,MANTOVA,LOMBARDIA,SCUOLA PRIMARIA,,MNEE81601G,RITA LEVI MONTALCINI,SAN GIORGIO BIGARELLO,MANTOVA,LOMBARDIA,SCUOLA PRIMARIA,,2,4.663
202425,0.346,42,statale,SCUOLA PRIMARIA,1,PAEE8AB016,I.C ATRIA-PL. TURRISI COLONNA,PALERMO,PALERMO,SICILIA,SCUOLA PRIMARIA,,PAEE8BL02N,H.C. ANDERSEN,VILLABATE,PALERMO,SICILIA,SCUOLA PRIMARIA,,2,0.291
202425,0.346,42,statale,SCUOLA PRIMARIA,1,PGEE026049,PRIMARIA CERBARA,CITTA' DI CASTELLO,PERUGIA,UMBRIA,SCUOLA PRIMARIA,,PGEE83805G,FRAZ. LAMA,SAN GIUSTINO,PERUGIA,UMBRIA,SCUOLA PRIMARIA,,1,2.045
202425,0.346,42,statale,SCUOLA PRIMARIA,1,PGEE03202E,GOFFREDO MAMELI - FOLIGNO,FOLIGNO,PERUGIA,UMBRIA,SCUOLA PRIMARIA,,PGEE83001R,I.C. FOLIGNO 3 - S.ERACLIO,FOLIGNO,PERUGIA,UMBRIA,SCUOLA PRIMARIA,,1,0.942
202425,0.346,42,statale,SCUOLA PRIMARIA,1,TOEE808025,A. AMBROSINI,TORINO,TORINO,PIEMONTE,SCUOLA PRIMARIA,,TOEE8BA02G,I.C. SETTIMO II - ANDERSEN,SETTIMO TORINESE,TORINO,PIEMONTE,SCUOLA PRIMARIA,,1,3.719
202425,0.346,42,statale,SCUOLA PRIMARIA,1,BGEE82702X,"PRIMARIA ""DONADONI"" - MADONE -",MADONE,BERGAMO,LOMBARDIA,SCUOLA PRIMARIA,,BGEE82701V,"BONATE SOTTO ""DE GASPERI""",BONATE SOTTO,BERGAMO,LOMBARDIA,SCUOLA PRIMARIA,,5,1.88
202425,0.346,42,statale,SCUOLA PRIMARIA,1,TOEE8B503X,SCUOLA PRIMARIA RIGNON,TORINO,TORINO,PIEMONTE,SCUOLA PRIMARIA,,TOEE8B602P,IC U. FOSCOLO - COPPINO,TORINO,TORINO,PIEMONTE,SCUOLA PRIMARIA,,4,0.932
202425,0.346,42,statale,SCUOLA PRIMARIA,1,VEEE86402T,DON MILANI,STRA,VENEZIA,VENETO,SCUOLA PRIMARIA,,VEEE86501L,EDMONDO DE AMICIS,VIGONOVO,VENEZIA,VENETO,SCUOLA PRIMARIA,,3,1.855
202425,0.346,42,statale,SCUOLA PRIMARIA,1,ROEE817012,BACCARI F. - LENDINARA,LENDINARA,ROVIGO,VENETO,SCUOLA PRIMARIA,,ROEE817023,SAURO NAZARIO - FRAZ.RAMODIPALO,LENDINARA,ROVIGO,VENETO,SCUOLA PRIMARIA,,2,2.975
202425,0.346,42,statale,SCUOLA PRIMARIA,1,VEEE87101X,C. BASEGGIO,VENEZIA,VENEZIA,VENETO,SCUOLA PRIMARIA,,VEEE869021,GIUSEPPE PARINI,MIRA,VENEZIA,VENETO,SCUOLA PRIMARIA,,3,4.352
202425,0.346,42,statale,SCUOLA PRIMARIA,1,BLEE82102G,DANTE ALIGHIERI,LONGARONE,BELLUNO,VENETO,SCUOLA PRIMARIA,,BLEE82101E,"""BAMBINI DEL VAJONT"" LONGARONE",LONGARONE,BELLUNO,VENETO,SCUOLA PRIMARIA,,2,1.638
202425,0.346,42,statale,SCUOLA PRIMARIA,1,FREE84702D,FROSINONE GIOVANNI XXIII,FROSINONE,FROSINONE,LAZIO,SCUOLA PRIMARIA,,FREE84701C,FROSINONE VIA VERDI,FROSINONE,FROSINONE,LAZIO,SCUOLA PRIMARIA,,2,0.99
202425,0.346,42,statale,SCUOLA PRIMARIA,1,MCEE834025,DANTE ALIGHIERI,CIVITANOVA MARCHE,MACERATA,MARCHE,SCUOLA PRIMARIA,,MCEE83501X,SAN MARONE,CIVITANOVA MARCHE,MACERATA,MARCHE,SCUOLA PRIMARIA,,1,0.913
202425,0.346,42,statale,SCUOLA PRIMARIA,1,MIEE8E8026,PRIMARIA A. MORO,ABBIATEGRASSO,MILANO,LOMBARDIA,SCUOLA PRIMARIA,,MIEE8E9011,PRIMARIA U. E M. DI SAVOIA,ABBIATEGRASSO,MILANO,LOMBARDIA,SCUOLA PRIMARIA,,2,0.696
202425,0.346,42,statale,SCUOLA PRIMARIA,1,PDEE88602L,G.RICCI CURBASTRO - PD,PADOVA,PADOVA,VENETO,SCUOLA PRIMARIA,,PDEE89503C,FALCONE E BORSELLINO,ALBIGNASEGO,PADOVA,VENETO,SCUOLA PRIMARIA,,1,0.791
202425,0.346,42,statale,SCUOLA PRIMARIA,1,PIEE837018,OLTRERA,PONTEDERA,PISA,TOSCANA,SCUOLA PRIMARIA,,PIEE837029,MARGHERITA HACK,PONTEDERA,PISA,TOSCANA,SCUOLA PRIMARIA,,5,1.634
202425,0.346,42,statale,SCUOLA PRIMARIA,1,RMEE8B802V,COLLODI,ROMA,ROMA,LAZIO,SCUOLA PRIMARIA,,RMEE8B803X,GIORGIO PERLASCA,ROMA,ROMA,LAZIO,SCUOLA PRIMARIA,,1,0.454
202425,0.346,42,statale,SCUOLA PRIMARIA,1,RMEE8C601R,"""LEONARDO DA VINCI""",ANZIO,ROMA,LAZIO,SCUOLA PRIMARIA,,RMEE8C702N,GIANNI RODARI,ANZIO,ROMA,LAZIO,SCUOLA PRIMARIA,,1,3.978
202425,0.346,42,statale,SCUOLA PRIMARIA,1,TOEE81701V,I.C. PACINOTTI - BONCOMPAGNI,TORINO,TORINO,PIEMONTE,SCUOLA PRIMARIA,,TOEE88301T,I.C. R.L. MONTALCINI - ALFIERI,TORINO,TORINO,PIEMONTE,SCUOLA PRIMARIA,,2,1.031
202425,0.346,42,statale,SCUOLA PRIMARIA,1,TREE82201D,ORVIETO SCALO (I.C.ORV.-MONT),ORVIETO,TERNI,UMBRIA,SCUOLA PRIMARIA,,TREE82304C,"PRIMARIA ""L.BARZINI""",ORVIETO,TERNI,UMBRIA,SCUOLA PRIMARIA,,2,1.311
202425,0.346,42,statale,SCUOLA PRIMARIA,1,UDEE835015,EDMONDO DE AMICIS,LATISANA,UDINE,FRIULI-VENEZIA G.,SCUOLA PRIMARIA,,VEEE83202A,ZANETTO ELTI DA RODEANO,SAN MICHELE AL TAGLIAMENTO,VENEZIA,VENETO,SCUOLA PRIMARIA,,3,1.31
202425,0.346,42,statale,SCUOLA PRIMARIA,1,GEEE85501X,PRIMARIA G.MARCONI -,GENOVA,GENOVA,LIGURIA,SCUOLA PRIMARIA,,GEEE855021,PRIMARIA PIAZZA SOLARI,GENOVA,GENOVA,LIGURIA,SCUOLA PRIMARIA,,2,0.724
202425,0.346,42,statale,SCUOLA PRIMARIA,1,PDEE86301V,PIOMBINO DESE-A. STIFFONI,PIOMBINO DESE,PADOVA,VENETO,SCUOLA PRIMARIA,,PDEE863031,DON L. MILANI LOC. RONCHI,PIOMBINO DESE,PADOVA,VENETO,SCUOLA PRIMARIA,,3,2.129
202425,0.346,42,statale,SCUOLA PRIMARIA,1,PNEE815043,"AZZANO X-CAP. ""CESARE BATTISTI""",AZZANO DECIMO,PORDENONE,FRIULI-VENEZIA G.,SCUOLA PRIMARIA,,PNEE815054,"AZZANO X ""MARGHERITA HACK""",AZZANO DECIMO,PORDENONE,FRIULI-VENEZIA G.,SCUOLA PRIMARIA,,2,0.445
202425,0.346,42,statale,SCUOLA PRIMARIA,1,PNEE815043,"AZZANO X-CAP. ""CESARE BATTISTI""",AZZANO DECIMO,PORDENONE,FRIULI-VENEZIA G.,SCUOLA PRIMARIA,,PNEE815032,"AZZANO X-TIEZZO""F.LLI DE CARLI""",AZZANO DECIMO,PORDENONE,FRIULI-VENEZIA G.,SCUOLA PRIMARIA,,1,2.913
202425,0.346,42,statale,SCUOLA PRIMARIA,1,MIEE8EN02P,PRIMARIA XXV APRILE,CORMANO,MILANO,LOMBARDIA,SCUOLA PRIMARIA,,MIEE8EN01N,PRIMARIA A.MANZONI,CORMANO,MILANO,LOMBARDIA,SCUOLA PRIMARIA,,3,0.588
202425,0.346,42,statale,SCUOLA PRIMARIA,1,MIEE8EN02P,PRIMARIA XXV APRILE,CORMANO,MILANO,LOMBARDIA,SCUOLA PRIMARIA,,MIEE8AY02L,PRIMARI L.BUFFOLI,CUSANO MILANINO,MILANO,LOMBARDIA,SCUOLA PRIMARIA,,1,2.146
202425,0.346,42,statale,SCUOLA PRIMARIA,1,ALEE83005L,"NOVI LIGURE ""MARTIRI BENEDICTA""",NOVI LIGURE,ALESSANDRIA,PIEMONTE,SCUOLA PRIMARIA,,ALEE831029,"NOVI LIGURE ""M.L. ZUCCA""",NOVI LIGURE,ALESSANDRIA,PIEMONTE,SCUOLA PRIMARIA,,1,1.926
202425,0.346,42,statale,SCUOLA PRIMARIA,1,APEE82402B,CAPOLUOGO,MONTEGRANARO,FERMO,MARCHE,SCUOLA PRIMARIA,,APEE839014,S.ELPIDIO A MARE CAPOLUOGO,SANT'ELPIDIO A MARE,FERMO,MARCHE,SCUOLA PRIMARIA,,1,0.599
202425,0.346,42,statale,SCUOLA PRIMARIA,1,FEEE82603T,"""G.GONELLI""-MIRABELLO",TERRE DEL RENO,FERRARA,EMILIA ROMAGNA,SCUOLA PRIMARIA,,FEEE82601Q,P.ZZA GARIBALDI-DOSSO,TERRE DEL RENO,FERRARA,EMILIA ROMAGNA,SCUOLA PRIMARIA,,1,4.681
202425,0.346,42,statale,SCUOLA PRIMARIA,1,IMEE81001T,SC. PRIM. VIA DEGLI ULIVI,IMPERIA,IMPERIA,LIGURIA,SCUOLA PRIMARIA,,IMEE81904B,S.LORENZO AL MARE,SAN LORENZO AL MARE,IMPERIA,LIGURIA,SCUOLA PRIMARIA,,1,4.816
202425,0.346,42,statale,SCUOLA PRIMARIA,1,MIEE8AU01E,PRIMARIA EUGENIO MONTALE,COLOGNO MONZESE,MILANO,LOMBARDIA,SCUOLA PRIMARIA,,MIEE8B001P,PRIMARIA VIA PIAVE,VIMODRONE,MILANO,LOMBARDIA,SCUOLA PRIMARIA,,3,0.5
202425,0.346,42,statale,SCUOLA PRIMARIA,1,TOEE8A101X,SC.PRIMARIA VITTORINO DA FELTRE,TORINO,TORINO,PIEMONTE,SCUOLA PRIMARIA,,TOEE8B9026,IC MATTEOTTI - PELLICO - PARATO,TORINO,TORINO,PIEMONTE,SCUOLA PRIMARIA,,2,1.415
202425,0.346,42,statale,SCUOLA PRIMARIA,1,VREE87803C,G. UBERTI,VERONA,VERONA,VENETO,SCUOLA PRIMARIA,,VREE83902R,DALL'OCA BIANCA ANGELO,VERONA,VERONA,VENETO,SCUOLA PRIMARIA,,1,0.913
202425,0.346,42,statale,SCUOLA PRIMARIA,1,RMEE8ET01E,G.BELLI,ROMA,ROMA,LAZIO,SCUOLA PRIMARIA,,RMEE8ET02G,GIOVANNI XXIII,ROMA,ROMA,LAZIO,SCUOLA PRIMARIA,,3,0.477
202425,0.346,42,statale,SCUOLA PRIMARIA,1,BGEE83503X,"PRIMARIA ""MERISI""",CARAVAGGIO,BERGAMO,LOMBARDIA,SCUOLA PRIMARIA,,BGEE85801E,FORNOVO S. GIOVANNI,FORNOVO SAN GIOVANNI,BERGAMO,LOMBARDIA,SCUOLA PRIMARIA,,3,2.857
202425,0.346,42,statale,SCUOLA PRIMARIA,1,BGEE83503X,"PRIMARIA ""MERISI""",CARAVAGGIO,BERGAMO,LOMBARDIA,SCUOLA PRIMARIA,,BGEE835052,CARAVAGGIO -MASANO,CARAVAGGIO,BERGAMO,LOMBARDIA,SCUOLA PRIMARIA,,1,3.203
202425,0.346,42,statale,SCUOLA PRIMARIA,1,BGEE83503X,"PRIMARIA ""MERISI""",CARAVAGGIO,BERGAMO,LOMBARDIA,SCUOLA PRIMARIA,,BGEE85803L,MOZZANICA,MOZZANICA,BERGAMO,LOMBARDIA,SCUOLA PRIMARIA,,2,4.351
202425,0.346,42,statale,SCUOLA PRIMARIA,1,FOEE02002B,CESENA 4 FIORITA,CESENA,FORLI'-CESENA,EMILIA ROMAGNA,SCUOLA PRIMARIA,,FOEE02008N,CESENA 4 SALVO D'ACQUISTO,CESENA,FORLI'-CESENA,EMILIA ROMAGNA,SCUOLA PRIMARIA,,3,0.912
202425,0.346,42,statale,SCUOLA PRIMARIA,1,LUEE83903P,"VIAREGGIO ""LAMBRUSCHINI""",VIAREGGIO,LUCCA,TOSCANA,SCUOLA PRIMARIA,,LUEE83302P,'FRANCESCO TOMEI',VIAREGGIO,LUCCA,TOSCANA,SCUOLA PRIMARIA,,1,0.256
202425,0.346,42,statale,SCUOLA PRIMARIA,1,CNEE833018,BARGE-CAPOLUOGO,BARGE,CUNEO,PIEMONTE,SCUOLA PRIMARIA,,CNEE83201C,BAGNOLO PIEMONTE-CAPOLUOGO,BAGNOLO PIEMONTE,CUNEO,PIEMONTE,SCUOLA PRIMARIA,,4,3.685
202425,0.346,42,statale,SCUOLA PRIMARIA,1,CREE809017,VESCOVATO CAP.,VESCOVATO,CREMONA,LOMBARDIA,SCUOLA PRIMARIA,,CREE809039,PESCAROLO ED UNITI CAP.,PESCAROLO ED UNITI,CREMONA,LOMBARDIA,SCUOLA PRIMARIA,,2,2.346
202425,0.346,42,statale,SCUOLA PRIMARIA,1,FOEE81603Q,SAVIGNANO ALDO MORO,SAVIGNANO SUL RUBICONE,FORLI'-CESENA,EMILIA ROMAGNA,SCUOLA PRIMARIA,,FOEE81604R,SAVIGNANO RIO SALTO-FIORAVANTI,SAVIGNANO SUL RUBICONE,FORLI'-CESENA,EMILIA ROMAGNA,SCUOLA PRIMARIA,,3,0.988
202425,0.346,42,statale,SCUOLA PRIMARIA,1,RAEE81005C,IQBAL MASIH,RAVENNA,RAVENNA,EMILIA ROMAGNA,SCUOLA PRIMARIA,,RAEE811025,"""SERGIO CAVINA"" PORTO FUORI",RAVENNA,RAVENNA,EMILIA ROMAGNA,SCUOLA PRIMARIA,,1,4.327
202425,0.346,42,statale,SCUOLA PRIMARIA,1,MIEE8DS02L,PRIMARIA L. EINAUDI,MILANO,MILANO,LOMBARDIA,SCUOLA PRIMARIA,,MIEE8ES038,PRIMARIA D. ALIGHIERI,CESANO BOSCONE,MILANO,LOMBARDIA,SCUOLA PRIMARIA,,1,1.703
202425,0.346,42,statale,SCUOLA PRIMARIA,1,MIEE8DS02L,PRIMARIA L. EINAUDI,MILANO,MILANO,LOMBARDIA,SCUOLA PRIMARIA,,MIEE82002Q,PRIMARIA N.TOMMASEO,MILANO,MILANO,LOMBARDIA,SCUOLA PRIMARIA,,3,1.868
202425,0.346,42,statale,SCUOLA PRIMARIA,1,MBEE830016,G.D.ROMAGNOSI - CARATE BRIANZA,CARATE BRIANZA,MONZA E DELLA BRIANZA,LOMBARDIA,SCUOLA PRIMARIA,,MBEE830038,IDA TAVERNA BORROMEO-CARATE B.,CARATE BRIANZA,MONZA E DELLA BRIANZA,LOMBARDIA,SCUOLA PRIMARIA,,3,1.065
202425,0.346,42,statale,SCUOLA PRIMARIA,1,MBEE830016,G.D.ROMAGNOSI - CARATE BRIANZA,CARATE BRIANZA,MONZA E DELLA BRIANZA,LOMBARDIA,SCUOLA PRIMARIA,,MBEE830027,MARIO LODI,CARATE BRIANZA,MONZA E DELLA BRIANZA,LOMBARDIA,SCUOLA PRIMARIA,,1,1.109
202425,0.346,42,statale,SCUOLA PRIMARIA,1,BGEE83104N,S.PRIMARIA CALCINATE,CALCINATE,BERGAMO,LOMBARDIA,SCUOLA PRIMARIA,,BGEE840019,"PRIM. BOLGARE ""PAPA G. XXIII""",BOLGARE,BERGAMO,LOMBARDIA,SCUOLA PRIMARIA,,1,2.33
202425,0.346,42,statale,SCUOLA PRIMARIA,1,FIEE86502P,FRA' RISTORO,CAMPI BISENZIO,FIRENZE,TOSCANA,SCUOLA PRIMARIA,,FIEE86401T,AURORA GELLI,CAMPI BISENZIO,FIRENZE,TOSCANA,SCUOLA PRIMARIA,,1,0.887
202425,0.346,42,statale,SCUOLA PRIMARIA,1,FIEE86603G,L.LOMBARDO RADICE,SESTO FIORENTINO,FIRENZE,TOSCANA,SCUOLA PRIMARIA,,FIEE86602E,VILLA LA FONTE,SESTO FIORENTINO,FIRENZE,TOSCANA,SCUOLA PRIMARIA,,2,0.419
202425,0.346,42,statale,SCUOLA PRIMARIA,1,LTEE82801P,BORGO HERMADA,TERRACINA,LATINA,LAZIO,SCUOLA PRIMARIA,,LTEE809019,DE RUOSI MICHELE,SABAUDIA,LATINA,LAZIO,SCUOLA PRIMARIA,,8,0.286
202425,0.346,42,statale,SCUOLA PRIMARIA,1,GEEE839012,SCUOLA PRIMARIA G. CARDUCCI,GENOVA,GENOVA,LIGURIA,SCUOLA PRIMARIA,,GEEE838027,S.EL. - G.RODARI -,GENOVA,GENOVA,LIGURIA,SCUOLA PRIMARIA,,1,0.499
202425,0.346,42,statale,SCUOLA PRIMARIA,1,GEEE839012,SCUOLA PRIMARIA G. CARDUCCI,GENOVA,GENOVA,LIGURIA,SCUOLA PRIMARIA,,GEEE839023,SCUOLA PRIMARIA R. PEZZANI,GENOVA,GENOVA,LIGURIA,SCUOLA PRIMARIA,,1,0.575
202425,0.346,42,statale,SCUOLA PRIMARIA,1,TOEE8B201A,I.C. FRASSATI - GOZZANO,TORINO,TORINO,PIEMONTE,SCUOLA PRIMARIA,,TOEE88301T,I.C. R.L. MONTALCINI - ALFIERI,TORINO,TORINO,PIEMONTE,SCUOLA PRIMARIA,,7,2.955
202425,0.346,42,statale,SCUOLA PRIMARIA,1,MCEE82901L,A.GRAMSCI - G.MATTEOTTI,PORTO RECANATI,MACERATA,MARCHE,SCUOLA PRIMARIA,,ANEE83202Q,"PRIMARIA ""GIUSEPPE VERDI""",LORETO,ANCONA,MARCHE,SCUOLA PRIMARIA,,6,4.348
202425,0.346,42,statale,SCUOLA PRIMARIA,1,ALEE833021,XXV APRILE - CASALE M.,CASALE MONFERRATO,ALESSANDRIA,PIEMONTE,SCUOLA PRIMARIA,,ALEE832025,"""MARTIRI""- CASALE MONFERRATO",CASALE MONFERRATO,ALESSANDRIA,PIEMONTE,SCUOLA PRIMARIA,,2,1.33
202425,0.346,42,statale,SCUOLA PRIMARIA,1,ANEE83701T,CASTELPLANIO - MACINE STAZIONE,CASTELPLANIO,ANCONA,MARCHE,SCUOLA PRIMARIA,,ANEE83805T,CARLO OSMANI,ROSORA,ANCONA,MARCHE,SCUOLA PRIMARIA,,1,2.378
202425,0.346,42,statale,SCUOLA PRIMARIA,1,APEE82703X,"MONTOTTONE ""BRECCIA/FRATADOCCHI",MONTOTTONE,FERMO,MARCHE,SCUOLA PRIMARIA,,APEE839025,CASCINARE,SANT'ELPIDIO A MARE,FERMO,MARCHE,SCUOLA PRIMARIA,,1,4.477
202425,0.346,42,statale,SCUOLA PRIMARIA,1,AREE834027,"""L. DA VINCI""",MONTEVARCHI,AREZZO,TOSCANA,SCUOLA PRIMARIA,,AREE834016,"""DON MILANI""",MONTEVARCHI,AREZZO,TOSCANA,SCUOLA PRIMARIA,,2,0.886
202425,0.346,42,statale,SCUOLA PRIMARIA,1,BOEE85105T,XXI APRILE - I.C. N. 8 BOLOGNA,BOLOGNA,BOLOGNA,EMILIA ROMAGNA,SCUOLA PRIMARIA,,BOEE85102P,ARMANDI AVOGLI,BOLOGNA,BOLOGNA,EMILIA ROMAGNA,SCUOLA PRIMARIA,,1,0.43
202425,0.346,42,statale,SCUOLA PRIMARIA,1,BSEE8AK03Q,PRIMARIA P. MOLMENTI - MONIGA,MONIGA DEL GARDA,BRESCIA,LOMBARDIA,SCUOLA PRIMARIA,,BSEE8AK04R,PRIMARIA E. AVANZI - SOIANO,SOIANO DEL LAGO,BRESCIA,LOMBARDIA,SCUOLA PRIMARIA,,1,1.817
202425,0.346,42,statale,SCUOLA PRIMARIA,1,CNEE85102V,SAVIGLIANO - FRAZ. LEVALDIGI,SAVIGLIANO,CUNEO,PIEMONTE,SCUOLA PRIMARIA,,CNEE86603N,"GENOLA ""LIDIA ROLFI""",GENOLA,CUNEO,PIEMONTE,SCUOLA PRIMARIA,,1,4.369
202425,0.346,42,statale,SCUOLA PRIMARIA,1,CREE803029,BRAZZUOLI,POZZAGLIO ED UNITI,CREMONA,LOMBARDIA,SCUOLA PRIMARIA,,CREE82103X,"""MARIA TERESA ZANIBONI""",CREMONA,CREMONA,LOMBARDIA,SCUOLA PRIMARIA,,2,4.206
202425,0.346,42,statale,SCUOLA PRIMARIA,1,CREE805065,"""P. SANDRO PIZZI"" RICENGO",RICENGO,CREMONA,LOMBARDIA,SCUOLA PRIMARIA,,CREE80603T,"""G. PASCOLI"" (PIANENGO)",PIANENGO,CREMONA,LOMBARDIA,SCUOLA PRIMARIA,,1,2.198
202425,0.346,42,statale,SCUOLA PRIMARIA,1,CREE826011,CREMA NUOVA,CREMA,CREMONA,LOMBARDIA,SCUOLA PRIMARIA,,CREE826022,VIA BRAGUTI,CREMA,CREMONA,LOMBARDIA,SCUOLA PRIMARIA,,1,0.401
202425,0.346,42,statale,SCUOLA PRIMARIA,1,FGEE82504N,DE AMICIS,POGGIO IMPERIALE,FOGGIA,PUGLIA,SCUOLA PRIMARIA,,FGEE82503L,CENTONZA,LESINA,FOGGIA,PUGLIA,SCUOLA PRIMARIA,,2,4.706
202425,0.346,42,statale,SCUOLA PRIMARIA,1,FIEE84302T,TORRIGIANI - FERRUCCI,FIRENZE,FIRENZE,TOSCANA,SCUOLA PRIMARIA,,FIEE838019,GALILEO GALILEI,FIRENZE,FIRENZE,TOSCANA,SCUOLA PRIMARIA,,3,0.327
202425,0.346,42,statale,SCUOLA PRIMARIA,1,FOEE827025,MELOZZO,FORLI',FORLI'-CESENA,EMILIA ROMAGNA,SCUOLA PRIMARIA,,FOEE82501C,MATTEOTTI,FORLI',FORLI'-CESENA,EMILIA ROMAGNA,SCUOLA PRIMARIA,,1,0.879
202425,0.346,42,statale,SCUOLA PRIMARIA,1,GEEE83001G,S.EL. - G.DA PASSANO -,GENOVA,GENOVA,LIGURIA,SCUOLA PRIMARIA,,GEEE83003N,S.EL. - A.BURLANDO -,GENOVA,GENOVA,LIGURIA,SCUOLA PRIMARIA,,1,0.246
202425,0.346,42,statale,SCUOLA PRIMARIA,1,LCEE81305N,PRIMARIA PRIMALUNA,PRIMALUNA,LECCO,LOMBARDIA,SCUOLA PRIMARIA,,LCEE81303G,"PRIMARIA INTROBIO ""CADEMARTORI""",INTROBIO,LECCO,LOMBARDIA,SCUOLA PRIMARIA,,1,2.158
202425,0.346,42,statale,SCUOLA PRIMARIA,1,LOEE813017,PRIMARIA P.C.M. BARZAGHI - LODI,LODI,LODI,LOMBARDIA,SCUOLA PRIMARIA,,LOEE81201B,PRIMARIA - GIOVANNI PASCOLI,LODI,LODI,LOMBARDIA,SCUOLA PRIMARIA,,3,1.692
202425,0.346,42,statale,SCUOLA PRIMARIA,1,MIEE8E7019,PRIMARIA FRATELLI DI DIO,ABBIATEGRASSO,MILANO,LOMBARDIA,SCUOLA PRIMARIA,,MIEE8E9011,PRIMARIA U. E M. DI SAVOIA,ABBIATEGRASSO,MILANO,LOMBARDIA,SCUOLA PRIMARIA,,2,1.296
202425,0.346,42,statale,SCUOLA PRIMARIA,1,MNEE813036,SOAVE - SCUOLA PRIMARIA,PORTO MANTOVANO,MANTOVA,LOMBARDIA,SCUOLA PRIMARIA,,MNEE81401X,MARMIROLO,MARMIROLO,MANTOVA,LOMBARDIA,SCUOLA PRIMARIA,,1,0.48
202425,0.346,42,statale,SCUOLA PRIMARIA,1,PEEE836015,S.GIOVANNI BOSCO,PESCARA,PESCARA,ABRUZZO,SCUOLA PRIMARIA,,PEEE83502A,VIA DEL CONCILIO-I.C. PESCARA 8,PESCARA,PESCARA,ABRUZZO,SCUOLA PRIMARIA,,1,0.878
202425,0.346,42,statale,SCUOLA PRIMARIA,1,PGEE026027,PRIMARIA LA TINA,CITTA' DI CASTELLO,PERUGIA,UMBRIA,SCUOLA PRIMARIA,,PGEE026016,PRIMARIA PIEVE DELLE ROSE,CITTA' DI CASTELLO,PERUGIA,UMBRIA,SCUOLA PRIMARIA,,2,0.06
202425,0.346,42,statale,SCUOLA PRIMARIA,1,PGEE856044,FRAZ. PICCIONE,PERUGIA,PERUGIA,UMBRIA,SCUOLA PRIMARIA,,PGEE862029,"""IGNAZIO SILONE"" S.ERMINIO",PERUGIA,PERUGIA,UMBRIA,SCUOLA PRIMARIA,,1,1.283
202425,0.346,42,statale,SCUOLA PRIMARIA,1,PTEE80604P,"""MATTEO VITELLI"" - MARLIANA",MARLIANA,PISTOIA,TOSCANA,SCUOLA PRIMARIA,,PTEE80601G,"""GIANO GIANI""- MASSA CAPOLUOGO",MASSA E COZZILE,PISTOIA,TOSCANA,SCUOLA PRIMARIA,,1,3.485
202425,0.346,42,statale,SCUOLA PRIMARIA,1,REEE813027,RIO SALICETO CAP.,RIO SALICETO,REGGIO EMILIA,EMILIA ROMAGNA,SCUOLA PRIMARIA,,MOEE82202L,"""MART. PER LA LIBERTA'""BUDRIONE",CARPI,MODENA,EMILIA ROMAGNA,SCUOLA PRIMARIA,,3,4.494
202425,0.346,42,statale,SCUOLA PRIMARIA,1,RIEE82703D,FRAZ. CORESE TERRA,FARA IN SABINA,RIETI,LAZIO,SCUOLA PRIMARIA,,RMEE8AW02D,MONTELIBRETTI - B.GO S. MARIA,MONTELIBRETTI,ROMA,LAZIO,SCUOLA PRIMARIA,,1,3.144
202425,0.346,42,statale,SCUOLA PRIMARIA,1,RMEE820028,E. SALGARI,ROMA,ROMA,LAZIO,SCUOLA PRIMARIA,,RMEE8EP01T,CASAL DE' PAZZI - ZONA A/4,ROMA,ROMA,LAZIO,SCUOLA PRIMARIA,,2,1.209
202425,0.346,42,statale,SCUOLA PRIMARIA,1,SPEE82103D,LA SPEZIA MELARA,LA SPEZIA,LA SPEZIA,LIGURIA,SCUOLA PRIMARIA,,SPEE82102C,"LA SPEZIA SAN VENERIO""BANDIERA""",LA SPEZIA,LA SPEZIA,LIGURIA,SCUOLA PRIMARIA,,1,1.578
202425,0.346,42,statale,SCUOLA PRIMARIA,1,SPEE82502Q,"SC. ELEM. STAT. ""E.VENTURINI""",LA SPEZIA,LA SPEZIA,LIGURIA,SCUOLA PRIMARIA,,SPEE82101B,SC. ELEM. STAT. FAVARO,LA SPEZIA,LA SPEZIA,LIGURIA,SCUOLA PRIMARIA,,2,1.489
202425,0.346,42,statale,SCUOLA PRIMARIA,1,TVEE81602C,SCUOLA PRIMARIA ANGELO COLOMBO,CASTELFRANCO VENETO,TREVISO,VENETO,SCUOLA PRIMARIA,,PREE830041,SORAGNA CPL.,SORAGNA,PARMA,EMILIA ROMAGNA,SCUOLA PRIMARIA,,2,0.888
202425,0.346,42,statale,SCUOLA PRIMARIA,1,TVEE818035,G. MATTEOTTI - MIANE,MIANE,TREVISO,VENETO,SCUOLA PRIMARIA,,TVEE826012,G. MARCONI - BADOERE,MORGANO,TREVISO,VENETO,SCUOLA PRIMARIA,,1,0.159
202425,0.346,42,statale,SCUOLA PRIMARIA,1,TVEE85101P,ANTONIO CANOVA - CORNUDA CAP.,CORNUDA,TREVISO,VENETO,SCUOLA PRIMARIA,,TVEE850075,CAV. LUIGI PONTELLO - CROCETTA,CROCETTA DEL MONTELLO,TREVISO,VENETO,SCUOLA PRIMARIA,,3,2.579
202425,0.346,42,statale,SCUOLA PRIMARIA,1,VREE84203N,"BONAVIGO ""ALEARDI A.""",BONAVIGO,VERONA,VENETO,SCUOLA PRIMARIA,,VREE816035,CORIANO,ALBAREDO D'ADIGE,VERONA,VENETO,SCUOLA PRIMARIA,,2,1.896
202425,0.346,42,statale,SCUOLA PRIMARIA,1,VREE89701Q,ETTORE RIELLO PORTO-LEGNAGO 2,LEGNAGO,VERONA,VENETO,SCUOLA PRIMARIA,,VREE89805Q,"VIGO ""G.RODARI""",LEGNAGO,VERONA,VENETO,SCUOLA PRIMARIA,,1,2.945
202425,0.346,42,statale,SCUOLA PRIMARIA,1,VREE8AB02R,"""G. SANDRI""",SAN BONIFACIO,VERONA,VENETO,SCUOLA PRIMARIA,,VREE8AA021,"""DON MARIO VIALE"" PROVA-S.BON 2",SAN BONIFACIO,VERONA,VENETO,SCUOLA PRIMARIA,,3,2.477
202425,0.346,42,statale,SCUOLA PRIMARIA,1,VREE8AB02R,"""G. SANDRI""",SAN BONIFACIO,VERONA,VENETO,SCUOLA PRIMARIA,,VREE861011,"""IPPOLITO NIEVO""-SOAVE",SOAVE,VERONA,VENETO,SCUOLA PRIMARIA,,1,2.56
202425,0.346,42,statale,SCUOLA PRIMARIA,1,PVEE83102X,BOTTO,VIGEVANO,PAVIA,LOMBARDIA,SCUOLA PRIMARIA,,PVEE830035,ADA NEGRI,VIGEVANO,PAVIA,LOMBARDIA,SCUOLA PRIMARIA,,1,3.19
202425,0.346,42,statale,SCUOLA PRIMARIA,1,TOEE81702X,I.C. PACINOTTI - DE FILIPPO,TORINO,TORINO,PIEMONTE,SCUOLA PRIMARIA,,TOEE88301T,I.C. R.L. MONTALCINI - ALFIERI,TORINO,TORINO,PIEMONTE,SCUOLA PRIMARIA,,3,1.538
202425,0.346,42,statale,SCUOLA PRIMARIA,1,ANEE81603V,"ANCONA ""FAIANI""",ANCONA,ANCONA,MARCHE,SCUOLA PRIMARIA,,ANEE81103Q,"""MONTESSORI""",ANCONA,ANCONA,MARCHE,SCUOLA PRIMARIA,,3,1.565
202425,0.346,42,statale,SCUOLA PRIMARIA,1,BSEE87503V,REZZATO - TITO SPERI -,REZZATO,BRESCIA,LOMBARDIA,SCUOLA PRIMARIA,,BSEE87501R,"REZZATO FRAZ.VIRLE ""P.GOINI""",REZZATO,BRESCIA,LOMBARDIA,SCUOLA PRIMARIA,,3,1.49
202425,0.346,42,statale,SCUOLA PRIMARIA,1,MIEE8FC02N,PRIMARIA VIA MILANO,ROZZANO,MILANO,LOMBARDIA,SCUOLA PRIMARIA,,MIEE8FM01C,PRIMARIA F.LLI CERVI,ROZZANO,MILANO,LOMBARDIA,SCUOLA PRIMARIA,,1,1.106
202425,0.346,42,statale,SCUOLA PRIMARIA,1,RMEE8B8041,ARVALIA,ROMA,ROMA,LAZIO,SCUOLA PRIMARIA,,RMEE8GY02X,VIA RESSI,ROMA,ROMA,LAZIO,SCUOLA PRIMARIA,,1,0.623
202425,0.346,42,statale,SCUOLA PRIMARIA,1,BAEE81502L,PR.SSA DI PIEMONTE -15 CD BARI,BARI,BARI,PUGLIA,SCUOLA PRIMARIA,,BAEE81902X,"""CARLO COLLODI""",BARI,BARI,PUGLIA,SCUOLA PRIMARIA,,3,0.496
202425,0.346,42,statale,SCUOLA PRIMARIA,1,BSEE861031,URAGO D'OGLIO CAP.,URAGO D'OGLIO,BRESCIA,LOMBARDIA,SCUOLA PRIMARIA,,BSEE84002V,ERBUSCO CAP.,ERBUSCO,BRESCIA,LOMBARDIA,SCUOLA PRIMARIA,,1,0.193
202425,0.346,42,statale,SCUOLA PRIMARIA,1,BSEE861031,URAGO D'OGLIO CAP.,URAGO D'OGLIO,BRESCIA,LOMBARDIA,SCUOLA PRIMARIA,,BSEE83501A,ADRO CAP.,ADRO,BRESCIA,LOMBARDIA,SCUOLA PRIMARIA,,3,1.859
202425,0.346,42,statale,SCUOLA PRIMARIA,1,VAEE873015,GIOVANNI PASCOLI,VARESE,VARESE,LOMBARDIA,SCUOLA PRIMARIA,,VAEE873026,SAN GIOVANNI BOSCO,VARESE,VARESE,LOMBARDIA,SCUOLA PRIMARIA,,2,1.07
202425,0.346,42,statale,SCUOLA PRIMARIA,1,BAEE81604E,S.G.BOSCO,BARI,BARI,PUGLIA,SCUOLA PRIMARIA,,BAEE81902X,"""CARLO COLLODI""",BARI,BARI,PUGLIA,SCUOLA PRIMARIA,,1,0.631
202425,0.346,42,statale,SCUOLA PRIMARIA,1,TOEE8B101E,I.C. ALERAMO - CAP,TORINO,TORINO,PIEMONTE,SCUOLA PRIMARIA,,TOEE88301T,I.C. R.L. MONTALCINI - ALFIERI,TORINO,TORINO,PIEMONTE,SCUOLA PRIMARIA,,2,2.754
202425,0.346,42,statale,SCUOLA PRIMARIA,1,VCEE808017,"""ROSA STAMPA""",VERCELLI,VERCELLI,PIEMONTE,SCUOLA PRIMARIA,,VCEE809079,CARLO ANGELA,VERCELLI,VERCELLI,PIEMONTE,SCUOLA PRIMARIA,,1,0.95
202425,0.346,42,statale,SCUOLA PRIMARIA,1,VEEE826034,EDMONDO DE AMICIS,MUSILE DI PIAVE,VENEZIA,VENETO,SCUOLA PRIMARIA,,VEEE80904B,SILVIO TRENTIN,SAN DONA' DI PIAVE,VENEZIA,VENETO,SCUOLA PRIMARIA,,1,1.098
202425,0.346,42,statale,SCUOLA PRIMARIA,1,VEEE826034,EDMONDO DE AMICIS,MUSILE DI PIAVE,VENEZIA,VENETO,SCUOLA PRIMARIA,,VEEE80905C,L. DA VINCI,SAN DONA' DI PIAVE,VENEZIA,VENETO,SCUOLA PRIMARIA,,1,1.422
202425,0.346,42,statale,SCUOLA PRIMARIA,1,VREE87802B,MONSIGNOR CHIOT,VERONA,VERONA,VENETO,SCUOLA PRIMARIA,,VREE83902R,DALL'OCA BIANCA ANGELO,VERONA,VERONA,VENETO,SCUOLA PRIMARIA,,2,2.054
202425,0.346,42,statale,SCUOLA PRIMARIA,1,POEE81602D,GIANNI RODARI,PRATO,PRATO,TOSCANA,SCUOLA PRIMARIA,,POEE81403V,LUCA D'AMICO,PRATO,PRATO,TOSCANA,SCUOLA PRIMARIA,,1,1.721
202425,0.346,42,statale,SCUOLA PRIMARIA,1,BOEE81502G,MARSILI L.F.,BOLOGNA,BOLOGNA,EMILIA ROMAGNA,SCUOLA PRIMARIA,,BOEE82203Q,EMANUELA LOI IC CASTELMAGGIORE,CASTEL MAGGIORE,BOLOGNA,EMILIA ROMAGNA,SCUOLA PRIMARIA,,1,2.508
202425,0.346,42,statale,SCUOLA PRIMARIA,1,BSEE878018,PRIMARIA S.M. BAMBINA BRESCIA,BRESCIA,BRESCIA,LOMBARDIA,SCUOLA PRIMARIA,,BSEE87202A,"SCUOLA PRIMARIA ""TITO SPERI""",BOTTICINO,BRESCIA,LOMBARDIA,SCUOLA PRIMARIA,,2,4.16
202425,0.346,42,statale,SCUOLA PRIMARIA,1,REEE850026,MIRABELLO (DALL'AGLIO P.),REGGIO NELL'EMILIA,REGGIO EMILIA,EMILIA ROMAGNA,SCUOLA PRIMARIA,,REEE850037,MARTIN LUTHER KING,REGGIO NELL'EMILIA,REGGIO EMILIA,EMILIA ROMAGNA,SCUOLA PRIMARIA,,1,1.629
202425,0.346,42,statale,SCUOLA PRIMARIA,1,RMEE8A9046,"""E.PESTALOZZI""PRIMARIA 2",POMEZIA,ROMA,LAZIO,SCUOLA PRIMARIA,,RMEE8GZ01P,MARTIN PESCATORE,POMEZIA,ROMA,LAZIO,SCUOLA PRIMARIA,,1,1.096
202425,0.346,42,statale,SCUOLA PRIMARIA,1,TEEE83604V,CALVANO,PINETO,TERAMO,ABRUZZO,SCUOLA PRIMARIA,,TEEE83602R,PRIMARIA G.ILLUMINATI,PINETO,TERAMO,ABRUZZO,SCUOLA PRIMARIA,,3,0.586
202425,0.346,42,statale,SCUOLA PRIMARIA,1,UDEE843025,A.ZARDINI/CUSSIGNACCO,UDINE,UDINE,FRIULI-VENEZIA G.,SCUOLA PRIMARIA,,UDEE85503C,"""DIV. ALPINA JULIA""BASALDELLA",CAMPOFORMIDO,UDINE,FRIULI-VENEZIA G.,SCUOLA PRIMARIA,,2,3.433
202425,0.346,42,statale,SCUOLA PRIMARIA,1,BGEE891038,VILLONGO,VILLONGO,BERGAMO,LOMBARDIA,SCUOLA PRIMARIA,,BGEE87304Q,SARNICO,SARNICO,BERGAMO,LOMBARDIA,SCUOLA PRIMARIA,,3,1.96
202425,0.346,42,statale,SCUOLA PRIMARIA,1,BOEE85201D,R. SANZIO - I.C.N. 9 BOLOGNA,BOLOGNA,BOLOGNA,EMILIA ROMAGNA,SCUOLA PRIMARIA,,BOEE88203B,L. MILANI,SAN LAZZARO DI SAVENA,BOLOGNA,EMILIA ROMAGNA,SCUOLA PRIMARIA,,1,0.678
202425,0.346,42,statale,SCUOLA PRIMARIA,1,BOEE87203R,CROCE COPERTA,BOLOGNA,BOLOGNA,EMILIA ROMAGNA,SCUOLA PRIMARIA,,BOEE82205T,ITALO CALVINO,CASTEL MAGGIORE,BOLOGNA,EMILIA ROMAGNA,SCUOLA PRIMARIA,,4,3.67
202425,0.346,42,statale,SCUOLA PRIMARIA,1,FOEE821026,I.C. 4 - DANTE ALIGHIERI,FORLI',FORLI'-CESENA,EMILIA ROMAGNA,SCUOLA PRIMARIA,,FOEE819015,SQUADRANI,FORLI',FORLI'-CESENA,EMILIA ROMAGNA,SCUOLA PRIMARIA,,2,0.977
202425,0.346,42,statale,SCUOLA PRIMARIA,1,LOEE81701E,PRIMARIA A.V .GENTILE - CODOGNO,CODOGNO,LODI,LOMBARDIA,SCUOLA PRIMARIA,,LOEE81702G,PRIMARIA SAN BIAGIO - CODOGNO,CODOGNO,LODI,LOMBARDIA,SCUOLA PRIMARIA,,4,0.876
202425,0.346,42,statale,SCUOLA PRIMARIA,1,BOEE867017,E. VANNINI - I.C. MEDICINA,MEDICINA,BOLOGNA,EMILIA ROMAGNA,SCUOLA PRIMARIA,,BOEE867039,GINO ZANARDI,MEDICINA,BOLOGNA,EMILIA ROMAGNA,SCUOLA PRIMARIA,,1,0.643
202425,0.346,42,statale,SCUOLA PRIMARIA,1,BOEE883026,GIAN PAOLO COSTA,BOLOGNA,BOLOGNA,EMILIA ROMAGNA,SCUOLA PRIMARIA,,BOEE883015,JEAN PIAGET I.C. N. 22 BOLOGNA,BOLOGNA,BOLOGNA,EMILIA ROMAGNA,SCUOLA PRIMARIA,,1,0.617
202425,0.346,42,statale,SCUOLA PRIMARIA,1,BSEE8AL04L,"MONTICHIARI ""G. FALCONE""",MONTICHIARI,BRESCIA,LOMBARDIA,SCUOLA PRIMARIA,,BSEE8AN026,"MONTICHIARI FRAZ. ""S.ANTONIO""",MONTICHIARI,BRESCIA,LOMBARDIA,SCUOLA PRIMARIA,,1,3.855
202425,0.346,42,statale,SCUOLA PRIMARIA,1,BSEE8AL04L,"MONTICHIARI ""G. FALCONE""",MONTICHIARI,BRESCIA,LOMBARDIA,SCUOLA PRIMARIA,,BSEE8AL03G,"MONTICHIARI FRAZ. ""NOVAGLI""",MONTICHIARI,BRESCIA,LOMBARDIA,SCUOLA PRIMARIA,,5,3.918
202425,0.346,42,statale,SCUOLA PRIMARIA,1,MIEE8FF036,PRIMARIA G.CASATI,RHO,MILANO,LOMBARDIA,SCUOLA PRIMARIA,,MIEE8FN018,PRIMARIA ANNA FRANK,RHO,MILANO,LOMBARDIA,SCUOLA PRIMARIA,,1,1.35
202425,0.346,42,statale,SCUOLA PRIMARIA,1,PDEE846037,"CADONEGHE ""GALILEO GALILEI""",CADONEGHE,PADOVA,VENETO,SCUOLA PRIMARIA,,PDEE84903P,B.DA PERAGA - PERAGA DI VIGONZA,VIGONZA,PADOVA,VENETO,SCUOLA PRIMARIA,,1,3.379
202425,0.346,42,statale,SCUOLA PRIMARIA,1,PIEE818042,MORETTI,PISA,PISA,TOSCANA,SCUOLA PRIMARIA,,PIEE818031,F.BARACCA,PISA,PISA,TOSCANA,SCUOLA PRIMARIA,,1,4.75
202425,0.346,42,statale,SCUOLA PRIMARIA,1,PVEE81306E,VISTARINO,VISTARINO,PAVIA,LOMBARDIA,SCUOLA PRIMARIA,,PVEE83403C,CURA CARPIGNANO,CURA CARPIGNANO,PAVIA,LOMBARDIA,SCUOLA PRIMARIA,,2,3.803
202425,0.346,42,statale,SCUOLA PRIMARIA,1,PVEE827039,PROVENZAL,VOGHERA,PAVIA,LOMBARDIA,SCUOLA PRIMARIA,,PVEE827028,S. VITTORE,VOGHERA,PAVIA,LOMBARDIA,SCUOLA PRIMARIA,,1,1.089
202425,0.346,42,statale,SCUOLA PRIMARIA,1,SAEE8AZ03L,LAURA,CAPACCIO PAESTUM,SALERNO,CAMPANIA,SCUOLA PRIMARIA,,SAEE8AZ01E,CAPACCIO SCALO CAP.,CAPACCIO PAESTUM,SALERNO,CAMPANIA,SCUOLA PRIMARIA,,1,2.937
202425,0.346,42,statale,SCUOLA PRIMARIA,1,VREE830019,A. CESARI CADIDAVID,VERONA,VERONA,VENETO,SCUOLA PRIMARIA,,VREE83002A,LE RISORGIVE CADIDAVID,VERONA,VERONA,VENETO,SCUOLA PRIMARIA,,3,1.023
202425,0.346,42,statale,SCUOLA PRIMARIA,1,VTEE80404E,PIANSANO,PIANSANO,VITERBO,LAZIO,SCUOLA PRIMARIA,,VTEE80101X,SC. PRIMARIA PAOLO III,VALENTANO,VITERBO,LAZIO,SCUOLA PRIMARIA,,1,4.633
202425,0.346,42,statale,SCUOLA PRIMARIA,1,POEE82101X,SANTA GONDA,PRATO,PRATO,TOSCANA,SCUOLA PRIMARIA,,POEE821021,C.A. DALLA CHIESA,PRATO,PRATO,TOSCANA,SCUOLA PRIMARIA,,3,1.182
202425,0.346,42,statale,SCUOLA PRIMARIA,1,POEE82101X,SANTA GONDA,PRATO,PRATO,TOSCANA,SCUOLA PRIMARIA,,POEE817018,FABRIZIO DE ANDRE',PRATO,PRATO,TOSCANA,SCUOLA PRIMARIA,,1,2.06
202425,0.346,42,statale,SCUOLA PRIMARIA,1,VEEE87402C,T. VECELLIO,VENEZIA,VENEZIA,VENETO,SCUOLA PRIMARIA,,VEEE834066,DON MILANI - TEMPO PIENO,VENEZIA,VENEZIA,VENETO,SCUOLA PRIMARIA,,2,3.616
202425,0.346,42,statale,SCUOLA PRIMARIA,1,MIEE83801X,ANNA MARIA MOZZONI,CUGGIONO,MILANO,LOMBARDIA,SCUOLA PRIMARIA,,MIEE86201R,PRIMARIA D.ALIGHIERI,VITTUONE,MILANO,LOMBARDIA,SCUOLA PRIMARIA,,1,1.672
202425,0.346,42,statale,SCUOLA PRIMARIA,1,POEE813011,DON LORENZO MILANI -SAN GIUSTO,PRATO,PRATO,TOSCANA,SCUOLA PRIMARIA,,POEE813022,AGOSTINO AMMANNATI,PRATO,PRATO,TOSCANA,SCUOLA PRIMARIA,,1,1.326
202425,0.346,42,statale,SCUOLA PRIMARIA,1,VIEE885015,SAN ROCCO,ARZIGNANO,VICENZA,VENETO,SCUOLA PRIMARIA,,VIEE885026,SAN ZENO,ARZIGNANO,VICENZA,VENETO,SCUOLA PRIMARIA,,3,1.072
202425,0.346,42,statale,SCUOLA PRIMARIA,1,CREE81401P,"""MARIO LODI"" (PIADENA)",PIADENA DRIZZONA,CREMONA,LOMBARDIA,SCUOLA PRIMARIA,,MNEE80102V,PRIMARIA CANNETO SULL' OGLIO,CANNETO SULL'OGLIO,MANTOVA,LOMBARDIA,SCUOLA PRIMARIA,,2,2.788
202425,0.346,42,statale,SCUOLA PRIMARIA,1,PTEE82003X,MECHINI-FUCINI,MONSUMMANO TERME,PISTOIA,TOSCANA,SCUOLA PRIMARIA,,PTEE80701B,"""LEONARDO DA VINCI""",PIEVE A NIEVOLE,PISTOIA,TOSCANA,SCUOLA PRIMARIA,,2,1.716
202425,0.346,42,statale,SCUOLA PRIMARIA,1,RMEE83102P,LUIGI VOLPICELLI,ROMA,ROMA,LAZIO,SCUOLA PRIMARIA,,RMEE8EX03X,MADRE TERESA DI CALCUTTA,ROMA,ROMA,LAZIO,SCUOLA PRIMARIA,,2,1.323
202425,0.346,42,statale,SCUOLA PRIMARIA,1,CREE82402A,""" L. BISSOLATI """,CREMONA,CREMONA,LOMBARDIA,SCUOLA PRIMARIA,,CREE82203Q,"""BIANCA MARIA VISCONTI""",CREMONA,CREMONA,LOMBARDIA,SCUOLA PRIMARIA,,1,3.183
202425,0.346,42,statale,SCUOLA PRIMARIA,1,CREE82402A,""" L. BISSOLATI """,CREMONA,CREMONA,LOMBARDIA,SCUOLA PRIMARIA,,CREE82103X,"""MARIA TERESA ZANIBONI""",CREMONA,CREMONA,LOMBARDIA,SCUOLA PRIMARIA,,1,3.255
202425,0.346,42,statale,SCUOLA PRIMARIA,1,FOEE822011,I.C. 2 - DE AMICIS,FORLI',FORLI'-CESENA,EMILIA ROMAGNA,SCUOLA PRIMARIA,,FOEE827014,I.C. 6 - SAFFI A.,FORLI',FORLI'-CESENA,EMILIA ROMAGNA,SCUOLA PRIMARIA,,1,0.896
202425,0.346,42,statale,SCUOLA PRIMARIA,1,FOEE822011,I.C. 2 - DE AMICIS,FORLI',FORLI'-CESENA,EMILIA ROMAGNA,SCUOLA PRIMARIA,,FOEE82402N,I.C. 3 - BERSANI,FORLI',FORLI'-CESENA,EMILIA ROMAGNA,SCUOLA PRIMARIA,,1,1.749
202425,0.346,42,statale,SCUOLA PRIMARIA,1,AGEE86503V,FAZELLO,SCIACCA,AGRIGENTO,SICILIA,SCUOLA PRIMARIA,,AGEE86502T,LORETO,SCIACCA,AGRIGENTO,SICILIA,SCUOLA PRIMARIA,,1,0.239
202425,0.346,42,statale,SCUOLA PRIMARIA,1,ANEE806016,"""RIONE BORGO""",SASSOFERRATO,ANCONA,MARCHE,SCUOLA PRIMARIA,,ANEE806038,""" S. BRILLARELLI""",SASSOFERRATO,ANCONA,MARCHE,SCUOLA PRIMARIA,,1,0.0
202425,0.346,42,statale,SCUOLA PRIMARIA,1,APEE841058,FERMO FRACASSETTI CAVOUR,FERMO,FERMO,MARCHE,SCUOLA PRIMARIA,,APEE840029,PRIMARIA SAPIENZA,FERMO,FERMO,MARCHE,SCUOLA PRIMARIA,,1,0.0
202425,0.346,42,statale,SCUOLA PRIMARIA,1,BAEE855012,C.ALBERTO 1 CD MOLFETTA,MOLFETTA,BARI,PUGLIA,SCUOLA PRIMARIA,,BAEE85601T,BATTISTI 2 CD MOLFETTA,MOLFETTA,BARI,PUGLIA,SCUOLA PRIMARIA,,1,0.512
202425,0.346,42,statale,SCUOLA PRIMARIA,1,COEE83901X,CANTU' MIRABELLO,CANTU',COMO,LOMBARDIA,SCUOLA PRIMARIA,,COEE839032,G. RODARI - CANTU' VIGHIZZOLO,CANTU',COMO,LOMBARDIA,SCUOLA PRIMARIA,,1,0.743
202425,0.346,42,statale,SCUOLA PRIMARIA,1,CREE805054,"""F.LLI DE BRAZZI"" ROMANENGO",ROMANENGO,CREMONA,LOMBARDIA,SCUOLA PRIMARIA,,CREE80501X,"""A. MANZONI"" OFFANENGO",OFFANENGO,CREMONA,LOMBARDIA,SCUOLA PRIMARIA,,4,3.205
202425,0.346,42,statale,SCUOLA PRIMARIA,1,IMEE810052,"SCUOLA PRIMARIA ""R.VERCESI""",IMPERIA,IMPERIA,LIGURIA,SCUOLA PRIMARIA,,IMEE801046,DIANO S. PIETRO,DIANO SAN PIETRO,IMPERIA,LIGURIA,SCUOLA PRIMARIA,,1,4.723
202425,0.346,42,statale,SCUOLA PRIMARIA,1,MBEE8E001B,VIA MAZZINI - NOVA M. II,NOVA MILANESE,MONZA E DELLA BRIANZA,LOMBARDIA,SCUOLA PRIMARIA,,MBEE8E002C,VIA NOVATI ANG.V. GRANDI,NOVA MILANESE,MONZA E DELLA BRIANZA,LOMBARDIA,SCUOLA PRIMARIA,,2,0.558
202425,0.346,42,statale,SCUOLA PRIMARIA,1,MBEE8E001B,VIA MAZZINI - NOVA M. II,NOVA MILANESE,MONZA E DELLA BRIANZA,LOMBARDIA,SCUOLA PRIMARIA,,MBEE8EZ03R,DON MILANI,NOVA MILANESE,MONZA E DELLA BRIANZA,LOMBARDIA,SCUOLA PRIMARIA,,2,1.126
202425,0.346,42,statale,SCUOLA PRIMARIA,1,MIEE837025,PRIMARIA VIA ACERBI,CASTANO PRIMO,MILANO,LOMBARDIA,SCUOLA PRIMARIA,,MIEE837014,PRIMARIA VIA GIOLITTI,CASTANO PRIMO,MILANO,LOMBARDIA,SCUOLA PRIMARIA,,3,1.211
202425,0.346,42,statale,SCUOLA PRIMARIA,1,MNEE819046,VILLA POMA,BORGO MANTOVANO,MANTOVA,LOMBARDIA,SCUOLA PRIMARIA,,MNEE82005B,"PIEVE DI CORIANO ""G.PASCOLI""",BORGO MANTOVANO,MANTOVA,LOMBARDIA,SCUOLA PRIMARIA,,2,0.622
202425,0.346,42,statale,SCUOLA PRIMARIA,1,RMEE8G6017,DAMIANO CHIESA,ROMA,ROMA,LAZIO,SCUOLA PRIMARIA,,RMEE8GH031,G.PUCCINI,ROMA,ROMA,LAZIO,SCUOLA PRIMARIA,,3,0.541
202425,0.346,42,statale,SCUOLA PRIMARIA,1,TOEE810036,"I.C. ""D.M. TUROLDO"" - COSTA",TORINO,TORINO,PIEMONTE,SCUOLA PRIMARIA,,TOEE8A302L,I.C. VENARIA I - DI VITTORIO,VENARIA REALE,TORINO,PIEMONTE,SCUOLA PRIMARIA,,2,2.259
202425,0.346,42,statale,SCUOLA PRIMARIA,1,TVEE86501L,ALDO FANTINA - POSSAGNO,POSSAGNO,TREVISO,VENETO,SCUOLA PRIMARIA,,TVEE83006V,CASTELCUCCO,CASTELCUCCO,TREVISO,VENETO,SCUOLA PRIMARIA,,2,2.61
202425,0.346,42,statale,SCUOLA PRIMARIA,1,TVEE86504Q,MADONNINA DEL GR - PIEVE GRAPPA,PIEVE DEL GRAPPA,TREVISO,VENETO,SCUOLA PRIMARIA,,TVEE86502N,M.FILIPPIN FERRARESE - PADERNO,PIEVE DEL GRAPPA,TREVISO,VENETO,SCUOLA PRIMARIA,,1,0.292
202425,0.346,42,statale,SCUOLA PRIMARIA,1,BSEE815037,PRIMARIA MARCOLINI BRESCIA,BRESCIA,BRESCIA,LOMBARDIA,SCUOLA PRIMARIA,,BSEE88902Q,PRIMARIA T. OLIVELLI FR. SALE,GUSSAGO,BRESCIA,LOMBARDIA,SCUOLA PRIMARIA,,2,4.495
202425,0.346,42,statale,SCUOLA PRIMARIA,1,MIEE82001P,PRIMARIA VIA DEI SALICI,MILANO,MILANO,LOMBARDIA,SCUOLA PRIMARIA,,MIEE82002Q,PRIMARIA N.TOMMASEO,MILANO,MILANO,LOMBARDIA,SCUOLA PRIMARIA,,1,0.915
202425,0.346,42,statale,SCUOLA PRIMARIA,1,MIEE82001P,PRIMARIA VIA DEI SALICI,MILANO,MILANO,LOMBARDIA,SCUOLA PRIMARIA,,MIEE832033,PRIMARIA DON MILANI,SETTIMO MILANESE,MILANO,LOMBARDIA,SCUOLA PRIMARIA,,1,2.597
202425,0.346,42,statale,SCUOLA PRIMARIA,1,VEEE868014,UGO FOSCOLO- TEMPO PIENO,MIRA,VENEZIA,VENETO,SCUOLA PRIMARIA,,VEEE868047,G. LEOPARDI,MIRA,VENEZIA,VENETO,SCUOLA PRIMARIA,,3,0.825
202425,0.346,42,statale,SCUOLA PRIMARIA,1,MIEE8C6018,PRIMARIA MAGREGLIO,MILANO,MILANO,LOMBARDIA,SCUOLA PRIMARIA,,MIEE8C302T,PRIMARIA VIA QUARENGHI,MILANO,MILANO,LOMBARDIA,SCUOLA PRIMARIA,,2,0.895
202425,0.346,42,statale,SCUOLA PRIMARIA,1,BSEE849018,SCUOLA PRIMARIA CAPOLUOGO,CARPENEDOLO,BRESCIA,LOMBARDIA,SCUOLA PRIMARIA,,BSEE8AL03G,"MONTICHIARI FRAZ. ""NOVAGLI""",MONTICHIARI,BRESCIA,LOMBARDIA,SCUOLA PRIMARIA,,2,2.966
202425,0.346,42,statale,SCUOLA PRIMARIA,1,VIEE88301D,THIENE - SCALCERLE,THIENE,VICENZA,VENETO,SCUOLA PRIMARIA,,VIEE88302E,THIENE - C. COLLODI,THIENE,VICENZA,VENETO,SCUOLA PRIMARIA,,1,1.054
202425,0.346,42,statale,SCUOLA PRIMARIA,1,BOEE813031,SILVANI,BOLOGNA,BOLOGNA,EMILIA ROMAGNA,SCUOLA PRIMARIA,,BOEE81402Q,LAVINO DI MEZZO,ANZOLA DELL'EMILIA,BOLOGNA,EMILIA ROMAGNA,SCUOLA PRIMARIA,,2,2.44
202425,0.346,42,statale,SCUOLA PRIMARIA,1,PNEE83303G,"PN-CAPPUCCINI""P.MARCO D'AVIANO""",PORDENONE,PORDENONE,FRIULI-VENEZIA G.,SCUOLA PRIMARIA,,PNEE830045,"PN-SAN GREGORIO ""GASPARRE GOZZI",PORDENONE,PORDENONE,FRIULI-VENEZIA G.,SCUOLA PRIMARIA,,2,0.949
202425,0.346,42,statale,SCUOLA PRIMARIA,1,PTEE829018,FROSINI,PISTOIA,PISTOIA,TOSCANA,SCUOLA PRIMARIA,,PTEE81402G,RENATO FUCINI,PISTOIA,PISTOIA,TOSCANA,SCUOLA PRIMARIA,,2,0.469
202425,0.346,42,statale,SCUOLA PRIMARIA,1,PVEE82301X,BRESSANA BOTTARONE,BRESSANA BOTTARONE,PAVIA,LOMBARDIA,SCUOLA PRIMARIA,,PVEE823032,PINAROLO PO,PINAROLO PO,PAVIA,LOMBARDIA,SCUOLA PRIMARIA,,1,2.903
202425,0.346,42,statale,SCUOLA PRIMARIA,1,RMEE805015,QUATTRO NOVEMBRE,ROMA,ROMA,LAZIO,SCUOLA PRIMARIA,,RMEE80803P,G. BADINI,ROMA,ROMA,LAZIO,SCUOLA PRIMARIA,,1,0.63
202425,0.346,42,statale,SCUOLA PRIMARIA,1,RMEE856034,PONTE GALERIA,ROMA,ROMA,LAZIO,SCUOLA PRIMARIA,,RMEE841018,VIALE RUSPOLI 80,ROMA,ROMA,LAZIO,SCUOLA PRIMARIA,,4,3.499
202425,0.346,42,statale,SCUOLA PRIMARIA,1,VEEE804059,C. COLOMBO,JESOLO,VENEZIA,VENETO,SCUOLA PRIMARIA,,VEEE804037,G. VERGA,JESOLO,VENEZIA,VENETO,SCUOLA PRIMARIA,,2,4.945
202425,0.346,42,statale,SCUOLA PRIMARIA,1,LOEE80301L,PRIMARIA ADA NEGRI - LODI VECCH,LODI VECCHIO,LODI,LOMBARDIA,SCUOLA PRIMARIA,,LOEE81201B,PRIMARIA - GIOVANNI PASCOLI,LODI,LODI,LOMBARDIA,SCUOLA PRIMARIA,,1,1.6
202425,0.346,42,statale,SCUOLA PRIMARIA,1,TVEE82101V,A. CANOVA,CAERANO DI SAN MARCO,TREVISO,VENETO,SCUOLA PRIMARIA,,TVEE883027,"""G. PASCOLI"" - CONTEA",MONTEBELLUNA,TREVISO,VENETO,SCUOLA PRIMARIA,,4,2.268
202425,0.346,42,statale,SCUOLA PRIMARIA,1,ANEE81302A,"ANCONA ""DE AMICIS""",ANCONA,ANCONA,MARCHE,SCUOLA PRIMARIA,,ANEE81103Q,"""MONTESSORI""",ANCONA,ANCONA,MARCHE,SCUOLA PRIMARIA,,1,0.574
202425,0.346,42,statale,SCUOLA PRIMARIA,1,AREE827046,"""DON MILANI""",SAN GIOVANNI VALDARNO,AREZZO,TOSCANA,SCUOLA PRIMARIA,,AREE821025,DOCCIO,SAN GIOVANNI VALDARNO,AREZZO,TOSCANA,SCUOLA PRIMARIA,,2,0.844
202425,0.346,42,statale,SCUOLA PRIMARIA,1,BGEE84501C,"CURNO ""RODARI""",CURNO,BERGAMO,LOMBARDIA,SCUOLA PRIMARIA,,BGEE84507P,"MOZZO ""MOSE DEL BROLO""",MOZZO,BERGAMO,LOMBARDIA,SCUOLA PRIMARIA,,2,1.545
202425,0.346,42,statale,SCUOLA PRIMARIA,1,RMEE8G502C,VIA MAGLIONE,ROMA,ROMA,LAZIO,SCUOLA PRIMARIA,,RMEE8GV01B,S.C. DONATI,ROMA,ROMA,LAZIO,SCUOLA PRIMARIA,,3,0.52
202425,0.346,42,statale,SCUOLA PRIMARIA,1,TOEE882012,I.C. VIA SIDOLI - DOGLIOTTI,TORINO,TORINO,PIEMONTE,SCUOLA PRIMARIA,,TOEE01401C,COLLODI,TORINO,TORINO,PIEMONTE,SCUOLA PRIMARIA,,2,0.758
202425,0.346,42,statale,SCUOLA PRIMARIA,1,LCEE81701R,OLGIATE MOLGORA,OLGIATE MOLGORA,LECCO,LOMBARDIA,SCUOLA PRIMARIA,,LCEE81702T,CALCO CAP.,CALCO,LECCO,LOMBARDIA,SCUOLA PRIMARIA,,1,1.507
202425,0.346,42,statale,SCUOLA PRIMARIA,1,MIEE88901R,PRIMARIA COPERNICO,CORSICO,MILANO,LOMBARDIA,SCUOLA PRIMARIA,,MIEE8EF02E,PRIMARIA ROBARELLO,BUCCINASCO,MILANO,LOMBARDIA,SCUOLA PRIMARIA,,4,1.017
202425,0.346,42,statale,SCUOLA PRIMARIA,1,RMEE83201D,E. TARANTELLI,ROMA,ROMA,LAZIO,SCUOLA PRIMARIA,,RMEE8CR029,VIA GASTINELLI,ROMA,ROMA,LAZIO,SCUOLA PRIMARIA,,2,2.517
202425,0.346,42,statale,SCUOLA PRIMARIA,1,ALEE83901V,"ALESSANDRIA ""C.ZANZI""",ALESSANDRIA,ALESSANDRIA,PIEMONTE,SCUOLA PRIMARIA,,ALEE839042,"ALESSANDRIA ""C.PER LA LIBERTA'""",ALESSANDRIA,ALESSANDRIA,PIEMONTE,SCUOLA PRIMARIA,,1,1.346
202425,0.346,42,statale,SCUOLA PRIMARIA,1,BGEE83103L,"SC.PRIMARIA ""DANTE ALIGHIERI""",MORNICO AL SERIO,BERGAMO,LOMBARDIA,SCUOLA PRIMARIA,,BGEE83101E,"""ANTONIO LOCATELLI""- CAVERNAGO",CAVERNAGO,BERGAMO,LOMBARDIA,SCUOLA PRIMARIA,,1,4.901
202425,0.346,42,statale,SCUOLA PRIMARIA,1,BGEE88701E,SCUOLA PRIMARIA DI VERDELLO,VERDELLO,BERGAMO,LOMBARDIA,SCUOLA PRIMARIA,,BGEE854017,OSIO SOPRA - LEVATE,LEVATE,BERGAMO,LOMBARDIA,SCUOLA PRIMARIA,,6,2.256
202425,0.346,42,statale,SCUOLA PRIMARIA,1,BSEE82401X,"LONATO CAP. ""DON L. MILANI""",LONATO DEL GARDA,BRESCIA,LOMBARDIA,SCUOLA PRIMARIA,,BSEE8AA01T,ACHILLE PAPA,DESENZANO DEL GARDA,BRESCIA,LOMBARDIA,SCUOLA PRIMARIA,,2,4.603
202425,0.346,42,statale,SCUOLA PRIMARIA,1,FEEE81401D,D.ALIGHIERI-OSTELLATO,OSTELLATO,FERRARA,EMILIA ROMAGNA,SCUOLA PRIMARIA,,FEEE81402E,G.CARDUCCI-DOGATO,OSTELLATO,FERRARA,EMILIA ROMAGNA,SCUOLA PRIMARIA,,1,4.031
202425,0.346,42,statale,SCUOLA PRIMARIA,1,GEEE84203X,S.EL. - VILLA SANGUINETI -,GENOVA,GENOVA,LIGURIA,SCUOLA PRIMARIA,,GEEE82302D,SC.PRIMARIA- DOGE G.DA MURTA -,GENOVA,GENOVA,LIGURIA,SCUOLA PRIMARIA,,1,1.632
202425,0.346,42,statale,SCUOLA PRIMARIA,1,GEEE84404L,S.EL. - T.BERTOLLO -,SESTRI LEVANTE,GENOVA,LIGURIA,SCUOLA PRIMARIA,,GEEE84405N,S.GIOVANNI BOSCO,SESTRI LEVANTE,GENOVA,LIGURIA,SCUOLA PRIMARIA,,1,0.663
202425,0.346,42,statale,SCUOLA PRIMARIA,1,IMEE81201D,SC. ELEM. PIAZZA ULISSE CALVI,IMPERIA,IMPERIA,LIGURIA,SCUOLA PRIMARIA,,IMEE801046,DIANO S. PIETRO,DIANO SAN PIETRO,IMPERIA,LIGURIA,SCUOLA PRIMARIA,,1,4.557
202425,0.346,42,statale,SCUOLA PRIMARIA,1,LUEE84703N,"""LUCIANO DONATELLI""",LUCCA,LUCCA,TOSCANA,SCUOLA PRIMARIA,,LUEE84701G,"ARANCIO ""G.L.RADICE""",LUCCA,LUCCA,TOSCANA,SCUOLA PRIMARIA,,2,1.332
202425,0.346,42,statale,SCUOLA PRIMARIA,1,MIEE82201A,PRIMARIA VIA A. MANZONI,COLOGNO MONZESE,MILANO,LOMBARDIA,SCUOLA PRIMARIA,,MIEE8B001P,PRIMARIA VIA PIAVE,VIMODRONE,MILANO,LOMBARDIA,SCUOLA PRIMARIA,,1,1.236
202425,0.346,42,statale,SCUOLA PRIMARIA,1,MIEE887015,PRIMARIA GALILEI,CORSICO,MILANO,LOMBARDIA,SCUOLA PRIMARIA,,MIEE8EF02E,PRIMARIA ROBARELLO,BUCCINASCO,MILANO,LOMBARDIA,SCUOLA PRIMARIA,,4,0.764
202425,0.346,42,statale,SCUOLA PRIMARIA,1,MIEE8CZ02N,PRIMARIA VIA U. PISA,MILANO,MILANO,LOMBARDIA,SCUOLA PRIMARIA,,MIEE8DZ03C,PRIMARIA G.CASATI,MILANO,MILANO,LOMBARDIA,SCUOLA PRIMARIA,,1,1.73
202425,0.346,42,statale,SCUOLA PRIMARIA,1,MIEE8CZ02N,PRIMARIA VIA U. PISA,MILANO,MILANO,LOMBARDIA,SCUOLA PRIMARIA,,MIEE8DZ05E,PRIMARIA PLESSO MONTESSORI,MILANO,MILANO,LOMBARDIA,SCUOLA PRIMARIA,,1,1.73
202425,0.346,42,statale,SCUOLA PRIMARIA,1,NAEE8FJ02G,SAN GIUSEPPE VES. 3 - PACE,SAN GIUSEPPE VESUVIANO,NAPOLI,CAMPANIA,SCUOLA PRIMARIA,,NAEE177023,S. GIUSEPPE VES. 1 - BELVEDERE,SAN GIUSEPPE VESUVIANO,NAPOLI,CAMPANIA,SCUOLA PRIMARIA,,1,0.526
202425,0.346,42,statale,SCUOLA PRIMARIA,1,PNEE836022,"PRATA-VILLANOVA ""RENATO SERRA""",PRATA DI PORDENONE,PORDENONE,FRIULI-VENEZIA G.,SCUOLA PRIMARIA,,PNEE819028,"ZOPP.-CASTIONS ""C.C.COSTANTINI""",ZOPPOLA,PORDENONE,FRIULI-VENEZIA G.,SCUOLA PRIMARIA,,2,3.962
202425,0.346,42,statale,SCUOLA PRIMARIA,1,PREE812029,BORGOTARO SAN ROCCO,BORGO VAL DI TARO,PARMA,EMILIA ROMAGNA,SCUOLA PRIMARIA,,PREE812018,BORGOTARO V. MONTEGRAPPA,BORGO VAL DI TARO,PARMA,EMILIA ROMAGNA,SCUOLA PRIMARIA,,1,1.511
202425,0.346,42,statale,SCUOLA PRIMARIA,1,SPEE81904E,LA SPEZIA CANALETTO G. CARDUCCI,LA SPEZIA,LA SPEZIA,LIGURIA,SCUOLA PRIMARIA,,SPEE81903D,"SC. ELEM. STAT. ""D.ALIGHIERI""",LA SPEZIA,LA SPEZIA,LIGURIA,SCUOLA PRIMARIA,,2,0.693
202425,0.346,42,statale,SCUOLA PRIMARIA,1,SVEE80601Q,ALASSIO CAPOLUOGO,ALASSIO,SAVONA,LIGURIA,SCUOLA PRIMARIA,,SVEE80602R,ALASSIO - MOGLIO,ALASSIO,SAVONA,LIGURIA,SCUOLA PRIMARIA,,1,1.031
202425,0.346,42,statale,SCUOLA PRIMARIA,1,TOEE85102B,"I.C. GASSINO ""GANDHI""",GASSINO TORINESE,TORINO,PIEMONTE,SCUOLA PRIMARIA,,TOEE85101A,I.C. GASSINO - VIA BORIONE,GASSINO TORINESE,TORINO,PIEMONTE,SCUOLA PRIMARIA,,1,0.56
202425,0.346,42,statale,SCUOLA PRIMARIA,1,TOEE87701E,I.C. REGIO PARCO- LESSONA,TORINO,TORINO,PIEMONTE,SCUOLA PRIMARIA,,TOEE8CA015,I.C. CACCIA - D'AZEGLIO,TORINO,TORINO,PIEMONTE,SCUOLA PRIMARIA,,1,1.692
202425,0.346,42,statale,SCUOLA PRIMARIA,1,VAEE84802D,VITTORINO FELTRE-,SARONNO,VARESE,LOMBARDIA,SCUOLA PRIMARIA,,VAEE84704Q,"S.E. ""G. RODARI""-",SARONNO,VARESE,LOMBARDIA,SCUOLA PRIMARIA,,2,0.692
202425,0.346,42,statale,SCUOLA PRIMARIA,1,VIEE814068,"""A. FOGAZZARO"" - ORGIANO -",ORGIANO,VICENZA,VENETO,SCUOLA PRIMARIA,,VIEE89003P,DON BOSCO,SOSSANO,VICENZA,VENETO,SCUOLA PRIMARIA,,2,3.267
202425,0.346,42,statale,SCUOLA PRIMARIA,1,VREE84601V,"""EDERLE C.""-VILLABARTOLOMEA",VILLA BARTOLOMEA,VERONA,VENETO,SCUOLA PRIMARIA,,VREE89805Q,"VIGO ""G.RODARI""",LEGNAGO,VERONA,VENETO,SCUOLA PRIMARIA,,3,2.948
202425,0.346,42,statale,SCUOLA PRIMARIA,1,VREE853023,"CALDIERO ""C.EDERLE""",CALDIERO,VERONA,VENETO,SCUOLA PRIMARIA,,VREE87002R,"COLOGNOLA AI COLLI"" D.BROGLIO""",COLOGNOLA AI COLLI,VERONA,VENETO,SCUOLA PRIMARIA,,1,2.265
202425,0.346,42,statale,SCUOLA PRIMARIA,1,BOEE81301V,BOTTEGO - I.C. N. 3 BOLOGNA,BOLOGNA,BOLOGNA,EMILIA ROMAGNA,SCUOLA PRIMARIA,,BOEE81402Q,LAVINO DI MEZZO,ANZOLA DELL'EMILIA,BOLOGNA,EMILIA ROMAGNA,SCUOLA PRIMARIA,,2,2.315
202425,0.346,42,statale,SCUOLA PRIMARIA,1,MIEE8BT019,PRIMARIA G. MARCONI,PERO,MILANO,LOMBARDIA,SCUOLA PRIMARIA,,MIEE8C1037,PRIMARIA VIA A.VISCONTI,MILANO,MILANO,LOMBARDIA,SCUOLA PRIMARIA,,2,1.882
202425,0.346,42,statale,SCUOLA PRIMARIA,1,MIEE8D001X,PRIMARIA VIA VITERBO,MILANO,MILANO,LOMBARDIA,SCUOLA PRIMARIA,,MIEE8DZ05E,PRIMARIA PLESSO MONTESSORI,MILANO,MILANO,LOMBARDIA,SCUOLA PRIMARIA,,3,2.498
202425,0.346,42,statale,SCUOLA PRIMARIA,1,RMEE8E901D,VIA MOTTA CAMASTRA,ROMA,ROMA,LAZIO,SCUOLA PRIMARIA,,RMEE855027,VIA GIARRE -PRIMARIA,ROMA,ROMA,LAZIO,SCUOLA PRIMARIA,,2,1.278
202425,0.346,42,statale,SCUOLA PRIMARIA,1,IMEE82004G,"""G.B.SOLERI""-TAGGIA",TAGGIA,IMPERIA,LIGURIA,SCUOLA PRIMARIA,,IMEE82005L,"""G.MAZZINI""- TAGGIA-LEVA'",TAGGIA,IMPERIA,LIGURIA,SCUOLA PRIMARIA,,4,2.18
202425,0.346,42,statale,SCUOLA PRIMARIA,1,TOEE881016,"I.C. ""S. PERTINI"" - D. ABRUZZI",TORINO,TORINO,PIEMONTE,SCUOLA PRIMARIA,,TOEE8BZ015,I.C. ANTONELLI-CASALEGNO -CAP.,TORINO,TORINO,PIEMONTE,SCUOLA PRIMARIA,,2,1.104
202425,0.346,42,statale,SCUOLA PRIMARIA,1,RGEE80502V,COMISO CENTRALE,COMISO,RAGUSA,SICILIA,SCUOLA PRIMARIA,,RGEE816018,MONSERRATO,COMISO,RAGUSA,SICILIA,SCUOLA PRIMARIA,,2,0.343
202425,0.346,42,statale,SCUOLA PRIMARIA,1,TVEE861019,"SCUOLA PRIMARIA ""A. MORO""",PONTE DI PIAVE,TREVISO,VENETO,SCUOLA PRIMARIA,,TVEE86103B,"SCUOLA PRIMARIA ""DON L. MILANI""",PONTE DI PIAVE,TREVISO,VENETO,SCUOLA PRIMARIA,,2,2.364
202425,0.346,42,statale,SCUOLA PRIMARIA,1,FOEE019038,CESENA 3 CARDUCCI,CESENA,FORLI'-CESENA,EMILIA ROMAGNA,SCUOLA PRIMARIA,,FOEE02302V,CESENA 7 R.LEVI MONTALCINI,CESENA,FORLI'-CESENA,EMILIA ROMAGNA,SCUOLA PRIMARIA,,2,1.144
202425,0.346,42,statale,SCUOLA PRIMARIA,1,PVEE827017,DANTE ALIGHIERI - VOGHERA,VOGHERA,PAVIA,LOMBARDIA,SCUOLA PRIMARIA,,PVEE82604E,SANDRO PERTINI VOGHERA,VOGHERA,PAVIA,LOMBARDIA,SCUOLA PRIMARIA,,4,0.769
202425,0.346,42,statale,SCUOLA PRIMARIA,1,BOEE86001C,G. LODI - I.C. CREVALCORE,CREVALCORE,BOLOGNA,EMILIA ROMAGNA,SCUOLA PRIMARIA,,MOEE84901G,"""M.BUONARROTI "" RAVARINO",RAVARINO,MODENA,EMILIA ROMAGNA,SCUOLA PRIMARIA,,3,4.016
202425,0.346,42,statale,SCUOLA PRIMARIA,1,AREE813048,LA CHIMERA,AREZZO,AREZZO,TOSCANA,SCUOLA PRIMARIA,,AREE81307B,VIA MONTE BIANCO,AREZZO,AREZZO,TOSCANA,SCUOLA PRIMARIA,,1,0.67
202425,0.346,42,statale,SCUOLA PRIMARIA,1,BOEE868035,S.MARTINO IN ARGINE PRIMARIA,MOLINELLA,BOLOGNA,EMILIA ROMAGNA,SCUOLA PRIMARIA,,BOEE86901V,MEZZOLARA - I.C. BUDRIO,BUDRIO,BOLOGNA,EMILIA ROMAGNA,SCUOLA PRIMARIA,,1,3.591
202425,0.346,42,statale,SCUOLA PRIMARIA,1,BSEE880029,PRIMARIA MARCONI S.EUFEMIA BS,BRESCIA,BRESCIA,LOMBARDIA,SCUOLA PRIMARIA,,BSEE87202A,"SCUOLA PRIMARIA ""TITO SPERI""",BOTTICINO,BRESCIA,LOMBARDIA,SCUOLA PRIMARIA,,2,3.077
202425,0.346,42,statale,SCUOLA PRIMARIA,1,COEE854012,LUCINO,MONTANO LUCINO,COMO,LOMBARDIA,SCUOLA PRIMARIA,,COEE854023,MONTANO,MONTANO LUCINO,COMO,LOMBARDIA,SCUOLA PRIMARIA,,1,1.437
202425,0.346,42,statale,SCUOLA PRIMARIA,1,FOEE03104X,CESENATICO 2 VILLALTA-BAGNAROLA,CESENATICO,FORLI'-CESENA,EMILIA ROMAGNA,SCUOLA PRIMARIA,,FOEE030055,CESENATICO 1 ADA NEGRI,CESENATICO,FORLI'-CESENA,EMILIA ROMAGNA,SCUOLA PRIMARIA,,1,2.471
202425,0.346,42,statale,SCUOLA PRIMARIA,1,PREE82803X,FRAZ. S. PROSPERO,PARMA,PARMA,EMILIA ROMAGNA,SCUOLA PRIMARIA,,PREE821024,"""A.FRANK""",PARMA,PARMA,EMILIA ROMAGNA,SCUOLA PRIMARIA,,1,2.933
202425,0.346,42,statale,SCUOLA PRIMARIA,1,PREE82803X,FRAZ. S. PROSPERO,PARMA,PARMA,EMILIA ROMAGNA,SCUOLA PRIMARIA,,PREE834015,""" DON MILANI """,PARMA,PARMA,EMILIA ROMAGNA,SCUOLA PRIMARIA,,1,3.419
202425,0.346,42,statale,SCUOLA PRIMARIA,1,PSEE81504A,PIANDIMELETO - CAP.GO,PIANDIMELETO,PESARO E URBINO,MARCHE,SCUOLA PRIMARIA,,PSEE815039,PIANDIMELETO - LUNANO CAP.GO,LUNANO,PESARO E URBINO,MARCHE,SCUOLA PRIMARIA,,1,2.735
202425,0.346,42,statale,SCUOLA PRIMARIA,1,RMEE8FD022,LEONARDO DA VINCI,ROMA,ROMA,LAZIO,SCUOLA PRIMARIA,,RMEE8FD011,PRINCIPE DI PIEMONTE,ROMA,ROMA,LAZIO,SCUOLA PRIMARIA,,2,0.172
202425,0.346,42,statale,SCUOLA PRIMARIA,1,TOEE8B001P,IC CEFALONIA-MAZZINI CAP,TORINO,TORINO,PIEMONTE,SCUOLA PRIMARIA,,TOEE8B002Q,IC CEFALONIA-MAZZINI CHIOVINI,TORINO,TORINO,PIEMONTE,SCUOLA PRIMARIA,,1,0.332
202425,0.346,42,statale,SCUOLA PRIMARIA,1,ATEE81802X,BARACCA - ASTI,ASTI,ASTI,PIEMONTE,SCUOLA PRIMARIA,,ATEE81902Q,D'ACQUISTO - ASTI,ASTI,ASTI,PIEMONTE,SCUOLA PRIMARIA,,1,0.389
202425,0.346,42,statale,SCUOLA PRIMARIA,1,BSEE88201X,PRIMARIA TITO SPERI - BRESCIA,BRESCIA,BRESCIA,LOMBARDIA,SCUOLA PRIMARIA,,BSEE88401G,PRIMARIA N. SAURO BRESCIA,BRESCIA,BRESCIA,LOMBARDIA,SCUOLA PRIMARIA,,1,4.941
202425,0.346,42,statale,SCUOLA PRIMARIA,1,LCEE814019,"""G. RODARI"" CERNUSCO LOMBARDONE",CERNUSCO LOMBARDONE,LECCO,LOMBARDIA,SCUOLA PRIMARIA,,LCEE81803P,SCUOLA PRIMARIA DI PAGNANO,MERATE,LECCO,LOMBARDIA,SCUOLA PRIMARIA,,2,1.407
202425,0.346,42,statale,SCUOLA PRIMARIA,1,BOEE805043,MAZZACURATI,GALLIERA,BOLOGNA,EMILIA ROMAGNA,SCUOLA PRIMARIA,,BOEE805021,MACCARETOLO,SAN PIETRO IN CASALE,BOLOGNA,EMILIA ROMAGNA,SCUOLA PRIMARIA,,1,2.906
202425,0.346,42,statale,SCUOLA PRIMARIA,1,COEE85203C,COMO VIA FIUME,COMO,COMO,LOMBARDIA,SCUOLA PRIMARIA,,COEE845039,COMO VIA PERTI,COMO,COMO,LOMBARDIA,SCUOLA PRIMARIA,,1,0.645
202425,0.346,42,statale,SCUOLA PRIMARIA,1,PNEE82901T,"S.VITO AL T.-CAP.""A.L. MORO""",SAN VITO AL TAGLIAMENTO,PORDENONE,FRIULI-VENEZIA G.,SCUOLA PRIMARIA,,PNEE82903X,"S.VITO T.-LIGUGNANA""G.MARCONI""",SAN VITO AL TAGLIAMENTO,PORDENONE,FRIULI-VENEZIA G.,SCUOLA PRIMARIA,,1,1.069
202425,0.346,42,statale,SCUOLA PRIMARIA,1,BSEE86102X,ROCCAFRANCA CAP.,ROCCAFRANCA,BRESCIA,LOMBARDIA,SCUOLA PRIMARIA,,BSEE86101V,RUDIANO CAP.'M.A.CHIECCA',RUDIANO,BRESCIA,LOMBARDIA,SCUOLA PRIMARIA,,2,3.545
202425,0.346,42,statale,SCUOLA PRIMARIA,1,GEEE854036,"PRIMARIA ""G.DANEO""",GENOVA,GENOVA,LIGURIA,SCUOLA PRIMARIA,,GEEE854014,"PRIMARIA ""G.GRILLO""",GENOVA,GENOVA,LIGURIA,SCUOLA PRIMARIA,,2,0.301
202425,0.346,42,statale,SCUOLA PRIMARIA,1,GEEE854036,"PRIMARIA ""G.DANEO""",GENOVA,GENOVA,LIGURIA,SCUOLA PRIMARIA,,GEEE853018,S.EL. - M.MAZZINI -,GENOVA,GENOVA,LIGURIA,SCUOLA PRIMARIA,,1,0.39
202425,0.346,42,statale,SCUOLA PRIMARIA,1,MNEE806011,"PRIMARIA GUIDIZZOLO ""DE AMICIS""",GUIDIZZOLO,MANTOVA,LOMBARDIA,SCUOLA PRIMARIA,,MNEE806022,PRIMARIA CAVRIANA,CAVRIANA,MANTOVA,LOMBARDIA,SCUOLA PRIMARIA,,2,3.543
202425,0.346,42,statale,SCUOLA PRIMARIA,1,ATEE81506L,SCUOLA PRIMAR CASTEL BOGLIONE,CASTEL BOGLIONE,ASTI,PIEMONTE,SCUOLA PRIMARIA,,ATEE81502C,SCUOLA PRIMARIA DI CALAMANDRANA,CALAMANDRANA,ASTI,PIEMONTE,SCUOLA PRIMARIA,,1,3.971
202425,0.346,42,statale,SCUOLA PRIMARIA,1,BGEE846018,FARA D'ADDA - CANONICA D'ADDA,CANONICA D'ADDA,BERGAMO,LOMBARDIA,SCUOLA PRIMARIA,,BGEE82302L,GRASSOBBIO,GRASSOBBIO,BERGAMO,LOMBARDIA,SCUOLA PRIMARIA,,1,3.411
202425,0.346,42,statale,SCUOLA PRIMARIA,1,BOEE80905B,CARLO COLLODI,CASALFIUMANESE,BOLOGNA,EMILIA ROMAGNA,SCUOLA PRIMARIA,,BOEE85602T,PONTICELLI,IMOLA,BOLOGNA,EMILIA ROMAGNA,SCUOLA PRIMARIA,,1,3.821
202425,0.346,42,statale,SCUOLA PRIMARIA,1,BOEE812035,DE VIGRI,BOLOGNA,BOLOGNA,EMILIA ROMAGNA,SCUOLA PRIMARIA,,BOEE812024,ALBERTAZZI,BOLOGNA,BOLOGNA,EMILIA ROMAGNA,SCUOLA PRIMARIA,,1,0.875
202425,0.346,42,statale,SCUOLA PRIMARIA,1,BSEE84003X,SCUOLA PRIMARIA DI VILLA,ERBUSCO,BRESCIA,LOMBARDIA,SCUOLA PRIMARIA,,BSEE83501A,ADRO CAP.,ADRO,BRESCIA,LOMBARDIA,SCUOLA PRIMARIA,,1,3.568
202425,0.346,42,statale,SCUOLA PRIMARIA,1,BSEE894027,"SCUOLA PRIMARIA ""M.VALORSI""",CIGOLE,BRESCIA,LOMBARDIA,SCUOLA PRIMARIA,,BSEE89704R,SCUOLA PRIMARIA DI BASSANO B.NO,BASSANO BRESCIANO,BRESCIA,LOMBARDIA,SCUOLA PRIMARIA,,1,2.95
202425,0.346,42,statale,SCUOLA PRIMARIA,1,CNEE820049,SANT VITTORIA ALBA -LOC.CINZANO,SANTA VITTORIA D'ALBA,CUNEO,PIEMONTE,SCUOLA PRIMARIA,,CNEE85302E,AUGUSTO DACOMO- MONTICELLO ALBA,MONTICELLO D'ALBA,CUNEO,PIEMONTE,SCUOLA PRIMARIA,,1,3.483
202425,0.346,42,statale,SCUOLA PRIMARIA,1,GEEE82601X,S.EL.ST. - DIECI DICEMBRE,GENOVA,GENOVA,LIGURIA,SCUOLA PRIMARIA,,GEEE853018,S.EL. - M.MAZZINI -,GENOVA,GENOVA,LIGURIA,SCUOLA PRIMARIA,,1,1.195
202425,0.346,42,statale,SCUOLA PRIMARIA,1,LEEE8AP067,E. DE AMICIS,SPONGANO,LECCE,PUGLIA,SCUOLA PRIMARIA,,LEEE8AP056,L. TEMPESTA (MARITTIMA),DISO,LECCE,PUGLIA,SCUOLA PRIMARIA,,1,2.593
202425,0.346,42,statale,SCUOLA PRIMARIA,1,LOEE806036,PRIMARIA - CASTELNUOVO BOCCA D.,CASTELNUOVO BOCCA D'ADDA,LODI,LOMBARDIA,SCUOLA PRIMARIA,,LOEE806047,PRIMARIA - CASELLE LANDI,CASELLE LANDI,LODI,LOMBARDIA,SCUOLA PRIMARIA,,1,3.789
202425,0.346,42,statale,SCUOLA PRIMARIA,1,LUEE845021,"""M.CIVITALI"" - MONTE S. QUIRICO",LUCCA,LUCCA,TOSCANA,SCUOLA PRIMARIA,,LUEE844025,NAVE,LUCCA,LUCCA,TOSCANA,SCUOLA PRIMARIA,,1,0.0
202425,0.346,42,statale,SCUOLA PRIMARIA,1,MIEE86202T,PRIMARIA A. GRAMSCI,VITTUONE,MILANO,LOMBARDIA,SCUOLA PRIMARIA,,MIEE860015,PRIMARIA S.PELLICO,ARLUNO,MILANO,LOMBARDIA,SCUOLA PRIMARIA,,1,1.511
202425,0.346,42,statale,SCUOLA PRIMARIA,1,MIEE89301C,PRIMARIA GIOVANNI XXIII,SAN GIULIANO MILANESE,MILANO,LOMBARDIA,SCUOLA PRIMARIA,,MIEE8EM01T,PRIMARIA G.CAVALCANTI,SAN GIULIANO MILANESE,MILANO,LOMBARDIA,SCUOLA PRIMARIA,,2,1.028
202425,0.346,42,statale,SCUOLA PRIMARIA,1,NOEE804019,S. MAURIZIO D'OPAGLIO,SAN MAURIZIO D'OPAGLIO,NOVARA,PIEMONTE,SCUOLA PRIMARIA,,NOEE80403B,POGNO,POGNO,NOVARA,PIEMONTE,SCUOLA PRIMARIA,,1,1.995
202425,0.346,42,statale,SCUOLA PRIMARIA,1,PDEE839012,LOREGGIA - GANZINA,LOREGGIA,PADOVA,VENETO,SCUOLA PRIMARIA,,PDEE84005A,G.RODARI LOC. FRATTE,SANTA GIUSTINA IN COLLE,PADOVA,VENETO,SCUOLA PRIMARIA,,1,3.269
202425,0.346,42,statale,SCUOLA PRIMARIA,1,PDEE846048,"""M.BOSCHETTI ALBERTI""LOC.CASTAG",CADONEGHE,PADOVA,VENETO,SCUOLA PRIMARIA,,PDEE86503L,VIGODARZERE LOC. TERRAGLIONE,VIGODARZERE,PADOVA,VENETO,SCUOLA PRIMARIA,,1,3.289
202425,0.346,42,statale,SCUOLA PRIMARIA,1,PNEE836033,"PRATA-CAP. ""IPPOLITO NIEVO""",PRATA DI PORDENONE,PORDENONE,FRIULI-VENEZIA G.,SCUOLA PRIMARIA,,PNEE819028,"ZOPP.-CASTIONS ""C.C.COSTANTINI""",ZOPPOLA,PORDENONE,FRIULI-VENEZIA G.,SCUOLA PRIMARIA,,1,0.278
202425,0.346,42,statale,SCUOLA PRIMARIA,1,RAEE82802E,CARDUCCI G.- CASTIGLIONE CERVIA,CERVIA,RAVENNA,EMILIA ROMAGNA,SCUOLA PRIMARIA,,RAEE82801D,CASTIGLIONE DI RAVENNA,RAVENNA,RAVENNA,EMILIA ROMAGNA,SCUOLA PRIMARIA,,1,0.88
202425,0.346,42,statale,SCUOLA PRIMARIA,1,RMEE8E101V,LORENA D'ALESSANDRO,ROMA,ROMA,LAZIO,SCUOLA PRIMARIA,,RMEE8E102X,MASSIMO TROISI,ROMA,ROMA,LAZIO,SCUOLA PRIMARIA,,1,0.57
202425,0.346,42,statale,SCUOLA PRIMARIA,1,SAEE8AT01G,GIUNGANO CAP,GIUNGANO,SALERNO,CAMPANIA,SCUOLA PRIMARIA,,SAEE8AY06X,TRENTINARA CAP.P.P.,TRENTINARA,SALERNO,CAMPANIA,SCUOLA PRIMARIA,,1,0.817
202425,0.346,42,statale,SCUOLA PRIMARIA,1,SOEE80105C,FUSINE,FUSINE,SONDRIO,LOMBARDIA,SCUOLA PRIMARIA,,SOEE801018,BERBENNO CAP.,BERBENNO DI VALTELLINA,SONDRIO,LOMBARDIA,SCUOLA PRIMARIA,,1,2.174
202425,0.346,42,statale,SCUOLA PRIMARIA,1,SOEE80506R,J.H. PESTALOZZI - CHIAVENNA,CHIAVENNA,SONDRIO,LOMBARDIA,SCUOLA PRIMARIA,,SOEE80504P,PRIM. PRATA CAMPORTACCIOCAP.,PRATA CAMPORTACCIO,SONDRIO,LOMBARDIA,SCUOLA PRIMARIA,,2,0.825
202425,0.346,42,statale,SCUOLA PRIMARIA,1,BOEE818023,PRIMARIA SCANDELLARA,BOLOGNA,BOLOGNA,EMILIA ROMAGNA,SCUOLA PRIMARIA,,BOEE855022,PRIMARIA PADRE O. MARELLA,BOLOGNA,BOLOGNA,EMILIA ROMAGNA,SCUOLA PRIMARIA,,4,1.075
202425,0.346,42,statale,SCUOLA PRIMARIA,1,BGEE85901A,"SCUOLA PRIMARIA ""DA VINCI""",GHISALBA,BERGAMO,LOMBARDIA,SCUOLA PRIMARIA,,BGEE8AA02A,PRIMARIA D. MILANI DI BASELLA,URGNANO,BERGAMO,LOMBARDIA,SCUOLA PRIMARIA,,2,3.382
202425,0.346,42,statale,SCUOLA PRIMARIA,1,RGEE83401T,PAPA GIOVANNI XXIII,VITTORIA,RAGUSA,SICILIA,SCUOLA PRIMARIA,,RGEE81502D,SS.ROSARIO,VITTORIA,RAGUSA,SICILIA,SCUOLA PRIMARIA,,3,0.183
202425,0.346,42,statale,SCUOLA PRIMARIA,1,VREE87502X,GIOVANNI SOLINAS,VERONA,VERONA,VENETO,SCUOLA PRIMARIA,,VREE83902R,DALL'OCA BIANCA ANGELO,VERONA,VERONA,VENETO,SCUOLA PRIMARIA,,1,0.57
202425,0.346,42,statale,SCUOLA PRIMARIA,1,VREE87502X,GIOVANNI SOLINAS,VERONA,VERONA,VENETO,SCUOLA PRIMARIA,,VREE83901Q,CAMOZZINI G. C.-VR 06 CHIEVO,VERONA,VERONA,VENETO,SCUOLA PRIMARIA,,3,1.493
202425,0.346,42,statale,SCUOLA PRIMARIA,1,CEEE04505X,MONDRAGONE STELLA MARIS -MOND.3,MONDRAGONE,CASERTA,CAMPANIA,SCUOLA PRIMARIA,,CEEE8BJ016,A.IZZO-MOND-2,MONDRAGONE,CASERTA,CAMPANIA,SCUOLA PRIMARIA,,3,0.0
202425,0.346,42,statale,SCUOLA PRIMARIA,1,CNEE81204A,VILLANOVA MONDOVI' - CAPOLUOGO,VILLANOVA MONDOVI',CUNEO,PIEMONTE,SCUOLA PRIMARIA,,CNEE81205B,VILLANOVA M. FRAZ. BRANZOLA,VILLANOVA MONDOVI',CUNEO,PIEMONTE,SCUOLA PRIMARIA,,2,1.437
202425,0.346,42,statale,SCUOLA PRIMARIA,1,TVEE838018,I. CALVINO - CAP.,SPRESIANO,TREVISO,VENETO,SCUOLA PRIMARIA,,TVEE838029,SAN MARTINO - LOVADINA,SPRESIANO,TREVISO,VENETO,SCUOLA PRIMARIA,,1,0.545
202425,0.346,42,statale,SCUOLA PRIMARIA,1,FIEE871033,S.VERDIANA-TILLI,CASTELFIORENTINO,FIRENZE,TOSCANA,SCUOLA PRIMARIA,,FIEE871011,VIALE DI VITTORIO,CASTELFIORENTINO,FIRENZE,TOSCANA,SCUOLA PRIMARIA,,5,2.737
202425,0.346,42,statale,SCUOLA PRIMARIA,1,ATEE811047,SAN DAMIANO D'ASTI CAP.,SAN DAMIANO D'ASTI,ASTI,PIEMONTE,SCUOLA PRIMARIA,,CNEE82303Q,GOVONE,GOVONE,CUNEO,PIEMONTE,SCUOLA PRIMARIA,,1,4.714
202425,0.346,42,statale,SCUOLA PRIMARIA,1,CREE824019,"""CLAUDIO MONTEVERDI""",CREMONA,CREMONA,LOMBARDIA,SCUOLA PRIMARIA,,PCEE805029,CASTELVETRO-CAPOLUOGO,CASTELVETRO PIACENTINO,PIACENZA,EMILIA ROMAGNA,SCUOLA PRIMARIA,,1,3.742
202425,0.346,42,statale,SCUOLA PRIMARIA,1,PTEE82804G,BERTOCCI,PISTOIA,PISTOIA,TOSCANA,SCUOLA PRIMARIA,,PTEE82806N,CROCE DI GORA,PISTOIA,PISTOIA,TOSCANA,SCUOLA PRIMARIA,,2,0.662
202425,0.346,42,statale,SCUOLA PRIMARIA,1,RMEE8CC03B,RENZO PEZZANI,ROMA,ROMA,LAZIO,SCUOLA PRIMARIA,,RMEE8EW012,MASIH IQBAL,ROMA,ROMA,LAZIO,SCUOLA PRIMARIA,,1,0.756
202425,0.346,42,statale,SCUOLA PRIMARIA,1,TOEE840032,IC RIVALTA TETTI FRANC.-PASTA,RIVALTA DI TORINO,TORINO,PIEMONTE,SCUOLA PRIMARIA,,TOEE8AH01P,"I.C. ORBASSANO I - ""PAVESE""",ORBASSANO,TORINO,PIEMONTE,SCUOLA PRIMARIA,,1,0.787
202425,0.346,42,statale,SCUOLA PRIMARIA,1,MIEE8A5017,PRIMARIA MARTIRI DELLA LIBERTA',SESTO SAN GIOVANNI,MILANO,LOMBARDIA,SCUOLA PRIMARIA,,MIEE8CT021,PRIMARIA DUCA DEGLI ABRUZZI,MILANO,MILANO,LOMBARDIA,SCUOLA PRIMARIA,,1,3.917
202425,0.346,42,statale,SCUOLA PRIMARIA,1,TVEE88201A,S.VENANZIO FORTUNATO-VALDOBB.,VALDOBBIADENE,TREVISO,VENETO,SCUOLA PRIMARIA,,TVEE88202B,FIUME PIAVE - BIGOLINO,VALDOBBIADENE,TREVISO,VENETO,SCUOLA PRIMARIA,,1,3.275
202425,0.346,42,statale,SCUOLA PRIMARIA,1,BAEE80602T,"""G. FALCONE"" - 18 CD.BARI",BARI,BARI,PUGLIA,SCUOLA PRIMARIA,,BAEE81901V,CLEMENTINA PERONE - 24 C.D.BARI,BARI,BARI,PUGLIA,SCUOLA PRIMARIA,,3,1.085
202425,0.346,42,statale,SCUOLA PRIMARIA,1,BGEE80702P,"BERGAMO ""DE AMICIS"" - SAVIO",BERGAMO,BERGAMO,LOMBARDIA,SCUOLA PRIMARIA,,BGEE81601C,"BERGAMO ""PETTENI"" - G.PASCOLI",BERGAMO,BERGAMO,LOMBARDIA,SCUOLA PRIMARIA,,3,2.552
202425,0.346,42,statale,SCUOLA PRIMARIA,1,CAEE867026,SATTA,CAGLIARI,CAGLIARI,SARDEGNA,SCUOLA PRIMARIA,,CAEE88204A,VIA REGINA MARGHERITA,QUARTU SANT'ELENA,CAGLIARI,SARDEGNA,SCUOLA PRIMARIA,,2,0.14
202425,0.346,42,statale,SCUOLA PRIMARIA,1,COEE83502N,LOMAZZO MANERA,LOMAZZO,COMO,LOMBARDIA,SCUOLA PRIMARIA,,COEE83102A,ROVELLO PORRO,ROVELLO PORRO,COMO,LOMBARDIA,SCUOLA PRIMARIA,,1,1.289
202425,0.346,42,statale,SCUOLA PRIMARIA,1,COEE838047,CANTU' O. MARELLI VIA ANDINA,CANTU',COMO,LOMBARDIA,SCUOLA PRIMARIA,,COEE82303C,"""CHIARA E FRANCESCO D'ASSISI""",CANTU',COMO,LOMBARDIA,SCUOLA PRIMARIA,,1,0.951
202425,0.346,42,statale,SCUOLA PRIMARIA,1,CTEE8AH03P,I.C. A. VESPUCCI - VIA AUTERI,CATANIA,CATANIA,SICILIA,SCUOLA PRIMARIA,,CTEE867096,I.C RITA ATRIA - GRAMIGNANI,CATANIA,CATANIA,SICILIA,SCUOLA PRIMARIA,,1,0.551
202425,0.346,42,statale,SCUOLA PRIMARIA,1,LCEE816033,"""L. DA VINCI"" - PADERNO D'ADDA",PADERNO D'ADDA,LECCO,LOMBARDIA,SCUOLA PRIMARIA,,LCEE816011,"""G. RODARI"" - ROBBIATE",ROBBIATE,LECCO,LOMBARDIA,SCUOLA PRIMARIA,,1,0.929
202425,0.346,42,statale,SCUOLA PRIMARIA,1,LOEE81202C,PRIMARIA V. PAGANO - S. MARTINO,SAN MARTINO IN STRADA,LODI,LOMBARDIA,SCUOLA PRIMARIA,,LOEE801011,PRIMARIA GIANNI RODARI-MASSALEN,MASSALENGO,LODI,LOMBARDIA,SCUOLA PRIMARIA,,1,2.846
202425,0.346,42,statale,SCUOLA PRIMARIA,1,MIEE8DZ02B,PRIMARIA TRE CASTELLI,MILANO,MILANO,LOMBARDIA,SCUOLA PRIMARIA,,MIEE8DZ05E,PRIMARIA PLESSO MONTESSORI,MILANO,MILANO,LOMBARDIA,SCUOLA PRIMARIA,,1,0.917
202425,0.346,42,statale,SCUOLA PRIMARIA,1,MIEE8FW036,PRIMARIA VIA FERABOLI,MILANO,MILANO,LOMBARDIA,SCUOLA PRIMARIA,,MIEE88001A,PRIMARIA ALBERELLE,ROZZANO,MILANO,LOMBARDIA,SCUOLA PRIMARIA,,2,2.216
202425,0.346,42,statale,SCUOLA PRIMARIA,1,PGEE05204T,S. ANASTASIO ALESSIA SANTINI,SPOLETO,PERUGIA,UMBRIA,SCUOLA PRIMARIA,,PGEE05201P,D.D. 2 CIRC. SPOLETO TOSCANO,SPOLETO,PERUGIA,UMBRIA,SCUOLA PRIMARIA,,2,0.096
202425,0.346,42,statale,SCUOLA PRIMARIA,1,PGEE84001B,I.C. PG 12 PONTE S. GIOVANNI,PERUGIA,PERUGIA,UMBRIA,SCUOLA PRIMARIA,,PGEE84003D,"""LA FONTE"" -PIEVE DI CAMPO",PERUGIA,PERUGIA,UMBRIA,SCUOLA PRIMARIA,,2,1.136
202425,0.346,42,statale,SCUOLA PRIMARIA,1,PGEE868028,LOMBARDO RADICE,PERUGIA,PERUGIA,UMBRIA,SCUOLA PRIMARIA,,PGEE86601G,I.C. PG 3 - XX GIUGNO,PERUGIA,PERUGIA,UMBRIA,SCUOLA PRIMARIA,,1,0.477
202425,0.346,42,statale,SCUOLA PRIMARIA,1,PSEE830019,FANO PADALINO L.ROSSI,FANO,PESARO E URBINO,MARCHE,SCUOLA PRIMARIA,,PSEE829015,FANO - NUTI PODERINO,FANO,PESARO E URBINO,MARCHE,SCUOLA PRIMARIA,,2,0.265
202425,0.346,42,statale,SCUOLA PRIMARIA,1,PTEE82001T,FERDINANDO MARTINI,MONSUMMANO TERME,PISTOIA,TOSCANA,SCUOLA PRIMARIA,,PTEE82002V,G.ARINCI,MONSUMMANO TERME,PISTOIA,TOSCANA,SCUOLA PRIMARIA,,1,0.489
202425,0.346,42,statale,SCUOLA PRIMARIA,1,PVEE801057,CORTEOLONA E GENZONE,CORTEOLONA E GENZONE,PAVIA,LOMBARDIA,SCUOLA PRIMARIA,,PVEE801046,SANTA CRISTINA E BISSONE,SANTA CRISTINA E BISSONE,PAVIA,LOMBARDIA,SCUOLA PRIMARIA,,2,2.75
202425,0.346,42,statale,SCUOLA PRIMARIA,1,REEE83203N,VILLAROTTA,LUZZARA,REGGIO EMILIA,EMILIA ROMAGNA,SCUOLA PRIMARIA,,REEE83201G,LUZZARA CAP.,LUZZARA,REGGIO EMILIA,EMILIA ROMAGNA,SCUOLA PRIMARIA,,1,0.716
202425,0.346,42,statale,SCUOLA PRIMARIA,1,REEE834039,S.GIOVANNI BOSCO,REGGIO NELL'EMILIA,REGGIO EMILIA,EMILIA ROMAGNA,SCUOLA PRIMARIA,,REEE834028,ITALO CALVINO,REGGIO NELL'EMILIA,REGGIO EMILIA,EMILIA ROMAGNA,SCUOLA PRIMARIA,,2,1.064
202425,0.346,42,statale,SCUOLA PRIMARIA,1,RMEE8CT03B,CORRADI,ROMA,ROMA,LAZIO,SCUOLA PRIMARIA,,RMEE8GA014,FEDERICO FELLINI,ROMA,ROMA,LAZIO,SCUOLA PRIMARIA,,1,1.301
202425,0.346,42,statale,SCUOLA PRIMARIA,1,RMEE8EU02B,VIA FIUGGI,ROMA,ROMA,LAZIO,SCUOLA PRIMARIA,,RMEE8EU01A,TRILUSSA,ROMA,ROMA,LAZIO,SCUOLA PRIMARIA,,1,0.277
202425,0.346,42,statale,SCUOLA PRIMARIA,1,RMEE8FC026,OSCAR ROMERO,ROMA,ROMA,LAZIO,SCUOLA PRIMARIA,,RMEE8EX02V,SIBILLA ALERAMO,ROMA,ROMA,LAZIO,SCUOLA PRIMARIA,,1,2.699
202425,0.346,42,statale,SCUOLA PRIMARIA,1,UDEE84501Q,DANTE ALIGHIERI - OSOPPO,OSOPPO,UDINE,FRIULI-VENEZIA G.,SCUOLA PRIMARIA,,UDEE82001B,PIETRO MATTIONI - CASSACCO,CASSACCO,UDINE,FRIULI-VENEZIA G.,SCUOLA PRIMARIA,,2,0.423
202425,0.346,42,statale,SCUOLA PRIMARIA,1,FIEE854017,VILLANI,FIRENZE,FIRENZE,TOSCANA,SCUOLA PRIMARIA,,FIEE85103T,G. PILATI,FIRENZE,FIRENZE,TOSCANA,SCUOLA PRIMARIA,,1,0.759
202425,0.346,42,statale,SCUOLA PRIMARIA,1,BSEE882021,PRIMARIA ALIGHIERI - BRESCIA,BRESCIA,BRESCIA,LOMBARDIA,SCUOLA PRIMARIA,,BSEE88401G,PRIMARIA N. SAURO BRESCIA,BRESCIA,BRESCIA,LOMBARDIA,SCUOLA PRIMARIA,,1,3.752
202425,0.346,42,statale,SCUOLA PRIMARIA,1,MIEE8CR04B,PRIMARIA VIA GABBRO,MILANO,MILANO,LOMBARDIA,SCUOLA PRIMARIA,,MIEE8CT021,PRIMARIA DUCA DEGLI ABRUZZI,MILANO,MILANO,LOMBARDIA,SCUOLA PRIMARIA,,3,2.016
202425,0.346,42,statale,SCUOLA PRIMARIA,1,PTEE82205N,"""DON GIULIO FACIBENI""",MONTECATINI-TERME,PISTOIA,TOSCANA,SCUOLA PRIMARIA,,PTEE81901N,"""A. CAVALCANTI""",BUGGIANO,PISTOIA,TOSCANA,SCUOLA PRIMARIA,,1,2.537
202425,0.346,42,statale,SCUOLA PRIMARIA,1,LIEE813023,BINI CARLO,LIVORNO,LIVORNO,TOSCANA,SCUOLA PRIMARIA,,LIEE826025,"""D'AZEGLIO MASSIMO""",LIVORNO,LIVORNO,TOSCANA,SCUOLA PRIMARIA,,1,0.478
202425,0.346,42,statale,SCUOLA PRIMARIA,1,VREE88401N,ROMAGNOLI B.- VR 14 SAN MASSIMO,VERONA,VERONA,VENETO,SCUOLA PRIMARIA,,VREE88402P,EUROPA UNITA,VERONA,VERONA,VENETO,SCUOLA PRIMARIA,,1,0.695
202425,0.346,42,statale,SCUOLA PRIMARIA,1,ATEE80803A,MONTEGROSSO CAP.,MONTEGROSSO D'ASTI,ASTI,PIEMONTE,SCUOLA PRIMARIA,,ATEE808029,MONTICONE - MOMBERCELLI,MOMBERCELLI,ASTI,PIEMONTE,SCUOLA PRIMARIA,,1,4.631
202425,0.346,42,statale,SCUOLA PRIMARIA,1,BGEE89302V,ZANICA,ZANICA,BERGAMO,LOMBARDIA,SCUOLA PRIMARIA,,BGEE89301T,COMUNNUOVO,COMUN NUOVO,BERGAMO,LOMBARDIA,SCUOLA PRIMARIA,,2,2.891
202425,0.346,42,statale,SCUOLA PRIMARIA,1,BOEE82204R,FILIPPO BASSI,CASTEL MAGGIORE,BOLOGNA,EMILIA ROMAGNA,SCUOLA PRIMARIA,,BOEE82206V,PIERO BERTOLINI,CASTEL MAGGIORE,BOLOGNA,EMILIA ROMAGNA,SCUOLA PRIMARIA,,1,0.578
202425,0.346,42,statale,SCUOLA PRIMARIA,1,LEEE83001C,VIA DELLA LIBERTA',LEVERANO,LECCE,PUGLIA,SCUOLA PRIMARIA,,LEEE832025,VIA MONTESSORI,LEVERANO,LECCE,PUGLIA,SCUOLA PRIMARIA,,1,0.167
202425,0.346,42,statale,SCUOLA PRIMARIA,1,MSEE822016,"""SAFFI"" (I.C. CARRARA E PAESI)",CARRARA,MASSA-CARRARA,TOSCANA,SCUOLA PRIMARIA,,MSEE815024,GIROMINI (IC TALIERCIO CARRARA),CARRARA,MASSA-CARRARA,TOSCANA,SCUOLA PRIMARIA,,1,0.646
202425,0.346,42,statale,SCUOLA PRIMARIA,1,RMEE8G303T,FORTE BRASCHI,ROMA,ROMA,LAZIO,SCUOLA PRIMARIA,,RMEE8GV01B,S.C. DONATI,ROMA,ROMA,LAZIO,SCUOLA PRIMARIA,,1,1.156
202425,0.346,42,statale,SCUOLA PRIMARIA,1,TVEE867029,G. MAZZINI,CONEGLIANO,TREVISO,VENETO,SCUOLA PRIMARIA,,TVEE86704B,"""J.F. KENNEDY"" - CONEGLIANO CAP",CONEGLIANO,TREVISO,VENETO,SCUOLA PRIMARIA,,2,0.559
202425,0.346,42,statale,SCUOLA PRIMARIA,1,VIEE86103P,IC VICENZA 6-7 - G. RODARI,VICENZA,VICENZA,VENETO,SCUOLA PRIMARIA,,VIEE87002C,IC VICENZA 5 - L. DA PORTO,VICENZA,VICENZA,VENETO,SCUOLA PRIMARIA,,1,1.895
202425,0.346,42,statale,SCUOLA PRIMARIA,1,RAEE808018,"""FORESTI F.""",CONSELICE,RAVENNA,EMILIA ROMAGNA,SCUOLA PRIMARIA,,RAEE81403N,"""MARCONI G."" - S. BERNARDINO",LUGO,RAVENNA,EMILIA ROMAGNA,SCUOLA PRIMARIA,,1,4.731
202425,0.346,42,statale,SCUOLA PRIMARIA,1,MIEE83303V,PRIMARIA MARIA MASCHERPA,SOLARO,MILANO,LOMBARDIA,SCUOLA PRIMARIA,,MIEE83301R,PRIMARIA REGINA ELENA,SOLARO,MILANO,LOMBARDIA,SCUOLA PRIMARIA,,1,0.0
202425,0.346,42,statale,SCUOLA PRIMARIA,1,MIEE8C7014,PRIMARIA LUCIANO MANARA,MILANO,MILANO,LOMBARDIA,SCUOLA PRIMARIA,,MIEE8C1015,PRIMARIA G.BORSI,MILANO,MILANO,LOMBARDIA,SCUOLA PRIMARIA,,1,2.059
202425,0.346,42,statale,SCUOLA PRIMARIA,1,FIEE86402V,LA VILLA-PABLO NERUDA,CAMPI BISENZIO,FIRENZE,TOSCANA,SCUOLA PRIMARIA,,FIEE86401T,AURORA GELLI,CAMPI BISENZIO,FIRENZE,TOSCANA,SCUOLA PRIMARIA,,3,1.241
202425,0.346,42,statale,SCUOLA PRIMARIA,1,ROEE82001T,PASCOLI GIOVANNI - ROVIGO,ROVIGO,ROVIGO,VENETO,SCUOLA PRIMARIA,,ROEE82102P,SAMUELE DONATONI - ROVIGO,ROVIGO,ROVIGO,VENETO,SCUOLA PRIMARIA,,2,0.791
202425,0.346,42,statale,SCUOLA PRIMARIA,1,FREE860053,SCUOLA PRIMARIA TIRAVANTI,FROSINONE,FROSINONE,LAZIO,SCUOLA PRIMARIA,,FREE814048,"POFI CAPOLUOGO ""R.SCURPA""",POFI,FROSINONE,LAZIO,SCUOLA PRIMARIA,,1,0.493
202425,0.346,42,statale,SCUOLA PRIMARIA,1,MCEE812039,LUIGI LANZI,CORRIDONIA,MACERATA,MARCHE,SCUOLA PRIMARIA,,MCEE812017,VIALE MARTIRI DELLA LIBERTA',CORRIDONIA,MACERATA,MARCHE,SCUOLA PRIMARIA,,2,2.445
202425,0.346,42,statale,SCUOLA PRIMARIA,1,PCEE807043,VIGOLZONE-CAPOLUOGO,VIGOLZONE,PIACENZA,EMILIA ROMAGNA,SCUOLA PRIMARIA,,PCEE81602Q,SCUOLA PRIMARIA NIVIANO,RIVERGARO,PIACENZA,EMILIA ROMAGNA,SCUOLA PRIMARIA,,1,4.157
202425,0.346,42,statale,SCUOLA PRIMARIA,1,PTEE809013,BOTTEGONE S.SEBASTIANO,PISTOIA,PISTOIA,TOSCANA,SCUOLA PRIMARIA,,PTEE809024,PIUVICA,PISTOIA,PISTOIA,TOSCANA,SCUOLA PRIMARIA,,1,1.625
202425,0.346,42,statale,SCUOLA PRIMARIA,1,PTEE81403L,LEONARDO DA VINCI,PISTOIA,PISTOIA,TOSCANA,SCUOLA PRIMARIA,,PTEE811013,GELLO-SAN GIORGIO,PISTOIA,PISTOIA,TOSCANA,SCUOLA PRIMARIA,,1,1.658
202425,0.346,42,statale,SCUOLA PRIMARIA,1,RAEE81801V,"""BASSI C.""",CASTEL BOLOGNESE,RAVENNA,EMILIA ROMAGNA,SCUOLA PRIMARIA,,BNEE81207L,"APOLLOSA ""CAP.""",APOLLOSA,BENEVENTO,CAMPANIA,SCUOLA PRIMARIA,,1,0.0
202425,0.346,42,statale,SCUOLA PRIMARIA,1,RNEE821055,CARDUCCI (IC BELLARIA IGEA M.),BELLARIA-IGEA-MARINA,RIMINI,EMILIA ROMAGNA,SCUOLA PRIMARIA,,RNEE821044,A. FERRARIN-IC BELLARIA IGEA M,BELLARIA-IGEA-MARINA,RIMINI,EMILIA ROMAGNA,SCUOLA PRIMARIA,,1,0.54
202425,0.346,42,statale,SCUOLA PRIMARIA,1,VIEE877027,DON MILANI,MONTECCHIO MAGGIORE,VICENZA,VENETO,SCUOLA PRIMARIA,,VIEE87601A,A.MANZONI,MONTECCHIO MAGGIORE,VICENZA,VENETO,SCUOLA PRIMARIA,,1,0.945
202425,0.346,42,statale,SCUOLA PRIMARIA,1,LCEE828028,"SC. PRIMARIA ""A. MORO"" MALGRATE",MALGRATE,LECCO,LOMBARDIA,SCUOLA PRIMARIA,,LCEE828017,"SC. PRIM. ""A. MANZONI"" CIVATE",CIVATE,LECCO,LOMBARDIA,SCUOLA PRIMARIA,,1,1.567
202425,0.346,42,statale,SCUOLA PRIMARIA,1,LCEE828028,"SC. PRIMARIA ""A. MORO"" MALGRATE",MALGRATE,LECCO,LOMBARDIA,SCUOLA PRIMARIA,,LCEE824065,"""G. CARDUCCI"" CASTELLO - LECCO",LECCO,LECCO,LOMBARDIA,SCUOLA PRIMARIA,,1,2.327
202425,0.346,42,statale,SCUOLA PRIMARIA,1,MBEE8EW017,LEONARDO DA VINCI,VIMERCATE,MONZA E DELLA BRIANZA,LOMBARDIA,SCUOLA PRIMARIA,,MBEE8EW028,E.FILIBERTO - VIMERCATE I,VIMERCATE,MONZA E DELLA BRIANZA,LOMBARDIA,SCUOLA PRIMARIA,,1,0.694
202425,0.346,42,statale,SCUOLA PRIMARIA,1,MIEE8AR02G,PRIMARIA C.VILLA,CINISELLO BALSAMO,MILANO,LOMBARDIA,SCUOLA PRIMARIA,,MIEE8AY02L,PRIMARI L.BUFFOLI,CUSANO MILANINO,MILANO,LOMBARDIA,SCUOLA PRIMARIA,,1,1.468
202425,0.346,42,statale,SCUOLA PRIMARIA,1,VEEE871043,S.G.BOSCO- CA' SABBIONI,VENEZIA,VENEZIA,VENETO,SCUOLA PRIMARIA,,VEEE869021,GIUSEPPE PARINI,MIRA,VENEZIA,VENETO,SCUOLA PRIMARIA,,2,2.361
202425,0.346,42,statale,SCUOLA PRIMARIA,1,RMEE8GQ01V,CIVITAVECCHIA I C. LAURENTI,CIVITAVECCHIA,ROMA,LAZIO,SCUOLA PRIMARIA,,RMEE8B902P,RENATO POSATA,CIVITAVECCHIA,ROMA,LAZIO,SCUOLA PRIMARIA,,1,0.593
202425,0.346,42,statale,SCUOLA PRIMARIA,1,PGEE85304L,I.C. PG 14 - COLOMBELLA,PERUGIA,PERUGIA,UMBRIA,SCUOLA PRIMARIA,,PGEE856033,FRAZ. CASA DEL DIAVOLO,PERUGIA,PERUGIA,UMBRIA,SCUOLA PRIMARIA,,1,4.4
202425,0.346,42,statale,SCUOLA PRIMARIA,1,PVEE83203R,MARAZZANI,VIGEVANO,PAVIA,LOMBARDIA,SCUOLA PRIMARIA,,PVEE830035,ADA NEGRI,VIGEVANO,PAVIA,LOMBARDIA,SCUOLA PRIMARIA,,1,3.13
202425,0.346,42,statale,SCUOLA PRIMARIA,1,RMEE847039,VIA MANETTI,ROMA,ROMA,LAZIO,SCUOLA PRIMARIA,,RMEE8GK01X,VITTORIO ALFIERI,ROMA,ROMA,LAZIO,SCUOLA PRIMARIA,,1,0.887
202425,0.346,42,statale,SCUOLA PRIMARIA,1,BOEE82901C,R.L. MONTALCINI I.C. RASTIGNANO,PIANORO,BOLOGNA,EMILIA ROMAGNA,SCUOLA PRIMARIA,,BOEE85703P,CESARE PAVESE,BOLOGNA,BOLOGNA,EMILIA ROMAGNA,SCUOLA PRIMARIA,,2,1.238
202425,0.346,42,statale,SCUOLA PRIMARIA,1,FIEE862049,"""DEL PUGLIA""",FIGLINE E INCISA VALDARNO,FIRENZE,TOSCANA,SCUOLA PRIMARIA,,FIEE862027,SAN BIAGIO,FIGLINE E INCISA VALDARNO,FIRENZE,TOSCANA,SCUOLA PRIMARIA,,1,0.617
202425,0.346,42,statale,SCUOLA PRIMARIA,1,FOEE80403D,FRANCESCO ROSSI,BERTINORO,FORLI'-CESENA,EMILIA ROMAGNA,SCUOLA PRIMARIA,,FOEE80402C,GINO MATTARELLI,BERTINORO,FORLI'-CESENA,EMILIA ROMAGNA,SCUOLA PRIMARIA,,1,2.773
202425,0.346,42,statale,SCUOLA PRIMARIA,1,GEEE824018,SCUOLA PRIMARIA G.MAZZINI -,GENOVA,GENOVA,LIGURIA,SCUOLA PRIMARIA,,GEEE82405C,S.EL. DI S.GOTTARDO,GENOVA,GENOVA,LIGURIA,SCUOLA PRIMARIA,,1,1.525
202425,0.346,42,statale,SCUOLA PRIMARIA,1,MIEE8CK019,PRIMARIA BASIANO,BASIANO,MILANO,LOMBARDIA,SCUOLA PRIMARIA,,MIEE8CK02A,PRIMARIA MASATE,MASATE,MILANO,LOMBARDIA,SCUOLA PRIMARIA,,1,0.876
202425,0.346,42,statale,SCUOLA PRIMARIA,1,MNEE82301P,BOZZOLO,BOZZOLO,MANTOVA,LOMBARDIA,SCUOLA PRIMARIA,,MNEE82303R,SAN MARTINO DALL'ARGINE,SAN MARTINO DALL'ARGINE,MANTOVA,LOMBARDIA,SCUOLA PRIMARIA,,1,2.851
202425,0.346,42,statale,SCUOLA PRIMARIA,1,RMEE8EZ01D,UNGARETTI,ROMA,ROMA,LAZIO,SCUOLA PRIMARIA,,RMEE8EX01T,VIA DEL PERGOLATO,ROMA,ROMA,LAZIO,SCUOLA PRIMARIA,,1,0.702
202425,0.346,42,statale,SCUOLA PRIMARIA,1,VIEE82502E,LUGO DI VICENZA - CAPOLUOGO,LUGO DI VICENZA,VICENZA,VENETO,SCUOLA PRIMARIA,,VIEE83805Q,"""A. FABRIS"" - ZUGLIANO - CAP.",ZUGLIANO,VICENZA,VENETO,SCUOLA PRIMARIA,,1,1.542
202425,0.346,42,statale,SCUOLA PRIMARIA,1,BOEE884011,O. MEZZINI I.C. LOIANO MONGHID.,MONGHIDORO,BOLOGNA,EMILIA ROMAGNA,SCUOLA PRIMARIA,,BOEE82405D,PRIMARIA S.BENEDETTO V.SAMBRO,SAN BENEDETTO VAL DI SAMBRO,BOLOGNA,EMILIA ROMAGNA,SCUOLA PRIMARIA,,1,4.576
202425,0.346,42,statale,SCUOLA PRIMARIA,1,BSEE86301E,CASTREZZATO CAP.,CASTREZZATO,BRESCIA,LOMBARDIA,SCUOLA PRIMARIA,,BSEE84302A,ROVATO - FRAZ.ALGHISI -,ROVATO,BRESCIA,LOMBARDIA,SCUOLA PRIMARIA,,3,2.943
202425,0.346,42,statale,SCUOLA PRIMARIA,1,MSEE81702Q,A. GENTILI (IC FOSSOLA GENTILI),CARRARA,MASSA-CARRARA,TOSCANA,SCUOLA PRIMARIA,,MSEE81703R,"""A. NARDI"" CARRARA PERTICATA",CARRARA,MASSA-CARRARA,TOSCANA,SCUOLA PRIMARIA,,1,1.15
202425,0.346,42,statale,SCUOLA PRIMARIA,1,PVEE81308L,MIRADOLO TERME,MIRADOLO TERME,PAVIA,LOMBARDIA,SCUOLA PRIMARIA,,PVEE801046,SANTA CRISTINA E BISSONE,SANTA CRISTINA E BISSONE,PAVIA,LOMBARDIA,SCUOLA PRIMARIA,,1,3.604
202425,0.346,42,statale,SCUOLA PRIMARIA,1,BGEE8AA019,PRIMARIA D. STURZO DI URGNANO,URGNANO,BERGAMO,LOMBARDIA,SCUOLA PRIMARIA,,BGEE89901R,COLOGNO AL SERIO,COLOGNO AL SERIO,BERGAMO,LOMBARDIA,SCUOLA PRIMARIA,,3,2.846
202425,0.346,42,statale,SCUOLA PRIMARIA,1,BSEE829035,"P.S.MARCO ""PEDRINI E CARLONI""",CALCINATO,BRESCIA,LOMBARDIA,SCUOLA PRIMARIA,,BSEE81301D,PRIMARIA DON LORENZO MILANI,BEDIZZOLE,BRESCIA,LOMBARDIA,SCUOLA PRIMARIA,,1,1.623
202425,0.346,42,statale,SCUOLA PRIMARIA,1,PVEE81903A,LARDIRAGO,LARDIRAGO,PAVIA,LOMBARDIA,SCUOLA PRIMARIA,,PVEE819029,BORNASCO,BORNASCO,PAVIA,LOMBARDIA,SCUOLA PRIMARIA,,1,2.121
202425,0.346,42,statale,SCUOLA PRIMARIA,1,PDEE83601E,CARMIGNANO DI BRENTA DE AMICIS,CARMIGNANO DI BRENTA,PADOVA,VENETO,SCUOLA PRIMARIA,,PDEE84304R,S.PIETRO IN GU' - MARCONI,SAN PIETRO IN GU,PADOVA,VENETO,SCUOLA PRIMARIA,,1,3.121
202425,0.346,42,statale,SCUOLA PRIMARIA,1,CREE804036,BECCADELLO,CASTELLEONE,CREMONA,LOMBARDIA,SCUOLA PRIMARIA,,CREE80201C,"""S. DOMENICO SAVIO"" (MONTODINE)",MONTODINE,CREMONA,LOMBARDIA,SCUOLA PRIMARIA,,1,4.169
202425,0.346,42,statale,SCUOLA PRIMARIA,1,ANEE81602T,"ANCONA ""C. ANTOGNINI""",ANCONA,ANCONA,MARCHE,SCUOLA PRIMARIA,,ANEE81103Q,"""MONTESSORI""",ANCONA,ANCONA,MARCHE,SCUOLA PRIMARIA,,1,1.264
202425,0.346,42,statale,SCUOLA PRIMARIA,1,BSEE84701L,SCUOLA PRIMARIA - REMEDELLO,REMEDELLO,BRESCIA,LOMBARDIA,SCUOLA PRIMARIA,,BSEE84702N,SCUOLA PRIMARIA - VISANO,VISANO,BRESCIA,LOMBARDIA,SCUOLA PRIMARIA,,2,4.059
202425,0.346,42,statale,SCUOLA PRIMARIA,1,FOEE01910L,CESENA 3 SAFFI,CESENA,FORLI'-CESENA,EMILIA ROMAGNA,SCUOLA PRIMARIA,,FOEE01803C,CESENA 2 DANTE ALIGHIERI,CESENA,FORLI'-CESENA,EMILIA ROMAGNA,SCUOLA PRIMARIA,,1,0.934
202425,0.346,42,statale,SCUOLA PRIMARIA,1,PGEE01701B,DON BOSCO - BASTIA UMBRA,BASTIA UMBRA,PERUGIA,UMBRIA,SCUOLA PRIMARIA,,PGEE01705G,FRAZ. OSPEDALICCHIO,BASTIA UMBRA,PERUGIA,UMBRIA,SCUOLA PRIMARIA,,2,0.363
202425,0.346,42,statale,SCUOLA PRIMARIA,1,POEE812037,ALBERTO MANZI,PRATO,PRATO,TOSCANA,SCUOLA PRIMARIA,,POEE817018,FABRIZIO DE ANDRE',PRATO,PRATO,TOSCANA,SCUOLA PRIMARIA,,2,1.055
202425,0.346,42,statale,SCUOLA PRIMARIA,1,BOEE87401A,B. CIARI IC CROCE CASALECCHIO,CASALECCHIO DI RENO,BOLOGNA,EMILIA ROMAGNA,SCUOLA PRIMARIA,,BOEE875016,GIOSUE' CARDUCCI,CASALECCHIO DI RENO,BOLOGNA,EMILIA ROMAGNA,SCUOLA PRIMARIA,,2,0.571
202425,0.346,42,statale,SCUOLA PRIMARIA,1,REEE83101Q,PRIMARIA DON MILANI - NOVELLARA,NOVELLARA,REGGIO EMILIA,EMILIA ROMAGNA,SCUOLA PRIMARIA,,REEE850037,MARTIN LUTHER KING,REGGIO NELL'EMILIA,REGGIO EMILIA,EMILIA ROMAGNA,SCUOLA PRIMARIA,,1,2.714
202425,0.346,42,statale,SCUOLA PRIMARIA,1,RMEE8C701L,CARLO COLLODI,ANZIO,ROMA,LAZIO,SCUOLA PRIMARIA,,RMEE8C602T,VIA GOLDONI 12,ANZIO,ROMA,LAZIO,SCUOLA PRIMARIA,,1,0.686
202425,0.346,42,statale,SCUOLA PRIMARIA,1,RMEE8C701L,CARLO COLLODI,ANZIO,ROMA,LAZIO,SCUOLA PRIMARIA,,RMEE8C410G,VILLA CLAUDIA,ANZIO,ROMA,LAZIO,SCUOLA PRIMARIA,,3,1.737
202425,0.346,42,statale,SCUOLA PRIMARIA,1,ALEE82101N,"OVADA ""PADRE ANDREA DAMILANO""",OVADA,ALESSANDRIA,PIEMONTE,SCUOLA PRIMARIA,,ALEE82103Q,"""GIOVANNI PAOLO II"" OVADA",OVADA,ALESSANDRIA,PIEMONTE,SCUOLA PRIMARIA,,1,0.482
202425,0.346,42,statale,SCUOLA PRIMARIA,1,MIEE89701Q,PRIMARIA TERESA SARTI,MELEGNANO,MILANO,LOMBARDIA,SCUOLA PRIMARIA,,MIEE89801G,PRIMARIA G. DEZZA,MELEGNANO,MILANO,LOMBARDIA,SCUOLA PRIMARIA,,1,0.751
202425,0.346,42,statale,SCUOLA PRIMARIA,1,MIEE8F1011,PRIMARIA F.S.CABRINI,MILANO,MILANO,LOMBARDIA,SCUOLA PRIMARIA,,MIEE815017,MI-MASSAUA AGGR. SMS CARDARELLI,MILANO,MILANO,LOMBARDIA,SCUOLA PRIMARIA,,2,1.481
202425,0.346,42,statale,SCUOLA PRIMARIA,1,RMEE8AG01B,VIA CONCESIO,ROMA,ROMA,LAZIO,SCUOLA PRIMARIA,,RMEE864033,VIA BREMBIO,ROMA,ROMA,LAZIO,SCUOLA PRIMARIA,,1,0.772
202425,0.346,42,statale,SCUOLA PRIMARIA,1,PDEE86001B,TOMBOLO - TOMBOLAN FAVA,TOMBOLO,PADOVA,VENETO,SCUOLA PRIMARIA,,PDEE838027,S.MARTINO DI L.-DUCA D'AOSTA,SAN MARTINO DI LUPARI,PADOVA,VENETO,SCUOLA PRIMARIA,,1,2.543
202425,0.346,42,statale,SCUOLA PRIMARIA,1,FIEE87301L,"""PADRE ERNESTO BALDUCCI""",SESTO FIORENTINO,FIRENZE,TOSCANA,SCUOLA PRIMARIA,,FIEE827031,"""ANNA FRANK""",CALENZANO,FIRENZE,TOSCANA,SCUOLA PRIMARIA,,1,0.879
202425,0.346,42,statale,SCUOLA PRIMARIA,1,ALEE829018,"NOVI LIGURE ""G.RODARI""",NOVI LIGURE,ALESSANDRIA,PIEMONTE,SCUOLA PRIMARIA,,ALEE831029,"NOVI LIGURE ""M.L. ZUCCA""",NOVI LIGURE,ALESSANDRIA,PIEMONTE,SCUOLA PRIMARIA,,1,1.612
202425,0.346,42,statale,SCUOLA PRIMARIA,1,ATEE81801V,FERRARIS - ASTI,ASTI,ASTI,PIEMONTE,SCUOLA PRIMARIA,,ATEE817046,FRAZ. SAN CARLO - ASTI,ASTI,ASTI,PIEMONTE,SCUOLA PRIMARIA,,1,0.607
202425,0.346,42,statale,SCUOLA PRIMARIA,1,ATEE81801V,FERRARIS - ASTI,ASTI,ASTI,PIEMONTE,SCUOLA PRIMARIA,,ATEE81902Q,D'ACQUISTO - ASTI,ASTI,ASTI,PIEMONTE,SCUOLA PRIMARIA,,1,0.634
202425,0.346,42,statale,SCUOLA PRIMARIA,1,BGEE82101X,ALZANO LOMBARDO,ALZANO LOMBARDO,BERGAMO,LOMBARDIA,SCUOLA PRIMARIA,,BGEE821032,ALZANO LOMBARDO - SOPRA,ALZANO LOMBARDO,BERGAMO,LOMBARDIA,SCUOLA PRIMARIA,,1,0.589
202425,0.346,42,statale,SCUOLA PRIMARIA,1,BGEE834089,CAPRIATE S. GERVASIO-S.GERVASIO,CAPRIATE SAN GERVASIO,BERGAMO,LOMBARDIA,SCUOLA PRIMARIA,,BGEE82902G,BREMBATE GRIGNANO,BREMBATE,BERGAMO,LOMBARDIA,SCUOLA PRIMARIA,,2,1.41
202425,0.346,42,statale,SCUOLA PRIMARIA,1,BGEE870026,F.LLI KENNEDY -S.PAOLO D'ARGON,SAN PAOLO D'ARGON,BERGAMO,LOMBARDIA,SCUOLA PRIMARIA,,BGEE87507E,"SERIATE ""G. DONIZETTI""",SERIATE,BERGAMO,LOMBARDIA,SCUOLA PRIMARIA,,1,2.139
202425,0.346,42,statale,SCUOLA PRIMARIA,1,BOEE81503L,MADER - I.C. N. 4 BOLOGNA,BOLOGNA,BOLOGNA,EMILIA ROMAGNA,SCUOLA PRIMARIA,,BOEE82203Q,EMANUELA LOI IC CASTELMAGGIORE,CASTEL MAGGIORE,BOLOGNA,EMILIA ROMAGNA,SCUOLA PRIMARIA,,1,2.897
202425,0.346,42,statale,SCUOLA PRIMARIA,1,BOEE86002D,UGO PIZZOLI,CREVALCORE,BOLOGNA,EMILIA ROMAGNA,SCUOLA PRIMARIA,,FEEE817022,SCUOLA PRIMARIA DI XII MORELLI,CENTO,FERRARA,EMILIA ROMAGNA,SCUOLA PRIMARIA,,1,4.228
202425,0.346,42,statale,SCUOLA PRIMARIA,1,CNEE81002L,ROBILANTE - CAPOLUOGO,ROBILANTE,CUNEO,PIEMONTE,SCUOLA PRIMARIA,,CNEE848089,CUNEO - FRAZ. S. BENIGNO,CUNEO,CUNEO,PIEMONTE,SCUOLA PRIMARIA,,1,3.712
202425,0.346,42,statale,SCUOLA PRIMARIA,1,CSEE81201E,CARMELA BORELLI,COSENZA,COSENZA,CALABRIA,SCUOLA PRIMARIA,,CSEE89701E,"COSENZA I ""ZUMBINI""",COSENZA,COSENZA,CALABRIA,SCUOLA PRIMARIA,,1,1.445
202425,0.346,42,statale,SCUOLA PRIMARIA,1,GEEE805042,S.EL.-D.SPINETTO-MEZZANEGO,MEZZANEGO,GENOVA,LIGURIA,SCUOLA PRIMARIA,,GEEE805053,S.EL. DI CARASCO,CARASCO,GENOVA,LIGURIA,SCUOLA PRIMARIA,,1,4.818
202425,0.346,42,statale,SCUOLA PRIMARIA,1,GEEE83501P,S.EL. - E.MONTANELLA -,GENOVA,GENOVA,LIGURIA,SCUOLA PRIMARIA,,GEEE83502Q,S.EL. - P.THOUAR -,GENOVA,GENOVA,LIGURIA,SCUOLA PRIMARIA,,1,0.799
202425,0.346,42,statale,SCUOLA PRIMARIA,1,IMEE81603V,SCUOLA PRIMARIA LATTE,VENTIMIGLIA,IMPERIA,LIGURIA,SCUOLA PRIMARIA,,IMEE81602T,SCUOLA PRIMARIA VENTIMIGLIAALTA,VENTIMIGLIA,IMPERIA,LIGURIA,SCUOLA PRIMARIA,,1,3.119
202425,0.346,42,statale,SCUOLA PRIMARIA,1,IMEE81905C,S.STEFANO AL MARE,SANTO STEFANO AL MARE,IMPERIA,LIGURIA,SCUOLA PRIMARIA,,IMEE82005L,"""G.MAZZINI""- TAGGIA-LEVA'",TAGGIA,IMPERIA,LIGURIA,SCUOLA PRIMARIA,,1,2.578
202425,0.346,42,statale,SCUOLA PRIMARIA,1,MCEE827066,ANNA FRANK,MACERATA,MACERATA,MARCHE,SCUOLA PRIMARIA,,MCEE82401D,ARCOBALENO,TREIA,MACERATA,MARCHE,SCUOLA PRIMARIA,,1,0.143
202425,0.346,42,statale,SCUOLA PRIMARIA,1,MIEE8C6029,PRIMARIA PARETO,MILANO,MILANO,LOMBARDIA,SCUOLA PRIMARIA,,MIEE8C302T,PRIMARIA VIA QUARENGHI,MILANO,MILANO,LOMBARDIA,SCUOLA PRIMARIA,,1,0.986
202425,0.346,42,statale,SCUOLA PRIMARIA,1,MOEE818021,""" M.A.TRENTI CARMELINA"" S.VITO",SPILAMBERTO,MODENA,EMILIA ROMAGNA,SCUOLA PRIMARIA,,MOEE82102R,"""DON L. MILANI"" CASTELNUOVO R.",CASTELNUOVO RANGONE,MODENA,EMILIA ROMAGNA,SCUOLA PRIMARIA,,1,2.722
202425,0.346,42,statale,SCUOLA PRIMARIA,1,NAEE18707V,TERZIGNO - ROSA MIRANDA -,TERZIGNO,NAPOLI,CAMPANIA,SCUOLA PRIMARIA,,NAEE18701L,TERZIGNO - CAPOLUOGO -,TERZIGNO,NAPOLI,CAMPANIA,SCUOLA PRIMARIA,,1,0.828
202425,0.346,42,statale,SCUOLA PRIMARIA,1,PGEE02302Q,MARTIRI D.LIBERTA'- C. CASTELLO,CITTA' DI CASTELLO,PERUGIA,UMBRIA,SCUOLA PRIMARIA,,PGEE02303R,RIGNALDELLO,CITTA' DI CASTELLO,PERUGIA,UMBRIA,SCUOLA PRIMARIA,,1,0.738
202425,0.346,42,statale,SCUOLA PRIMARIA,1,PIEE840014,FUCINI,CASCINA,PISA,TOSCANA,SCUOLA PRIMARIA,,PIEE839032,D.ALIGHIERI,CASCINA,PISA,TOSCANA,SCUOLA PRIMARIA,,1,1.246
202425,0.346,42,statale,SCUOLA PRIMARIA,1,POEE818014,"""IQBAL""",PRATO,PRATO,TOSCANA,SCUOLA PRIMARIA,,POEE818025,PIZZIDIMONTE,PRATO,PRATO,TOSCANA,SCUOLA PRIMARIA,,1,1.762
202425,0.346,42,statale,SCUOLA PRIMARIA,1,PSEE810047,"TAVERNELLE ""G. FALCONE""",COLLI AL METAURO,PESARO E URBINO,MARCHE,SCUOLA PRIMARIA,,PSEE823027,COLLI AL METAURO - CALCINELLI,COLLI AL METAURO,PESARO E URBINO,MARCHE,SCUOLA PRIMARIA,,1,2.864
202425,0.346,42,statale,SCUOLA PRIMARIA,1,PTEE824048,S.PRIMARIA T.P. SANDRO PERTINI,UZZANO,PISTOIA,TOSCANA,SCUOLA PRIMARIA,,PTEE824037,"S. PRIMARIA ""A. BARTOLOZZI""",UZZANO,PISTOIA,TOSCANA,SCUOLA PRIMARIA,,1,0.138
202425,0.346,42,statale,SCUOLA PRIMARIA,1,REEE82801X,POVIGLIO CAP.,POVIGLIO,REGGIO EMILIA,EMILIA ROMAGNA,SCUOLA PRIMARIA,,REEE820019,CASTELNOVO SOTTO CAP.,CASTELNOVO DI SOTTO,REGGIO EMILIA,EMILIA ROMAGNA,SCUOLA PRIMARIA,,1,3.8
202425,0.346,42,statale,SCUOLA PRIMARIA,1,RGEE83101A,MARINA DI RAGUSA,RAGUSA,RAGUSA,SICILIA,SCUOLA PRIMARIA,,RGEE813062,SCUOLA PRIMARIA NICOLO 1,SCICLI,RAGUSA,SICILIA,SCUOLA PRIMARIA,,1,1.046
202425,0.346,42,statale,SCUOLA PRIMARIA,1,ROEE816016,S. PERTINI - BADIA POLESINE,BADIA POLESINE,ROVIGO,VENETO,SCUOLA PRIMARIA,,PDEE854036,"PRIMARIA ""CROCE"" GRANZE",GRANZE,PADOVA,VENETO,SCUOLA PRIMARIA,,1,4.16
202425,0.346,42,statale,SCUOLA PRIMARIA,1,SIEE821018,EDMONDO DE AMICIS,MONTEPULCIANO,SIENA,TOSCANA,SCUOLA PRIMARIA,,SIEE821029,PRIMARIA SANT'ALBINO,MONTEPULCIANO,SIENA,TOSCANA,SCUOLA PRIMARIA,,1,3.517
202425,0.346,42,statale,SCUOLA PRIMARIA,1,TEEE82304R,SANT'ONOFRIO,CAMPLI,TERAMO,ABRUZZO,SCUOLA PRIMARIA,,TEEE826048,SANT'OMERO GARRUFO,SANT'OMERO,TERAMO,ABRUZZO,SCUOLA PRIMARIA,,2,4.61
202425,0.346,42,statale,SCUOLA PRIMARIA,1,TVEE83704G,ORESTE BATTISTELLA -NERVESA CAP,NERVESA DELLA BATTAGLIA,TREVISO,VENETO,SCUOLA PRIMARIA,,TVEE85202G,MARCO POLO - COLFOSCO,SUSEGANA,TREVISO,VENETO,SCUOLA PRIMARIA,,1,1.443
202425,0.346,42,statale,SCUOLA PRIMARIA,1,TVEE86002E,DANTE ALIGHIERI - ORMELLE,ORMELLE,TREVISO,VENETO,SCUOLA PRIMARIA,,TVEE86004L,G. B. LOVADINA - CIMADOLMO,CIMADOLMO,TREVISO,VENETO,SCUOLA PRIMARIA,,1,4.642
202425,0.346,42,statale,SCUOLA PRIMARIA,1,VAEE845011,B. CONTARDO FERRINI-OLGIATE OL.,OLGIATE OLONA,VARESE,LOMBARDIA,SCUOLA PRIMARIA,,VAEE845022,G. CARDUCCI - OLGIATE OLONA -,OLGIATE OLONA,VARESE,LOMBARDIA,SCUOLA PRIMARIA,,1,0.842
202425,0.346,42,statale,SCUOLA PRIMARIA,1,VEEE83001N,CAZZAGO,PIANIGA,VENEZIA,VENETO,SCUOLA PRIMARIA,,VEEE86703A,GIOTTO,DOLO,VENEZIA,VENETO,SCUOLA PRIMARIA,,1,1.515
202425,0.346,42,statale,SCUOLA PRIMARIA,1,VEEE855023,LOMBARDO RADICE,CAVARZERE,VENEZIA,VENETO,SCUOLA PRIMARIA,,VEEE855012,DANTE ALIGHIERI,CAVARZERE,VENEZIA,VENETO,SCUOLA PRIMARIA,,1,2.348
202425,0.346,42,statale,SCUOLA PRIMARIA,1,VEEE86003G,C.GOLDONI - TEMPO PIENO,SPINEA,VENEZIA,VENETO,SCUOLA PRIMARIA,,VEEE86102A,"""MARCO POLO""",SPINEA,VENEZIA,VENETO,SCUOLA PRIMARIA,,2,1.469
202425,0.346,42,statale,SCUOLA PRIMARIA,1,VIEE81202C,IC CASTELGOMBERTO -CAPOLUOGO,CASTELGOMBERTO,VICENZA,VENETO,SCUOLA PRIMARIA,,VIEE885048,D.G. ALBANELLO,NOGAROLE VICENTINO,VICENZA,VENETO,SCUOLA PRIMARIA,,1,0.759
202425,0.346,42,statale,SCUOLA PRIMARIA,1,VIEE827026,G.PASCOLI,PIOVENE ROCCHETTE,VICENZA,VENETO,SCUOLA PRIMARIA,,VIEE827015,DON P. COSTA,PIOVENE ROCCHETTE,VICENZA,VENETO,SCUOLA PRIMARIA,,1,1.425
202425,0.346,42,statale,SCUOLA PRIMARIA,1,VIEE87302X,"PR. ""R.AGAZZI"" - BARBARANO PON",BARBARANO MOSSANO,VICENZA,VENETO,SCUOLA PRIMARIA,,VIEE873031,"PR. ""EUROPA"" - MOSSANO",BARBARANO MOSSANO,VICENZA,VENETO,SCUOLA PRIMARIA,,1,3.399
202425,0.346,42,statale,SCUOLA PRIMARIA,1,VIEE880023,VALDAGNO - PONTE DEI NORI,VALDAGNO,VICENZA,VENETO,SCUOLA PRIMARIA,,VIEE828044,PRIMARIA BORNE,VALDAGNO,VICENZA,VENETO,SCUOLA PRIMARIA,,1,1.105
202425,0.346,42,statale,SCUOLA PRIMARIA,1,VREE84201G,ROVERCHIARA-PASCOLI G.,ROVERCHIARA,VERONA,VENETO,SCUOLA PRIMARIA,,VREE816035,CORIANO,ALBAREDO D'ADIGE,VERONA,VENETO,SCUOLA PRIMARIA,,1,3.625
202425,0.346,42,statale,SCUOLA PRIMARIA,1,VREE85702A,CASELLE,NOGARA,VERONA,VENETO,SCUOLA PRIMARIA,,VREE873028,"""DOMENICO SAVIO"" RONCANOVA",GAZZO VERONESE,VERONA,VENETO,SCUOLA PRIMARIA,,1,4.091
202425,0.346,42,statale,SCUOLA PRIMARIA,1,VREE89801G,"""G. COTTA""-LEGNAGO 1",LEGNAGO,VERONA,VENETO,SCUOLA PRIMARIA,,VREE89702R,DON CIRILLO BOSCAGIN S.VITO,LEGNAGO,VERONA,VENETO,SCUOLA PRIMARIA,,1,3.813
202425,0.346,42,statale,SCUOLA PRIMARIA,1,MBEE8F4019,DANTE - LISSONE I,LISSONE,MONZA E DELLA BRIANZA,LOMBARDIA,SCUOLA PRIMARIA,,MBEE89202E,SCUOLA PRIMARIA BUONARROTI,LISSONE,MONZA E DELLA BRIANZA,LOMBARDIA,SCUOLA PRIMARIA,,1,1.202
202425,0.346,42,statale,SCUOLA PRIMARIA,1,MBEE8F4019,DANTE - LISSONE I,LISSONE,MONZA E DELLA BRIANZA,LOMBARDIA,SCUOLA PRIMARIA,,MBEE8F402A,TASSO - LISSONE,LISSONE,MONZA E DELLA BRIANZA,LOMBARDIA,SCUOLA PRIMARIA,,1,1.332
202425,0.346,42,statale,SCUOLA PRIMARIA,1,SPEE81601X,LA SPEZIA P.ZZA VERDI GARIBALDI,LA SPEZIA,LA SPEZIA,LIGURIA,SCUOLA PRIMARIA,,SPEE81903D,"SC. ELEM. STAT. ""D.ALIGHIERI""",LA SPEZIA,LA SPEZIA,LIGURIA,SCUOLA PRIMARIA,,2,0.946
202425,0.346,42,statale,SCUOLA PRIMARIA,1,BSEE83301P,CAPRIOLO - VIA GORIZIA,CAPRIOLO,BRESCIA,LOMBARDIA,SCUOLA PRIMARIA,,BGEE83802A,CASTELLI CALEPIO,CASTELLI CALEPIO,BERGAMO,LOMBARDIA,SCUOLA PRIMARIA,,3,2.188
202425,0.346,42,statale,SCUOLA PRIMARIA,1,BSEE86701T,"SCUOLA PRIMARIA ""DON L.MILANI""",PREVALLE,BRESCIA,LOMBARDIA,SCUOLA PRIMARIA,,BSEE85103A,PRIMARIA DI PAITONE,PAITONE,BRESCIA,LOMBARDIA,SCUOLA PRIMARIA,,2,1.912
202425,0.346,42,statale,SCUOLA PRIMARIA,1,BGEE83102G,"S.PRIMARIA ""SUOR VITAROSA ZORZA",PALOSCO,BERGAMO,LOMBARDIA,SCUOLA PRIMARIA,,BSEE84101N,G.A. GALIGNANI,PALAZZOLO SULL'OGLIO,BRESCIA,LOMBARDIA,SCUOLA PRIMARIA,,2,3.716
202425,0.346,42,statale,SCUOLA PRIMARIA,1,FIEE86501N,L. IL MAGNIFICO,CAMPI BISENZIO,FIRENZE,TOSCANA,SCUOLA PRIMARIA,,FIEE86401T,AURORA GELLI,CAMPI BISENZIO,FIRENZE,TOSCANA,SCUOLA PRIMARIA,,2,0.248
202425,0.346,42,statale,SCUOLA PRIMARIA,1,TOEE858015,I.C. SANTENA - CAVOUR,SANTENA,TORINO,PIEMONTE,SCUOLA PRIMARIA,,TOEE858026,I.C. SANTENA - VIA GOZZANO,SANTENA,TORINO,PIEMONTE,SCUOLA PRIMARIA,,1,0.662
202425,0.346,42,statale,SCUOLA PRIMARIA,1,NOEE83303B,VITTORIO ALFIERI,BORGOMANERO,NOVARA,PIEMONTE,SCUOLA PRIMARIA,,NOEE83205N,PRIMARIA SANTA CROCE,BORGOMANERO,NOVARA,PIEMONTE,SCUOLA PRIMARIA,,2,2.144
202425,0.346,42,statale,SCUOLA PRIMARIA,1,PIEE81901P,"""GIUSTI""",PONSACCO,PISA,TOSCANA,SCUOLA PRIMARIA,,PIEE81904T,FUCINI,PONSACCO,PISA,TOSCANA,SCUOLA PRIMARIA,,1,0.277
202425,0.346,42,statale,SCUOLA PRIMARIA,1,RMEE85701T,PLESSO L. ANGELINI,ROMA,ROMA,LAZIO,SCUOLA PRIMARIA,,RMEE885023,MARIE CURIE,FORMELLO,ROMA,LAZIO,SCUOLA PRIMARIA,,1,3.235
202425,0.346,42,statale,SCUOLA PRIMARIA,1,FOEE81501T,GAMBETTOLA PASCOLI,GAMBETTOLA,FORLI'-CESENA,EMILIA ROMAGNA,SCUOLA PRIMARIA,,FOEE80702X,LONGIANO GIULIO MURATORI,LONGIANO,FORLI'-CESENA,EMILIA ROMAGNA,SCUOLA PRIMARIA,,3,2.537
202425,0.346,42,statale,SCUOLA PRIMARIA,1,FEEE810016,"""A.COSTA""-FERRARA",FERRARA,FERRARA,EMILIA ROMAGNA,SCUOLA PRIMARIA,,FEEE803035,"""E.DE AMICIS""- FORMIGNANA",TRESIGNANA,FERRARA,EMILIA ROMAGNA,SCUOLA PRIMARIA,,1,0.337
202425,0.346,42,statale,SCUOLA PRIMARIA,1,MIEE8AV025,PRIMARIA MOMBRETTO,MEDIGLIA,MILANO,LOMBARDIA,SCUOLA PRIMARIA,,MIEE8CJ02R,PRIMARIA CARLO PORTA,TREZZANO ROSA,MILANO,LOMBARDIA,SCUOLA PRIMARIA,,1,0.332
202425,0.346,42,statale,SCUOLA PRIMARIA,1,PCEE81601P,RIVERGARO - CAPOLUOGO,RIVERGARO,PIACENZA,EMILIA ROMAGNA,SCUOLA PRIMARIA,,PCEE81602Q,SCUOLA PRIMARIA NIVIANO,RIVERGARO,PIACENZA,EMILIA ROMAGNA,SCUOLA PRIMARIA,,1,3.331
202425,0.346,42,statale,SCUOLA PRIMARIA,1,TPEE844026,"PLESSO ""POGGIOREALE""",MAZARA DEL VALLO,TRAPANI,SICILIA,SCUOLA PRIMARIA,,TPEE843019,"PLESSO ""S. S. G.PAOLO II""",MAZARA DEL VALLO,TRAPANI,SICILIA,SCUOLA PRIMARIA,,1,0.417
202425,0.346,42,statale,SCUOLA PRIMARIA,1,VEEE847013,C. COLOMBO-CHIRIGNAGO,VENEZIA,VENEZIA,VENETO,SCUOLA PRIMARIA,,VEEE86102A,"""MARCO POLO""",SPINEA,VENEZIA,VENETO,SCUOLA PRIMARIA,,1,4.108
202425,0.346,42,statale,SCUOLA PRIMARIA,1,BSEE84201D,PONTOGLIO- AI CADUTI,PONTOGLIO,BRESCIA,LOMBARDIA,SCUOLA PRIMARIA,,PVEE81304C,GERENZAGO,GERENZAGO,PAVIA,LOMBARDIA,SCUOLA PRIMARIA,,1,3.669
202425,0.346,42,statale,SCUOLA PRIMARIA,1,LOEE806058,PRIMARIA - MALEO,MALEO,LODI,LOMBARDIA,SCUOLA PRIMARIA,,LOEE80804V,PRIMARIA - CASTELGERUNDO,CASTELGERUNDO,LODI,LOMBARDIA,SCUOLA PRIMARIA,,1,2.554
202425,0.346,42,statale,SCUOLA PRIMARIA,1,NAEE187103,TERZIGNO - PROP. ALLOCCA,TERZIGNO,NAPOLI,CAMPANIA,SCUOLA PRIMARIA,,NAEE18701L,TERZIGNO - CAPOLUOGO -,TERZIGNO,NAPOLI,CAMPANIA,SCUOLA PRIMARIA,,1,0.505
202425,0.346,42,statale,SCUOLA PRIMARIA,1,BSEE89801D,SCUOLA PRIMARIA STATALE,MANERBIO,BRESCIA,LOMBARDIA,SCUOLA PRIMARIA,,BSEE89704R,SCUOLA PRIMARIA DI BASSANO B.NO,BASSANO BRESCIANO,BRESCIA,LOMBARDIA,SCUOLA PRIMARIA,,1,3.346
202425,0.346,42,statale,SCUOLA PRIMARIA,1,LTEE839015,G.CENA (CAPOLUOGO),CISTERNA DI LATINA,LATINA,LAZIO,SCUOLA PRIMARIA,,LTEE800053,CERCIABELLA,CISTERNA DI LATINA,LATINA,LAZIO,SCUOLA PRIMARIA,,1,0.471
202425,0.346,42,statale,SCUOLA PRIMARIA,1,BOEE87202Q,DOZZA,BOLOGNA,BOLOGNA,EMILIA ROMAGNA,SCUOLA PRIMARIA,,BOEE87301E,ZAMBONI - I.C. N. 16 BOLOGNA,BOLOGNA,BOLOGNA,EMILIA ROMAGNA,SCUOLA PRIMARIA,,1,4.095
202425,0.346,42,statale,SCUOLA PRIMARIA,1,BSEE83803X,SCUOLA PRIMARIA DI PIAMBORNO,PIANCOGNO,BRESCIA,LOMBARDIA,SCUOLA PRIMARIA,,BSEE83801T,SCUOLA PRIMARIACADUTI NEI LAGER,ESINE,BRESCIA,LOMBARDIA,SCUOLA PRIMARIA,,1,2.81
202425,0.346,42,statale,SCUOLA PRIMARIA,1,SIEE827028,PRIMARIA ANTONIO SALVETTI,COLLE DI VAL D'ELSA,SIENA,TOSCANA,SCUOLA PRIMARIA,,SIEE828035,SANT'ANDREA,COLLE DI VAL D'ELSA,SIENA,TOSCANA,SCUOLA PRIMARIA,,1,0.186
202425,0.346,42,statale,SCUOLA PRIMARIA,1,MIEE8AW024,"PRIMARIA I MAGGIO""",CORMANO,MILANO,LOMBARDIA,SCUOLA PRIMARIA,,MIEE8F301L,PRIMARIA E. DE MARCHI,PADERNO DUGNANO,MILANO,LOMBARDIA,SCUOLA PRIMARIA,,1,1.706
202425,0.346,42,statale,SCUOLA PRIMARIA,1,BOEE820023,LONGARA,CALDERARA DI RENO,BOLOGNA,EMILIA ROMAGNA,SCUOLA PRIMARIA,,BOEE82205T,ITALO CALVINO,CASTEL MAGGIORE,BOLOGNA,EMILIA ROMAGNA,SCUOLA PRIMARIA,,1,2.045
202425,0.346,42,statale,SCUOLA PRIMARIA,1,MIEE8D102R,PRIMARIA DANTE ALIGHIERI,MILANO,MILANO,LOMBARDIA,SCUOLA PRIMARIA,,MIEE8F0015,PRIMARIA PIETRO MICCA,MILANO,MILANO,LOMBARDIA,SCUOLA PRIMARIA,,1,1.35
202425,0.346,42,statale,SCUOLA PRIMARIA,1,PREE80902D,MEDESANO CPL,MEDESANO,PARMA,EMILIA ROMAGNA,SCUOLA PRIMARIA,,PREE80901C,FELEGARA (MEDESANO),MEDESANO,PARMA,EMILIA ROMAGNA,SCUOLA PRIMARIA,,1,4.257
202425,0.346,42,statale,SCUOLA PRIMARIA,1,RNEE819022,F. FELLINI (IC ALIGHIERI),RIMINI,RIMINI,EMILIA ROMAGNA,SCUOLA PRIMARIA,,RNEE806075,LAMBRUSCHINI (IC MARVELLI),RIMINI,RIMINI,EMILIA ROMAGNA,SCUOLA PRIMARIA,,1,0.777
202425,0.346,42,statale,SCUOLA PRIMARIA,1,TPEE83403L,"PLESSO ""LOMBARDO RADICE""",ALCAMO,TRAPANI,SICILIA,SCUOLA PRIMARIA,,TPEE810023,"PLESSO ""L. PIRANDELLO""",ALCAMO,TRAPANI,SICILIA,SCUOLA PRIMARIA,,1,0.123
202425,0.346,42,statale,SCUOLA PRIMARIA,1,VAEE86903G,"LUIGI SACCO - VARESE ""SACCO""",VARESE,VARESE,LOMBARDIA,SCUOLA PRIMARIA,,VAEE86901D,4 NOVEMBRE - VARESE-SAN FERMO-,VARESE,VARESE,LOMBARDIA,SCUOLA PRIMARIA,,1,1.168
202425,0.346,42,statale,SCUOLA PRIMARIA,1,BGEE84604B,PONTIROLO NUOVO,PONTIROLO NUOVO,BERGAMO,LOMBARDIA,SCUOLA PRIMARIA,,BGEE842011,"""BRUNO MUNARI"" BOLTIERE",BOLTIERE,BERGAMO,LOMBARDIA,SCUOLA PRIMARIA,,1,3.364
202425,0.346,42,statale,SCUOLA PRIMARIA,1,MOEE82601V,"""FRATELLI CERVI""NONANTOLA",NONANTOLA,MODENA,EMILIA ROMAGNA,SCUOLA PRIMARIA,,MOEE82602X,"""IDA NASCIMBENI"" NONANTOLA",NONANTOLA,MODENA,EMILIA ROMAGNA,SCUOLA PRIMARIA,,1,0.502
202425,0.346,42,statale,SCUOLA PRIMARIA,1,MSEE80905X,"""GIANNI RODARI"" CARRARA AVENZA",CARRARA,MASSA-CARRARA,TOSCANA,SCUOLA PRIMARIA,,MSEE80902R,"""EUGENIO CHIESA"" CARRARA AVENZA",CARRARA,MASSA-CARRARA,TOSCANA,SCUOLA PRIMARIA,,1,0.549
202425,0.346,42,statale,SCUOLA PRIMARIA,1,TOEE81901E,I.C. MANZONI - RAYNERI,TORINO,TORINO,PIEMONTE,SCUOLA PRIMARIA,,TOEE815017,"I.C. ""TOMMASEO""",TORINO,TORINO,PIEMONTE,SCUOLA PRIMARIA,,2,0.941
202425,0.346,42,statale,SCUOLA PRIMARIA,1,ALEE81305V,"""C. CAVOUR"" VIGNOLE B.RA",VIGNOLE BORBERA,ALESSANDRIA,PIEMONTE,SCUOLA PRIMARIA,,ALEE81301P,"ARQUATA SCRIVIA ""G.PASCOLI""",ARQUATA SCRIVIA,ALESSANDRIA,PIEMONTE,SCUOLA PRIMARIA,,1,2.385
202425,0.346,42,statale,SCUOLA PRIMARIA,1,BGEE83409A,FILAGO CAP.,FILAGO,BERGAMO,LOMBARDIA,SCUOLA PRIMARIA,,BGEE82902G,BREMBATE GRIGNANO,BREMBATE,BERGAMO,LOMBARDIA,SCUOLA PRIMARIA,,1,2.128
202425,0.346,42,statale,SCUOLA PRIMARIA,1,BSEE844015,BAGNOLO MELLA - VIA 26 APRILE,BAGNOLO MELLA,BRESCIA,LOMBARDIA,SCUOLA PRIMARIA,,BSEE89603X,LENO FRAZ. PORZANO,LENO,BRESCIA,LOMBARDIA,SCUOLA PRIMARIA,,1,3.446
202425,0.346,42,statale,SCUOLA PRIMARIA,1,MBEE87002N,"""KENNEDY""",VAREDO,MONZA E DELLA BRIANZA,LOMBARDIA,SCUOLA PRIMARIA,,MBEE87101C,BAGATTI VALSECCHI - VAREDO,VAREDO,MONZA E DELLA BRIANZA,LOMBARDIA,SCUOLA PRIMARIA,,1,0.885
202425,0.346,42,statale,SCUOLA PRIMARIA,1,MOEE83101A,"""C.MENOTTI "" SPEZZANO",FIORANO MODENESE,MODENA,EMILIA ROMAGNA,SCUOLA PRIMARIA,,MOEE83102B,"""LUISA GUIDOTTI "" SPEZZANO",FIORANO MODENESE,MODENA,EMILIA ROMAGNA,SCUOLA PRIMARIA,,1,1.013
202425,0.346,42,statale,SCUOLA PRIMARIA,1,PAEE82503A,SCIARA S.GIOVANNI BOSCO=,SCIARA,PALERMO,SICILIA,SCUOLA PRIMARIA,,PAEE82901G,I.C. CERDA - M.D.F. GIUSEPPE,CERDA,PALERMO,SICILIA,SCUOLA PRIMARIA,,1,5.0
202425,0.346,42,statale,SCUOLA PRIMARIA,1,PCEE80903N,PONTENURE-CAPOLUOGO,PONTENURE,PIACENZA,EMILIA ROMAGNA,SCUOLA PRIMARIA,,PCEE81002R,FRAZ. SAN POLO,PODENZANO,PIACENZA,EMILIA ROMAGNA,SCUOLA PRIMARIA,,1,4.262
202425,0.346,42,statale,SCUOLA PRIMARIA,1,REEE85404G,"""L.SPALLANZANI""",SCANDIANO,REGGIO EMILIA,EMILIA ROMAGNA,SCUOLA PRIMARIA,,REEE85401C,RITA LEVI MONTALCINI,SCANDIANO,REGGIO EMILIA,EMILIA ROMAGNA,SCUOLA PRIMARIA,,1,0.324
202425,0.346,42,statale,SCUOLA PRIMARIA,1,RNEE819033,ANNA FRANK (IC ALIGHIERI),RIMINI,RIMINI,EMILIA ROMAGNA,SCUOLA PRIMARIA,,RNEE819044,M.TERESA DI C. - IC ALIGHIERI,RIMINI,RIMINI,EMILIA ROMAGNA,SCUOLA PRIMARIA,,1,1.324
202425,0.346,42,statale,SCUOLA PRIMARIA,1,VAEE82701B,"""G.B.CITTOLINI"" - CITTIGLIO -",CITTIGLIO,VARESE,LOMBARDIA,SCUOLA PRIMARIA,,VAEE82702C,"""CAPITANO ZOPPIS"" - BRENTA -",BRENTA,VARESE,LOMBARDIA,SCUOLA PRIMARIA,,1,1.501
202425,0.346,42,statale,SCUOLA PRIMARIA,1,VREE816046,ALBAREDO D'ADIGE,ALBAREDO D'ADIGE,VERONA,VENETO,SCUOLA PRIMARIA,,VREE816024,RONCO ALL'ADIGE,RONCO ALL'ADIGE,VERONA,VENETO,SCUOLA PRIMARIA,,1,3.346
202425,0.346,42,statale,SCUOLA PRIMARIA,1,FGEE85901N,PARISI,FOGGIA,FOGGIA,PUGLIA,SCUOLA PRIMARIA,,FGEE00501A,S. GIOVANNI BOSCO,FOGGIA,FOGGIA,PUGLIA,SCUOLA PRIMARIA,,1,0.561
202425,0.346,42,statale,SCUOLA PRIMARIA,1,SVEE811017,CAIRO MONTENOTTE CAP.,CAIRO MONTENOTTE,SAVONA,LIGURIA,SCUOLA PRIMARIA,,SVEE803018,PRIMARIA CARCARE- GIANNI RODARI,CARCARE,SAVONA,LIGURIA,SCUOLA PRIMARIA,,2,4.718
202425,0.346,42,statale,SCUOLA PRIMARIA,1,BOEE80802C,MORANDI,BOLOGNA,BOLOGNA,EMILIA ROMAGNA,SCUOLA PRIMARIA,,BOEE87402B,XXV APRILE 1945,CASALECCHIO DI RENO,BOLOGNA,EMILIA ROMAGNA,SCUOLA PRIMARIA,,1,0.591
202425,0.346,42,statale,SCUOLA PRIMARIA,1,FIEE877054,"SAN PIERINO - ""R.FUCINI""",FUCECCHIO,FIRENZE,TOSCANA,SCUOLA PRIMARIA,,FIEE877043,"CAPOLUOGO ""PASCOLI""",FUCECCHIO,FIRENZE,TOSCANA,SCUOLA PRIMARIA,,1,1.635
202425,0.346,42,statale,SCUOLA PRIMARIA,1,LTEE85202L,S.MAGNO,FONDI,LATINA,LAZIO,SCUOLA PRIMARIA,,LTEE81901X,CAMPO MARINELLO,MONTE SAN BIAGIO,LATINA,LAZIO,SCUOLA PRIMARIA,,1,2.663
202425,0.346,42,statale,SCUOLA PRIMARIA,1,MBEE8BS02B,"SCUOLA ELEMENTARE ""G. PARINI""",CAMPARADA,MONZA E DELLA BRIANZA,LOMBARDIA,SCUOLA PRIMARIA,,MBEE8CL012,"""SUOR E. RENZI""",USMATE VELATE,MONZA E DELLA BRIANZA,LOMBARDIA,SCUOLA PRIMARIA,,1,1.79
202425,0.346,42,statale,SCUOLA PRIMARIA,1,MOEE820032,DON FERDINANDO GATTI- SOLIGNANO,CASTELVETRO DI MODENA,MODENA,EMILIA ROMAGNA,SCUOLA PRIMARIA,,MOEE833012,"""GIANNI RODARI "" POZZA",MARANELLO,MODENA,EMILIA ROMAGNA,SCUOLA PRIMARIA,,1,2.545
202425,0.346,42,statale,SCUOLA PRIMARIA,1,NAEE8GK011,S.GENNARO I.C. COZZOLINO-NAPPO,SAN GENNARO VESUVIANO,NAPOLI,CAMPANIA,SCUOLA PRIMARIA,,NAEE8AP05L,NOLA IC MAMELI CINQUEVIE,NOLA,NAPOLI,CAMPANIA,SCUOLA PRIMARIA,,1,1.331
202425,0.346,42,statale,SCUOLA PRIMARIA,1,TOEE816024,I.C. KING MILA - CORSO FRANCIA,TORINO,TORINO,PIEMONTE,SCUOLA PRIMARIA,,TOEE859022,IC COLLEGNO-PARADISO - CATTANEO,COLLEGNO,TORINO,PIEMONTE,SCUOLA PRIMARIA,,1,0.44
202425,0.346,42,statale,SCUOLA PRIMARIA,1,UDEE851013,"""A. MANZONI""",CIVIDALE DEL FRIULI,UDINE,FRIULI-VENEZIA G.,SCUOLA PRIMARIA,,UDEE851035,"""J. TOMADINI"" - RUALIS",CIVIDALE DEL FRIULI,UDINE,FRIULI-VENEZIA G.,SCUOLA PRIMARIA,,1,0.856
202425,0.346,42,statale,SCUOLA PRIMARIA,1,VREE87703L,SALGARI E.,VERONA,VERONA,VENETO,SCUOLA PRIMARIA,,VREE86701X,ALPO DI VILLAFRANCA DI VERONA,VILLAFRANCA DI VERONA,VERONA,VENETO,SCUOLA PRIMARIA,,1,1.404
202425,0.346,42,statale,SCUOLA PRIMARIA,1,BSEE86201P,CASTELCOVATI CAP.,CASTELCOVATI,BRESCIA,LOMBARDIA,SCUOLA PRIMARIA,,BSEE859031,MACLODIO 'BENTI MATTEO',MACLODIO,BRESCIA,LOMBARDIA,SCUOLA PRIMARIA,,1,3.512
202425,0.346,42,statale,SCUOLA PRIMARIA,1,RMEE8GB01X,IC ALBANO PLESSO COLLODI,ALBANO LAZIALE,ROMA,LAZIO,SCUOLA PRIMARIA,,RMEE8A3047,LIVIO TEMPESTA,ARICCIA,ROMA,LAZIO,SCUOLA PRIMARIA,,1,0.356
202425,0.346,42,statale,SCUOLA PRIMARIA,1,RMEE863015,GIUSTI,ROMA,ROMA,LAZIO,SCUOLA PRIMARIA,,RMEE864033,VIA BREMBIO,ROMA,ROMA,LAZIO,SCUOLA PRIMARIA,,1,0.461
202425,0.346,42,statale,SCUOLA PRIMARIA,1,VAEE84801C,S. GIOVANNI BOSCO-,SARONNO,VARESE,LOMBARDIA,SCUOLA PRIMARIA,,VAEE852014,A.M. CERIANI - UBOLDO -,UBOLDO,VARESE,LOMBARDIA,SCUOLA PRIMARIA,,1,1.192
202425,0.346,42,statale,SCUOLA PRIMARIA,1,TOEE808036,ANNA FRANK,TORINO,TORINO,PIEMONTE,SCUOLA PRIMARIA,,TOEE86401C,"SCUOLA ""A. SPINELLI""",TORINO,TORINO,PIEMONTE,SCUOLA PRIMARIA,,1,4.348
202425,0.346,42,statale,SCUOLA PRIMARIA,1,BIEE81903P,PRIMARIA DI VALLE MOSSO,VALDILANA,BIELLA,PIEMONTE,SCUOLA PRIMARIA,,BIEE802039,PRIMARIA PORTULA,PORTULA,BIELLA,PIEMONTE,SCUOLA PRIMARIA,,1,3.269
202425,0.346,42,statale,SCUOLA PRIMARIA,1,CZEE830021,PRIMARIA MIGLIERINA,MIGLIERINA,CATANZARO,CALABRIA,SCUOLA PRIMARIA,,CZEE830032,PRIMARIA MARCELLINARA,MARCELLINARA,CATANZARO,CALABRIA,SCUOLA PRIMARIA,,1,2.852
202425,0.346,42,statale,SCUOLA PRIMARIA,1,LCEE82704E,"""G. MARCONI"" PESCATE",PESCATE,LECCO,LOMBARDIA,SCUOLA PRIMARIA,,LCEE82703D,"""ENRICO TOTI"" MAGGIANICO",LECCO,LECCO,LOMBARDIA,SCUOLA PRIMARIA,,1,1.668
202425,0.346,42,statale,SCUOLA PRIMARIA,1,MBEE8GA03E,ANNA FRANK,LIMBIATE,MONZA E DELLA BRIANZA,LOMBARDIA,SCUOLA PRIMARIA,,MBEE86801L,MANZONI,BOVISIO-MASCIAGO,MONZA E DELLA BRIANZA,LOMBARDIA,SCUOLA PRIMARIA,,1,1.13
202425,0.346,42,statale,SCUOLA PRIMARIA,1,POEE80703Q,TERESA MERONI,CANTAGALLO,PRATO,TOSCANA,SCUOLA PRIMARIA,,POEE80702P,CAPOLUOGO VAIANO-VIA GARIBALDI,VAIANO,PRATO,TOSCANA,SCUOLA PRIMARIA,,1,1.095
202425,0.346,42,statale,SCUOLA PRIMARIA,1,PTEE82203G,"""PAOLO CASCIANI""",MONTECATINI-TERME,PISTOIA,TOSCANA,SCUOLA PRIMARIA,,PTEE80601G,"""GIANO GIANI""- MASSA CAPOLUOGO",MASSA E COZZILE,PISTOIA,TOSCANA,SCUOLA PRIMARIA,,1,3.037
202425,0.346,42,statale,SCUOLA PRIMARIA,1,TEEE843042,"SANTA LUCIA ""S. SORGENTONE""",ROSETO DEGLI ABRUZZI,TERAMO,ABRUZZO,SCUOLA PRIMARIA,,TEEE834036,ATRI - CASOLI,ATRI,TERAMO,ABRUZZO,SCUOLA PRIMARIA,,1,3.748
202425,0.346,42,statale,SCUOLA PRIMARIA,1,TVEE84401G,VIA BARCO - ALTIVOLE CAP.,ALTIVOLE,TREVISO,VENETO,SCUOLA PRIMARIA,,TVEE84402L,GIOVANNI XXIII - CASELLE,ALTIVOLE,TREVISO,VENETO,SCUOLA PRIMARIA,,1,2.357
202425,0.346,42,statale,SCUOLA PRIMARIA,1,UDEE81904A,PRIMARIA DE AMICIS,BASILIANO,UDINE,FRIULI-VENEZIA G.,SCUOLA PRIMARIA,,UDEE81905B,PRIMARIA SAN PAOLINO,BASILIANO,UDINE,FRIULI-VENEZIA G.,SCUOLA PRIMARIA,,1,0.946
202425,0.346,42,statale,SCUOLA PRIMARIA,1,VVEE813118,SCUOLE ELEMENTARI STATALI,NICOTERA,VIBO VALENTIA,CALABRIA,SCUOLA PRIMARIA,,VVEE813107,SCUOLE ELEMENTARI STATALI,NICOTERA,VIBO VALENTIA,CALABRIA,SCUOLA PRIMARIA,,1,0.354
202425,0.346,42,statale,SCUOLA PRIMARIA,1,RMEE8EY01N,G. MARCONI,ROMA,ROMA,LAZIO,SCUOLA PRIMARIA,,RMEE8E6012,A. TONA,ROMA,ROMA,LAZIO,SCUOLA PRIMARIA,,1,0.769
202425,0.346,42,statale,SCUOLA PRIMARIA,1,LUEE84602R,S. ANNA ''DON LORENZO MILANI'',LUCCA,LUCCA,TOSCANA,SCUOLA PRIMARIA,,LUEE84603T,S.ANGELO IN CAMPO/S.DONATO,LUCCA,LUCCA,TOSCANA,SCUOLA PRIMARIA,,1,1.556
202425,0.346,42,statale,SCUOLA PRIMARIA,1,RMEE8GC01Q,G.CAGLIERO,ROMA,ROMA,LAZIO,SCUOLA PRIMARIA,,RMEE8GC02R,GIANNI RODARI,ROMA,ROMA,LAZIO,SCUOLA PRIMARIA,,1,0.609
202425,0.346,42,statale,SCUOLA PRIMARIA,1,CNEE85703V,"CUNEO SOLERI ""PAOLA GARELLI""",CUNEO,CUNEO,PIEMONTE,SCUOLA PRIMARIA,,CNEE848012,CUNEO OLTRESTURA MAD.DELL'OLMO,CUNEO,CUNEO,PIEMONTE,SCUOLA PRIMARIA,,1,0.594
202425,0.346,42,statale,SCUOLA PRIMARIA,1,FIEE876014,"""GALILEO GALILEI""",EMPOLI,FIRENZE,TOSCANA,SCUOLA PRIMARIA,,FIEE876036,"""MICHELANGELO""",EMPOLI,FIRENZE,TOSCANA,SCUOLA PRIMARIA,,1,0.817
202425,0.346,42,statale,SCUOLA PRIMARIA,1,MNEE83001T,POMPONESCO,POMPONESCO,MANTOVA,LOMBARDIA,SCUOLA PRIMARIA,,REEE83801E,"GUALTIERI ""FULVIO SIMONAZZI""",GUALTIERI,REGGIO EMILIA,EMILIA ROMAGNA,SCUOLA PRIMARIA,,1,4.121
202425,0.346,42,statale,SCUOLA PRIMARIA,1,PNEE830012,"PN-BORGOMEDUNA ""E. DE AMICIS""",PORDENONE,PORDENONE,FRIULI-VENEZIA G.,SCUOLA PRIMARIA,,PNEE830045,"PN-SAN GREGORIO ""GASPARRE GOZZI",PORDENONE,PORDENONE,FRIULI-VENEZIA G.,SCUOLA PRIMARIA,,1,0.918
202425,0.346,42,statale,SCUOLA PRIMARIA,1,RMEE83103Q,GALILEO GALILEI,ROMA,ROMA,LAZIO,SCUOLA PRIMARIA,,RMEE8E401A,GROTTE CELONI,ROMA,ROMA,LAZIO,SCUOLA PRIMARIA,,1,2.051
202425,0.346,42,statale,SCUOLA PRIMARIA,1,RNEE819011,DECIO RAGGI (IC ALIGHIERI),RIMINI,RIMINI,EMILIA ROMAGNA,SCUOLA PRIMARIA,,RNEE819044,M.TERESA DI C. - IC ALIGHIERI,RIMINI,RIMINI,EMILIA ROMAGNA,SCUOLA PRIMARIA,,1,0.687
202425,0.346,42,statale,SCUOLA PRIMARIA,1,MOEE040016,"""DANTE ALIGHIERI""",MIRANDOLA,MODENA,EMILIA ROMAGNA,SCUOLA PRIMARIA,,MOEE83702A,"""IQBAL MASIH"" MEDOLLA",MEDOLLA,MODENA,EMILIA ROMAGNA,SCUOLA PRIMARIA,,1,4.507
202425,0.346,42,statale,SCUOLA PRIMARIA,1,AQEE82807E,IQBAL MASIH S.BENEDETTO MARSI,SAN BENEDETTO DEI MARSI,L'AQUILA,ABRUZZO,SCUOLA PRIMARIA,,AQEE828018,CENTRO CAP. PESCINA,PESCINA,L'AQUILA,ABRUZZO,SCUOLA PRIMARIA,,1,3.398
202425,0.346,42,statale,SCUOLA PRIMARIA,1,BGEE8AF01C,PRIMARIA SCURI - IC I MILLE,BERGAMO,BERGAMO,LOMBARDIA,SCUOLA PRIMARIA,,BGEE8AF02D,PRIMARIA CAVEZZALI -IC I MILLE,BERGAMO,BERGAMO,LOMBARDIA,SCUOLA PRIMARIA,,1,0.141
202425,0.346,42,statale,SCUOLA PRIMARIA,1,BOEE85801C,MAZZINI - I.C. N. 14 BOLOGNA,BOLOGNA,BOLOGNA,EMILIA ROMAGNA,SCUOLA PRIMARIA,,BOEE85803E,2 AGOSTO,BOLOGNA,BOLOGNA,EMILIA ROMAGNA,SCUOLA PRIMARIA,,1,1.899
202425,0.346,42,statale,SCUOLA PRIMARIA,1,MIEE8GF01P,PRIMARIA PAPA GIOVANNI XXIII,BRESSO,MILANO,LOMBARDIA,SCUOLA PRIMARIA,,MIEE8CT021,PRIMARIA DUCA DEGLI ABRUZZI,MILANO,MILANO,LOMBARDIA,SCUOLA PRIMARIA,,1,1.527
202425,0.346,42,statale,SCUOLA PRIMARIA,1,GEEE85701G,S.EL. - G.PASCOLI -,RAPALLO,GENOVA,LIGURIA,SCUOLA PRIMARIA,,GEEE80602Q,S.EL. DI NOZAREGO BASSO,SANTA MARGHERITA LIGURE,GENOVA,LIGURIA,SCUOLA PRIMARIA,,1,3.51
202425,0.346,42,statale,SCUOLA PRIMARIA,1,LCEE81801L,SCUOLA PRIMARIA DI VIA MONTELLO,MERATE,LECCO,LOMBARDIA,SCUOLA PRIMARIA,,LCEE81804Q,SCUOLA PRIMARIA DI SARTIRANA,MERATE,LECCO,LOMBARDIA,SCUOLA PRIMARIA,,1,1.498
202425,0.346,42,statale,SCUOLA PRIMARIA,1,MIEE8B201A,PRIMARIA AI NOSTRI CADUTI,TREZZO SULL'ADDA,MILANO,LOMBARDIA,SCUOLA PRIMARIA,,BGEE82901E,BREMBATE SOTTO,BREMBATE,BERGAMO,LOMBARDIA,SCUOLA PRIMARIA,,1,2.731
202425,0.346,42,statale,SCUOLA SECONDARIA I GRADO,1,PVMM821028,FERMI - SANTA GIULETTA,SANTA GIULETTA,PAVIA,LOMBARDIA,SCUOLA PRIMO GRADO,,PVMM82401P,CASTEGGIO -GIULIETTI,CASTEGGIO,PAVIA,LOMBARDIA,SCUOLA PRIMO GRADO,,1,4.98
202425,0.346,42,statale,SCUOLA SECONDARIA I GRADO,1,ANMM81801B,"ANCONA ""PODESTI""",ANCONA,ANCONA,MARCHE,SCUOLA PRIMO GRADO,,ANMM81601Q,"ANCONA ""DONATELLO""",ANCONA,ANCONA,MARCHE,SCUOLA PRIMO GRADO,,3,0.949
202425,0.346,42,statale,SCUOLA SECONDARIA I GRADO,1,ANMM81801B,"ANCONA ""PODESTI""",ANCONA,ANCONA,MARCHE,SCUOLA PRIMO GRADO,,ANMM813018,"ANCONA ""LEOPARDI"" - ""PASCOLI""",ANCONA,ANCONA,MARCHE,SCUOLA PRIMO GRADO,,2,1.73
202425,0.346,42,statale,SCUOLA SECONDARIA I GRADO,1,ANMM81801B,"ANCONA ""PODESTI""",ANCONA,ANCONA,MARCHE,SCUOLA PRIMO GRADO,,ANMM81701G,PINOCCHIO MONTESICURO,ANCONA,ANCONA,MARCHE,SCUOLA PRIMO GRADO,,7,1.776
202425,0.346,42,statale,SCUOLA SECONDARIA I GRADO,1,FGMM856026,SCUOLA I GRADO BORGO MEZZANONE,MANFREDONIA,FOGGIA,PUGLIA,SCUOLA PRIMO GRADO,,FGMM82901R,DON MILANI,MANFREDONIA,FOGGIA,PUGLIA,SCUOLA PRIMO GRADO,,4,0.0
202425,0.346,42,statale,SCUOLA SECONDARIA I GRADO,1,POMM80801C,BOGARDO BURICCHI,PRATO,PRATO,TOSCANA,SCUOLA PRIMO GRADO,,POMM81301X,SEM BENELLI,PRATO,PRATO,TOSCANA,SCUOLA PRIMO GRADO,,5,1.087
202425,0.346,42,statale,SCUOLA SECONDARIA I GRADO,1,POMM80801C,BOGARDO BURICCHI,PRATO,PRATO,TOSCANA,SCUOLA PRIMO GRADO,,POMM81401Q,DOMENICO ZIPOLI,PRATO,PRATO,TOSCANA,SCUOLA PRIMO GRADO,,10,2.177
202425,0.346,42,statale,SCUOLA SECONDARIA I GRADO,1,POMM80801C,BOGARDO BURICCHI,PRATO,PRATO,TOSCANA,SCUOLA PRIMO GRADO,,POMM820013,ENRICO FERMI,PRATO,PRATO,TOSCANA,SCUOLA PRIMO GRADO,,10,2.708
202425,0.346,42,statale,SCUOLA SECONDARIA I GRADO,1,POMM80801C,BOGARDO BURICCHI,PRATO,PRATO,TOSCANA,SCUOLA PRIMO GRADO,,POMM818013,"SCUOLA SEC. I GRADO ""P.CIRONI""",PRATO,PRATO,TOSCANA,SCUOLA PRIMO GRADO,,1,2.951
202425,0.346,42,statale,SCUOLA SECONDARIA I GRADO,1,VEMM846016,SALVO D'ACQUISTO,VENEZIA,VENEZIA,VENETO,SCUOLA PRIMO GRADO,,VEMM84401E,SILVIO TRENTIN,VENEZIA,VENEZIA,VENETO,SCUOLA PRIMO GRADO,,14,1.948
202425,0.346,42,statale,SCUOLA SECONDARIA I GRADO,1,TOMM8BE01R,I.C. TORINO II - MORELLI - TO,TORINO,TORINO,PIEMONTE,SCUOLA PRIMO GRADO,,TOMM8B501R,I.C. PACCHIOTTI - VIA REVEL TO,TORINO,TORINO,PIEMONTE,SCUOLA PRIMO GRADO,,27,2.115
202425,0.346,42,statale,SCUOLA SECONDARIA I GRADO,1,TOMM8BE01R,I.C. TORINO II - MORELLI - TO,TORINO,TORINO,PIEMONTE,SCUOLA PRIMO GRADO,,TOMM815016,I.C. TOMMASEO - CALVINO,TORINO,TORINO,PIEMONTE,SCUOLA PRIMO GRADO,,8,2.226
202425,0.346,42,statale,SCUOLA SECONDARIA I GRADO,1,MIMM8B8018,SECONDARIA I GR. TITO LIVIO,MILANO,MILANO,LOMBARDIA,SCUOLA PRIMO GRADO,,MIMM8B9014,SECONDARIA I GR. C. MANARA,MILANO,MILANO,LOMBARDIA,SCUOLA PRIMO GRADO,,12,1.267
202425,0.346,42,statale,SCUOLA SECONDARIA I GRADO,1,POMM809018,SER LAPO MAZZEI,PRATO,PRATO,TOSCANA,SCUOLA PRIMO GRADO,,POMM818013,"SCUOLA SEC. I GRADO ""P.CIRONI""",PRATO,PRATO,TOSCANA,SCUOLA PRIMO GRADO,,4,2.204
202425,0.346,42,statale,SCUOLA SECONDARIA I GRADO,1,POMM809018,SER LAPO MAZZEI,PRATO,PRATO,TOSCANA,SCUOLA PRIMO GRADO,,POMM82101V,ANNESSA I.C. IVA PACETTI,PRATO,PRATO,TOSCANA,SCUOLA PRIMO GRADO,,12,3.079
202425,0.346,42,statale,SCUOLA SECONDARIA I GRADO,1,BSMM88501A,SEC. I ROMANINO BRESCIA,BRESCIA,BRESCIA,LOMBARDIA,SCUOLA PRIMO GRADO,,BSMM8AE025,MORETTI-CASTO,CASTO,BRESCIA,LOMBARDIA,SCUOLA PRIMO GRADO,,3,1.007
202425,0.346,42,statale,SCUOLA SECONDARIA I GRADO,1,BSMM88501A,SEC. I ROMANINO BRESCIA,BRESCIA,BRESCIA,LOMBARDIA,SCUOLA PRIMO GRADO,,BSMM87701B,SEC. I PASCOLI BETTINZOLI,BRESCIA,BRESCIA,LOMBARDIA,SCUOLA PRIMO GRADO,,8,3.406
202425,0.346,42,statale,SCUOLA SECONDARIA I GRADO,1,BSMM88501A,SEC. I ROMANINO BRESCIA,BRESCIA,BRESCIA,LOMBARDIA,SCUOLA PRIMO GRADO,,BSMM88401E,SEC. I VIRGILIO-PIRANDELLO BS,BRESCIA,BRESCIA,LOMBARDIA,SCUOLA PRIMO GRADO,,4,4.073
202425,0.346,42,statale,SCUOLA SECONDARIA I GRADO,1,POMM804015,CURZIO MALAPARTE,PRATO,PRATO,TOSCANA,SCUOLA PRIMO GRADO,,POMM82101V,ANNESSA I.C. IVA PACETTI,PRATO,PRATO,TOSCANA,SCUOLA PRIMO GRADO,,7,1.904
202425,0.346,42,statale,SCUOLA SECONDARIA I GRADO,1,POMM804015,CURZIO MALAPARTE,PRATO,PRATO,TOSCANA,SCUOLA PRIMO GRADO,,FIMM82701T,ARRIGO DA SETTIMELLO,CALENZANO,FIRENZE,TOSCANA,SCUOLA PRIMO GRADO,,20,4.996
202425,0.346,42,statale,SCUOLA SECONDARIA I GRADO,1,TOMM8BD011,I.C. ILARIA ALPI - CROCE,TORINO,TORINO,PIEMONTE,SCUOLA PRIMO GRADO,,TOMM86401B,"SCUOLA ""A.SPINELLI""",TORINO,TORINO,PIEMONTE,SCUOLA PRIMO GRADO,,17,1.988
202425,0.346,42,statale,SCUOLA SECONDARIA I GRADO,1,TOMM8BD011,I.C. ILARIA ALPI - CROCE,TORINO,TORINO,PIEMONTE,SCUOLA PRIMO GRADO,,TOMM87601N,I.C. GINO STRADA - ROSSELLI,TORINO,TORINO,PIEMONTE,SCUOLA PRIMO GRADO,,1,2.185
202425,0.346,42,statale,SCUOLA SECONDARIA I GRADO,1,TOMM8B8018,I.C. GABELLI - VIA SCARLATTI,TORINO,TORINO,PIEMONTE,SCUOLA PRIMO GRADO,,TOMM87601N,I.C. GINO STRADA - ROSSELLI,TORINO,TORINO,PIEMONTE,SCUOLA PRIMO GRADO,,10,2.407
202425,0.346,42,statale,SCUOLA SECONDARIA I GRADO,1,TOMM8B8018,I.C. GABELLI - VIA SCARLATTI,TORINO,TORINO,PIEMONTE,SCUOLA PRIMO GRADO,,TOMM815016,I.C. TOMMASEO - CALVINO,TORINO,TORINO,PIEMONTE,SCUOLA PRIMO GRADO,,7,2.59
202425,0.346,42,statale,SCUOLA SECONDARIA I GRADO,1,MIMM8FD01B,SEC. I GRADO MATTEI DI VITTORIO,PIOLTELLO,MILANO,LOMBARDIA,SCUOLA PRIMO GRADO,,MIMM8E501L,SECOND. I GR. A. MORO,CERNUSCO SUL NAVIGLIO,MILANO,LOMBARDIA,SCUOLA PRIMO GRADO,,34,1.105
202425,0.346,42,statale,SCUOLA SECONDARIA I GRADO,1,ARMM83701L,"""IV NOVEMBRE""",AREZZO,AREZZO,TOSCANA,SCUOLA PRIMO GRADO,,ARMM83801C,"""MARGARITONE""",AREZZO,AREZZO,TOSCANA,SCUOLA PRIMO GRADO,,12,1.163
202425,0.346,42,statale,SCUOLA SECONDARIA I GRADO,1,GOMM80301P,GIACICH EZIO,MONFALCONE,GORIZIA,FRIULI-VENEZIA G.,SCUOLA PRIMO GRADO,,GOMM807012,DANTE ALIGHIERI,STARANZANO,GORIZIA,FRIULI-VENEZIA G.,SCUOLA PRIMO GRADO,,16,2.137
202425,0.346,42,statale,SCUOLA SECONDARIA I GRADO,1,GOMM80301P,GIACICH EZIO,MONFALCONE,GORIZIA,FRIULI-VENEZIA G.,SCUOLA PRIMO GRADO,,GOMM80501A,LEONARDO DA VINCI,RONCHI DEI LEGIONARI,GORIZIA,FRIULI-VENEZIA G.,SCUOLA PRIMO GRADO,,5,3.489
202425,0.346,42,statale,SCUOLA SECONDARIA I GRADO,1,ALMM82701G,ALESSANDRIA - A. MANZONI,ALESSANDRIA,ALESSANDRIA,PIEMONTE,SCUOLA PRIMO GRADO,,ALMM82501X,ALESSANDRIA - A. VIVALDI,ALESSANDRIA,ALESSANDRIA,PIEMONTE,SCUOLA PRIMO GRADO,,8,0.081
202425,0.346,42,statale,SCUOLA SECONDARIA I GRADO,1,TOMM8B701C,I.C.C.SO VERCELLI - G.B.VIOTTI,TORINO,TORINO,PIEMONTE,SCUOLA PRIMO GRADO,,TOMM873016,I.C. PADRE GEMELLI - POLA,TORINO,TORINO,PIEMONTE,SCUOLA PRIMO GRADO,,6,3.339
202425,0.346,42,statale,SCUOLA SECONDARIA I GRADO,1,TOMM8B701C,I.C.C.SO VERCELLI - G.B.VIOTTI,TORINO,TORINO,PIEMONTE,SCUOLA PRIMO GRADO,,TOMM815016,I.C. TOMMASEO - CALVINO,TORINO,TORINO,PIEMONTE,SCUOLA PRIMO GRADO,,20,3.423
202425,0.346,42,statale,SCUOLA SECONDARIA I GRADO,1,TOMM8B701C,I.C.C.SO VERCELLI - G.B.VIOTTI,TORINO,TORINO,PIEMONTE,SCUOLA PRIMO GRADO,,TOMM87501T,MARCONI,TORINO,TORINO,PIEMONTE,SCUOLA PRIMO GRADO,,3,3.594
202425,0.346,42,statale,SCUOLA SECONDARIA I GRADO,1,MIMM823015,SEC. I GRADO LOMBARDINI,MILANO,MILANO,LOMBARDIA,SCUOLA PRIMO GRADO,,MIMM80901V,SEC. I GRADO MORANTE - FILZI,MILANO,MILANO,LOMBARDIA,SCUOLA PRIMO GRADO,,5,1.751
202425,0.346,42,statale,SCUOLA SECONDARIA I GRADO,1,MIMM823015,SEC. I GRADO LOMBARDINI,MILANO,MILANO,LOMBARDIA,SCUOLA PRIMO GRADO,,MIMM8CB01X,SECOND. I GR. CONFALONIERI,MILANO,MILANO,LOMBARDIA,SCUOLA PRIMO GRADO,,9,2.21
202425,0.346,42,statale,SCUOLA SECONDARIA I GRADO,1,VEMM87201P,CAIO GIULIO CESARE,VENEZIA,VENEZIA,VENETO,SCUOLA PRIMO GRADO,,VEMM84401E,SILVIO TRENTIN,VENEZIA,VENEZIA,VENETO,SCUOLA PRIMO GRADO,,14,1.83
202425,0.346,42,statale,SCUOLA SECONDARIA I GRADO,1,VEMM87201P,CAIO GIULIO CESARE,VENEZIA,VENEZIA,VENETO,SCUOLA PRIMO GRADO,,VEMM875016,L.SPALLANZANI,VENEZIA,VENEZIA,VENETO,SCUOLA PRIMO GRADO,,5,3.065
202425,0.346,42,statale,SCUOLA SECONDARIA I GRADO,1,MIMM8AZ01A,SECONDARIA I GR. FORLANINI,SESTO SAN GIOVANNI,MILANO,LOMBARDIA,SCUOLA PRIMO GRADO,,MIMM8EU01R,SECONDARIA I GR. BREDA,SESTO SAN GIOVANNI,MILANO,LOMBARDIA,SCUOLA PRIMO GRADO,,9,0.931
202425,0.346,42,statale,SCUOLA SECONDARIA I GRADO,1,MIMM8A901D,SECONDARIA I GR. G GALILEI,BARANZATE,MILANO,LOMBARDIA,SCUOLA PRIMO GRADO,,MIMM8ED01R,SECON. I GR. L. DA VINCI,BOLLATE,MILANO,LOMBARDIA,SCUOLA PRIMO GRADO,,12,1.92
202425,0.346,42,statale,SCUOLA SECONDARIA I GRADO,1,MIMM8A901D,SECONDARIA I GR. G GALILEI,BARANZATE,MILANO,LOMBARDIA,SCUOLA PRIMO GRADO,,MIMM8EE01L,SECOND. I GR. MONTALE,BOLLATE,MILANO,LOMBARDIA,SCUOLA PRIMO GRADO,,12,2.339
202425,0.346,42,statale,SCUOLA SECONDARIA I GRADO,1,MIMM8FN017,SECONDARIA I GR. A. MANZONI,RHO,MILANO,LOMBARDIA,SCUOLA PRIMO GRADO,,MIMM8BV01N,SECONDARIA I GR. BONECCHI,RHO,MILANO,LOMBARDIA,SCUOLA PRIMO GRADO,,6,0.99
202425,0.346,42,statale,SCUOLA SECONDARIA I GRADO,1,CRMM80001Q,"""GIACOMO BERTESI"" (SORESINA)",SORESINA,CREMONA,LOMBARDIA,SCUOLA PRIMO GRADO,,CRMM80002R,SCUOLA SEC. 1' GR. CASALMORANO,CASALMORANO,CREMONA,LOMBARDIA,SCUOLA PRIMO GRADO,,1,3.08
202425,0.346,42,statale,SCUOLA SECONDARIA I GRADO,1,MIMM8AN01E,SECON. I GR. MEDA FERRARIN,MILANO,MILANO,LOMBARDIA,SCUOLA PRIMO GRADO,,MIMM8FA01X,SECOND. I GR. DE GASPERI,SAN DONATO MILANESE,MILANO,LOMBARDIA,SCUOLA PRIMO GRADO,,4,3.014
202425,0.346,42,statale,SCUOLA SECONDARIA I GRADO,1,MIMM8E8014,SECOND. I GR. VIVALDI,ABBIATEGRASSO,MILANO,LOMBARDIA,SCUOLA PRIMO GRADO,,MIMM8E901X,SECO. I GR. G.CARDUCCI,ABBIATEGRASSO,MILANO,LOMBARDIA,SCUOLA PRIMO GRADO,,10,1.117
202425,0.346,42,statale,SCUOLA SECONDARIA I GRADO,1,VEMM870013,LUIGI EINAUDI,VENEZIA,VENEZIA,VENETO,SCUOLA PRIMO GRADO,,VEMM847012,PIERO CALAMANDREI,VENEZIA,VENEZIA,VENETO,SCUOLA PRIMO GRADO,,2,2.538
202425,0.346,42,statale,SCUOLA SECONDARIA I GRADO,1,VEMM870013,LUIGI EINAUDI,VENEZIA,VENEZIA,VENETO,SCUOLA PRIMO GRADO,,VEMM875016,L.SPALLANZANI,VENEZIA,VENEZIA,VENETO,SCUOLA PRIMO GRADO,,19,4.672
202425,0.346,42,statale,SCUOLA SECONDARIA I GRADO,1,PRMM83801B,"LANGHIRANO - ""E. FERMI""",LANGHIRANO,PARMA,EMILIA ROMAGNA,SCUOLA PRIMO GRADO,,PRMM81504T,SECONDARIA LESIGNANO,LESIGNANO DE' BAGNI,PARMA,EMILIA ROMAGNA,SCUOLA PRIMO GRADO,,10,4.696
202425,0.346,42,statale,SCUOLA SECONDARIA I GRADO,1,TOMM87701D,I.C. REGIO PARCO-GIACOSA/VERGA,TORINO,TORINO,PIEMONTE,SCUOLA PRIMO GRADO,,TOMM81801N,I.C. GOZZI OLIVETTI - OLIVETTI,TORINO,TORINO,PIEMONTE,SCUOLA PRIMO GRADO,,18,1.753
202425,0.346,42,statale,SCUOLA SECONDARIA I GRADO,1,VIMM86201B,IC VICENZA 9 - G.AMBROSOLI,VICENZA,VICENZA,VENETO,SCUOLA PRIMO GRADO,,VIMM86601P,IC VICENZA 8 - G.G.TRISSINO,VICENZA,VICENZA,VENETO,SCUOLA PRIMO GRADO,,14,2.752
202425,0.346,42,statale,SCUOLA SECONDARIA I GRADO,1,MIMM82501R,SECONDARIA I GRADO ANNA FRANK,CINISELLO BALSAMO,MILANO,LOMBARDIA,SCUOLA PRIMO GRADO,,MIMM8EJ019,SECONDARIA I GR. VIA TOTI,COLOGNO MONZESE,MILANO,LOMBARDIA,SCUOLA PRIMO GRADO,,3,0.83
202425,0.346,42,statale,SCUOLA SECONDARIA I GRADO,1,MIMM82501R,SECONDARIA I GRADO ANNA FRANK,CINISELLO BALSAMO,MILANO,LOMBARDIA,SCUOLA PRIMO GRADO,,MIMM8EU01R,SECONDARIA I GR. BREDA,SESTO SAN GIOVANNI,MILANO,LOMBARDIA,SCUOLA PRIMO GRADO,,5,2.418
202425,0.346,42,statale,SCUOLA SECONDARIA I GRADO,1,MIMM82501R,SECONDARIA I GRADO ANNA FRANK,CINISELLO BALSAMO,MILANO,LOMBARDIA,SCUOLA PRIMO GRADO,,MBMM8AD017,"""B. ZUCCHI"" - MONZA",MONZA,MONZA E DELLA BRIANZA,LOMBARDIA,SCUOLA PRIMO GRADO,,14,2.632
202425,0.346,42,statale,SCUOLA SECONDARIA I GRADO,1,MIMM8CG013,SECONDARIA I GR. BUONARROTI,MILANO,MILANO,LOMBARDIA,SCUOLA PRIMO GRADO,,MIMM8DF01T,SEC. I GR. VIA ASTURIE-VIA MANN,MILANO,MILANO,LOMBARDIA,SCUOLA PRIMO GRADO,,9,2.899
202425,0.346,42,statale,SCUOLA SECONDARIA I GRADO,1,COMM84301E,SMS FOGAZZARO,COMO,COMO,LOMBARDIA,SCUOLA PRIMO GRADO,,COMM81201V,G. MARCONI - COMO ALBATE,COMO,COMO,LOMBARDIA,SCUOLA PRIMO GRADO,,14,1.939
202425,0.346,42,statale,SCUOLA SECONDARIA I GRADO,1,MIMM8AF012,SECONDARIA I GR. VIA A. GRAF 74,MILANO,MILANO,LOMBARDIA,SCUOLA PRIMO GRADO,,MIMM8BR01L,SECOND. I GR. ORIO VERGANI,NOVATE MILANESE,MILANO,LOMBARDIA,SCUOLA PRIMO GRADO,,10,2.752
202425,0.346,42,statale,SCUOLA SECONDARIA I GRADO,1,BGMM85902A,"S.M.S. ""PINETTI"" MARTINENGO",MARTINENGO,BERGAMO,LOMBARDIA,SCUOLA PRIMO GRADO,,BGMM83102E,"S.M.S.""DANTE ALIGHIERI"" MORNICO",MORNICO AL SERIO,BERGAMO,LOMBARDIA,SCUOLA PRIMO GRADO,,2,3.973
202425,0.346,42,statale,SCUOLA SECONDARIA I GRADO,1,BGMM85902A,"S.M.S. ""PINETTI"" MARTINENGO",MARTINENGO,BERGAMO,LOMBARDIA,SCUOLA PRIMO GRADO,,BGMM89901Q,"S.M.S. ""ABATE G. BRAVI"" COLOGNO",COLOGNO AL SERIO,BERGAMO,LOMBARDIA,SCUOLA PRIMO GRADO,,9,4.599
202425,0.346,42,statale,SCUOLA SECONDARIA I GRADO,1,TOMM81701T,I.C. PACINOTTI - PACINOTTI,TORINO,TORINO,PIEMONTE,SCUOLA PRIMO GRADO,,TOMM8A0013,I.C. NIGRA - NIGRA,TORINO,TORINO,PIEMONTE,SCUOLA PRIMO GRADO,,13,0.521
202425,0.346,42,statale,SCUOLA SECONDARIA I GRADO,1,MIMM8DY01D,SECOND. I GR. S.AMBROGIO,MILANO,MILANO,LOMBARDIA,SCUOLA PRIMO GRADO,,MIMM8CY01Q,SECONDARIA I GR. A. GRAMSCI,MILANO,MILANO,LOMBARDIA,SCUOLA PRIMO GRADO,,4,1.939
202425,0.346,42,statale,SCUOLA SECONDARIA I GRADO,1,MIMM8DY01D,SECOND. I GR. S.AMBROGIO,MILANO,MILANO,LOMBARDIA,SCUOLA PRIMO GRADO,,MIMM8CD01G,SECONDARIA I GR. O.TABACCHI,MILANO,MILANO,LOMBARDIA,SCUOLA PRIMO GRADO,,5,2.669
202425,0.346,42,statale,SCUOLA SECONDARIA I GRADO,1,MIMM8DY01D,SECOND. I GR. S.AMBROGIO,MILANO,MILANO,LOMBARDIA,SCUOLA PRIMO GRADO,,MIMM8EF01C,SECOND. I GR. LAURA CONTI,BUCCINASCO,MILANO,LOMBARDIA,SCUOLA PRIMO GRADO,,2,3.029
202425,0.346,42,statale,SCUOLA SECONDARIA I GRADO,1,MIMM8DD016,SECOND. I GR. CASA DEL SOLE,MILANO,MILANO,LOMBARDIA,SCUOLA PRIMO GRADO,,MIMM8CW014,SECOND. I GR. QUINTINO DI VONA,MILANO,MILANO,LOMBARDIA,SCUOLA PRIMO GRADO,,11,0.735
202425,0.346,42,statale,SCUOLA SECONDARIA I GRADO,1,MIMM8DD016,SECOND. I GR. CASA DEL SOLE,MILANO,MILANO,LOMBARDIA,SCUOLA PRIMO GRADO,,MIMM8B601L,SEC. IGRADO S.CATERINA DA SIENA,MILANO,MILANO,LOMBARDIA,SCUOLA PRIMO GRADO,,10,1.367
202425,0.346,42,statale,SCUOLA SECONDARIA I GRADO,1,FEMM824013,SCUOLA MEDIA - PORTOMAGGIORE,PORTOMAGGIORE,FERRARA,EMILIA ROMAGNA,SCUOLA PRIMO GRADO,,FEMM82201B,SCUOLA MEDIA S.M. CODIFIUME,ARGENTA,FERRARA,EMILIA ROMAGNA,SCUOLA PRIMO GRADO,,4,0.417
202425,0.346,42,statale,SCUOLA SECONDARIA I GRADO,1,PIMM810028,"""C.BANTI""",SANTA CROCE SULL'ARNO,PISA,TOSCANA,SCUOLA PRIMO GRADO,,PIMM82601R,MICHELANGELO BUONARROTI,SAN MINIATO,PISA,TOSCANA,SCUOLA PRIMO GRADO,,24,3.064
202425,0.346,42,statale,SCUOLA SECONDARIA I GRADO,1,MIMM822019,SEC I GRADO D. ALIGHIERI,COLOGNO MONZESE,MILANO,LOMBARDIA,SCUOLA PRIMO GRADO,,MIMM8EH014,SECONDARIA I GR. VIA VOLTA,COLOGNO MONZESE,MILANO,LOMBARDIA,SCUOLA PRIMO GRADO,,6,1.058
202425,0.346,42,statale,SCUOLA SECONDARIA I GRADO,1,MIMM89301B,SECONDARIA I GRADO E. FERMI,SAN GIULIANO MILANESE,MILANO,LOMBARDIA,SCUOLA PRIMO GRADO,,MIMM8EM01R,SECOND. I GR. VIA BEZZECCA,SAN GIULIANO MILANESE,MILANO,LOMBARDIA,SCUOLA PRIMO GRADO,,13,2.347
202425,0.346,42,statale,SCUOLA SECONDARIA I GRADO,1,MIMM8A101V,SECONDARIA I GR. EINAUDI,SESTO SAN GIOVANNI,MILANO,LOMBARDIA,SCUOLA PRIMO GRADO,,MBMM8AD017,"""B. ZUCCHI"" - MONZA",MONZA,MONZA E DELLA BRIANZA,LOMBARDIA,SCUOLA PRIMO GRADO,,5,3.013
202425,0.346,42,statale,SCUOLA SECONDARIA I GRADO,1,MIMM8A101V,SECONDARIA I GR. EINAUDI,SESTO SAN GIOVANNI,MILANO,LOMBARDIA,SCUOLA PRIMO GRADO,,MBMM8AC01B,"""ALBERT B. SABIN""",MONZA,MONZA E DELLA BRIANZA,LOMBARDIA,SCUOLA PRIMO GRADO,,3,3.096
202425,0.346,42,statale,SCUOLA SECONDARIA I GRADO,1,GEMM837019,I.C. SESTRI EST / S.M.S.GRAMSCI,GENOVA,GENOVA,LIGURIA,SCUOLA PRIMO GRADO,,GEMM841011,I.C. / S.M.S. DI BORZOLI,GENOVA,GENOVA,LIGURIA,SCUOLA PRIMO GRADO,,9,0.708
202425,0.346,42,statale,SCUOLA SECONDARIA I GRADO,1,GEMM837019,I.C. SESTRI EST / S.M.S.GRAMSCI,GENOVA,GENOVA,LIGURIA,SCUOLA PRIMO GRADO,,GEMM838015,I.C.SAN G.BATTISTA/CENTURIONE,GENOVA,GENOVA,LIGURIA,SCUOLA PRIMO GRADO,,3,1.15
202425,0.346,42,statale,SCUOLA SECONDARIA I GRADO,1,BGMM85201E,"SEC. TELGATE ""A. N. MARENZI""",TELGATE,BERGAMO,LOMBARDIA,SCUOLA PRIMO GRADO,,BGMM85202G,"SEC. GRUMELLO ""L. SIGNORELLI""",GRUMELLO DEL MONTE,BERGAMO,LOMBARDIA,SCUOLA PRIMO GRADO,,5,2.227
202425,0.346,42,statale,SCUOLA SECONDARIA I GRADO,1,RMMM820016,VIA RIVISONDOLI 39,ROMA,ROMA,LAZIO,SCUOLA PRIMO GRADO,,RMMM81501P,ANGELICA BALABANOFF,ROMA,ROMA,LAZIO,SCUOLA PRIMO GRADO,,7,0.744
202425,0.346,42,statale,SCUOLA SECONDARIA I GRADO,1,GEMM82601V,I.C./S.M.S. LAGACCIO,GENOVA,GENOVA,LIGURIA,SCUOLA PRIMO GRADO,,GEMM811015,IC OREGINA-SEC.I GR. A GASTALDI,GENOVA,GENOVA,LIGURIA,SCUOLA PRIMO GRADO,,7,0.443
202425,0.346,42,statale,SCUOLA SECONDARIA I GRADO,1,TOMM866013,I.C. CAIROLI-VIA TORRAZZA P.TE,TORINO,TORINO,PIEMONTE,SCUOLA PRIMO GRADO,,TOMM26100N,TORINO - PIERO CALAMANDREI,TORINO,TORINO,PIEMONTE,SCUOLA PRIMO GRADO,,7,0.857
202425,0.346,42,statale,SCUOLA SECONDARIA I GRADO,1,BOMM816019,TESTONI-FIORAVANTI - 5 BOLOGNA,BOLOGNA,BOLOGNA,EMILIA ROMAGNA,SCUOLA PRIMO GRADO,,BOMM817015,IRNERIO - 6 BOLOGNA,BOLOGNA,BOLOGNA,EMILIA ROMAGNA,SCUOLA PRIMO GRADO,,18,0.818
202425,0.346,42,statale,SCUOLA SECONDARIA I GRADO,1,BOMM816019,TESTONI-FIORAVANTI - 5 BOLOGNA,BOLOGNA,BOLOGNA,EMILIA ROMAGNA,SCUOLA PRIMO GRADO,,BOMM876011,GANDINO - 17 BOLOGNA,BOLOGNA,BOLOGNA,EMILIA ROMAGNA,SCUOLA PRIMO GRADO,,1,1.261
202425,0.346,42,statale,SCUOLA SECONDARIA I GRADO,1,PVMM80803V,FELICE RESSICO - PALESTRO,PALESTRO,PAVIA,LOMBARDIA,SCUOLA PRIMO GRADO,,PVMM80801R,ROBBIO - FERMI,ROBBIO,PAVIA,LOMBARDIA,SCUOLA PRIMO GRADO,,1,4.999
202425,0.346,42,statale,SCUOLA SECONDARIA I GRADO,1,BGMM812014,"S.M.S. ""MAZZI"" BERGAMO",BERGAMO,BERGAMO,LOMBARDIA,SCUOLA PRIMO GRADO,,BGMM81301X,"S.M.S. ""DONADONI"" BERGAMO",BERGAMO,BERGAMO,LOMBARDIA,SCUOLA PRIMO GRADO,,21,0.994
202425,0.346,42,statale,SCUOLA SECONDARIA I GRADO,1,MIMM8CR017,SECONDARIA I GR. GANDHI,MILANO,MILANO,LOMBARDIA,SCUOLA PRIMO GRADO,,MIMM8BR01L,SECOND. I GR. ORIO VERGANI,NOVATE MILANESE,MILANO,LOMBARDIA,SCUOLA PRIMO GRADO,,12,2.938
202425,0.346,42,statale,SCUOLA SECONDARIA I GRADO,1,MIMM8D201E,SECONDARIA I GR. COLOMBO,MILANO,MILANO,LOMBARDIA,SCUOLA PRIMO GRADO,,MIMM8C401G,SECONDARIA I GR. M. RICCI,MILANO,MILANO,LOMBARDIA,SCUOLA PRIMO GRADO,,13,1.783
202425,0.346,42,statale,SCUOLA SECONDARIA I GRADO,1,BGMM80701L,"S.M.S.""CORRIDONI"" BERGAMO",BERGAMO,BERGAMO,LOMBARDIA,SCUOLA PRIMO GRADO,,BGMM81301X,"S.M.S. ""DONADONI"" BERGAMO",BERGAMO,BERGAMO,LOMBARDIA,SCUOLA PRIMO GRADO,,1,1.844
202425,0.346,42,statale,SCUOLA SECONDARIA I GRADO,1,BGMM80701L,"S.M.S.""CORRIDONI"" BERGAMO",BERGAMO,BERGAMO,LOMBARDIA,SCUOLA PRIMO GRADO,,BGMM81601B,"S.M.S. ""PETTENI"" BERGAMO",BERGAMO,BERGAMO,LOMBARDIA,SCUOLA PRIMO GRADO,,10,1.885
202425,0.346,42,statale,SCUOLA SECONDARIA I GRADO,1,BGMM80701L,"S.M.S.""CORRIDONI"" BERGAMO",BERGAMO,BERGAMO,LOMBARDIA,SCUOLA PRIMO GRADO,,BGMM85001V,S.M.S. GORLE,GORLE,BERGAMO,LOMBARDIA,SCUOLA PRIMO GRADO,,2,1.939
202425,0.346,42,statale,SCUOLA SECONDARIA I GRADO,1,VRMM84801D,"GARDA - ""PISANELLO""",GARDA,VERONA,VENETO,SCUOLA PRIMO GRADO,,VRMM83401G,BARDOLINO-FALCONE E BORSELLINO,BARDOLINO,VERONA,VENETO,SCUOLA PRIMO GRADO,,3,3.257
202425,0.346,42,statale,SCUOLA SECONDARIA I GRADO,1,GEMM85201B,I.C. BARABINO/ S.M.S.,GENOVA,GENOVA,LIGURIA,SCUOLA PRIMO GRADO,,GEMM812011,I.C. S.FRANCESCO DA PAOLA-BIXIO,GENOVA,GENOVA,LIGURIA,SCUOLA PRIMO GRADO,,20,1.87
202425,0.346,42,statale,SCUOLA SECONDARIA I GRADO,1,PRMM826015,"""L. VICINI"" - PARMA",PARMA,PARMA,EMILIA ROMAGNA,SCUOLA PRIMO GRADO,,PRMM821023,"""GIACOMO FERRARI"" - PARMA",PARMA,PARMA,EMILIA ROMAGNA,SCUOLA PRIMO GRADO,,18,2.513
202425,0.346,42,statale,SCUOLA SECONDARIA I GRADO,1,VEMM86401Q,G. BALDAN,STRA,VENEZIA,VENETO,SCUOLA PRIMO GRADO,,VEMM86502L,A. DE GASPERI,VIGONOVO,VENEZIA,VENETO,SCUOLA PRIMO GRADO,,2,1.86
202425,0.346,42,statale,SCUOLA SECONDARIA I GRADO,1,VEMM86401Q,G. BALDAN,STRA,VENEZIA,VENETO,SCUOLA PRIMO GRADO,,VEMM86402R,GOLDONI,FIESSO D'ARTICO,VENEZIA,VENETO,SCUOLA PRIMO GRADO,,7,2.525
202425,0.346,42,statale,SCUOLA SECONDARIA I GRADO,1,MIMM8DG01N,SECOND. IGR. FALCONE BORSELLINO,MILANO,MILANO,LOMBARDIA,SCUOLA PRIMO GRADO,,MIMM8DF01T,SEC. I GR. VIA ASTURIE-VIA MANN,MILANO,MILANO,LOMBARDIA,SCUOLA PRIMO GRADO,,7,1.993
202425,0.346,42,statale,SCUOLA SECONDARIA I GRADO,1,BSMM81601X,MOMPIANI-BRESCIA,BRESCIA,BRESCIA,LOMBARDIA,SCUOLA PRIMO GRADO,,BSMM85405V,PEZZAZE,PEZZAZE,BRESCIA,LOMBARDIA,SCUOLA PRIMO GRADO,,5,2.93
202425,0.346,42,statale,SCUOLA SECONDARIA I GRADO,1,PGMM84001A,"""A. VOLUMNIO""",PERUGIA,PERUGIA,UMBRIA,SCUOLA PRIMO GRADO,,PGMM854018,SEC.1^ M. BONAPARTE VALENTINI,PERUGIA,PERUGIA,UMBRIA,SCUOLA PRIMO GRADO,,2,2.451
202425,0.346,42,statale,SCUOLA SECONDARIA I GRADO,1,MIMM815016,SEC. I GRADO CARDARELLI,MILANO,MILANO,LOMBARDIA,SCUOLA PRIMO GRADO,,MIMM8FX01V,SECONDARIA I GR. CARLO PORTA,MILANO,MILANO,LOMBARDIA,SCUOLA PRIMO GRADO,,9,1.545
202425,0.346,42,statale,SCUOLA SECONDARIA I GRADO,1,BGMM84901P,"S.M.S.""A.MORO"" GORLAGO",GORLAGO,BERGAMO,LOMBARDIA,SCUOLA PRIMO GRADO,,BGMM870036,"S.M.S.""L.LOTTO"" S.PAOLO D'ARGON",SAN PAOLO D'ARGON,BERGAMO,LOMBARDIA,SCUOLA PRIMO GRADO,,2,2.393
202425,0.346,42,statale,SCUOLA SECONDARIA I GRADO,1,BGMM84901P,"S.M.S.""A.MORO"" GORLAGO",GORLAGO,BERGAMO,LOMBARDIA,SCUOLA PRIMO GRADO,,BGMM870025,S.M.S. CENATE SOTTO,CENATE SOTTO,BERGAMO,LOMBARDIA,SCUOLA PRIMO GRADO,,4,2.714
202425,0.346,42,statale,SCUOLA SECONDARIA I GRADO,1,TVMM86502L,SMS CAVASO/POSSAGNO,CAVASO DEL TOMBA,TREVISO,VENETO,SCUOLA PRIMO GRADO,,TVMM83002N,SC. SECONDARIA 1 GR.,CASTELCUCCO,TREVISO,VENETO,SCUOLA PRIMO GRADO,,2,2.61
202425,0.346,42,statale,SCUOLA SECONDARIA I GRADO,1,BOMM854014,SAFFI - 11 BOLOGNA,BOLOGNA,BOLOGNA,EMILIA ROMAGNA,SCUOLA PRIMO GRADO,,BOMM85501X,LUIGI CARLO FARINI,BOLOGNA,BOLOGNA,EMILIA ROMAGNA,SCUOLA PRIMO GRADO,,9,2.4
202425,0.346,42,statale,SCUOLA SECONDARIA I GRADO,1,VRMM88301R,VR N.12 - MANZONI,VERONA,VERONA,VENETO,SCUOLA PRIMO GRADO,,VRMM88401L,VR N.14 - DON MILANI,VERONA,VERONA,VENETO,SCUOLA PRIMO GRADO,,16,2.867
202425,0.346,42,statale,SCUOLA SECONDARIA I GRADO,1,VRMM88301R,VR N.12 - MANZONI,VERONA,VERONA,VENETO,SCUOLA PRIMO GRADO,,VRMM89201G,VR N.3 - DANTE ALIGHIERI,VERONA,VERONA,VENETO,SCUOLA PRIMO GRADO,,2,3.678
202425,0.346,42,statale,SCUOLA SECONDARIA I GRADO,1,VRMM88301R,VR N.12 - MANZONI,VERONA,VERONA,VENETO,SCUOLA PRIMO GRADO,,VRMM879015,VR N.8 CALIARI BETTELONI,VERONA,VERONA,VENETO,SCUOLA PRIMO GRADO,,4,3.966
202425,0.346,42,statale,SCUOLA SECONDARIA I GRADO,1,MIMM8AU01D,SECONDARIA I GR. G.MARCONI,COLOGNO MONZESE,MILANO,LOMBARDIA,SCUOLA PRIMO GRADO,,MIMM8B001N,SECONDARIA I GR. VIA PIAVE,VIMODRONE,MILANO,LOMBARDIA,SCUOLA PRIMO GRADO,,10,0.957
202425,0.346,42,statale,SCUOLA SECONDARIA I GRADO,1,MIMM8AP01A,SECONDARIA I GR. G. MORANDI,CINISELLO BALSAMO,MILANO,LOMBARDIA,SCUOLA PRIMO GRADO,,MIMM8AY01E,SECONDARIA I GR. ZANELLI,CUSANO MILANINO,MILANO,LOMBARDIA,SCUOLA PRIMO GRADO,,10,2.605
202425,0.346,42,statale,SCUOLA SECONDARIA I GRADO,1,VIMM869016,IC VICENZA 10 - O. CALDERARI,VICENZA,VICENZA,VENETO,SCUOLA PRIMO GRADO,,VIMM86601P,IC VICENZA 8 - G.G.TRISSINO,VICENZA,VICENZA,VENETO,SCUOLA PRIMO GRADO,,2,1.47
202425,0.346,42,statale,SCUOLA SECONDARIA I GRADO,1,VIMM869016,IC VICENZA 10 - O. CALDERARI,VICENZA,VICENZA,VENETO,SCUOLA PRIMO GRADO,,VIMM871016,IC VICENZA 1 - F. MAFFEI,VICENZA,VICENZA,VENETO,SCUOLA PRIMO GRADO,,7,2.362
202425,0.346,42,statale,SCUOLA SECONDARIA I GRADO,1,TOMM8CF017,I.C. BOBBIO NOVARO - BOBBIO,TORINO,TORINO,PIEMONTE,SCUOLA PRIMO GRADO,,TOMM87501T,MARCONI,TORINO,TORINO,PIEMONTE,SCUOLA PRIMO GRADO,,5,2.831
202425,0.346,42,statale,SCUOLA SECONDARIA I GRADO,1,TOMM8CF017,I.C. BOBBIO NOVARO - BOBBIO,TORINO,TORINO,PIEMONTE,SCUOLA PRIMO GRADO,,TOMM81801N,I.C. GOZZI OLIVETTI - OLIVETTI,TORINO,TORINO,PIEMONTE,SCUOLA PRIMO GRADO,,7,3.196
202425,0.346,42,statale,SCUOLA SECONDARIA I GRADO,1,TOMM8CF017,I.C. BOBBIO NOVARO - BOBBIO,TORINO,TORINO,PIEMONTE,SCUOLA PRIMO GRADO,,TOMM88301R,I.C. R.L. MONTALCINI-V.PALMIERI,TORINO,TORINO,PIEMONTE,SCUOLA PRIMO GRADO,,7,3.909
202425,0.346,42,statale,SCUOLA SECONDARIA I GRADO,1,REMM834016,DALLA CHIESA,REGGIO NELL'EMILIA,REGGIO EMILIA,EMILIA ROMAGNA,SCUOLA PRIMO GRADO,,REMM84501L,A.S. AOSTA,REGGIO NELL'EMILIA,REGGIO EMILIA,EMILIA ROMAGNA,SCUOLA PRIMO GRADO,,8,1.237
202425,0.346,42,statale,SCUOLA SECONDARIA I GRADO,1,MIMM8AS01T,SECOND.I GR. GARCIA VILLAS,CINISELLO BALSAMO,MILANO,LOMBARDIA,SCUOLA PRIMO GRADO,,MIMM8FJ01X,SECOND. I GRADO CROCI,PADERNO DUGNANO,MILANO,LOMBARDIA,SCUOLA PRIMO GRADO,,12,1.72
202425,0.346,42,statale,SCUOLA SECONDARIA I GRADO,1,GEMM840015,I.C.CERTOSA - SMS CAFFARO,GENOVA,GENOVA,LIGURIA,SCUOLA PRIMO GRADO,,GEMM812011,I.C. S.FRANCESCO DA PAOLA-BIXIO,GENOVA,GENOVA,LIGURIA,SCUOLA PRIMO GRADO,,5,2.108
202425,0.346,42,statale,SCUOLA SECONDARIA I GRADO,1,GEMM840015,I.C.CERTOSA - SMS CAFFARO,GENOVA,GENOVA,LIGURIA,SCUOLA PRIMO GRADO,,GEMM811015,IC OREGINA-SEC.I GR. A GASTALDI,GENOVA,GENOVA,LIGURIA,SCUOLA PRIMO GRADO,,1,2.618
202425,0.346,42,statale,SCUOLA SECONDARIA I GRADO,1,RMMM8G501A,DON GIUSEPPE MOROSINI,ROMA,ROMA,LAZIO,SCUOLA PRIMO GRADO,,RMMM84601A,V. DI TORREVECCHIA 675,ROMA,ROMA,LAZIO,SCUOLA PRIMO GRADO,,1,0.696
202425,0.346,42,statale,SCUOLA SECONDARIA I GRADO,1,RMMM8G501A,DON GIUSEPPE MOROSINI,ROMA,ROMA,LAZIO,SCUOLA PRIMO GRADO,,RMMM8GV01A,VIA TAGGIA,ROMA,ROMA,LAZIO,SCUOLA PRIMO GRADO,,8,0.82
202425,0.346,42,statale,SCUOLA SECONDARIA I GRADO,1,ALMM80701A,SERRAVALLE SCRIVIA-M.BENEDICTA,SERRAVALLE SCRIVIA,ALESSANDRIA,PIEMONTE,SCUOLA PRIMO GRADO,,ALMM80703C,STAZZANO -P. E A. VER,STAZZANO,ALESSANDRIA,PIEMONTE,SCUOLA PRIMO GRADO,,3,1.184
202425,0.346,42,statale,SCUOLA SECONDARIA I GRADO,1,ALMM80701A,SERRAVALLE SCRIVIA-M.BENEDICTA,SERRAVALLE SCRIVIA,ALESSANDRIA,PIEMONTE,SCUOLA PRIMO GRADO,,ALMM81303Q,VIGNOLE BORBERA - U. FOSCOLO,VIGNOLE BORBERA,ALESSANDRIA,PIEMONTE,SCUOLA PRIMO GRADO,,3,3.211
202425,0.346,42,statale,SCUOLA SECONDARIA I GRADO,1,GEMM85101G,I.C. SAMPIERDARENA/ S.M.S.,GENOVA,GENOVA,LIGURIA,SCUOLA PRIMO GRADO,,GEMM811015,IC OREGINA-SEC.I GR. A GASTALDI,GENOVA,GENOVA,LIGURIA,SCUOLA PRIMO GRADO,,7,3.049
202425,0.346,42,statale,SCUOLA SECONDARIA I GRADO,1,GEMM85101G,I.C. SAMPIERDARENA/ S.M.S.,GENOVA,GENOVA,LIGURIA,SCUOLA PRIMO GRADO,,GEMM14100T,I.O. CONVITTO/SEC.I GR.COLOMBO,GENOVA,GENOVA,LIGURIA,SCUOLA PRIMO GRADO,,22,3.394
202425,0.346,42,statale,SCUOLA SECONDARIA I GRADO,1,GEMM85101G,I.C. SAMPIERDARENA/ S.M.S.,GENOVA,GENOVA,LIGURIA,SCUOLA PRIMO GRADO,,GEMM854013,"SEC. I GRADO ""A. BERTANI""",GENOVA,GENOVA,LIGURIA,SCUOLA PRIMO GRADO,,1,3.73
202425,0.346,42,statale,SCUOLA SECONDARIA I GRADO,1,GEMM85101G,I.C. SAMPIERDARENA/ S.M.S.,GENOVA,GENOVA,LIGURIA,SCUOLA PRIMO GRADO,,GEMM853017,I.C. CASTELLETTO/S.M.S.,GENOVA,GENOVA,LIGURIA,SCUOLA PRIMO GRADO,,7,3.955
202425,0.346,42,statale,SCUOLA SECONDARIA I GRADO,1,MIMM8CF017,SECONDARIA I GRADO U.SABA,MILANO,MILANO,LOMBARDIA,SCUOLA PRIMO GRADO,,MIMM8AX01P,SECONDARIA I GR. MARCONI,CUSANO MILANINO,MILANO,LOMBARDIA,SCUOLA PRIMO GRADO,,10,2.44
202425,0.346,42,statale,SCUOLA SECONDARIA I GRADO,1,PDMM888016,BRIOSCO - ZANELLA - III I.C.,PADOVA,PADOVA,VENETO,SCUOLA PRIMO GRADO,,PDMM88002L,MAMELI - II I.C.,PADOVA,PADOVA,VENETO,SCUOLA PRIMO GRADO,,29,2.85
202425,0.346,42,statale,SCUOLA SECONDARIA I GRADO,1,APMM82701R,"PETRITOLI""MANNOCCHI TORNABUONI""",PETRITOLI,FERMO,MARCHE,SCUOLA PRIMO GRADO,,APMM840017,FERMO MEDIA BETTI,FERMO,FERMO,MARCHE,SCUOLA PRIMO GRADO,,2,3.576
202425,0.346,42,statale,SCUOLA SECONDARIA I GRADO,1,PCMM00300G,"""FAUSTINI-FRANK-NICOLINI""",PIACENZA,PIACENZA,EMILIA ROMAGNA,SCUOLA PRIMO GRADO,,PCMM00301L,SMS G.NICOLINI,PIACENZA,PIACENZA,EMILIA ROMAGNA,SCUOLA PRIMO GRADO,,12,0.64
202425,0.346,42,statale,SCUOLA SECONDARIA I GRADO,1,PCMM00300G,"""FAUSTINI-FRANK-NICOLINI""",PIACENZA,PIACENZA,EMILIA ROMAGNA,SCUOLA PRIMO GRADO,,PCMM00400B,SMS ITALO CALVINO,PIACENZA,PIACENZA,EMILIA ROMAGNA,SCUOLA PRIMO GRADO,,17,2.549
202425,0.346,42,statale,SCUOLA SECONDARIA I GRADO,1,BSMM88301P,SEC. I LANA FERMI BRESCIA,BRESCIA,BRESCIA,LOMBARDIA,SCUOLA PRIMO GRADO,,BSMM88401E,SEC. I VIRGILIO-PIRANDELLO BS,BRESCIA,BRESCIA,LOMBARDIA,SCUOLA PRIMO GRADO,,10,1.733
202425,0.346,42,statale,SCUOLA SECONDARIA I GRADO,1,MIMM895013,SEC. I GRADO L. MILANI,SAN GIULIANO MILANESE,MILANO,LOMBARDIA,SCUOLA PRIMO GRADO,,MIMM8EM01R,SECOND. I GR. VIA BEZZECCA,SAN GIULIANO MILANESE,MILANO,LOMBARDIA,SCUOLA PRIMO GRADO,,12,3.069
202425,0.346,42,statale,SCUOLA SECONDARIA I GRADO,1,MIMM895013,SEC. I GRADO L. MILANI,SAN GIULIANO MILANESE,MILANO,LOMBARDIA,SCUOLA PRIMO GRADO,,MIMM8FA01X,SECOND. I GR. DE GASPERI,SAN DONATO MILANESE,MILANO,LOMBARDIA,SCUOLA PRIMO GRADO,,6,3.23
202425,0.346,42,statale,SCUOLA SECONDARIA I GRADO,1,CRMM820011,"SMS ""MARCO GEROLAMO VIDA"" (CR)",CREMONA,CREMONA,LOMBARDIA,SCUOLA PRIMO GRADO,,CRMM82101R,SMS ANTONIO CAMPI (CREMONA),CREMONA,CREMONA,LOMBARDIA,SCUOLA PRIMO GRADO,,8,0.495
202425,0.346,42,statale,SCUOLA SECONDARIA I GRADO,1,MIMM8BT018,SECOND. I GR. DANTE ALIGHIERI,PERO,MILANO,LOMBARDIA,SCUOLA PRIMO GRADO,,MIMM8GD012,SECOND. I GR. VIA TERRAZZANO,RHO,MILANO,LOMBARDIA,SCUOLA PRIMO GRADO,,8,2.526
202425,0.346,42,statale,SCUOLA SECONDARIA I GRADO,1,VAMM86901C,VIA PERGINE - VARESE -,VARESE,VARESE,LOMBARDIA,SCUOLA PRIMO GRADO,,VAMM87401X,DANTE ALIGHIERI - VARESE,VARESE,VARESE,LOMBARDIA,SCUOLA PRIMO GRADO,,9,0.688
202425,0.346,42,statale,SCUOLA SECONDARIA I GRADO,1,VIMM877015,M.POLO,MONTECCHIO MAGGIORE,VICENZA,VENETO,SCUOLA PRIMO GRADO,,VIMM876019,A. FRANK,MONTECCHIO MAGGIORE,VICENZA,VENETO,SCUOLA PRIMO GRADO,,6,2.244
202425,0.346,42,statale,SCUOLA SECONDARIA I GRADO,1,VIMM877015,M.POLO,MONTECCHIO MAGGIORE,VICENZA,VENETO,SCUOLA PRIMO GRADO,,VIMM82301R,MARCONI,ALTAVILLA VICENTINA,VICENZA,VENETO,SCUOLA PRIMO GRADO,,2,2.543
202425,0.346,42,statale,SCUOLA SECONDARIA I GRADO,1,MCMM821011,L.LOTTO,MONTE SAN GIUSTO,MACERATA,MARCHE,SCUOLA PRIMO GRADO,,APMM824019,MONTEGRANARO,MONTEGRANARO,FERMO,MARCHE,SCUOLA PRIMO GRADO,,6,3.169
202425,0.346,42,statale,SCUOLA SECONDARIA I GRADO,1,MNMM82801R,"MANTOVA ""ALBERTI""",MANTOVA,MANTOVA,LOMBARDIA,SCUOLA PRIMO GRADO,,MNMM813013,SCUOLA MEDIA PORTO MANTOVANO,PORTO MANTOVANO,MANTOVA,LOMBARDIA,SCUOLA PRIMO GRADO,,8,0.342
202425,0.346,42,statale,SCUOLA SECONDARIA I GRADO,1,SVMM820011,I GR. PERTINI-VILLAPIANA SAVONA,SAVONA,SAVONA,LIGURIA,SCUOLA PRIMO GRADO,,SVMM81901R,"I GR. ""S. PERTINI"" SAVONA",SAVONA,SAVONA,LIGURIA,SCUOLA PRIMO GRADO,,4,1.082
202425,0.346,42,statale,SCUOLA SECONDARIA I GRADO,1,SVMM820011,I GR. PERTINI-VILLAPIANA SAVONA,SAVONA,SAVONA,LIGURIA,SCUOLA PRIMO GRADO,,SVMM81401N,"I GR. ""B. GUIDOBONO"" SAVONA",SAVONA,SAVONA,LIGURIA,SCUOLA PRIMO GRADO,,5,1.27
202425,0.346,42,statale,SCUOLA SECONDARIA I GRADO,1,MIMM8FC01G,SECOND. I GR. VIA DEI GAROFANI,ROZZANO,MILANO,LOMBARDIA,SCUOLA PRIMO GRADO,,MIMM8FM01B,SECONDARIA I GR. LUINI,ROZZANO,MILANO,LOMBARDIA,SCUOLA PRIMO GRADO,,8,0.779
202425,0.346,42,statale,SCUOLA SECONDARIA I GRADO,1,TSMM80101V,F.LLI FONDA SAVIO - A. MANZONI,TRIESTE,TRIESTE,FRIULI-VENEZIA G.,SCUOLA PRIMO GRADO,,TSMM813015,DIVISIONE JULIA,TRIESTE,TRIESTE,FRIULI-VENEZIA G.,SCUOLA PRIMO GRADO,,8,0.645
202425,0.346,42,statale,SCUOLA SECONDARIA I GRADO,1,TVMM86601B,"SC.SECONDARIA I GR. ""BRUSTOLON""",CONEGLIANO,TREVISO,VENETO,SCUOLA PRIMO GRADO,,TVMM853019,SMS FRA' CLAUDIO -S.LUCIA (IC),SANTA LUCIA DI PIAVE,TREVISO,VENETO,SCUOLA PRIMO GRADO,,6,2.506
202425,0.346,42,statale,SCUOLA SECONDARIA I GRADO,1,TVMM86601B,"SC.SECONDARIA I GR. ""BRUSTOLON""",CONEGLIANO,TREVISO,VENETO,SCUOLA PRIMO GRADO,,TVMM867017,SMS CIMA CONEGLIANO (IC 2),CONEGLIANO,TREVISO,VENETO,SCUOLA PRIMO GRADO,,2,2.799
202425,0.346,42,statale,SCUOLA SECONDARIA I GRADO,1,BSMM86101T,G.DALE' - ROCCAFRANCA,ROCCAFRANCA,BRESCIA,LOMBARDIA,SCUOLA PRIMO GRADO,,BSMM86102V,GIOVANNI XXIII - RUDIANO,RUDIANO,BRESCIA,LOMBARDIA,SCUOLA PRIMO GRADO,,1,3.331
202425,0.346,42,statale,SCUOLA SECONDARIA I GRADO,1,UDMM857011,MANZONI - UDINE,UDINE,UDINE,FRIULI-VENEZIA G.,SCUOLA PRIMO GRADO,,UDMM85801R,G. MARCONI - E. BELLAVITIS,UDINE,UDINE,FRIULI-VENEZIA G.,SCUOLA PRIMO GRADO,,13,0.674
202425,0.346,42,statale,SCUOLA SECONDARIA I GRADO,1,FEMM80001E,COSME' TURA - PONTELAGOSCURO,FERRARA,FERRARA,EMILIA ROMAGNA,SCUOLA PRIMO GRADO,,FEMM810015,"""M.M.BOIARDO""",FERRARA,FERRARA,EMILIA ROMAGNA,SCUOLA PRIMO GRADO,,7,3.981
202425,0.346,42,statale,SCUOLA SECONDARIA I GRADO,1,BGMM86603E,"S.M.S.""D.ALIGHIERI"" PONTE S. P.",PONTE SAN PIETRO,BERGAMO,LOMBARDIA,SCUOLA PRIMO GRADO,,BGMM84503D,S.M.S. MOZZO,MOZZO,BERGAMO,LOMBARDIA,SCUOLA PRIMO GRADO,,10,1.44
202425,0.346,42,statale,SCUOLA SECONDARIA I GRADO,1,LIMM826013,G.BORSI,LIVORNO,LIVORNO,TOSCANA,SCUOLA PRIMO GRADO,,LIMM82701V,SAN GAETANO,LIVORNO,LIVORNO,TOSCANA,SCUOLA PRIMO GRADO,,17,1.09
202425,0.346,42,statale,SCUOLA SECONDARIA I GRADO,1,AQMM82101C,""" IGNAZIO SILONE """,LUCO DEI MARSI,L'AQUILA,ABRUZZO,SCUOLA PRIMO GRADO,,AQMM831024,SCUOLA SEC DI PRIMO GRADO,TRASACCO,L'AQUILA,ABRUZZO,SCUOLA PRIMO GRADO,,4,4.988
202425,0.346,42,statale,SCUOLA SECONDARIA I GRADO,1,BSMM881013,SEC. I CARDUCCI BRESCIA,BRESCIA,BRESCIA,LOMBARDIA,SCUOLA PRIMO GRADO,,BSMM85405V,PEZZAZE,PEZZAZE,BRESCIA,LOMBARDIA,SCUOLA PRIMO GRADO,,2,2.841
202425,0.346,42,statale,SCUOLA SECONDARIA I GRADO,1,BSMM881013,SEC. I CARDUCCI BRESCIA,BRESCIA,BRESCIA,LOMBARDIA,SCUOLA PRIMO GRADO,,BSMM88401E,SEC. I VIRGILIO-PIRANDELLO BS,BRESCIA,BRESCIA,LOMBARDIA,SCUOLA PRIMO GRADO,,14,3.935
202425,0.346,42,statale,SCUOLA SECONDARIA I GRADO,1,MEMM82402P,MERI',MERI',MESSINA,SICILIA,SCUOLA PRIMO GRADO,,MEMM85201T,""" ENRICO FERMI """,SAN FILIPPO DEL MELA,MESSINA,SICILIA,SCUOLA PRIMO GRADO,,3,1.817
202425,0.346,42,statale,SCUOLA SECONDARIA I GRADO,1,MIMM8CV018,SECOND. I GR. TREVISANI SCAETTA,MILANO,MILANO,LOMBARDIA,SCUOLA PRIMO GRADO,,MIMM8DF01T,SEC. I GR. VIA ASTURIE-VIA MANN,MILANO,MILANO,LOMBARDIA,SCUOLA PRIMO GRADO,,10,2.542
202425,0.346,42,statale,SCUOLA SECONDARIA I GRADO,1,MIMM8CZ01G,SECONDARIA I GR. VIA ANEMONI,MILANO,MILANO,LOMBARDIA,SCUOLA PRIMO GRADO,,MIMM8FX01V,SECONDARIA I GR. CARLO PORTA,MILANO,MILANO,LOMBARDIA,SCUOLA PRIMO GRADO,,6,2.283
202425,0.346,42,statale,SCUOLA SECONDARIA I GRADO,1,PVMM83201N,IC VIG. VITTORIO VENETO-BUSSI,VIGEVANO,PAVIA,LOMBARDIA,SCUOLA PRIMO GRADO,,PVMM830012,IC VIG.V.VALL.FOGLIANO-BRAMANTE,VIGEVANO,PAVIA,LOMBARDIA,SCUOLA PRIMO GRADO,,12,1.653
202425,0.346,42,statale,SCUOLA SECONDARIA I GRADO,1,RMMM8FB018,"""DARIO PAGANO""",ROMA,ROMA,LAZIO,SCUOLA PRIMO GRADO,,RMMM827011,ILARIA ALPI,ROMA,ROMA,LAZIO,SCUOLA PRIMO GRADO,,9,1.315
202425,0.346,42,statale,SCUOLA SECONDARIA I GRADO,1,TOMM816012,I.C. KING - MILA,TORINO,TORINO,PIEMONTE,SCUOLA PRIMO GRADO,,TOMM81201P,I.C. GRUGLIASCO KING - LEVI,GRUGLIASCO,TORINO,PIEMONTE,SCUOLA PRIMO GRADO,,4,0.715
202425,0.346,42,statale,SCUOLA SECONDARIA I GRADO,1,VRMM87701D,VR N.5 QUARTIERE SANTA LUCIA,VERONA,VERONA,VENETO,SCUOLA PRIMO GRADO,,VRMM83901P,VR N.6 - FAINELLI - GANDHI,VERONA,VERONA,VENETO,SCUOLA PRIMO GRADO,,6,3.858
202425,0.346,42,statale,SCUOLA SECONDARIA I GRADO,1,VRMM882011,VR N.10-11 MAZZA-MENEGHETTI,VERONA,VERONA,VENETO,SCUOLA PRIMO GRADO,,VRMM830018,E. SALGARI CADIDAVID,VERONA,VERONA,VENETO,SCUOLA PRIMO GRADO,,12,3.071
202425,0.346,42,statale,SCUOLA SECONDARIA I GRADO,1,MIMM8FW013,SECONDARIA I GR. ARCADIA,MILANO,MILANO,LOMBARDIA,SCUOLA PRIMO GRADO,,MIMM880019,SECONDARIA I GRAD0 ALBERELLE,ROZZANO,MILANO,LOMBARDIA,SCUOLA PRIMO GRADO,,12,2.498
202425,0.346,42,statale,SCUOLA SECONDARIA I GRADO,1,TOMM879015,I.C.VIVALDI MURIALDO - VIVALDI,TORINO,TORINO,PIEMONTE,SCUOLA PRIMO GRADO,,TOMM8A0013,I.C. NIGRA - NIGRA,TORINO,TORINO,PIEMONTE,SCUOLA PRIMO GRADO,,16,2.886
202425,0.346,42,statale,SCUOLA SECONDARIA I GRADO,1,RMMM81401V,DANIELE MANIN,ROMA,ROMA,LAZIO,SCUOLA PRIMO GRADO,,RMMM8D601A,S.M.S. GIUSEPPE MAZZINI,ROMA,ROMA,LAZIO,SCUOLA PRIMO GRADO,,8,0.64
202425,0.346,42,statale,SCUOLA SECONDARIA I GRADO,1,MIMM8FV017,SECONDARIA I GR. S. PERTINI,MILANO,MILANO,LOMBARDIA,SCUOLA PRIMO GRADO,,MIMM8CB01X,SECOND. I GR. CONFALONIERI,MILANO,MILANO,LOMBARDIA,SCUOLA PRIMO GRADO,,8,3.011
202425,0.346,42,statale,SCUOLA SECONDARIA I GRADO,1,MIMM8DS01E,SECOND. I GR. PRIMO LEVI,MILANO,MILANO,LOMBARDIA,SCUOLA PRIMO GRADO,,MIMM8ET011,SECONDARIA I GR. L. DA VINCI,CESANO BOSCONE,MILANO,LOMBARDIA,SCUOLA PRIMO GRADO,,13,2.109
202425,0.346,42,statale,SCUOLA SECONDARIA I GRADO,1,GEMM83601D,I.C.CORNIGLIANO - EX VOLTA,GENOVA,GENOVA,LIGURIA,SCUOLA PRIMO GRADO,,GEMM838015,I.C.SAN G.BATTISTA/CENTURIONE,GENOVA,GENOVA,LIGURIA,SCUOLA PRIMO GRADO,,11,2.876
202425,0.346,42,statale,SCUOLA SECONDARIA I GRADO,1,PVMM821017,BRONI - FERRINI,BRONI,PAVIA,LOMBARDIA,SCUOLA PRIMO GRADO,,PVMM800049,SCUOLA SEC. CANNETO PAVESE,CANNETO PAVESE,PAVIA,LOMBARDIA,SCUOLA PRIMO GRADO,,3,2.094
202425,0.346,42,statale,SCUOLA SECONDARIA I GRADO,1,UDMM843013,FERMI - UDINE,UDINE,UDINE,FRIULI-VENEZIA G.,SCUOLA PRIMO GRADO,,UDMM842017,VALUSSI - UDINE,UDINE,UDINE,FRIULI-VENEZIA G.,SCUOLA PRIMO GRADO,,1,1.011
202425,0.346,42,statale,SCUOLA SECONDARIA I GRADO,1,BSMM82501P,"""A.MIGLIAVACCA"" - VOBARNO",VOBARNO,BRESCIA,LOMBARDIA,SCUOLA PRIMO GRADO,,BSMM82502Q,"""F.ODORICI"" - ROE' VOLCIANO",ROE' VOLCIANO,BRESCIA,LOMBARDIA,SCUOLA PRIMO GRADO,,8,2.464
202425,0.346,42,statale,SCUOLA SECONDARIA I GRADO,1,TVMM862025,"SMS ""SANTE ZANON"" FONTE (IC)",FONTE,TREVISO,VENETO,SCUOLA PRIMO GRADO,,TVMM862014,SMS S.ZENONE EZZELINI ( I.C.),SAN ZENONE DEGLI EZZELINI,TREVISO,VENETO,SCUOLA PRIMO GRADO,,5,2.278
202425,0.346,42,statale,SCUOLA SECONDARIA I GRADO,1,MIMM8AG01T,SECONDARIA I GR G.B. VICO,MILANO,MILANO,LOMBARDIA,SCUOLA PRIMO GRADO,,MIMM8BR01L,SECOND. I GR. ORIO VERGANI,NOVATE MILANESE,MILANO,LOMBARDIA,SCUOLA PRIMO GRADO,,11,2.065
202425,0.346,42,statale,SCUOLA SECONDARIA I GRADO,1,RMMM86701B,DE FILIPPO,ROMA,ROMA,LAZIO,SCUOLA PRIMO GRADO,,RMMM8GT01P,VIA VALLOMBROSA,ROMA,ROMA,LAZIO,SCUOLA PRIMO GRADO,,6,2.011
202425,0.346,42,statale,SCUOLA SECONDARIA I GRADO,1,RMMM86701B,DE FILIPPO,ROMA,ROMA,LAZIO,SCUOLA PRIMO GRADO,,RMMM8F401X,GOFFREDO PETRASSI,ROMA,ROMA,LAZIO,SCUOLA PRIMO GRADO,,4,2.952
202425,0.346,42,statale,SCUOLA SECONDARIA I GRADO,1,BSMM84701G,SECONDARIA I GRADO - REMEDELLO,REMEDELLO,BRESCIA,LOMBARDIA,SCUOLA PRIMO GRADO,,BSMM84702L,SECONDARIA I GRADO - VISANO,VISANO,BRESCIA,LOMBARDIA,SCUOLA PRIMO GRADO,,2,4.158
202425,0.346,42,statale,SCUOLA SECONDARIA I GRADO,1,PDMM882017,DONATELLO - V I.C.,PADOVA,PADOVA,VENETO,SCUOLA PRIMO GRADO,,PDMM88002L,MAMELI - II I.C.,PADOVA,PADOVA,VENETO,SCUOLA PRIMO GRADO,,5,2.647
202425,0.346,42,statale,SCUOLA SECONDARIA I GRADO,1,PDMM882017,DONATELLO - V I.C.,PADOVA,PADOVA,VENETO,SCUOLA PRIMO GRADO,,PDMM87901B,PETRARCA - I I.C.,PADOVA,PADOVA,VENETO,SCUOLA PRIMO GRADO,,2,3.103
202425,0.346,42,statale,SCUOLA SECONDARIA I GRADO,1,FIMM812014,PAOLO UCCELLO,FIRENZE,FIRENZE,TOSCANA,SCUOLA PRIMO GRADO,,FIMM83701C,PIRANDELLO,FIRENZE,FIRENZE,TOSCANA,SCUOLA PRIMO GRADO,,9,1.984
202425,0.346,42,statale,SCUOLA SECONDARIA I GRADO,1,SOMM82101C,F.SASSI - SONDRIO,SONDRIO,SONDRIO,LOMBARDIA,SCUOLA PRIMO GRADO,,SOMM82001L,SCUOLA MEDIA TORELLI,SONDRIO,SONDRIO,LOMBARDIA,SCUOLA PRIMO GRADO,,2,0.845
202425,0.346,42,statale,SCUOLA SECONDARIA I GRADO,1,TSMM812019,SSIG M. CODERMATZ,TRIESTE,TRIESTE,FRIULI-VENEZIA G.,SCUOLA PRIMO GRADO,,TSMM813015,DIVISIONE JULIA,TRIESTE,TRIESTE,FRIULI-VENEZIA G.,SCUOLA PRIMO GRADO,,5,1.204
202425,0.346,42,statale,SCUOLA SECONDARIA I GRADO,1,IMMM82002C,SC.SEC.I GRADO G.RUFFINI TAGGIA,TAGGIA,IMPERIA,LIGURIA,SCUOLA PRIMO GRADO,,IMMM819017,"ARMA DI TAGGIA ""PASTONCHI""",TAGGIA,IMPERIA,LIGURIA,SCUOLA PRIMO GRADO,,9,3.09
202425,0.346,42,statale,SCUOLA SECONDARIA I GRADO,1,POMM812014,LEONETTO TINTORI,PRATO,PRATO,TOSCANA,SCUOLA PRIMO GRADO,,PTMM82701G,MARIO NANNINI,QUARRATA,PISTOIA,TOSCANA,SCUOLA PRIMO GRADO,,8,4.167
202425,0.346,42,statale,SCUOLA SECONDARIA I GRADO,1,MBMM8GC013,L. DA VINCI - LIMBIATE,LIMBIATE,MONZA E DELLA BRIANZA,LOMBARDIA,SCUOLA PRIMO GRADO,,MBMM87101B,MARIA GAETANA AGNESI,VAREDO,MONZA E DELLA BRIANZA,LOMBARDIA,SCUOLA PRIMO GRADO,,9,1.861
202425,0.346,42,statale,SCUOLA SECONDARIA I GRADO,1,PVMM81303A,MIRADOLO TERME -MICHELANGELO -,MIRADOLO TERME,PAVIA,LOMBARDIA,SCUOLA PRIMO GRADO,,MIMM81301E,SECONDARIA I GRADO DON GNOCCHI,SAN COLOMBANO AL LAMBRO,MILANO,LOMBARDIA,SCUOLA PRIMO GRADO,,3,4.036
202425,0.346,42,statale,SCUOLA SECONDARIA I GRADO,1,BGMM83702D,S.M.S. CASIRATE D'ADDA,CASIRATE D'ADDA,BERGAMO,LOMBARDIA,SCUOLA PRIMO GRADO,,BGMM83701C,S.M.S. CALVENZANO,CALVENZANO,BERGAMO,LOMBARDIA,SCUOLA PRIMO GRADO,,1,2.304
202425,0.346,42,statale,SCUOLA SECONDARIA I GRADO,1,BGMM83702D,S.M.S. CASIRATE D'ADDA,CASIRATE D'ADDA,BERGAMO,LOMBARDIA,SCUOLA PRIMO GRADO,,BGMM85803G,S.M.S. MISANO D'ADDA,MISANO DI GERA D'ADDA,BERGAMO,LOMBARDIA,SCUOLA PRIMO GRADO,,2,4.688
202425,0.346,42,statale,SCUOLA SECONDARIA I GRADO,1,BGMM83702D,S.M.S. CASIRATE D'ADDA,CASIRATE D'ADDA,BERGAMO,LOMBARDIA,SCUOLA PRIMO GRADO,,CRMM818011,"""DALMAZIO BIRAGO""RIVOLTA D'ADDA",RIVOLTA D'ADDA,CREMONA,LOMBARDIA,SCUOLA PRIMO GRADO,,2,4.809
202425,0.346,42,statale,SCUOLA SECONDARIA I GRADO,1,ANMM82001B,"ANCONA ""MARCONI""",ANCONA,ANCONA,MARCHE,SCUOLA PRIMO GRADO,,ANMM81101L,"""CONERO""",ANCONA,ANCONA,MARCHE,SCUOLA PRIMO GRADO,,8,1.805
202425,0.346,42,statale,SCUOLA SECONDARIA I GRADO,1,BOMM853018,F.BESTA - 10 BOLOGNA,BOLOGNA,BOLOGNA,EMILIA ROMAGNA,SCUOLA PRIMO GRADO,,BOMM87301D,GUIDO RENI - 16 BOLOGNA,BOLOGNA,BOLOGNA,EMILIA ROMAGNA,SCUOLA PRIMO GRADO,,9,1.598
202425,0.346,42,statale,SCUOLA SECONDARIA I GRADO,1,MOMM84801P,MARCONI,MODENA,MODENA,EMILIA ROMAGNA,SCUOLA PRIMO GRADO,,MOMM85101E,FERRARIS,MODENA,MODENA,EMILIA ROMAGNA,SCUOLA PRIMO GRADO,,13,2.236
202425,0.346,42,statale,SCUOLA SECONDARIA I GRADO,1,AQMM823047,BARISCIANO,BARISCIANO,L'AQUILA,ABRUZZO,SCUOLA PRIMO GRADO,,AQMM82701B,F.ROSSI,SAN DEMETRIO NE' VESTINI,L'AQUILA,ABRUZZO,SCUOLA PRIMO GRADO,,2,4.226
202425,0.346,42,statale,SCUOLA SECONDARIA I GRADO,1,SIMM813029,ETTORE FABIETTI,CETONA,SIENA,TOSCANA,SCUOLA PRIMO GRADO,,SIMM813018,EMANUELE REPETTI,SARTEANO,SIENA,TOSCANA,SCUOLA PRIMO GRADO,,1,3.438
202425,0.346,42,statale,SCUOLA SECONDARIA I GRADO,1,MIMM887014,SECONDARIA I GRADO G.VERDI,CORSICO,MILANO,LOMBARDIA,SCUOLA PRIMO GRADO,,MIMM8EF01C,SECOND. I GR. LAURA CONTI,BUCCINASCO,MILANO,LOMBARDIA,SCUOLA PRIMO GRADO,,6,0.525
202425,0.346,42,statale,SCUOLA SECONDARIA I GRADO,1,GOMM814015,SC. SEC. DI I GRADO V. LOCCHI,GORIZIA,GORIZIA,FRIULI-VENEZIA G.,SCUOLA PRIMO GRADO,,GOMM813019,GRAZIADIO ISAIA ASCOLI,GORIZIA,GORIZIA,FRIULI-VENEZIA G.,SCUOLA PRIMO GRADO,,4,0.767
202425,0.346,42,statale,SCUOLA SECONDARIA I GRADO,1,VIMM83901A,IC 2 E 4 DI VICENZA,VICENZA,VICENZA,VENETO,SCUOLA PRIMO GRADO,,VIMM871016,IC VICENZA 1 - F. MAFFEI,VICENZA,VICENZA,VENETO,SCUOLA PRIMO GRADO,,10,1.673
202425,0.346,42,statale,SCUOLA SECONDARIA I GRADO,1,AQMM84601R,SCUOLA MEDIA CELESTINO V,L'AQUILA,L'AQUILA,ABRUZZO,SCUOLA PRIMO GRADO,,AQMM83301P,SCUOLA MEDIA SASSA MUSP N. 7,L'AQUILA,L'AQUILA,ABRUZZO,SCUOLA PRIMO GRADO,,2,2.007
202425,0.346,42,statale,SCUOLA SECONDARIA I GRADO,1,BGMM84201X,SECONDARIA DI I GRADO CISERANO,CISERANO,BERGAMO,LOMBARDIA,SCUOLA PRIMO GRADO,,BGMM82201P,"S.M.S.""C.CONSONNI"" ARCENE",ARCENE,BERGAMO,LOMBARDIA,SCUOLA PRIMO GRADO,,3,1.432
202425,0.346,42,statale,SCUOLA SECONDARIA I GRADO,1,GEMM84201R,I.C. TEGLIA - MEDIA TEGLIA,GENOVA,GENOVA,LIGURIA,SCUOLA PRIMO GRADO,,GEMM82301B,SCUOLA SEC. I GR. PIERO GASLINI,GENOVA,GENOVA,LIGURIA,SCUOLA PRIMO GRADO,,7,1.252
202425,0.346,42,statale,SCUOLA SECONDARIA I GRADO,1,PAMM813011,MADRE TERESA DI CALCUTTA,PALERMO,PALERMO,SICILIA,SCUOLA PRIMO GRADO,,PAMM898011,RITA BORSELLINO,PALERMO,PALERMO,SICILIA,SCUOLA PRIMO GRADO,,11,0.515
202425,0.346,42,statale,SCUOLA SECONDARIA I GRADO,1,LTMM847013,CENA,LATINA,LATINA,LAZIO,SCUOLA PRIMO GRADO,,LTMM85101P,VIA ARIOSTO,LATINA,LATINA,LAZIO,SCUOLA PRIMO GRADO,,2,0.955
202425,0.346,42,statale,SCUOLA SECONDARIA I GRADO,1,POMM81901V,IVANA MARCOCCI,PRATO,PRATO,TOSCANA,SCUOLA PRIMO GRADO,,POMM81001C,FILIPPO MAZZEI,POGGIO A CAIANO,PRATO,TOSCANA,SCUOLA PRIMO GRADO,,6,4.675
202425,0.346,42,statale,SCUOLA SECONDARIA I GRADO,1,VRMM878019,FEDELI - PACINOTTI,VERONA,VERONA,VENETO,SCUOLA PRIMO GRADO,,VRMM879015,VR N.8 CALIARI BETTELONI,VERONA,VERONA,VENETO,SCUOLA PRIMO GRADO,,2,2.175
202425,0.346,42,statale,SCUOLA SECONDARIA I GRADO,1,BSMM878017,TOVINI VERROCCHIO DE FILIPPO,BRESCIA,BRESCIA,LOMBARDIA,SCUOLA PRIMO GRADO,,BSMM880017,SEC. I BUFFALORA CAIONVICO BS,BRESCIA,BRESCIA,LOMBARDIA,SCUOLA PRIMO GRADO,,9,2.827
202425,0.346,42,statale,SCUOLA SECONDARIA I GRADO,1,MIMM8D001V,SECOND. I GR. IQBAL MASIH,MILANO,MILANO,LOMBARDIA,SCUOLA PRIMO GRADO,,MIMM8ES015,SECOND. I GR. E. ALESSANDRINI,CESANO BOSCONE,MILANO,LOMBARDIA,SCUOLA PRIMO GRADO,,11,1.808
202425,0.346,42,statale,SCUOLA SECONDARIA I GRADO,1,MIMM8D001V,SECOND. I GR. IQBAL MASIH,MILANO,MILANO,LOMBARDIA,SCUOLA PRIMO GRADO,,MIMM8ET011,SECONDARIA I GR. L. DA VINCI,CESANO BOSCONE,MILANO,LOMBARDIA,SCUOLA PRIMO GRADO,,4,2.188
202425,0.346,42,statale,SCUOLA SECONDARIA I GRADO,1,PIMM82001T,SEC. 1 GRADO A. PACINOTTI,PONTEDERA,PISA,TOSCANA,SCUOLA PRIMO GRADO,,PIMM838013,CURTATONE E MONTANARA,PONTEDERA,PISA,TOSCANA,SCUOLA PRIMO GRADO,,4,0.995
202425,0.346,42,statale,SCUOLA SECONDARIA I GRADO,1,BGMM84902Q,S.M.S. CAROBBIO DEGLI ANGELI,CAROBBIO DEGLI ANGELI,BERGAMO,LOMBARDIA,SCUOLA PRIMO GRADO,,BGMM82403C,S.M.S. COSTA DI MEZZATE,COSTA DI MEZZATE,BERGAMO,LOMBARDIA,SCUOLA PRIMO GRADO,,3,2.653
202425,0.346,42,statale,SCUOLA SECONDARIA I GRADO,1,BGMM84902Q,S.M.S. CAROBBIO DEGLI ANGELI,CAROBBIO DEGLI ANGELI,BERGAMO,LOMBARDIA,SCUOLA PRIMO GRADO,,BGMM840029,SECONDARIA BOLGARE,BOLGARE,BERGAMO,LOMBARDIA,SCUOLA PRIMO GRADO,,4,3.379
202425,0.346,42,statale,SCUOLA SECONDARIA I GRADO,1,NOMM83101L,SCUOLA MEDIA DI VIA JUVARRA,NOVARA,NOVARA,PIEMONTE,SCUOLA PRIMO GRADO,,NOMM82801R,PIER LOMBARDO,NOVARA,NOVARA,PIEMONTE,SCUOLA PRIMO GRADO,,6,1.439
202425,0.346,42,statale,SCUOLA SECONDARIA I GRADO,1,CTMM8AH01G,VESPUCCI - CAPUANA PIRANDELLO,CATANIA,CATANIA,SICILIA,SCUOLA PRIMO GRADO,,CTMM89801C,S.M. DIAZ - MANZONI,CATANIA,CATANIA,SICILIA,SCUOLA PRIMO GRADO,,5,0.118
202425,0.346,42,statale,SCUOLA SECONDARIA I GRADO,1,BSMM887012,SEC. I KENNEDY BRESCIA,BRESCIA,BRESCIA,LOMBARDIA,SCUOLA PRIMO GRADO,,BSMM857016,SCUOLA SECONDARIA A.GRAMSCI,RONCADELLE,BRESCIA,LOMBARDIA,SCUOLA PRIMO GRADO,,4,2.65
202425,0.346,42,statale,SCUOLA SECONDARIA I GRADO,1,BSMM887012,SEC. I KENNEDY BRESCIA,BRESCIA,BRESCIA,LOMBARDIA,SCUOLA PRIMO GRADO,,BSMM88801T,SEC.I GRADO E. MATTEI CELLATICA,CELLATICA,BRESCIA,LOMBARDIA,SCUOLA PRIMO GRADO,,5,3.968
202425,0.346,42,statale,SCUOLA SECONDARIA I GRADO,1,MIMM8FP01V,SECONDARIA I GR. VIA MAFFUCCI,MILANO,MILANO,LOMBARDIA,SCUOLA PRIMO GRADO,,MIMM824011,SEC. I GRADO PANZINI,MILANO,MILANO,LOMBARDIA,SCUOLA PRIMO GRADO,,12,2.476
202425,0.346,42,statale,SCUOLA SECONDARIA I GRADO,1,VCMM808016,AVOGADRO - VERCELLI -,VERCELLI,VERCELLI,PIEMONTE,SCUOLA PRIMO GRADO,,VCMM809012,SCUOLA SECONDARIA DI 1^ FERRARI,VERCELLI,VERCELLI,PIEMONTE,SCUOLA PRIMO GRADO,,2,0.805
202425,0.346,42,statale,SCUOLA SECONDARIA I GRADO,1,RMMM8F2018,QUARTARARO,ROMA,ROMA,LAZIO,SCUOLA PRIMO GRADO,,RMMM842013,NINO ROTA,ROMA,ROMA,LAZIO,SCUOLA PRIMO GRADO,,5,1.262
202425,0.346,42,statale,SCUOLA SECONDARIA I GRADO,1,TVMM86001C,SMS. G. GRITTI-SAN POLO,SAN POLO DI PIAVE,TREVISO,VENETO,SCUOLA PRIMO GRADO,,TVMM86002D,SMS CIMADOLMO (IC S.POLO),CIMADOLMO,TREVISO,VENETO,SCUOLA PRIMO GRADO,,4,2.53
202425,0.346,42,statale,SCUOLA SECONDARIA I GRADO,1,FIMM81301X,MANZONI,FIRENZE,FIRENZE,TOSCANA,SCUOLA PRIMO GRADO,,FIMM83701C,PIRANDELLO,FIRENZE,FIRENZE,TOSCANA,SCUOLA PRIMO GRADO,,5,2.105
202425,0.346,42,statale,SCUOLA SECONDARIA I GRADO,1,BGMM81401Q,"S.M.S. ""DA ROSCIATE"" BERGAMO",BERGAMO,BERGAMO,LOMBARDIA,SCUOLA PRIMO GRADO,,BGMM81501G,S.M.S. CAMOZZI BERGAMO,BERGAMO,BERGAMO,LOMBARDIA,SCUOLA PRIMO GRADO,,5,1.182
202425,0.346,42,statale,SCUOLA SECONDARIA I GRADO,1,NOMM80901B,"""P. RAMATI"" CERANO",CERANO,NOVARA,PIEMONTE,SCUOLA PRIMO GRADO,,PVMM80301N,CASSOLNOVO - DEL PRETE,CASSOLNOVO,PAVIA,LOMBARDIA,SCUOLA PRIMO GRADO,,10,4.982
202425,0.346,42,statale,SCUOLA SECONDARIA I GRADO,1,BGMM825016,"S.M.S. ""DON MILANI"" BARIANO",BARIANO,BERGAMO,LOMBARDIA,SCUOLA PRIMO GRADO,,BGMM85802E,S.M.S. FORNOVO SAN GIOVANNI,FORNOVO SAN GIOVANNI,BERGAMO,LOMBARDIA,SCUOLA PRIMO GRADO,,6,2.91
202425,0.346,42,statale,SCUOLA SECONDARIA I GRADO,1,BSMM843018,L.DA VINCI ROVATO,ROVATO,BRESCIA,LOMBARDIA,SCUOLA PRIMO GRADO,,BSMM84002T,SCUOLA SECONDARIA DI I ERBUSCO,ERBUSCO,BRESCIA,LOMBARDIA,SCUOLA PRIMO GRADO,,13,4.524
202425,0.346,42,statale,SCUOLA SECONDARIA I GRADO,1,BSMM843018,L.DA VINCI ROVATO,ROVATO,BRESCIA,LOMBARDIA,SCUOLA PRIMO GRADO,,BSMM84001R,A. MAZZOTTI COLOGNE,COLOGNE,BRESCIA,LOMBARDIA,SCUOLA PRIMO GRADO,,1,4.633
202425,0.346,42,statale,SCUOLA SECONDARIA I GRADO,1,MEMM86201C,LEOPARDI,MESSINA,MESSINA,SICILIA,SCUOLA PRIMO GRADO,,MEMM89701B,"ISTITUTO ""G. CATALFAMO""",MESSINA,MESSINA,SICILIA,SCUOLA PRIMO GRADO,,6,1.104
202425,0.346,42,statale,SCUOLA SECONDARIA I GRADO,1,MIMM8DU016,SECOND. I GR. VIA MARTINENGO,MILANO,MILANO,LOMBARDIA,SCUOLA PRIMO GRADO,,MIMM8B9014,SECONDARIA I GR. C. MANARA,MILANO,MILANO,LOMBARDIA,SCUOLA PRIMO GRADO,,6,2.295
202425,0.346,42,statale,SCUOLA SECONDARIA I GRADO,1,ANMM830023,"SEC. I GR. JESI ""FEDERICO II""",JESI,ANCONA,MARCHE,SCUOLA PRIMO GRADO,,ANMM84001L,"JESI ""CARLO LORENZINI""",JESI,ANCONA,MARCHE,SCUOLA PRIMO GRADO,,6,1.274
202425,0.346,42,statale,SCUOLA SECONDARIA I GRADO,1,AQMM843019,"S.M. ""L. MARINI""",AVEZZANO,L'AQUILA,ABRUZZO,SCUOLA PRIMO GRADO,,AQMM84001T,"""E. FERMI""",AVEZZANO,L'AQUILA,ABRUZZO,SCUOLA PRIMO GRADO,,4,1.075
202425,0.346,42,statale,SCUOLA SECONDARIA I GRADO,1,PNMM83201L,SMS CENTRO STORICO,PORDENONE,PORDENONE,FRIULI-VENEZIA G.,SCUOLA PRIMO GRADO,,PNMM83301C,SMS PIER PAOLO PASOLINI,PORDENONE,PORDENONE,FRIULI-VENEZIA G.,SCUOLA PRIMO GRADO,,6,1.196
202425,0.346,42,statale,SCUOLA SECONDARIA I GRADO,1,PNMM83201L,SMS CENTRO STORICO,PORDENONE,PORDENONE,FRIULI-VENEZIA G.,SCUOLA PRIMO GRADO,,PNMM83101R,GIUSEPPE LOZER,PORDENONE,PORDENONE,FRIULI-VENEZIA G.,SCUOLA PRIMO GRADO,,4,1.665
202425,0.346,42,statale,SCUOLA SECONDARIA I GRADO,1,BGMM883016,"S.M.S.""L.DA VINCI"" TRESCORE",TRESCORE BALNEARIO,BERGAMO,LOMBARDIA,SCUOLA PRIMO GRADO,,BGMM870025,S.M.S. CENATE SOTTO,CENATE SOTTO,BERGAMO,LOMBARDIA,SCUOLA PRIMO GRADO,,6,1.357
202425,0.346,42,statale,SCUOLA SECONDARIA I GRADO,1,NOMM82301N,"""BELLINI""",NOVARA,NOVARA,PIEMONTE,SCUOLA PRIMO GRADO,,NOMM81402X,S.M.S. DI CASALINO,CASALINO,NOVARA,PIEMONTE,SCUOLA PRIMO GRADO,,4,2.668
202425,0.346,42,statale,SCUOLA SECONDARIA I GRADO,1,NOMM82301N,"""BELLINI""",NOVARA,NOVARA,PIEMONTE,SCUOLA PRIMO GRADO,,NOMM82801R,PIER LOMBARDO,NOVARA,NOVARA,PIEMONTE,SCUOLA PRIMO GRADO,,6,4.62
202425,0.346,42,statale,SCUOLA SECONDARIA I GRADO,1,PDMM83001E,G. TARTINI - XIII I.C.,PADOVA,PADOVA,VENETO,SCUOLA PRIMO GRADO,,PDMM87702R,CASALE SEZ. DI CASTELBALDO,CASTELBALDO,PADOVA,VENETO,SCUOLA PRIMO GRADO,,2,1.278
202425,0.346,42,statale,SCUOLA SECONDARIA I GRADO,1,PDMM83001E,G. TARTINI - XIII I.C.,PADOVA,PADOVA,VENETO,SCUOLA PRIMO GRADO,,PDMM890016,GALILEI - XIV I.C.,PADOVA,PADOVA,VENETO,SCUOLA PRIMO GRADO,,1,2.226
202425,0.346,42,statale,SCUOLA SECONDARIA I GRADO,1,TOMM810013,I.C. D.M. TUROLDO - TUROLDO,TORINO,TORINO,PIEMONTE,SCUOLA PRIMO GRADO,,TOMM8BW01L,I.C.ALIGHIERI KENNEDY-ALIGHIERI,TORINO,TORINO,PIEMONTE,SCUOLA PRIMO GRADO,,6,2.595
202425,0.346,42,statale,SCUOLA SECONDARIA I GRADO,1,RMMM8G301P,SMS VIA S. BORGIA,ROMA,ROMA,LAZIO,SCUOLA PRIMO GRADO,,RMMM8GV01A,VIA TAGGIA,ROMA,ROMA,LAZIO,SCUOLA PRIMO GRADO,,6,0.947
202425,0.346,42,statale,SCUOLA SECONDARIA I GRADO,1,BSMM86301D,A.ZAMMARCHI - CASTREZZATO,CASTREZZATO,BRESCIA,LOMBARDIA,SCUOLA PRIMO GRADO,,BSMM860012,G.VERGA - TRENZANO,TRENZANO,BRESCIA,LOMBARDIA,SCUOLA PRIMO GRADO,,6,4.441
202425,0.346,42,statale,SCUOLA SECONDARIA I GRADO,1,MIMM8C501B,SECONDARIA I GR. G. NEGRI,MILANO,MILANO,LOMBARDIA,SCUOLA PRIMO GRADO,,MIMM8C401G,SECONDARIA I GR. M. RICCI,MILANO,MILANO,LOMBARDIA,SCUOLA PRIMO GRADO,,8,1.601
202425,0.346,42,statale,SCUOLA SECONDARIA I GRADO,1,TOMM8B101D,I.C. ALERAMO - VIA GUBBIO TO,TORINO,TORINO,PIEMONTE,SCUOLA PRIMO GRADO,,TOMM8A0013,I.C. NIGRA - NIGRA,TORINO,TORINO,PIEMONTE,SCUOLA PRIMO GRADO,,8,2.164
202425,0.346,42,statale,SCUOLA SECONDARIA I GRADO,1,TOMM8B101D,I.C. ALERAMO - VIA GUBBIO TO,TORINO,TORINO,PIEMONTE,SCUOLA PRIMO GRADO,,TOMM88301R,I.C. R.L. MONTALCINI-V.PALMIERI,TORINO,TORINO,PIEMONTE,SCUOLA PRIMO GRADO,,3,2.363
202425,0.346,42,statale,SCUOLA SECONDARIA I GRADO,1,APMM838039,TORRE S.PATRIZIO,TORRE SAN PATRIZIO,FERMO,MARCHE,SCUOLA PRIMO GRADO,,APMM838028,MM RAPAGNANO,RAPAGNANO,FERMO,MARCHE,SCUOLA PRIMO GRADO,,1,3.003
202425,0.346,42,statale,SCUOLA SECONDARIA I GRADO,1,MIMM8D101P,SECONDARIA I GR. PUECHER,MILANO,MILANO,LOMBARDIA,SCUOLA PRIMO GRADO,,MIMM8F0014,SECONDARIA I GR. COLORNI,MILANO,MILANO,LOMBARDIA,SCUOLA PRIMO GRADO,,9,1.915
202425,0.346,42,statale,SCUOLA SECONDARIA I GRADO,1,MOMM829019,PARCO DUCALE,SASSUOLO,MODENA,EMILIA ROMAGNA,SCUOLA PRIMO GRADO,,MOMM82701N,CAVEDONI,SASSUOLO,MODENA,EMILIA ROMAGNA,SCUOLA PRIMO GRADO,,6,0.0
202425,0.346,42,statale,SCUOLA SECONDARIA I GRADO,1,LOMM81601N,SEC.I GRADO S.FRANCESCA CABRINI,SANT'ANGELO LODIGIANO,LODI,LOMBARDIA,SCUOLA PRIMO GRADO,,LOMM80402C,SECOND. I GRAD. ANNA FRANK,GRAFFIGNANA,LODI,LOMBARDIA,SCUOLA PRIMO GRADO,,4,3.89
202425,0.346,42,statale,SCUOLA SECONDARIA I GRADO,1,TOMM808013,I.C. LEONARDO DA VINCI-FRANK,TORINO,TORINO,PIEMONTE,SCUOLA PRIMO GRADO,,TOMM860014,I.C. MAPPANO - G. FALCONE,MAPPANO,TORINO,PIEMONTE,SCUOLA PRIMO GRADO,,14,1.717
202425,0.346,42,statale,SCUOLA SECONDARIA I GRADO,1,LOMM80401B,SECOND.I GRAD D.DEGLI ABRUZZI,BORGHETTO LODIGIANO,LODI,LOMBARDIA,SCUOLA PRIMO GRADO,,MIMM81301E,SECONDARIA I GRADO DON GNOCCHI,SAN COLOMBANO AL LAMBRO,MILANO,LOMBARDIA,SCUOLA PRIMO GRADO,,3,3.386
202425,0.346,42,statale,SCUOLA SECONDARIA I GRADO,1,VIMM885014,ZANELLA,ARZIGNANO,VICENZA,VENETO,SCUOLA PRIMO GRADO,,VIMM87901R,"SMS ARZIGNANO PLESSO ""MOTTERLE""",ARZIGNANO,VICENZA,VENETO,SCUOLA PRIMO GRADO,,4,0.791
202425,0.346,42,statale,SCUOLA SECONDARIA I GRADO,1,FOMM821014,PIERO MARONCELLI,FORLI',FORLI'-CESENA,EMILIA ROMAGNA,SCUOLA PRIMO GRADO,,FOMM819014,GEROLAMO MERCURIALE,FORLI',FORLI'-CESENA,EMILIA ROMAGNA,SCUOLA PRIMO GRADO,,5,1.07
202425,0.346,42,statale,SCUOLA SECONDARIA I GRADO,1,FOMM81601L,G. CESARE,SAVIGNANO SUL RUBICONE,FORLI'-CESENA,EMILIA ROMAGNA,SCUOLA PRIMO GRADO,,FOMM81701C,GIOVANNI PASCOLI,SAN MAURO PASCOLI,FORLI'-CESENA,EMILIA ROMAGNA,SCUOLA PRIMO GRADO,,10,1.712
202425,0.346,42,statale,SCUOLA SECONDARIA I GRADO,1,PRMM80701Q,"COLORNO - "" PIER LUIGI BELLONI""",COLORNO,PARMA,EMILIA ROMAGNA,SCUOLA PRIMO GRADO,,PRMM818016,"TORRILE -""FALCONE E BORSELLINO""",TORRILE,PARMA,EMILIA ROMAGNA,SCUOLA PRIMO GRADO,,2,3.408
202425,0.346,42,statale,SCUOLA SECONDARIA I GRADO,1,REMM847018,"""DA VINCI""",REGGIO NELL'EMILIA,REGGIO EMILIA,EMILIA ROMAGNA,SCUOLA PRIMO GRADO,,REMM84501L,A.S. AOSTA,REGGIO NELL'EMILIA,REGGIO EMILIA,EMILIA ROMAGNA,SCUOLA PRIMO GRADO,,6,1.153
202425,0.346,42,statale,SCUOLA SECONDARIA I GRADO,1,MIMM8A5016,SECONDARIA I GR. DON MILANI,SESTO SAN GIOVANNI,MILANO,LOMBARDIA,SCUOLA PRIMO GRADO,,MIMM8DF01T,SEC. I GR. VIA ASTURIE-VIA MANN,MILANO,MILANO,LOMBARDIA,SCUOLA PRIMO GRADO,,3,1.795
202425,0.346,42,statale,SCUOLA SECONDARIA I GRADO,1,MIMM8A5016,SECONDARIA I GR. DON MILANI,SESTO SAN GIOVANNI,MILANO,LOMBARDIA,SCUOLA PRIMO GRADO,,MIMM8B001N,SECONDARIA I GR. VIA PIAVE,VIMODRONE,MILANO,LOMBARDIA,SCUOLA PRIMO GRADO,,1,4.23
202425,0.346,42,statale,SCUOLA SECONDARIA I GRADO,1,MIMM8A5016,SECONDARIA I GR. DON MILANI,SESTO SAN GIOVANNI,MILANO,LOMBARDIA,SCUOLA PRIMO GRADO,,MIMM8EH014,SECONDARIA I GR. VIA VOLTA,COLOGNO MONZESE,MILANO,LOMBARDIA,SCUOLA PRIMO GRADO,,2,4.269
202425,0.346,42,statale,SCUOLA SECONDARIA I GRADO,1,BGMM833015,"S.M.S. ""L. DA VINCI"" CALUSCO",CALUSCO D'ADDA,BERGAMO,LOMBARDIA,SCUOLA PRIMO GRADO,,LCMM81601X,"""A. VOLTA"" ROBBIATE",ROBBIATE,LECCO,LOMBARDIA,SCUOLA PRIMO GRADO,,5,2.119
202425,0.346,42,statale,SCUOLA SECONDARIA I GRADO,1,RMMM870039,CIVITELLA S.PAOLO VIA ALDO MORO,CIVITELLA SAN PAOLO,ROMA,LAZIO,SCUOLA PRIMO GRADO,,RMMM87401E,FRANCESCO DA FIANO,FIANO ROMANO,ROMA,LAZIO,SCUOLA PRIMO GRADO,,1,4.68
202425,0.346,42,statale,SCUOLA SECONDARIA I GRADO,1,BGMM817017,S.M.S. ALBANO SANT'ALESSANDRO,ALBANO SANT'ALESSANDRO,BERGAMO,LOMBARDIA,SCUOLA PRIMO GRADO,,BGMM82402B,S.M.S. BRUSAPORTO,BRUSAPORTO,BERGAMO,LOMBARDIA,SCUOLA PRIMO GRADO,,4,1.827
202425,0.346,42,statale,SCUOLA SECONDARIA I GRADO,1,ALMM82601Q,ALESSANDRIA - A. VOCHIERI,ALESSANDRIA,ALESSANDRIA,PIEMONTE,SCUOLA PRIMO GRADO,,ALMM82501X,ALESSANDRIA - A. VIVALDI,ALESSANDRIA,ALESSANDRIA,PIEMONTE,SCUOLA PRIMO GRADO,,1,0.535
202425,0.346,42,statale,SCUOLA SECONDARIA I GRADO,1,FIMM87701V,MONTANELLI - PETRARCA,FUCECCHIO,FIRENZE,TOSCANA,SCUOLA PRIMO GRADO,,PIMM82601R,MICHELANGELO BUONARROTI,SAN MINIATO,PISA,TOSCANA,SCUOLA PRIMO GRADO,,4,4.509
202425,0.346,42,statale,SCUOLA SECONDARIA I GRADO,1,BGMM88601N,S.M.S. VERDELLINO,VERDELLINO,BERGAMO,LOMBARDIA,SCUOLA PRIMO GRADO,,BGMM88701D,S.M.S. VERDELLO,VERDELLO,BERGAMO,LOMBARDIA,SCUOLA PRIMO GRADO,,1,1.992
202425,0.346,42,statale,SCUOLA SECONDARIA I GRADO,1,BGMM88601N,S.M.S. VERDELLINO,VERDELLINO,BERGAMO,LOMBARDIA,SCUOLA PRIMO GRADO,,BGMM842021,"""DON PEPPE DIANA"" BOLTIERE",BOLTIERE,BERGAMO,LOMBARDIA,SCUOLA PRIMO GRADO,,5,2.043
202425,0.346,42,statale,SCUOLA SECONDARIA I GRADO,1,LIMM805023,VIA S. ROCCO,CAPOLIVERI,LIVORNO,TOSCANA,SCUOLA PRIMO GRADO,,LIMM805012,G.CARDUCCI,PORTO AZZURRO,LIVORNO,TOSCANA,SCUOLA PRIMO GRADO,,1,2.772
202425,0.346,42,statale,SCUOLA SECONDARIA I GRADO,1,LOMM80901E,SEC. I GRADO - GRIFFINI,CASALPUSTERLENGO,LODI,LOMBARDIA,SCUOLA PRIMO GRADO,,LOMM81005V,SEC.I GRADO MARIO BORSA,SOMAGLIA,LODI,LOMBARDIA,SCUOLA PRIMO GRADO,,8,3.452
202425,0.346,42,statale,SCUOLA SECONDARIA I GRADO,1,LOMM80901E,SEC. I GRADO - GRIFFINI,CASALPUSTERLENGO,LODI,LOMBARDIA,SCUOLA PRIMO GRADO,,LOMM81701D,SECONDARIA I GRADO- OGNISSANTI,CODOGNO,LODI,LOMBARDIA,SCUOLA PRIMO GRADO,,2,4.496
202425,0.346,42,statale,SCUOLA SECONDARIA I GRADO,1,VEMM87101V,MALCONTENTA,VENEZIA,VENEZIA,VENETO,SCUOLA PRIMO GRADO,,VEMM841013,MOROSINI,VENEZIA,VENEZIA,VENETO,SCUOLA PRIMO GRADO,,15,0.898
202425,0.346,42,statale,SCUOLA SECONDARIA I GRADO,1,RMMM8FC014,SMS VIA DI TORRENOVA,ROMA,ROMA,LAZIO,SCUOLA PRIMO GRADO,,RMMM827011,ILARIA ALPI,ROMA,ROMA,LAZIO,SCUOLA PRIMO GRADO,,3,1.06
202425,0.346,42,statale,SCUOLA SECONDARIA I GRADO,1,NOMM82901L,"""CASSANO"" TRECATE",TRECATE,NOVARA,PIEMONTE,SCUOLA PRIMO GRADO,,NOMM83001R,G. PASTORE,ROMENTINO,NOVARA,PIEMONTE,SCUOLA PRIMO GRADO,,5,4.03
202425,0.346,42,statale,SCUOLA SECONDARIA I GRADO,1,VEMM82701R,ENRICO FERMI,VENEZIA,VENEZIA,VENETO,SCUOLA PRIMO GRADO,,VEMM83701B,G. MATTEOTTI,MARTELLAGO,VENEZIA,VENETO,SCUOLA PRIMO GRADO,,3,4.165
202425,0.346,42,statale,SCUOLA SECONDARIA I GRADO,1,REMM83801D,"BORETTO ""NIZOLIO""",BORETTO,REGGIO EMILIA,EMILIA ROMAGNA,SCUOLA PRIMO GRADO,,MNMM83101L,"SCUOLA MEDIA VIADANA ""PARAZZI""",VIADANA,MANTOVA,LOMBARDIA,SCUOLA PRIMO GRADO,,4,3.326
202425,0.346,42,statale,SCUOLA SECONDARIA I GRADO,1,RAMM82201D,"""COVA - LANZONI""",FAENZA,RAVENNA,EMILIA ROMAGNA,SCUOLA PRIMO GRADO,,RAMM809013,EUROPA,FAENZA,RAVENNA,EMILIA ROMAGNA,SCUOLA PRIMO GRADO,,6,0.567
202425,0.346,42,statale,SCUOLA SECONDARIA I GRADO,1,GEMM83101A,I.C. MARASSI /SMS LOMELLINI,GENOVA,GENOVA,LIGURIA,SCUOLA PRIMO GRADO,,GEMM808019,I.C./ S.M.S. SAN FRUTTUOSO,GENOVA,GENOVA,LIGURIA,SCUOLA PRIMO GRADO,,7,1.192
202425,0.346,42,statale,SCUOLA SECONDARIA I GRADO,1,BGMM846039,"S.M.S. ""G.QUARENGHI"" PONTIROLO",PONTIROLO NUOVO,BERGAMO,LOMBARDIA,SCUOLA PRIMO GRADO,,BGMM846017,"S.M.S.""S.GIOVANNI B.CO""CANONICA",CANONICA D'ADDA,BERGAMO,LOMBARDIA,SCUOLA PRIMO GRADO,,2,2.454
202425,0.346,42,statale,SCUOLA SECONDARIA I GRADO,1,NOMM825019,"SCUOLA MEDIA ""G.PAJETTA""",NOVARA,NOVARA,PIEMONTE,SCUOLA PRIMO GRADO,,NOMM82801R,PIER LOMBARDO,NOVARA,NOVARA,PIEMONTE,SCUOLA PRIMO GRADO,,6,2.522
202425,0.346,42,statale,SCUOLA SECONDARIA I GRADO,1,TOMM881015,I.C. S.PERTINI - VIA TUNISI,TORINO,TORINO,PIEMONTE,SCUOLA PRIMO GRADO,,TOMM8BZ014,IC ANTONELLI CASALEGNO-ANTONELL,TORINO,TORINO,PIEMONTE,SCUOLA PRIMO GRADO,,2,0.964
202425,0.346,42,statale,SCUOLA SECONDARIA I GRADO,1,TVMM85101N,"SMS""RONCALLI"" CORNUDA ( IC )",CORNUDA,TREVISO,VENETO,SCUOLA PRIMO GRADO,,TVMM85001T,SMS PEDEROBBA ( I.C. ),PEDEROBBA,TREVISO,VENETO,SCUOLA PRIMO GRADO,,3,3.177
202425,0.346,42,statale,SCUOLA SECONDARIA I GRADO,1,MIMM8BL01D,SECOND. I GR. VIA IQBAL MASIH,PIOLTELLO,MILANO,LOMBARDIA,SCUOLA PRIMO GRADO,,MIMM8BX019,SECONDARIA I GR. G. LEOPARDI,SEGRATE,MILANO,LOMBARDIA,SCUOLA PRIMO GRADO,,8,3.191
202425,0.346,42,statale,SCUOLA SECONDARIA I GRADO,1,BSMM89801C,A.ZAMMARCHI - MANERBIO,MANERBIO,BRESCIA,LOMBARDIA,SCUOLA PRIMO GRADO,,BSMM89703P,BASSANO BRESCIANO,BASSANO BRESCIANO,BRESCIA,LOMBARDIA,SCUOLA PRIMO GRADO,,4,2.993
202425,0.346,42,statale,SCUOLA SECONDARIA I GRADO,1,BSMM89801C,A.ZAMMARCHI - MANERBIO,MANERBIO,BRESCIA,LOMBARDIA,SCUOLA PRIMO GRADO,,BSMM895011,SAN GERVASIO,SAN GERVASIO BRESCIANO,BRESCIA,LOMBARDIA,SCUOLA PRIMO GRADO,,1,4.926
202425,0.346,42,statale,SCUOLA SECONDARIA I GRADO,1,MNMM81503R,"CASTELDARIO ""ENRICO FERMI""",CASTEL D'ARIO,MANTOVA,LOMBARDIA,SCUOLA PRIMO GRADO,,VRMM857029,SORGA',SORGA',VERONA,VENETO,SCUOLA PRIMO GRADO,,1,2.913
202425,0.346,42,statale,SCUOLA SECONDARIA I GRADO,1,RMMM89901V,T. MINNITI GUIDONIA MONTECELIO,GUIDONIA MONTECELIO,ROMA,LAZIO,SCUOLA PRIMO GRADO,,RMMM89001C,ORAZIO - TIVOLI,TIVOLI,ROMA,LAZIO,SCUOLA PRIMO GRADO,,10,1.636
202425,0.346,42,statale,SCUOLA SECONDARIA I GRADO,1,GEMM84901G,I.C.RIVAROLO/SMS UGO FOSCOLO,GENOVA,GENOVA,LIGURIA,SCUOLA PRIMO GRADO,,GEMM82301B,SCUOLA SEC. I GR. PIERO GASLINI,GENOVA,GENOVA,LIGURIA,SCUOLA PRIMO GRADO,,2,2.481
202425,0.346,42,statale,SCUOLA SECONDARIA I GRADO,1,GEMM84901G,I.C.RIVAROLO/SMS UGO FOSCOLO,GENOVA,GENOVA,LIGURIA,SCUOLA PRIMO GRADO,,GEMM838015,I.C.SAN G.BATTISTA/CENTURIONE,GENOVA,GENOVA,LIGURIA,SCUOLA PRIMO GRADO,,4,3.977
202425,0.346,42,statale,SCUOLA SECONDARIA I GRADO,1,RMMM812017,NOBEL,ROMA,ROMA,LAZIO,SCUOLA PRIMO GRADO,,RMMM8EG01R,PIAZZA FILATTIERA 84,ROMA,ROMA,LAZIO,SCUOLA PRIMO GRADO,,5,1.378
202425,0.346,42,statale,SCUOLA SECONDARIA I GRADO,1,TOMM8B2019,I.C. FRASSATI - P.G. FRASSATI,TORINO,TORINO,PIEMONTE,SCUOLA PRIMO GRADO,,TOMM88301R,I.C. R.L. MONTALCINI-V.PALMIERI,TORINO,TORINO,PIEMONTE,SCUOLA PRIMO GRADO,,11,2.444
202425,0.346,42,statale,SCUOLA SECONDARIA I GRADO,1,MIMM8AQ016,SECONDARIA I GR. PAISIELLO,CINISELLO BALSAMO,MILANO,LOMBARDIA,SCUOLA PRIMO GRADO,,MBMM8AC01B,"""ALBERT B. SABIN""",MONZA,MONZA E DELLA BRIANZA,LOMBARDIA,SCUOLA PRIMO GRADO,,5,2.256
202425,0.346,42,statale,SCUOLA SECONDARIA I GRADO,1,LUMM84001Q,"""G.UNGARETTI"" ALTOPASCIO",ALTOPASCIO,LUCCA,TOSCANA,SCUOLA PRIMO GRADO,,LUMM84201B,"SEC. I GRADO ""I. CALVINO""",MONTECARLO,LUCCA,TOSCANA,SCUOLA PRIMO GRADO,,4,3.355
202425,0.346,42,statale,SCUOLA SECONDARIA I GRADO,1,BGMM840018,"SEC. CHIUDUNO ""PAPA G. XXIII """,CHIUDUNO,BERGAMO,LOMBARDIA,SCUOLA PRIMO GRADO,,BGMM85202G,"SEC. GRUMELLO ""L. SIGNORELLI""",GRUMELLO DEL MONTE,BERGAMO,LOMBARDIA,SCUOLA PRIMO GRADO,,5,1.827
202425,0.346,42,statale,SCUOLA SECONDARIA I GRADO,1,SPMM814017,S.M. PIAGET - ALFIERI,LA SPEZIA,LA SPEZIA,LIGURIA,SCUOLA PRIMO GRADO,,SPMM81601V,S.M S.PELLICO - U.MAZZINI,LA SPEZIA,LA SPEZIA,LIGURIA,SCUOLA PRIMO GRADO,,6,2.867
202425,0.346,42,statale,SCUOLA SECONDARIA I GRADO,1,REMM84001D,"""FONTANESI""",REGGIO NELL'EMILIA,REGGIO EMILIA,EMILIA ROMAGNA,SCUOLA PRIMO GRADO,,REMM850014,"""S.PERTINI"" 1",REGGIO NELL'EMILIA,REGGIO EMILIA,EMILIA ROMAGNA,SCUOLA PRIMO GRADO,,5,4.07
202425,0.346,42,statale,SCUOLA SECONDARIA I GRADO,1,MNMM83001R,SCUOLA MEDIA DOSOLO,DOSOLO,MANTOVA,LOMBARDIA,SCUOLA PRIMO GRADO,,REMM812019,"GUASTALLA ""F.GONZAGA""",GUASTALLA,REGGIO EMILIA,EMILIA ROMAGNA,SCUOLA PRIMO GRADO,,4,3.505
202425,0.346,42,statale,SCUOLA SECONDARIA I GRADO,1,PVMM813018,VILLANTERIO - ADDOBBATI,VILLANTERIO,PAVIA,LOMBARDIA,SCUOLA PRIMO GRADO,,PVMM813029,E. FERMI - MAGHERNO,MAGHERNO,PAVIA,LOMBARDIA,SCUOLA PRIMO GRADO,,1,2.571
202425,0.346,42,statale,SCUOLA SECONDARIA I GRADO,1,TOMM8BR014,I.C. PARRI - VIAN,TORINO,TORINO,PIEMONTE,SCUOLA PRIMO GRADO,,TOMM8A401A,I.C. VENARIA II - DON MILANI,VENARIA REALE,TORINO,PIEMONTE,SCUOLA PRIMO GRADO,,8,2.847
202425,0.346,42,statale,SCUOLA SECONDARIA I GRADO,1,PRMM82801R,"""NEWTON"" - PARMA",PARMA,PARMA,EMILIA ROMAGNA,SCUOLA PRIMO GRADO,,PRMM834014,"""DON CAVALLI""",PARMA,PARMA,EMILIA ROMAGNA,SCUOLA PRIMO GRADO,,8,3.486
202425,0.346,42,statale,SCUOLA SECONDARIA I GRADO,1,CRMM818022,PALMIRO PREMOLI (AGNADELLO),AGNADELLO,CREMONA,LOMBARDIA,SCUOLA PRIMO GRADO,,CRMM818011,"""DALMAZIO BIRAGO""RIVOLTA D'ADDA",RIVOLTA D'ADDA,CREMONA,LOMBARDIA,SCUOLA PRIMO GRADO,,1,4.452
202425,0.346,42,statale,SCUOLA SECONDARIA I GRADO,1,MNMM825019,"SCUOLA SEC.I^GRADO ""G.FALCONE""",SUZZARA,MANTOVA,LOMBARDIA,SCUOLA PRIMO GRADO,,MNMM82401D,"SCUOLA SECONDARIA ""G.PASCOLI""",SUZZARA,MANTOVA,LOMBARDIA,SCUOLA PRIMO GRADO,,3,0.396
202425,0.346,42,statale,SCUOLA SECONDARIA I GRADO,1,TSMM81101D,GIUSEPPE CAPRIN,TRIESTE,TRIESTE,FRIULI-VENEZIA G.,SCUOLA PRIMO GRADO,,TSMM81001N,ITALO SVEVO,TRIESTE,TRIESTE,FRIULI-VENEZIA G.,SCUOLA PRIMO GRADO,,4,1.459
202425,0.346,42,statale,SCUOLA SECONDARIA I GRADO,1,TSMM81101D,GIUSEPPE CAPRIN,TRIESTE,TRIESTE,FRIULI-VENEZIA G.,SCUOLA PRIMO GRADO,,TSMM80301E,C. STUPARICH - A. BERGAMAS,TRIESTE,TRIESTE,FRIULI-VENEZIA G.,SCUOLA PRIMO GRADO,,3,1.95
202425,0.346,42,statale,SCUOLA SECONDARIA I GRADO,1,TOMM878019,I.C. UMBERTO SABA - SABA,TORINO,TORINO,PIEMONTE,SCUOLA PRIMO GRADO,,TOMM88301R,I.C. R.L. MONTALCINI-V.PALMIERI,TORINO,TORINO,PIEMONTE,SCUOLA PRIMO GRADO,,4,3.146
202425,0.346,42,statale,SCUOLA SECONDARIA I GRADO,1,TOMM878019,I.C. UMBERTO SABA - SABA,TORINO,TORINO,PIEMONTE,SCUOLA PRIMO GRADO,,TOMM8A401A,I.C. VENARIA II - DON MILANI,VENARIA REALE,TORINO,PIEMONTE,SCUOLA PRIMO GRADO,,10,4.399
202425,0.346,42,statale,SCUOLA SECONDARIA I GRADO,1,BOMM81301T,SALVO D'ACQUISTO - 3 BOLOGNA,BOLOGNA,BOLOGNA,EMILIA ROMAGNA,SCUOLA PRIMO GRADO,,BOMM876011,GANDINO - 17 BOLOGNA,BOLOGNA,BOLOGNA,EMILIA ROMAGNA,SCUOLA PRIMO GRADO,,3,2.499
202425,0.346,42,statale,SCUOLA SECONDARIA I GRADO,1,MIMM837013,SEC. I GRADO E. ACERBI,CASTANO PRIMO,MILANO,LOMBARDIA,SCUOLA PRIMO GRADO,,MIMM86201Q,SECONDARIA I GRADO E. FERMI,VITTUONE,MILANO,LOMBARDIA,SCUOLA PRIMO GRADO,,9,2.321
202425,0.346,42,statale,SCUOLA SECONDARIA I GRADO,1,BOMM818011,I GRADO JACOPO DELLA QUERCIA,BOLOGNA,BOLOGNA,EMILIA ROMAGNA,SCUOLA PRIMO GRADO,,BOMM85501X,LUIGI CARLO FARINI,BOLOGNA,BOLOGNA,EMILIA ROMAGNA,SCUOLA PRIMO GRADO,,2,1.01
202425,0.346,42,statale,SCUOLA SECONDARIA I GRADO,1,TOMM8A101V,I.C. VITT. DA FELTRE - FERMI,TORINO,TORINO,PIEMONTE,SCUOLA PRIMO GRADO,,TOMM8B9014,IC MATTEOTTI-PELLICO-MATTEOTTI,TORINO,TORINO,PIEMONTE,SCUOLA PRIMO GRADO,,3,1.067
202425,0.346,42,statale,SCUOLA SECONDARIA I GRADO,1,RMMM8E701R,ENRICO MEDI,ROMA,ROMA,LAZIO,SCUOLA PRIMO GRADO,,RMMM8E4019,SMS VIA MARELLI,ROMA,ROMA,LAZIO,SCUOLA PRIMO GRADO,,3,0.673
202425,0.346,42,statale,SCUOLA SECONDARIA I GRADO,1,MBMM8F801G,BELLANI,MONZA,MONZA E DELLA BRIANZA,LOMBARDIA,SCUOLA PRIMO GRADO,,MBMM8AC01B,"""ALBERT B. SABIN""",MONZA,MONZA E DELLA BRIANZA,LOMBARDIA,SCUOLA PRIMO GRADO,,7,1.204
202425,0.346,42,statale,SCUOLA SECONDARIA I GRADO,1,RMMM83101L,VIA DEL FRINGUELLO 19,ROMA,ROMA,LAZIO,SCUOLA PRIMO GRADO,,RMMM8CT018,VIA RUGANTINO 91,ROMA,ROMA,LAZIO,SCUOLA PRIMO GRADO,,11,1.438
202425,0.346,42,statale,SCUOLA SECONDARIA I GRADO,1,POMM81601B,DON BOSCO,PRATO,PRATO,TOSCANA,SCUOLA PRIMO GRADO,,PTMM808016,"STATALE ""BARTOLOMEO SESTINI""",AGLIANA,PISTOIA,TOSCANA,SCUOLA PRIMO GRADO,,12,4.991
202425,0.346,42,statale,SCUOLA SECONDARIA I GRADO,1,ALMM83401P,TORTONA - L. VALENZIANO,TORTONA,ALESSANDRIA,PIEMONTE,SCUOLA PRIMO GRADO,,ALMM83501E,TORTONA - PATRI,TORTONA,ALESSANDRIA,PIEMONTE,SCUOLA PRIMO GRADO,,4,4.706
202425,0.346,42,statale,SCUOLA SECONDARIA I GRADO,1,ALMM829017,NOVI LIGURE - DORIA,NOVI LIGURE,ALESSANDRIA,PIEMONTE,SCUOLA PRIMO GRADO,,ALMM83002C,NOVI LIGURE - G. BOCCARDO,NOVI LIGURE,ALESSANDRIA,PIEMONTE,SCUOLA PRIMO GRADO,,2,1.263
202425,0.346,42,statale,SCUOLA SECONDARIA I GRADO,1,ALMM83601A,ACQUI TERME - G. BELLA,ACQUI TERME,ALESSANDRIA,PIEMONTE,SCUOLA PRIMO GRADO,,ALMM837016,ACQUI TERME - MONTEVERDE,ACQUI TERME,ALESSANDRIA,PIEMONTE,SCUOLA PRIMO GRADO,,8,1.24
202425,0.346,42,statale,SCUOLA SECONDARIA I GRADO,1,BOMM87201N,ZAPPA - 15 BOLOGNA,BOLOGNA,BOLOGNA,EMILIA ROMAGNA,SCUOLA PRIMO GRADO,,BOMM876011,GANDINO - 17 BOLOGNA,BOLOGNA,BOLOGNA,EMILIA ROMAGNA,SCUOLA PRIMO GRADO,,3,3.049
202425,0.346,42,statale,SCUOLA SECONDARIA I GRADO,1,COMM80601G,"SCUOLA SECONDARIA I ""I.NIEVO""",BELLAGIO,COMO,LOMBARDIA,SCUOLA PRIMO GRADO,,LCMM80502E,SECONDARIA DI 1' GRADO LIERNA,LIERNA,LECCO,LOMBARDIA,SCUOLA PRIMO GRADO,,1,3.874
202425,0.346,42,statale,SCUOLA SECONDARIA I GRADO,1,LCMM81701Q,E.GOLA - OLGIATE MOLGORA,OLGIATE MOLGORA,LECCO,LOMBARDIA,SCUOLA PRIMO GRADO,,LCMM81702R,CALCO,CALCO,LECCO,LOMBARDIA,SCUOLA PRIMO GRADO,,3,1.606
202425,0.346,42,statale,SCUOLA SECONDARIA I GRADO,1,MOMM824016,ZANONI,CONCORDIA SULLA SECCHIA,MODENA,EMILIA ROMAGNA,SCUOLA PRIMO GRADO,,MOMM824027,DON ANDREOLI,SAN POSSIDONIO,MODENA,EMILIA ROMAGNA,SCUOLA PRIMO GRADO,,1,2.718
202425,0.346,42,statale,SCUOLA SECONDARIA I GRADO,1,TOMM88401L,I.C. M. L. SPAZIANI - DROVETTI,TORINO,TORINO,PIEMONTE,SCUOLA PRIMO GRADO,,TOMM8CE01B,I.C. PEROTTI TOSCANINI-PEROTTI,TORINO,TORINO,PIEMONTE,SCUOLA PRIMO GRADO,,1,1.113
202425,0.346,42,statale,SCUOLA SECONDARIA I GRADO,1,VCMM80501P,GALILEO FERRARIS -LIVORNO F.-,LIVORNO FERRARIS,VERCELLI,PIEMONTE,SCUOLA PRIMO GRADO,,VCMM80504T,SECONDARIA I GRADO DI BIANZE',BIANZE',VERCELLI,PIEMONTE,SCUOLA PRIMO GRADO,,1,4.362
202425,0.346,42,statale,SCUOLA SECONDARIA I GRADO,1,VRMM89701P,TERRAZZO,TERRAZZO,VERONA,VENETO,SCUOLA PRIMO GRADO,,VRMM84602V,"VILLA BARTOLOMEA - ""S.GHEDINI""",VILLA BARTOLOMEA,VERONA,VENETO,SCUOLA PRIMO GRADO,,1,3.703
202425,0.346,42,statale,SCUOLA SECONDARIA I GRADO,1,VIMM88301C,"""BASSANI/FERRARIN""",THIENE,VICENZA,VENETO,SCUOLA PRIMO GRADO,,VIMM89001G,D. ALIGHIERI,SOSSANO,VICENZA,VENETO,SCUOLA PRIMO GRADO,,10,0.335
202425,0.346,42,statale,SCUOLA SECONDARIA I GRADO,1,VIMM88301C,"""BASSANI/FERRARIN""",THIENE,VICENZA,VENETO,SCUOLA PRIMO GRADO,,VIMM80902G,SMS ZANE',ZANE',VICENZA,VENETO,SCUOLA PRIMO GRADO,,2,2.995
202425,0.346,42,statale,SCUOLA SECONDARIA I GRADO,1,TOMM8A201P,I.C. PEYRON - PEYRON,TORINO,TORINO,PIEMONTE,SCUOLA PRIMO GRADO,,TOMM26100N,TORINO - PIERO CALAMANDREI,TORINO,TORINO,PIEMONTE,SCUOLA PRIMO GRADO,,7,1.707
202425,0.346,42,statale,SCUOLA SECONDARIA I GRADO,1,BGMM875017,"S.M.S. ""MONS. CAROZZI"" SERIATE",SERIATE,BERGAMO,LOMBARDIA,SCUOLA PRIMO GRADO,,BGMM863022,S.M.S. PEDRENGO,PEDRENGO,BERGAMO,LOMBARDIA,SCUOLA PRIMO GRADO,,6,0.982
202425,0.346,42,statale,SCUOLA SECONDARIA I GRADO,1,SIMM827016,A. DI CAMBIO 1 COLLE VAL D'ELSA,COLLE DI VAL D'ELSA,SIENA,TOSCANA,SCUOLA PRIMO GRADO,,SIMM828034,A. DI CAMBIO 2 - COLLE VAL D'EL,COLLE DI VAL D'ELSA,SIENA,TOSCANA,SCUOLA PRIMO GRADO,,5,0.0
202425,0.346,42,statale,SCUOLA SECONDARIA I GRADO,1,VEMM87401A,ALDO MANUZIO,VENEZIA,VENEZIA,VENETO,SCUOLA PRIMO GRADO,,VEMM875016,L.SPALLANZANI,VENEZIA,VENEZIA,VENETO,SCUOLA PRIMO GRADO,,5,1.979
202425,0.346,42,statale,SCUOLA SECONDARIA I GRADO,1,TOMM80501G,I.C. CENA - MARTIRI MARTINETTO,TORINO,TORINO,PIEMONTE,SCUOLA PRIMO GRADO,,TOMM8AW012,I.C. S. MAURO II - DALLA CHIESA,SAN MAURO TORINESE,TORINO,PIEMONTE,SCUOLA PRIMO GRADO,,3,2.488
202425,0.346,42,statale,SCUOLA SECONDARIA I GRADO,1,IMMM813018,I. CALVINO,SANREMO,IMPERIA,LIGURIA,SCUOLA PRIMO GRADO,,IMMM81703N,G PASCOLI,SANREMO,IMPERIA,LIGURIA,SCUOLA PRIMO GRADO,,4,0.672
202425,0.346,42,statale,SCUOLA SECONDARIA I GRADO,1,GEMM866019,SECONDARIA I GRADO G. SCOCCO,RAPALLO,GENOVA,LIGURIA,SCUOLA PRIMO GRADO,,GEMM80601N,I.C./ S.M.S. S.MARGHERITA LIG.,SANTA MARGHERITA LIGURE,GENOVA,LIGURIA,SCUOLA PRIMO GRADO,,2,2.327
202425,0.346,42,statale,SCUOLA SECONDARIA I GRADO,1,PTMM82201C,"SMS ""GALILEO CHINI""",MONTECATINI-TERME,PISTOIA,TOSCANA,SCUOLA PRIMO GRADO,,PTMM80601E,"STATALE ""BERNARDO PASQUINI""",MASSA E COZZILE,PISTOIA,TOSCANA,SCUOLA PRIMO GRADO,,4,1.729
202425,0.346,42,statale,SCUOLA SECONDARIA I GRADO,1,MOMM83001D,LEONARDO DA VINCI,SASSUOLO,MODENA,EMILIA ROMAGNA,SCUOLA PRIMO GRADO,,MOMM82701N,CAVEDONI,SASSUOLO,MODENA,EMILIA ROMAGNA,SCUOLA PRIMO GRADO,,5,0.501
202425,0.346,42,statale,SCUOLA SECONDARIA I GRADO,1,TOMM882011,IC V.SIDOLI-V.PALMA DI CESNOLA,TORINO,TORINO,PIEMONTE,SCUOLA PRIMO GRADO,,TOMM26100N,TORINO - PIERO CALAMANDREI,TORINO,TORINO,PIEMONTE,SCUOLA PRIMO GRADO,,2,0.632
202425,0.346,42,statale,SCUOLA SECONDARIA I GRADO,1,MIMM8C6017,SECONDARIA I GR. VIA GALLARATE,MILANO,MILANO,LOMBARDIA,SCUOLA PRIMO GRADO,,MIMM8C401G,SECONDARIA I GR. M. RICCI,MILANO,MILANO,LOMBARDIA,SCUOLA PRIMO GRADO,,4,0.984
202425,0.346,42,statale,SCUOLA SECONDARIA I GRADO,1,MIMM8C6017,SECONDARIA I GR. VIA GALLARATE,MILANO,MILANO,LOMBARDIA,SCUOLA PRIMO GRADO,,MIMM8F0014,SECONDARIA I GR. COLORNI,MILANO,MILANO,LOMBARDIA,SCUOLA PRIMO GRADO,,3,1.519
202425,0.346,42,statale,SCUOLA SECONDARIA I GRADO,1,MOMM152007,L.A. MURATORI,VIGNOLA,MODENA,EMILIA ROMAGNA,SCUOLA PRIMO GRADO,,MOMM83601C,SALVATORE QUASIMODO,MARANO SUL PANARO,MODENA,EMILIA ROMAGNA,SCUOLA PRIMO GRADO,,9,4.131
202425,0.346,42,statale,SCUOLA SECONDARIA I GRADO,1,MOMM152007,L.A. MURATORI,VIGNOLA,MODENA,EMILIA ROMAGNA,SCUOLA PRIMO GRADO,,MOMM82001V,ANNA FRANK,CASTELVETRO DI MODENA,MODENA,EMILIA ROMAGNA,SCUOLA PRIMO GRADO,,6,4.918
202425,0.346,42,statale,SCUOLA SECONDARIA I GRADO,1,COMM853015,SMS D.ALIGHIERI,MARIANO COMENSE,COMO,LOMBARDIA,SCUOLA PRIMO GRADO,,COMM85102E,"SCUOLA SECONDARIA ""C.CALDERA""",CABIATE,COMO,LOMBARDIA,SCUOLA PRIMO GRADO,,6,1.654
202425,0.346,42,statale,SCUOLA SECONDARIA I GRADO,1,MIMM8DQ01D,SECONDARIA I GR. QUASIMODO,MILANO,MILANO,LOMBARDIA,SCUOLA PRIMO GRADO,,MIMM8B4011,SECOND. I GR. S.GREGORIO -FARA,MILANO,MILANO,LOMBARDIA,SCUOLA PRIMO GRADO,,2,1.585
202425,0.346,42,statale,SCUOLA SECONDARIA I GRADO,1,MIMM8DQ01D,SECONDARIA I GR. QUASIMODO,MILANO,MILANO,LOMBARDIA,SCUOLA PRIMO GRADO,,MIMM8B601L,SEC. IGRADO S.CATERINA DA SIENA,MILANO,MILANO,LOMBARDIA,SCUOLA PRIMO GRADO,,4,1.904
202425,0.346,42,statale,SCUOLA SECONDARIA I GRADO,1,BGMM83501R,"SECONDARIA ""MASTRI CARAVAGGINI""",CARAVAGGIO,BERGAMO,LOMBARDIA,SCUOLA PRIMO GRADO,,BGMM85802E,S.M.S. FORNOVO SAN GIOVANNI,FORNOVO SAN GIOVANNI,BERGAMO,LOMBARDIA,SCUOLA PRIMO GRADO,,3,3.238
202425,0.346,42,statale,SCUOLA SECONDARIA I GRADO,1,TOMM81901D,I.C. MANZONI - MANZONI,TORINO,TORINO,PIEMONTE,SCUOLA PRIMO GRADO,,TOMM8CA014,I.C. BRUNO CACCIA - NIEVO,TORINO,TORINO,PIEMONTE,SCUOLA PRIMO GRADO,,5,0.886
202425,0.346,42,statale,SCUOLA SECONDARIA I GRADO,1,COMM823019,"S.S.1 "" PELLEGRINO TIBALDI """,CANTU',COMO,LOMBARDIA,SCUOLA PRIMO GRADO,,COMM838013,"S.M.S. ""ANZANI"" - CANTU'",CANTU',COMO,LOMBARDIA,SCUOLA PRIMO GRADO,,3,1.373
202425,0.346,42,statale,SCUOLA SECONDARIA I GRADO,1,VAMM858012,E.FERMI - BUSTO ARSIZIO,BUSTO ARSIZIO,VARESE,LOMBARDIA,SCUOLA PRIMO GRADO,,VAMM866011,SCHWEITZER - BUSTO ARSIZIO -,BUSTO ARSIZIO,VARESE,LOMBARDIA,SCUOLA PRIMO GRADO,,7,1.714
202425,0.346,42,statale,SCUOLA SECONDARIA I GRADO,1,BOMM85801B,ALESSANDRO VOLTA - 14 BOLOGNA,BOLOGNA,BOLOGNA,EMILIA ROMAGNA,SCUOLA PRIMO GRADO,,BOMM812012,ZANOTTI - 2 BOLOGNA,BOLOGNA,BOLOGNA,EMILIA ROMAGNA,SCUOLA PRIMO GRADO,,8,3.002
202425,0.346,42,statale,SCUOLA SECONDARIA I GRADO,1,MIMM8GH019,SECONDARIA I GR. VIA BOTTEGO,MILANO,MILANO,LOMBARDIA,SCUOLA PRIMO GRADO,,MIMM8BK01N,SECONDARIA I GR. A.B.SABIN,SEGRATE,MILANO,LOMBARDIA,SCUOLA PRIMO GRADO,,10,1.751
202425,0.346,42,statale,SCUOLA SECONDARIA I GRADO,1,RMMM8BV016,MASSIMO GIZZIO,ROMA,ROMA,LAZIO,SCUOLA PRIMO GRADO,,RMMM85901C,LA GIUSTINIANA,ROMA,ROMA,LAZIO,SCUOLA PRIMO GRADO,,3,3.231
202425,0.346,42,statale,SCUOLA SECONDARIA I GRADO,1,TVMM84201V,SMS TONIOLO PIEVE DI SOLIGO(IC),PIEVE DI SOLIGO,TREVISO,VENETO,SCUOLA PRIMO GRADO,,TVMM841013,SMS NIEVO SERNAGLIA D.B.(IC),SERNAGLIA DELLA BATTAGLIA,TREVISO,VENETO,SCUOLA PRIMO GRADO,,4,4.511
202425,0.346,42,statale,SCUOLA SECONDARIA I GRADO,1,MOMM846013,GUIDOTTI,MODENA,MODENA,EMILIA ROMAGNA,SCUOLA PRIMO GRADO,,MOMM84201Q,ITALO CALVINO,MODENA,MODENA,EMILIA ROMAGNA,SCUOLA PRIMO GRADO,,5,0.693
202425,0.346,42,statale,SCUOLA SECONDARIA I GRADO,1,MNMM83801B,"SCUOLA MEDIA ""VANONI"" VIADANA",VIADANA,MANTOVA,LOMBARDIA,SCUOLA PRIMO GRADO,,MNMM83101L,"SCUOLA MEDIA VIADANA ""PARAZZI""",VIADANA,MANTOVA,LOMBARDIA,SCUOLA PRIMO GRADO,,5,0.602
202425,0.346,42,statale,SCUOLA SECONDARIA I GRADO,1,ALMM81903P,PONTECURONE - ZANARDI BONFIGLIO,PONTECURONE,ALESSANDRIA,PIEMONTE,SCUOLA PRIMO GRADO,,ALMM81901L,CASTELNUOVO SCRIVIA-F.M.BAXILIO,CASTELNUOVO SCRIVIA,ALESSANDRIA,PIEMONTE,SCUOLA PRIMO GRADO,,2,4.406
202425,0.346,42,statale,SCUOLA SECONDARIA I GRADO,1,BSMM85501E,ANGELO CANOSSI - GARDONE V.T.,GARDONE VAL TROMPIA,BRESCIA,LOMBARDIA,SCUOLA PRIMO GRADO,,BSMM85401P,F.BERTUSSI - MARCHENO,MARCHENO,BRESCIA,LOMBARDIA,SCUOLA PRIMO GRADO,,8,3.056
202425,0.346,42,statale,SCUOLA SECONDARIA I GRADO,1,PNMM835014,SC SEC I? ERASMO DA VALVASON,VALVASONE ARZENE,PORDENONE,FRIULI-VENEZIA G.,SCUOLA PRIMO GRADO,,PNMM835025,SC SEC I? E.FERMI,CASARSA DELLA DELIZIA,PORDENONE,FRIULI-VENEZIA G.,SCUOLA PRIMO GRADO,,1,4.847
202425,0.346,42,statale,SCUOLA SECONDARIA I GRADO,1,TVMM88103G,SMS LEOPARDI CESSALTO (IC MOTT,CESSALTO,TREVISO,VENETO,SCUOLA PRIMO GRADO,,VEMM80501X,"SC. SEC. 1 GR. ""G. MARCONI""",CEGGIA,VENEZIA,VENETO,SCUOLA PRIMO GRADO,,3,3.625
202425,0.346,42,statale,SCUOLA SECONDARIA I GRADO,1,VRMM895013,NOGAROLE ROCCA,NOGAROLE ROCCA,VERONA,VENETO,SCUOLA PRIMO GRADO,,VRMM89601V,"VIGASIO ""MONTEMEZZI""",VIGASIO,VERONA,VENETO,SCUOLA PRIMO GRADO,,3,4.983
202425,0.346,42,statale,SCUOLA SECONDARIA I GRADO,1,PCMM81202B,G. GALILEI,GRAGNANO TREBBIENSE,PIACENZA,EMILIA ROMAGNA,SCUOLA PRIMO GRADO,,PCMM81601N,SC.MEDIA STATALE DI GOSSOLENGO,GOSSOLENGO,PIACENZA,EMILIA ROMAGNA,SCUOLA PRIMO GRADO,,1,3.863
202425,0.346,42,statale,SCUOLA SECONDARIA I GRADO,1,PVMM814014,"BELGIOIOSO ""A. NEGRI""",BELGIOIOSO,PAVIA,LOMBARDIA,SCUOLA PRIMO GRADO,,PVMM814025,LINAROLO,LINAROLO,PAVIA,LOMBARDIA,SCUOLA PRIMO GRADO,,2,3.983
202425,0.346,42,statale,SCUOLA SECONDARIA I GRADO,1,RMMM8GC01P,SMS VIA AMULIO 4,ROMA,ROMA,LAZIO,SCUOLA PRIMO GRADO,,RMMM8CU014,TEODORO MOMMSEN,ROMA,ROMA,LAZIO,SCUOLA PRIMO GRADO,,2,0.71
202425,0.346,42,statale,SCUOLA SECONDARIA I GRADO,1,PDMM883013,CELLINI - VI I.C.,PADOVA,PADOVA,VENETO,SCUOLA PRIMO GRADO,,PDMM88401V,FALCONETTO - VII I.C.,PADOVA,PADOVA,VENETO,SCUOLA PRIMO GRADO,,6,3.403
202425,0.346,42,statale,SCUOLA SECONDARIA I GRADO,1,REMM82302R,CAMPEGINE,CAMPEGINE,REGGIO EMILIA,EMILIA ROMAGNA,SCUOLA PRIMO GRADO,,REMM82301Q,"GATTATICO ""FERMI""",GATTATICO,REGGIO EMILIA,EMILIA ROMAGNA,SCUOLA PRIMO GRADO,,4,4.998
202425,0.346,42,statale,SCUOLA SECONDARIA I GRADO,1,FIMM86001D,BEATO ANGELICO,FIRENZE,FIRENZE,TOSCANA,SCUOLA PRIMO GRADO,,FIMM859019,CALAMANDREI,FIRENZE,FIRENZE,TOSCANA,SCUOLA PRIMO GRADO,,10,1.59
202425,0.346,42,statale,SCUOLA SECONDARIA I GRADO,1,MNMM80205R,"MEDIA ""G.GALILEI"" GAZOLDO IPPOL",GAZOLDO DEGLI IPPOLITI,MANTOVA,LOMBARDIA,SCUOLA PRIMO GRADO,,MNMM827033,RODIGO MEDIA V. DA FELTRE,RODIGO,MANTOVA,LOMBARDIA,SCUOLA PRIMO GRADO,,2,3.805
202425,0.346,42,statale,SCUOLA SECONDARIA I GRADO,1,NAMM83001T,MAROTTA G.-NAPOLI-,NAPOLI,NAPOLI,CAMPANIA,SCUOLA PRIMO GRADO,,NAMM8AD01X,BRACCO-NAPOLI-,NAPOLI,NAPOLI,CAMPANIA,SCUOLA PRIMO GRADO,,1,0.797
202425,0.346,42,statale,SCUOLA SECONDARIA I GRADO,1,BGMM839014,S.M.S. CASAZZA,CASAZZA,BERGAMO,LOMBARDIA,SCUOLA PRIMO GRADO,,BGMM82801N,"S.M.S.""GIOV. XXIII"" BORGO DI T.",BORGO DI TERZO,BERGAMO,LOMBARDIA,SCUOLA PRIMO GRADO,,2,3.661
202425,0.346,42,statale,SCUOLA SECONDARIA I GRADO,1,BGMM8AE01G,"S.M.S. ""CAMERONI"" TREVIGLIO",TREVIGLIO,BERGAMO,LOMBARDIA,SCUOLA PRIMO GRADO,,BGMM82202Q,S.M.S. CASTEL ROZZONE,CASTEL ROZZONE,BERGAMO,LOMBARDIA,SCUOLA PRIMO GRADO,,2,4.02
202425,0.346,42,statale,SCUOLA SECONDARIA I GRADO,1,BSMM858012,UNGARETTI DARFO B.T.,DARFO BOARIO TERME,BRESCIA,LOMBARDIA,SCUOLA PRIMO GRADO,,BSMM858023,UNGARETTI -GIANICO,GIANICO,BRESCIA,LOMBARDIA,SCUOLA PRIMO GRADO,,6,1.885
202425,0.346,42,statale,SCUOLA SECONDARIA I GRADO,1,FIMM841014,GRAMSCI,FIRENZE,FIRENZE,TOSCANA,SCUOLA PRIMO GRADO,,FIMM84201X,GHIBERTI,FIRENZE,FIRENZE,TOSCANA,SCUOLA PRIMO GRADO,,6,0.944
202425,0.346,42,statale,SCUOLA SECONDARIA I GRADO,1,MIMM88901Q,SEC. I GR. CAMPIONI MASCHERPA,CORSICO,MILANO,LOMBARDIA,SCUOLA PRIMO GRADO,,MIMM88801X,SECONDARIA I GRADO BUONARROTI,CORSICO,MILANO,LOMBARDIA,SCUOLA PRIMO GRADO,,1,1.257
202425,0.346,42,statale,SCUOLA SECONDARIA I GRADO,1,MIMM8F101X,SECON. I GR. E.DE MARCHI JUNIOR,MILANO,MILANO,LOMBARDIA,SCUOLA PRIMO GRADO,,MIMM8FX01V,SECONDARIA I GR. CARLO PORTA,MILANO,MILANO,LOMBARDIA,SCUOLA PRIMO GRADO,,10,2.231
202425,0.346,42,statale,SCUOLA SECONDARIA I GRADO,1,MOMM81302R,AUGUSTO RIGHI,MONTESE,MODENA,EMILIA ROMAGNA,SCUOLA PRIMO GRADO,,BOMM811027,MEDIA CASTEL D'AIANO,CASTEL D'AIANO,BOLOGNA,EMILIA ROMAGNA,SCUOLA PRIMO GRADO,,2,3.953
202425,0.346,42,statale,SCUOLA SECONDARIA I GRADO,1,CNMM86101B,CUNEO - DA VINCI,CUNEO,CUNEO,PIEMONTE,SCUOLA PRIMO GRADO,,CNMM83001Q,"RACCONIGI ""B.MUZZONE""",RACCONIGI,CUNEO,PIEMONTE,SCUOLA PRIMO GRADO,,1,0.151
202425,0.346,42,statale,SCUOLA SECONDARIA I GRADO,1,RNMM817018,PANZINI (IC CENTRO STORICO),RIMINI,RIMINI,EMILIA ROMAGNA,SCUOLA PRIMO GRADO,,RNMM81901X,ALIGHIERI (IC ALIGHIERI),RIMINI,RIMINI,EMILIA ROMAGNA,SCUOLA PRIMO GRADO,,8,1.545
202425,0.346,42,statale,SCUOLA SECONDARIA I GRADO,1,FIMM86501L,SMS MATTEUCCI,CAMPI BISENZIO,FIRENZE,TOSCANA,SCUOLA PRIMO GRADO,,FIMM82101V,VERGA,CAMPI BISENZIO,FIRENZE,TOSCANA,SCUOLA PRIMO GRADO,,6,2.614
202425,0.346,42,statale,SCUOLA SECONDARIA I GRADO,1,RMMM86001L,"""EDOARDO AMALDI""",ROMA,ROMA,LAZIO,SCUOLA PRIMO GRADO,,RMMM85801L,"""BRUNO BUOZZI""",ROMA,ROMA,LAZIO,SCUOLA PRIMO GRADO,,6,1.133
202425,0.346,42,statale,SCUOLA SECONDARIA I GRADO,1,SPMM82502P,"SMS ""A.FRANK""",LA SPEZIA,LA SPEZIA,LIGURIA,SCUOLA PRIMO GRADO,,SPMM81901A,FONTANA/FORMENTINI,LA SPEZIA,LA SPEZIA,LIGURIA,SCUOLA PRIMO GRADO,,2,0.925
202425,0.346,42,statale,SCUOLA SECONDARIA I GRADO,1,SPMM82502P,"SMS ""A.FRANK""",LA SPEZIA,LA SPEZIA,LIGURIA,SCUOLA PRIMO GRADO,,SPMM81601V,S.M S.PELLICO - U.MAZZINI,LA SPEZIA,LA SPEZIA,LIGURIA,SCUOLA PRIMO GRADO,,1,1.078
202425,0.346,42,statale,SCUOLA SECONDARIA I GRADO,1,MOMM82301A,ALBERTO PIO,CARPI,MODENA,EMILIA ROMAGNA,SCUOLA PRIMO GRADO,,MOMM82201E,"SEC. DI I GRADO ""O.FOCHERINI""",CARPI,MODENA,EMILIA ROMAGNA,SCUOLA PRIMO GRADO,,9,1.888
202425,0.346,42,statale,SCUOLA SECONDARIA I GRADO,1,APMM83601G,"P.S.ELPIDIO SC.M.""GALILEI""",PORTO SANT'ELPIDIO,FERMO,MARCHE,SCUOLA PRIMO GRADO,,APMM83701B,"P.S.ELPIDIO SC.M.""MARCONI""",PORTO SANT'ELPIDIO,FERMO,MARCHE,SCUOLA PRIMO GRADO,,4,1.875
202425,0.346,42,statale,SCUOLA SECONDARIA I GRADO,1,CNMM813012,"CEVA ""A.MOMIGLIANO""",CEVA,CUNEO,PIEMONTE,SCUOLA PRIMO GRADO,,CNMM826047,VENASCA SS COSTIGLIOLE SALUZZO,COSTIGLIOLE SALUZZO,CUNEO,PIEMONTE,SCUOLA PRIMO GRADO,,3,4.899
202425,0.346,42,statale,SCUOLA SECONDARIA I GRADO,1,BSMM829012,D.ALIGHIERI - CALCINATO,CALCINATO,BRESCIA,LOMBARDIA,SCUOLA PRIMO GRADO,,BSMM8AL01C,"""ROBERTO TOSONI""",MONTICHIARI,BRESCIA,LOMBARDIA,SCUOLA PRIMO GRADO,,5,4.363
202425,0.346,42,statale,SCUOLA SECONDARIA I GRADO,1,BSMM844014,P. GUERINI - BAGNOLO M.,BAGNOLO MELLA,BRESCIA,LOMBARDIA,SCUOLA PRIMO GRADO,,BSMM8AG02R,RITA LEVI MONTALCINI- PONCARALE,PONCARALE,BRESCIA,LOMBARDIA,SCUOLA PRIMO GRADO,,4,3.119
202425,0.346,42,statale,SCUOLA SECONDARIA I GRADO,1,TVMM85201D,SMS MANIN SUSEGANA (IC),SUSEGANA,TREVISO,VENETO,SCUOLA PRIMO GRADO,,TVMM83702C,S.S. I GRADO GNOCCHI - NERVESA,NERVESA DELLA BATTAGLIA,TREVISO,VENETO,SCUOLA PRIMO GRADO,,2,4.222
202425,0.346,42,statale,SCUOLA SECONDARIA I GRADO,1,BSMM85902V,BERLINGO,BERLINGO,BRESCIA,LOMBARDIA,SCUOLA PRIMO GRADO,,BSMM89201D,L. DA VINCI - TRAVAGLIATO,TRAVAGLIATO,BRESCIA,LOMBARDIA,SCUOLA PRIMO GRADO,,1,3.623
202425,0.346,42,statale,SCUOLA SECONDARIA I GRADO,1,CLMM822016,A. RUSSO - V.S. BARBARA - CL,CALTANISSETTA,CALTANISSETTA,SICILIA,SCUOLA PRIMO GRADO,,CLMM82101A,G. VERGA - CALTANISSETTA,CALTANISSETTA,CALTANISSETTA,SICILIA,SCUOLA PRIMO GRADO,,1,3.285
202425,0.346,42,statale,SCUOLA SECONDARIA I GRADO,1,MCMM82901G,E. MEDI,PORTO RECANATI,MACERATA,MARCHE,SCUOLA PRIMO GRADO,,ANMM83201N,"LORETO "" L. LOTTO """,LORETO,ANCONA,MARCHE,SCUOLA PRIMO GRADO,,8,4.42
202425,0.346,42,statale,SCUOLA SECONDARIA I GRADO,1,VIMM827014,"SMS ""FOGAZZARO"" PIOVENE R.",PIOVENE ROCCHETTE,VICENZA,VENETO,SCUOLA PRIMO GRADO,,VIMM827025,"SMS ""FRIGO"" COGOLLO DEL C.",COGOLLO DEL CENGIO,VICENZA,VENETO,SCUOLA PRIMO GRADO,,3,1.948
202425,0.346,42,statale,SCUOLA SECONDARIA I GRADO,1,MIMM836017,DON CARLO GNOCCHI,TURBIGO,MILANO,LOMBARDIA,SCUOLA PRIMO GRADO,,MIMM836028,ANTONIO ROSMINI,ROBECCHETTO CON INDUNO,MILANO,LOMBARDIA,SCUOLA PRIMO GRADO,,1,3.063
202425,0.346,42,statale,SCUOLA SECONDARIA I GRADO,1,ATMM808028,ZANDRINO - MOMBERCELLI,MOMBERCELLI,ASTI,PIEMONTE,SCUOLA PRIMO GRADO,,ATMM808017,CARRETTO - MONTEGROSSO D'ASTI,MONTEGROSSO D'ASTI,ASTI,PIEMONTE,SCUOLA PRIMO GRADO,,1,4.793
202425,0.346,42,statale,SCUOLA SECONDARIA I GRADO,1,MBMM8BZ01T,SCUOLA MEDIA CARNATE E. MONTALE,CARNATE,MONZA E DELLA BRIANZA,LOMBARDIA,SCUOLA PRIMO GRADO,,MBMM8CL011,LUINI - USMATE VELATE,USMATE VELATE,MONZA E DELLA BRIANZA,LOMBARDIA,SCUOLA PRIMO GRADO,,1,2.018
202425,0.346,42,statale,SCUOLA SECONDARIA I GRADO,1,BSMM86202P,M.L.KING COMEZZANO-CIZZAGO,COMEZZANO-CIZZAGO,BRESCIA,LOMBARDIA,SCUOLA PRIMO GRADO,,BSMM89303B,DON GIOVANNI PAPA - POMPIANO,POMPIANO,BRESCIA,LOMBARDIA,SCUOLA PRIMO GRADO,,1,4.955
202425,0.346,42,statale,SCUOLA SECONDARIA I GRADO,1,MBMM8F701Q,WALTER BONATTI,MONZA,MONZA E DELLA BRIANZA,LOMBARDIA,SCUOLA PRIMO GRADO,,MBMM8AL01Q,E. DE FILIPPO - BRUGHERIO,BRUGHERIO,MONZA E DELLA BRIANZA,LOMBARDIA,SCUOLA PRIMO GRADO,,2,1.102
202425,0.346,42,statale,SCUOLA SECONDARIA I GRADO,1,SVMM81502E,I GR. A. GENTILESCHI LECA,ALBENGA,SAVONA,LIGURIA,SCUOLA PRIMO GRADO,,SVMM80703L,I GR. CERIALE,CERIALE,SAVONA,LIGURIA,SCUOLA PRIMO GRADO,,2,4.853
202425,0.346,42,statale,SCUOLA SECONDARIA I GRADO,1,LOMM800014,SECONDARIA I GR. F.SCOTTI TAVAZ,TAVAZZANO CON VILLAVESCO,LODI,LOMBARDIA,SCUOLA PRIMO GRADO,,LOMM80301G,SECONDARIA I GRADO A. GRAMSCI,LODI VECCHIO,LODI,LOMBARDIA,SCUOLA PRIMO GRADO,,1,2.737
202425,0.346,42,statale,SCUOLA SECONDARIA I GRADO,1,PDMM853039,DUE CARRARE SEZ. BATTAGLIA,BATTAGLIA TERME,PADOVA,VENETO,SCUOLA PRIMO GRADO,,PDMM853017,"DUE CARRARE ""A. MORO""",DUE CARRARE,PADOVA,VENETO,SCUOLA PRIMO GRADO,,1,3.109
202425,0.346,42,statale,SCUOLA SECONDARIA I GRADO,1,PGMM86001G,"""G. CARDUCCI""",FOLIGNO,PERUGIA,UMBRIA,SCUOLA PRIMO GRADO,,PGMM83701E,"""G. DA FOLIGNO""",FOLIGNO,PERUGIA,UMBRIA,SCUOLA PRIMO GRADO,,4,1.239
202425,0.346,42,statale,SCUOLA SECONDARIA I GRADO,1,TRMM811012,TERNI A.DE FILIS,TERNI,TERNI,UMBRIA,SCUOLA PRIMO GRADO,,TRMM045005,"TERNI ""L. DA VINCI E O. NUCULA""",TERNI,TERNI,UMBRIA,SCUOLA PRIMO GRADO,,1,0.664
202425,0.346,42,statale,SCUOLA SECONDARIA I GRADO,1,MIMM8DX01N,SECOND. I GR. VIA CIPRO,MILANO,MILANO,LOMBARDIA,SCUOLA PRIMO GRADO,,MIMM8B9014,SECONDARIA I GR. C. MANARA,MILANO,MILANO,LOMBARDIA,SCUOLA PRIMO GRADO,,3,0.67
202425,0.346,42,statale,SCUOLA SECONDARIA I GRADO,1,RMMM88701L,CARDINAL PIAZZA,MONTEROTONDO,ROMA,LAZIO,SCUOLA PRIMO GRADO,,RMMM88001T,MARCONI,MONTEROTONDO,ROMA,LAZIO,SCUOLA PRIMO GRADO,,4,2.263
202425,0.346,42,statale,SCUOLA SECONDARIA I GRADO,1,FIMM84301Q,MACHIAVELLI,FIRENZE,FIRENZE,TOSCANA,SCUOLA PRIMO GRADO,,FIMM84801V,PIERACCINI,FIRENZE,FIRENZE,TOSCANA,SCUOLA PRIMO GRADO,,3,1.714
202425,0.346,42,statale,SCUOLA SECONDARIA I GRADO,1,FIMM84301Q,MACHIAVELLI,FIRENZE,FIRENZE,TOSCANA,SCUOLA PRIMO GRADO,,FIMM84201X,GHIBERTI,FIRENZE,FIRENZE,TOSCANA,SCUOLA PRIMO GRADO,,1,2.08
202425,0.346,42,statale,SCUOLA SECONDARIA I GRADO,1,BSMM83201T,LANA-GNUTTI IC POLO EST,LUMEZZANE,BRESCIA,LOMBARDIA,SCUOLA PRIMO GRADO,,BSMM830016,"""D. ALIGHIERI"" LUMEZZANE",LUMEZZANE,BRESCIA,LOMBARDIA,SCUOLA PRIMO GRADO,,5,2.828
202425,0.346,42,statale,SCUOLA SECONDARIA I GRADO,1,NOMM82401D,SECONDARIA I - FORNARA,NOVARA,NOVARA,PIEMONTE,SCUOLA PRIMO GRADO,,NOMM82801R,PIER LOMBARDO,NOVARA,NOVARA,PIEMONTE,SCUOLA PRIMO GRADO,,3,2.341
202425,0.346,42,statale,SCUOLA SECONDARIA I GRADO,1,TOMM88901Q,IC MONCAL.B.S.PIETRO-PIRANDELLO,MONCALIERI,TORINO,PIEMONTE,SCUOLA PRIMO GRADO,,TOMM8A6012,I.C. NICHELINO II - PELLICO,NICHELINO,TORINO,PIEMONTE,SCUOLA PRIMO GRADO,,3,1.059
202425,0.346,42,statale,SCUOLA SECONDARIA I GRADO,1,RMMM8FA01C,EX SAVIO,ROMA,ROMA,LAZIO,SCUOLA PRIMO GRADO,,RMMM8E901C,SMS BORGHESIANA-PANTANO,ROMA,ROMA,LAZIO,SCUOLA PRIMO GRADO,,1,1.158
202425,0.346,42,statale,SCUOLA SECONDARIA I GRADO,1,MIMM8FU01B,SECONDARIA I GR. COVA,MILANO,MILANO,LOMBARDIA,SCUOLA PRIMO GRADO,,MIMM8D301A,SECOND. I GR. CAIROLI,MILANO,MILANO,LOMBARDIA,SCUOLA PRIMO GRADO,,3,1.128
202425,0.346,42,statale,SCUOLA SECONDARIA I GRADO,1,RGMM83001D,L. EINAUDI,ISPICA,RAGUSA,SICILIA,SCUOLA PRIMO GRADO,,RGMM80701C,LEONARDO DA VINCI,ISPICA,RAGUSA,SICILIA,SCUOLA PRIMO GRADO,,2,0.628
202425,0.346,42,statale,SCUOLA SECONDARIA I GRADO,1,VAMM87701B,PONTI- GALLARATE,GALLARATE,VARESE,LOMBARDIA,SCUOLA PRIMO GRADO,,VAMM87501Q,G. CARDANO,GALLARATE,VARESE,LOMBARDIA,SCUOLA PRIMO GRADO,,5,2.283
202425,0.346,42,statale,SCUOLA SECONDARIA I GRADO,1,CNMM85901B,"SECONDARIA I GRADO ""CORDERO""",MONDOVI',CUNEO,PIEMONTE,SCUOLA PRIMO GRADO,,CNMM85801G,MONDOVI' - GALLO-FRANK,MONDOVI',CUNEO,PIEMONTE,SCUOLA PRIMO GRADO,,1,0.62
202425,0.346,42,statale,SCUOLA SECONDARIA I GRADO,1,CNMM86501P,FOSSANO - SS PAGLIERI,FOSSANO,CUNEO,PIEMONTE,SCUOLA PRIMO GRADO,,CNMM86601E,"FOSSANO B ""SACCO""",FOSSANO,CUNEO,PIEMONTE,SCUOLA PRIMO GRADO,,2,0.472
202425,0.346,42,statale,SCUOLA SECONDARIA I GRADO,1,MCMM82701X,E. FERMI,MACERATA,MACERATA,MARCHE,SCUOLA PRIMO GRADO,,MCMM82801Q,E. MESTICA MACERATA,MACERATA,MACERATA,MARCHE,SCUOLA PRIMO GRADO,,2,0.93
202425,0.346,42,statale,SCUOLA SECONDARIA I GRADO,1,MIMM8DW01T,SECONDARIA I GR. ASCOLI,MILANO,MILANO,LOMBARDIA,SCUOLA PRIMO GRADO,,MIMM8B9014,SECONDARIA I GR. C. MANARA,MILANO,MILANO,LOMBARDIA,SCUOLA PRIMO GRADO,,2,1.766
202425,0.346,42,statale,SCUOLA SECONDARIA I GRADO,1,PIMM817012,SCUOLA SEC. I GR. L. DA VINCI,CASTELFRANCO DI SOTTO,PISA,TOSCANA,SCUOLA PRIMO GRADO,,PIMM82201D,GALILEO GALILEI,MONTOPOLI IN VAL D'ARNO,PISA,TOSCANA,SCUOLA PRIMO GRADO,,2,3.196
202425,0.346,42,statale,SCUOLA SECONDARIA I GRADO,1,GEMM825013,I.C. SAN TEODORO/S.M.S.,GENOVA,GENOVA,LIGURIA,SCUOLA PRIMO GRADO,,GEMM853017,I.C. CASTELLETTO/S.M.S.,GENOVA,GENOVA,LIGURIA,SCUOLA PRIMO GRADO,,3,2.385
202425,0.346,42,statale,SCUOLA SECONDARIA I GRADO,1,TVMM861018,"SCUOLA SECONDARIA I ""I. NIEVO""",PONTE DI PIAVE,TREVISO,VENETO,SCUOLA PRIMO GRADO,,TVMM861029,"SCUOLA SECONDARIA I ""A.MARTINI",SALGAREDA,TREVISO,VENETO,SCUOLA PRIMO GRADO,,3,2.772
202425,0.346,42,statale,SCUOLA SECONDARIA I GRADO,1,TVMM88001N,SMS GORGO AL MONTICANO (IC),GORGO AL MONTICANO,TREVISO,VENETO,SCUOLA PRIMO GRADO,,TVMM88101D,SMS GIRARDINI MOTTA DI L.(IC),MOTTA DI LIVENZA,TREVISO,VENETO,SCUOLA PRIMO GRADO,,1,4.446
202425,0.346,42,statale,SCUOLA SECONDARIA I GRADO,1,TVMM87401A,SMS L.COLETTI TREVISO IC 5,TREVISO,TREVISO,VENETO,SCUOLA PRIMO GRADO,,TVMM87101V,SMS SERENA TREVISO IC 2,TREVISO,TREVISO,VENETO,SCUOLA PRIMO GRADO,,3,1.64
202425,0.346,42,statale,SCUOLA SECONDARIA I GRADO,1,BSMM815014,SEC. I FRANCHI- BS,BRESCIA,BRESCIA,LOMBARDIA,SCUOLA PRIMO GRADO,,BSMM845021,N.BERTHER - S.ZENO N.,SAN ZENO NAVIGLIO,BRESCIA,LOMBARDIA,SCUOLA PRIMO GRADO,,3,2.976
202425,0.346,42,statale,SCUOLA SECONDARIA I GRADO,1,PGMM83201B,IST. 1^ GRADO GIANO UMBRO,GIANO DELL'UMBRIA,PERUGIA,UMBRIA,SCUOLA PRIMO GRADO,,PGMM82901G,"""A. CAPITINI""",GUALDO CATTANEO,PERUGIA,UMBRIA,SCUOLA PRIMO GRADO,,1,4.495
202425,0.346,42,statale,SCUOLA SECONDARIA I GRADO,1,TVMM86901V,SMS GRAVA CONEGLIANO (IC 1),CONEGLIANO,TREVISO,VENETO,SCUOLA PRIMO GRADO,,TVMM867017,SMS CIMA CONEGLIANO (IC 2),CONEGLIANO,TREVISO,VENETO,SCUOLA PRIMO GRADO,,3,0.708
202425,0.346,42,statale,SCUOLA SECONDARIA I GRADO,1,VAMM82702B,"""D.ALIGHIERI"" - GEMONIO -",GEMONIO,VARESE,LOMBARDIA,SCUOLA PRIMO GRADO,,VAMM82701A,"""GIOVANNI XXIII ""-CITTIGLIO -",CITTIGLIO,VARESE,LOMBARDIA,SCUOLA PRIMO GRADO,,1,1.579
202425,0.346,42,statale,SCUOLA SECONDARIA I GRADO,1,SPMM815013,S.M. 2 GIUGNO - F.LLI INCERTI,LA SPEZIA,LA SPEZIA,LIGURIA,SCUOLA PRIMO GRADO,,SPMM81601V,S.M S.PELLICO - U.MAZZINI,LA SPEZIA,LA SPEZIA,LIGURIA,SCUOLA PRIMO GRADO,,5,1.534
202425,0.346,42,statale,SCUOLA SECONDARIA I GRADO,1,VRMM8AB01P,"""G. BONTURI""",SAN BONIFACIO,VERONA,VENETO,SCUOLA PRIMO GRADO,,VRMM8AA02X,S.BONIFACIO 2 G. PIUBELLO PROVA,SAN BONIFACIO,VERONA,VENETO,SCUOLA PRIMO GRADO,,6,1.167
202425,0.346,42,statale,SCUOLA SECONDARIA I GRADO,1,RMMM83201C,VIA MELIZZANO,ROMA,ROMA,LAZIO,SCUOLA PRIMO GRADO,,RMMM8E801L,SMS VIA S.B. PLATANI,ROMA,ROMA,LAZIO,SCUOLA PRIMO GRADO,,3,2.282
202425,0.346,42,statale,SCUOLA SECONDARIA I GRADO,1,MNMM820016,"OSTIGLIA - ""CORNELIO NEPOTE""",OSTIGLIA,MANTOVA,LOMBARDIA,SCUOLA PRIMO GRADO,,MNMM820038,"REVERE ""D.BARTOLOMEO GRAZIOLI""",BORGO MANTOVANO,MANTOVA,LOMBARDIA,SCUOLA PRIMO GRADO,,2,1.615
202425,0.346,42,statale,SCUOLA SECONDARIA I GRADO,1,PRMM813013,"FONTANELLATO - ""L. PIGORINI""",FONTANELLATO,PARMA,EMILIA ROMAGNA,SCUOLA PRIMO GRADO,,PRMM813024,"FONTEVIVO - ""AUGUSTO CERESINI""",FONTEVIVO,PARMA,EMILIA ROMAGNA,SCUOLA PRIMO GRADO,,5,2.649
202425,0.346,42,statale,SCUOLA SECONDARIA I GRADO,1,TVMM841024,SMS RAGAZZI '99 MORIAGO (IC SE),MORIAGO DELLA BATTAGLIA,TREVISO,VENETO,SCUOLA PRIMO GRADO,,TVMM841013,SMS NIEVO SERNAGLIA D.B.(IC),SERNAGLIA DELLA BATTAGLIA,TREVISO,VENETO,SCUOLA PRIMO GRADO,,1,2.346
202425,0.346,42,statale,SCUOLA SECONDARIA I GRADO,1,VRMM89702Q,LEGNAGO N. 2 - CAVALCASELLE,LEGNAGO,VERONA,VENETO,SCUOLA PRIMO GRADO,,VRMM89801E,LEGNAGO N.1- FRATTINI-BARBIERI,LEGNAGO,VERONA,VENETO,SCUOLA PRIMO GRADO,,1,1.779
202425,0.346,42,statale,SCUOLA SECONDARIA I GRADO,1,BGMM8AD01Q,"S.M.S. ""GROSSI"" TREVIGLIO",TREVIGLIO,BERGAMO,LOMBARDIA,SCUOLA PRIMO GRADO,,BGMM897025,"S.M.S. ""L. DA VINCI"" BRIGNANO",BRIGNANO GERA D'ADDA,BERGAMO,LOMBARDIA,SCUOLA PRIMO GRADO,,3,4.694
202425,0.346,42,statale,SCUOLA SECONDARIA I GRADO,1,BOMM825025,SECONDARIA BARICELLA,BARICELLA,BOLOGNA,EMILIA ROMAGNA,SCUOLA PRIMO GRADO,,BOMM82701Q,C. CAVOUR-MINERBIO,MINERBIO,BOLOGNA,EMILIA ROMAGNA,SCUOLA PRIMO GRADO,,2,4.342
202425,0.346,42,statale,SCUOLA SECONDARIA I GRADO,1,BOMM84301N,MEDIA INNOCENZO DA IMOLA,IMOLA,BOLOGNA,EMILIA ROMAGNA,SCUOLA PRIMO GRADO,,BOMM846015,MEDIA VALSALVA,IMOLA,BOLOGNA,EMILIA ROMAGNA,SCUOLA PRIMO GRADO,,2,1.051
202425,0.346,42,statale,SCUOLA SECONDARIA I GRADO,1,MIMM8DR019,SECOND. I GR.,MILANO,MILANO,LOMBARDIA,SCUOLA PRIMO GRADO,,MIMM8FA01X,SECOND. I GR. DE GASPERI,SAN DONATO MILANESE,MILANO,LOMBARDIA,SCUOLA PRIMO GRADO,,5,2.827
202425,0.346,42,statale,SCUOLA SECONDARIA I GRADO,1,MIMM8D4016,SECONDARIA I GR. D. BUZZATI,MILANO,MILANO,LOMBARDIA,SCUOLA PRIMO GRADO,,MIMM8D301A,SECOND. I GR. CAIROLI,MILANO,MILANO,LOMBARDIA,SCUOLA PRIMO GRADO,,4,1.255
202425,0.346,42,statale,SCUOLA SECONDARIA I GRADO,1,RMMM8C701G,I.C. ANZIO III -SMS VIA GOLDONI,ANZIO,ROMA,LAZIO,SCUOLA PRIMO GRADO,,RMMM8C4014,I.C.ANZIO IV - GIOVANNI FALCONE,ANZIO,ROMA,LAZIO,SCUOLA PRIMO GRADO,,2,3.634
202425,0.346,42,statale,SCUOLA SECONDARIA I GRADO,1,LOMM80702X,"SECONDARIA I GRADO ""M.SCOGLIO""",LIVRAGA,LODI,LOMBARDIA,SCUOLA PRIMO GRADO,,MIMM81301E,SECONDARIA I GRADO DON GNOCCHI,SAN COLOMBANO AL LAMBRO,MILANO,LOMBARDIA,SCUOLA PRIMO GRADO,,2,4.403
202425,0.346,42,statale,SCUOLA SECONDARIA I GRADO,1,PVMM80804X,VALLE LOMELLINA,VALLE LOMELLINA,PAVIA,LOMBARDIA,SCUOLA PRIMO GRADO,,PVMM835026,L. DI SAVOIA - DORNO,DORNO,PAVIA,LOMBARDIA,SCUOLA PRIMO GRADO,,2,0.402
202425,0.346,42,statale,SCUOLA SECONDARIA I GRADO,1,RMMM8A9012,"""E. PESTALOZZI"" - POMEZIA",POMEZIA,ROMA,LAZIO,SCUOLA PRIMO GRADO,,RMMM8GZ01N,ENEA,POMEZIA,ROMA,LAZIO,SCUOLA PRIMO GRADO,,2,1.432
202425,0.346,42,statale,SCUOLA SECONDARIA I GRADO,1,BOMM87701R,FABRIZIO DE ANDRE' - 18 BOLOGNA,BOLOGNA,BOLOGNA,EMILIA ROMAGNA,SCUOLA PRIMO GRADO,,BOMM876011,GANDINO - 17 BOLOGNA,BOLOGNA,BOLOGNA,EMILIA ROMAGNA,SCUOLA PRIMO GRADO,,3,1.21
202425,0.346,42,statale,SCUOLA SECONDARIA I GRADO,1,BSMM88201V,SEC. I FOSCOLO-MARCONI BRESCIA,BRESCIA,BRESCIA,LOMBARDIA,SCUOLA PRIMO GRADO,,BSMM88401E,SEC. I VIRGILIO-PIRANDELLO BS,BRESCIA,BRESCIA,LOMBARDIA,SCUOLA PRIMO GRADO,,5,2.271
202425,0.346,42,statale,SCUOLA SECONDARIA I GRADO,1,VRMM816012,"RONCO ALL'ADIGE - ""G. BALDO""",RONCO ALL'ADIGE,VERONA,VENETO,SCUOLA PRIMO GRADO,,VRMM816023,"ALBAREDO D'ADIGE ""R.SIMONI""",ALBAREDO D'ADIGE,VERONA,VENETO,SCUOLA PRIMO GRADO,,2,3.569
202425,0.346,42,statale,SCUOLA SECONDARIA I GRADO,1,BGMM83101D,"S.M.S.""A.MORO"" CALCINATE",CALCINATE,BERGAMO,LOMBARDIA,SCUOLA PRIMO GRADO,,BGMM840029,SECONDARIA BOLGARE,BOLGARE,BERGAMO,LOMBARDIA,SCUOLA PRIMO GRADO,,3,2.312
202425,0.346,42,statale,SCUOLA SECONDARIA I GRADO,1,MIMM8DB01E,SECONDARIA I GR. G. RODARI,NOVATE MILANESE,MILANO,LOMBARDIA,SCUOLA PRIMO GRADO,,MIMM8BR01L,SECOND. I GR. ORIO VERGANI,NOVATE MILANESE,MILANO,LOMBARDIA,SCUOLA PRIMO GRADO,,1,1.093
202425,0.346,42,statale,SCUOLA SECONDARIA I GRADO,1,PGMM85901B,"""G. PASCOLI""",PERUGIA,PERUGIA,UMBRIA,SCUOLA PRIMO GRADO,,PGMM868016,"""CARDUCCI-PURGOTTI""",PERUGIA,PERUGIA,UMBRIA,SCUOLA PRIMO GRADO,,6,1.751
202425,0.346,42,statale,SCUOLA SECONDARIA I GRADO,1,RMMM8B801R,ANTONIO GRAMSCI,ROMA,ROMA,LAZIO,SCUOLA PRIMO GRADO,,RMMM8FY017,GIORGIO MORANDI,ROMA,ROMA,LAZIO,SCUOLA PRIMO GRADO,,1,0.796
202425,0.346,42,statale,SCUOLA SECONDARIA I GRADO,1,PRMM819012,"TRAVERSETOLO - ""A. MANZONI""",TRAVERSETOLO,PARMA,EMILIA ROMAGNA,SCUOLA PRIMO GRADO,,REMM821014,S.POLO D'E. FRANCESCO PETRARCA,SAN POLO D'ENZA,REGGIO EMILIA,EMILIA ROMAGNA,SCUOLA PRIMO GRADO,,3,3.839
202425,0.346,42,statale,SCUOLA SECONDARIA I GRADO,1,TOMM8BV01R,I.C. DUCA D'AOSTA - SCHWEITZER,TORINO,TORINO,PIEMONTE,SCUOLA PRIMO GRADO,,TOMM8BW01L,I.C.ALIGHIERI KENNEDY-ALIGHIERI,TORINO,TORINO,PIEMONTE,SCUOLA PRIMO GRADO,,2,0.588
202425,0.346,42,statale,SCUOLA SECONDARIA I GRADO,1,MIMM8EN01L,SECOND. I GR. G RODARI,CORMANO,MILANO,LOMBARDIA,SCUOLA PRIMO GRADO,,MIMM8AX01P,SECONDARIA I GR. MARCONI,CUSANO MILANINO,MILANO,LOMBARDIA,SCUOLA PRIMO GRADO,,1,0.93
202425,0.346,42,statale,SCUOLA SECONDARIA I GRADO,1,NAMM8ER01D,LEVI-NAPOLI-,NAPOLI,NAPOLI,CAMPANIA,SCUOLA PRIMO GRADO,,NAMM8E5016,87 PERTINI - DON GUANELLA,NAPOLI,NAPOLI,CAMPANIA,SCUOLA PRIMO GRADO,,2,0.267
202425,0.346,42,statale,SCUOLA SECONDARIA I GRADO,1,MOMM81801V,FABRIANI,SPILAMBERTO,MODENA,EMILIA ROMAGNA,SCUOLA PRIMO GRADO,,MOMM810018,A. PACINOTTI,SAN CESARIO SUL PANARO,MODENA,EMILIA ROMAGNA,SCUOLA PRIMO GRADO,,4,3.254
202425,0.346,42,statale,SCUOLA SECONDARIA I GRADO,1,FEMM811011,"""T.TASSO""",FERRARA,FERRARA,EMILIA ROMAGNA,SCUOLA PRIMO GRADO,,FEMM810015,"""M.M.BOIARDO""",FERRARA,FERRARA,EMILIA ROMAGNA,SCUOLA PRIMO GRADO,,2,0.319
202425,0.346,42,statale,SCUOLA SECONDARIA I GRADO,1,BSMM886016,SEC. I TRIDENTINA BRESCIA,BRESCIA,BRESCIA,LOMBARDIA,SCUOLA PRIMO GRADO,,BSMM88802V,SEC.I GRADO SILONE COLLEBEATO,COLLEBEATO,BRESCIA,LOMBARDIA,SCUOLA PRIMO GRADO,,1,2.376
202425,0.346,42,statale,SCUOLA SECONDARIA I GRADO,1,RAMM810017,E. MATTEI / D. ALIGHIERI,RAVENNA,RAVENNA,EMILIA ROMAGNA,SCUOLA PRIMO GRADO,,RAMM824015,S.P.DAMIANO,RAVENNA,RAVENNA,EMILIA ROMAGNA,SCUOLA PRIMO GRADO,,1,0.297
202425,0.346,42,statale,SCUOLA SECONDARIA I GRADO,1,BSMM8AM018,"SEC. DI I GRADO ""E. FERMI""",PALAZZOLO SULL'OGLIO,BRESCIA,LOMBARDIA,SCUOLA PRIMO GRADO,,BSMM84101L,M.L. KING PALAZZOLO S/O,PALAZZOLO SULL'OGLIO,BRESCIA,LOMBARDIA,SCUOLA PRIMO GRADO,,4,1.046
202425,0.346,42,statale,SCUOLA SECONDARIA I GRADO,1,MIMM8BM019,SECOND. I GR. P. MASCAGNI,MELZO,MILANO,LOMBARDIA,SCUOLA PRIMO GRADO,,MIMM8E3011,SECONDARIA I GR. GAVAZZI,MELZO,MILANO,LOMBARDIA,SCUOLA PRIMO GRADO,,1,1.262
202425,0.346,42,statale,SCUOLA SECONDARIA I GRADO,1,RMMM8C601Q,VIRGILIO ANZIO LAVINIO,ANZIO,ROMA,LAZIO,SCUOLA PRIMO GRADO,,RMMM8C4014,I.C.ANZIO IV - GIOVANNI FALCONE,ANZIO,ROMA,LAZIO,SCUOLA PRIMO GRADO,,3,4.063
202425,0.346,42,statale,SCUOLA SECONDARIA I GRADO,1,VEMM87301E,G.DI VITTORIO,VENEZIA,VENEZIA,VENETO,SCUOLA PRIMO GRADO,,VEMM875016,L.SPALLANZANI,VENEZIA,VENEZIA,VENETO,SCUOLA PRIMO GRADO,,2,1.222
202425,0.346,42,statale,SCUOLA SECONDARIA I GRADO,1,PDMM846014,"CADONEGHE ""DON MILANI""",CADONEGHE,PADOVA,VENETO,SCUOLA PRIMO GRADO,,PDMM86501D,"VIGODARZERE ""MORONI""",VIGODARZERE,PADOVA,VENETO,SCUOLA PRIMO GRADO,,3,3.048
202425,0.346,42,statale,SCUOLA SECONDARIA I GRADO,1,SIMM819017,FEDERIGO TOZZI CHIANCIANO T,CHIANCIANO TERME,SIENA,TOSCANA,SCUOLA PRIMO GRADO,,SIMM81303A,ANGELI DI S.GIULIANO DI PUGLIA,SAN CASCIANO DEI BAGNI,SIENA,TOSCANA,SCUOLA PRIMO GRADO,,1,3.726
202425,0.346,42,statale,SCUOLA SECONDARIA I GRADO,1,BGMM8AF01B,SMS SAVOIA NULLO- IC I MILLE,BERGAMO,BERGAMO,LOMBARDIA,SCUOLA PRIMO GRADO,,BGMM80801C,"S.M.S. ""S.LUCIA"" BERGAMO",BERGAMO,BERGAMO,LOMBARDIA,SCUOLA PRIMO GRADO,,3,1.11
202425,0.346,42,statale,SCUOLA SECONDARIA I GRADO,1,REMM82401G,"""G.GALILEI""",REGGIO NELL'EMILIA,REGGIO EMILIA,EMILIA ROMAGNA,SCUOLA PRIMO GRADO,,REMM848014,"""A. EINSTEIN""",REGGIO NELL'EMILIA,REGGIO EMILIA,EMILIA ROMAGNA,SCUOLA PRIMO GRADO,,2,2.209
202425,0.346,42,statale,SCUOLA SECONDARIA I GRADO,1,RGMM82601T,MICCICHE' - LIPPARINI,SCICLI,RAGUSA,SICILIA,SCUOLA PRIMO GRADO,,RGMM81201X,DON LORENZO MILANI,SCICLI,RAGUSA,SICILIA,SCUOLA PRIMO GRADO,,3,1.787
202425,0.346,42,statale,SCUOLA SECONDARIA I GRADO,1,ATMM811013,"SC. MEDIA ST""ALFIERI"" S.DAMIANO",SAN DAMIANO D'ASTI,ASTI,PIEMONTE,SCUOLA PRIMO GRADO,,CNMM82302N,GOVONE SS PRIOCCA N.COSTA,PRIOCCA,CUNEO,PIEMONTE,SCUOLA PRIMO GRADO,,2,4.83
202425,0.346,42,statale,SCUOLA SECONDARIA I GRADO,1,BSMM86701R,G.VERGA PREVALLE,PREVALLE,BRESCIA,LOMBARDIA,SCUOLA PRIMO GRADO,,BSMM851017,"""S. QUASIMODO"" NUVOLENTO",NUVOLENTO,BRESCIA,LOMBARDIA,SCUOLA PRIMO GRADO,,1,3.161
202425,0.346,42,statale,SCUOLA SECONDARIA I GRADO,1,MIMM8BW01D,SECONDARIA I GR. SAN FELICE,SEGRATE,MILANO,LOMBARDIA,SCUOLA PRIMO GRADO,,MIMM8BX019,SECONDARIA I GR. G. LEOPARDI,SEGRATE,MILANO,LOMBARDIA,SCUOLA PRIMO GRADO,,2,2.467
202425,0.346,42,statale,SCUOLA SECONDARIA I GRADO,1,MIMM8FB01Q,SECONDARIA I GR. G. GALILEI,SAN DONATO MILANESE,MILANO,LOMBARDIA,SCUOLA PRIMO GRADO,,MIMM8FA01X,SECOND. I GR. DE GASPERI,SAN DONATO MILANESE,MILANO,LOMBARDIA,SCUOLA PRIMO GRADO,,3,1.234
202425,0.346,42,statale,SCUOLA SECONDARIA I GRADO,1,FEMM81801Q,"SECONDARIA I GR. ""IL GUERCINO""",CENTO,FERRARA,EMILIA ROMAGNA,SCUOLA PRIMO GRADO,,BOMM80602Q,CAVICCHI-PIEVE DI CENTO,PIEVE DI CENTO,BOLOGNA,EMILIA ROMAGNA,SCUOLA PRIMO GRADO,,1,2.109
202425,0.346,42,statale,SCUOLA SECONDARIA I GRADO,1,REMM813015,"CAMPAGNOLA ""G.GALILEI""",CAMPAGNOLA EMILIA,REGGIO EMILIA,EMILIA ROMAGNA,SCUOLA PRIMO GRADO,,REMM83101P,"SC. SEC. ""LELIO ORSI"" NOVELLARA",NOVELLARA,REGGIO EMILIA,EMILIA ROMAGNA,SCUOLA PRIMO GRADO,,2,1.951
202425,0.346,42,statale,SCUOLA SECONDARIA I GRADO,1,PGMM85801G,IST.1^GR. FERRO DI CAVALLO-OLMO,PERUGIA,PERUGIA,UMBRIA,SCUOLA PRIMO GRADO,,PGMM86401V,SCUOLA SEC. 1 GRADO S.SISTO,PERUGIA,PERUGIA,UMBRIA,SCUOLA PRIMO GRADO,,2,2.165
202425,0.346,42,statale,SCUOLA SECONDARIA I GRADO,1,RGMM824016,M. SCHININA',RAGUSA,RAGUSA,SICILIA,SCUOLA PRIMO GRADO,,RGMM833011,VANN'ANTO',RAGUSA,RAGUSA,SICILIA,SCUOLA PRIMO GRADO,,2,0.922
202425,0.346,42,statale,SCUOLA SECONDARIA I GRADO,1,VEMM84501A,DON MILANI,VENEZIA,VENEZIA,VENETO,SCUOLA PRIMO GRADO,,VEMM86001C,G.UNGARETTI,SPINEA,VENEZIA,VENETO,SCUOLA PRIMO GRADO,,3,4.005
202425,0.346,42,statale,SCUOLA SECONDARIA I GRADO,1,TOMM8AZ01D,I.C. ALBERTI SALGARI-ALBERTI,TORINO,TORINO,PIEMONTE,SCUOLA PRIMO GRADO,,TOMM8BY018,I.C. SINIGAGLIA - ADA NEGRI,TORINO,TORINO,PIEMONTE,SCUOLA PRIMO GRADO,,1,0.649
202425,0.346,42,statale,SCUOLA SECONDARIA I GRADO,1,LOMM814012,SEC.I GRADO DON LORENZO MILANI,LODI,LODI,LOMBARDIA,SCUOLA PRIMO GRADO,,LOMM80101X,SECONDARIA I GRAD F.CAZZULANI,LODI,LODI,LOMBARDIA,SCUOLA PRIMO GRADO,,3,0.548
202425,0.346,42,statale,SCUOLA SECONDARIA I GRADO,1,RMMM8G1013,FRANK,ROMA,ROMA,LAZIO,SCUOLA PRIMO GRADO,,RMMM8GM01E,VIA ORBASSANO 69,ROMA,ROMA,LAZIO,SCUOLA PRIMO GRADO,,3,1.361
202425,0.346,42,statale,SCUOLA SECONDARIA I GRADO,1,ATMM81801T,O.L.JONA,ASTI,ASTI,PIEMONTE,SCUOLA PRIMO GRADO,,ATMM81202X,BELLONE - COSTIGLIOLE D'ASTI,COSTIGLIOLE D'ASTI,ASTI,PIEMONTE,SCUOLA PRIMO GRADO,,3,0.933
202425,0.346,42,statale,SCUOLA SECONDARIA I GRADO,1,BGMM83202A,"S.M.S.""A.BIFFI"" CIVIDATE",CIVIDATE AL PIANO,BERGAMO,LOMBARDIA,SCUOLA PRIMO GRADO,,BGMM83103G,"S.M.S.""F.LLI TERZI"" PALOSCO",PALOSCO,BERGAMO,LOMBARDIA,SCUOLA PRIMO GRADO,,1,3.887
202425,0.346,42,statale,SCUOLA SECONDARIA I GRADO,1,BGMM834011,"S.M.S.""A.MANZONI"" CAPRIATE S.G.",CAPRIATE SAN GERVASIO,BERGAMO,LOMBARDIA,SCUOLA PRIMO GRADO,,MIMM8B2019,SECONDARIA I GR. P.CALAMANDREI,TREZZO SULL'ADDA,MILANO,LOMBARDIA,SCUOLA PRIMO GRADO,,2,1.405
202425,0.346,42,statale,SCUOLA SECONDARIA I GRADO,1,BGMM859019,"S.M.S. ""CAGNOLA"" GHISALBA",GHISALBA,BERGAMO,LOMBARDIA,SCUOLA PRIMO GRADO,,BGMM89901Q,"S.M.S. ""ABATE G. BRAVI"" COLOGNO",COLOGNO AL SERIO,BERGAMO,LOMBARDIA,SCUOLA PRIMO GRADO,,1,3.705
202425,0.346,42,statale,SCUOLA SECONDARIA I GRADO,1,BLMM81301E,"""DON ORIONE"" - QUERO",SETTEVILLE,BELLUNO,VENETO,SCUOLA PRIMO GRADO,,BLMM81302G,"""I. CALVINO"" ALANO DI PIAVE",SETTEVILLE,BELLUNO,VENETO,SCUOLA PRIMO GRADO,,1,2.189
202425,0.346,42,statale,SCUOLA SECONDARIA I GRADO,1,BSMM899029,"SECONDARIA ""L STUZO"" GOTTOLENGO",GOTTOLENGO,BRESCIA,LOMBARDIA,SCUOLA PRIMO GRADO,,BSMM899018,"SECONDARIA ""U. ALLEGRI"" GAMBARA",GAMBARA,BRESCIA,LOMBARDIA,SCUOLA PRIMO GRADO,,1,4.221
202425,0.346,42,statale,SCUOLA SECONDARIA I GRADO,1,CRMM812023,"""MICHELANG.BUONARROTI""(VAILATE)",VAILATE,CREMONA,LOMBARDIA,SCUOLA PRIMO GRADO,,CRMM80602Q,"""I TIGLI"" (CAPRALBA)",CAPRALBA,CREMONA,LOMBARDIA,SCUOLA PRIMO GRADO,,1,3.529
202425,0.346,42,statale,SCUOLA SECONDARIA I GRADO,1,GEMM816018,I.C.PONTEX-SMS DON ORENGO,GENOVA,GENOVA,LIGURIA,SCUOLA PRIMO GRADO,,GEMM817014,I.C.CAMPOMORONE /SMS A. NOLI,CAMPOMORONE,GENOVA,LIGURIA,SCUOLA PRIMO GRADO,,1,1.431
202425,0.346,42,statale,SCUOLA SECONDARIA I GRADO,1,IMMM801023,S.BARTOLOMEO AL MARE,SAN BARTOLOMEO AL MARE,IMPERIA,LIGURIA,SCUOLA PRIMO GRADO,,SVMM80501V,"I GR. ANDORA "" B. CROCE""",ANDORA,SAVONA,LIGURIA,SCUOLA PRIMO GRADO,,1,4.261
202425,0.346,42,statale,SCUOLA SECONDARIA I GRADO,1,MIMM8B3015,SECONDARIA I GR VAPRIO D'ADDA,VAPRIO D'ADDA,MILANO,LOMBARDIA,SCUOLA PRIMO GRADO,,MIMM8CJ01P,SECONDARIA I GR. ILARIA ALPI,TREZZANO ROSA,MILANO,LOMBARDIA,SCUOLA PRIMO GRADO,,2,0.692
202425,0.346,42,statale,SCUOLA SECONDARIA I GRADO,1,MIMM8CT01V,SECONDARIA I GR. G. CASSINIS,MILANO,MILANO,LOMBARDIA,SCUOLA PRIMO GRADO,,MIMM8AX01P,SECONDARIA I GR. MARCONI,CUSANO MILANINO,MILANO,LOMBARDIA,SCUOLA PRIMO GRADO,,1,3.603
202425,0.346,42,statale,SCUOLA SECONDARIA I GRADO,1,MOMM845017,P.PAOLI,MODENA,MODENA,EMILIA ROMAGNA,SCUOLA PRIMO GRADO,,MOMM85101E,FERRARIS,MODENA,MODENA,EMILIA ROMAGNA,SCUOLA PRIMO GRADO,,3,1.407
202425,0.346,42,statale,SCUOLA SECONDARIA I GRADO,1,MSMM807013,"SEC. I GR. I.C. ""BARACCHINI""",VILLAFRANCA IN LUNIGIANA,MASSA-CARRARA,TOSCANA,SCUOLA PRIMO GRADO,,MSMM807024,"""F. QUARTIERI"" BAGNONE",BAGNONE,MASSA-CARRARA,TOSCANA,SCUOLA PRIMO GRADO,,2,4.071
202425,0.346,42,statale,SCUOLA SECONDARIA I GRADO,1,NAMM8G0018,PONTE - RODARI - SICILIANO,POMIGLIANO D'ARCO,NAPOLI,CAMPANIA,SCUOLA PRIMO GRADO,,NAMM8G201X,CATULLO,POMIGLIANO D'ARCO,NAPOLI,CAMPANIA,SCUOLA PRIMO GRADO,,1,0.453
202425,0.346,42,statale,SCUOLA SECONDARIA I GRADO,1,PNMM81702G,SC. SEC. 1^ GRADO PRAVISDOMINI,PRAVISDOMINI,PORDENONE,FRIULI-VENEZIA G.,SCUOLA PRIMO GRADO,,PNMM81701E,"""I. SVEVO"" CHIONS",CHIONS,PORDENONE,FRIULI-VENEZIA G.,SCUOLA PRIMO GRADO,,1,3.474
202425,0.346,42,statale,SCUOLA SECONDARIA I GRADO,1,PRMM833018,"""GIACOMO PUCCINI"" - PARMA",PARMA,PARMA,EMILIA ROMAGNA,SCUOLA PRIMO GRADO,,PRMM834014,"""DON CAVALLI""",PARMA,PARMA,EMILIA ROMAGNA,SCUOLA PRIMO GRADO,,2,4.464
202425,0.346,42,statale,SCUOLA SECONDARIA I GRADO,1,TOMM84902A,I.C.SETTIMO VITTONE-BORGOFRANCO,BORGOFRANCO D'IVREA,TORINO,PIEMONTE,SCUOLA PRIMO GRADO,,TOMM8AB02Q,I.C. IVREA II - MONTALTO DORA,MONTALTO DORA,TORINO,PIEMONTE,SCUOLA PRIMO GRADO,,1,2.59
202425,0.346,42,statale,SCUOLA SECONDARIA I GRADO,1,TVMM82101T,SMS CAERANO DI SAN MARCO (I.C.),CAERANO DI SAN MARCO,TREVISO,VENETO,SCUOLA PRIMO GRADO,,TVMM85102P,SMS VERONESE MASER (IC CORNUDA),MASER,TREVISO,VENETO,SCUOLA PRIMO GRADO,,2,3.043
202425,0.346,42,statale,SCUOLA SECONDARIA I GRADO,1,TVMM86501G,"SMS""CANOVA"" PIEVE DEL GRAPPA",PIEVE DEL GRAPPA,TREVISO,VENETO,SCUOLA PRIMO GRADO,,TVMM86503N,"SMS""GIRARDI"" BORSO D.G.",BORSO DEL GRAPPA,TREVISO,VENETO,SCUOLA PRIMO GRADO,,2,3.341
202425,0.346,42,statale,SCUOLA SECONDARIA I GRADO,1,TVMM870013,SMS MARTINI TREVISO IC 1,TREVISO,TREVISO,VENETO,SCUOLA PRIMO GRADO,,TVMM87301E,SMS STEFANINI TREVISO IC 4,TREVISO,TREVISO,VENETO,SCUOLA PRIMO GRADO,,2,1.339
202425,0.346,42,statale,SCUOLA SECONDARIA I GRADO,1,RMMM8FS018,GIUSEPPE BAGNERA,ROMA,ROMA,LAZIO,SCUOLA PRIMO GRADO,,RMMM84301V,VINCENZO CARDARELLI,ROMA,ROMA,LAZIO,SCUOLA PRIMO GRADO,,2,0.445
202425,0.346,42,statale,SCUOLA SECONDARIA I GRADO,1,TVMM883015,MONTEBELLUNA 1 SMS,MONTEBELLUNA,TREVISO,VENETO,SCUOLA PRIMO GRADO,,TVMM87901D,MONTEBELLUNA 2 SMS,MONTEBELLUNA,TREVISO,VENETO,SCUOLA PRIMO GRADO,,4,1.644
202425,0.346,42,statale,SCUOLA SECONDARIA I GRADO,1,MIMM8FQ01P,SECONDARIA I GR. F. BARACCA,MAGENTA,MILANO,LOMBARDIA,SCUOLA PRIMO GRADO,,MIMM8FR01E,SECOND. I GR. IV GIUGNO 1859,MAGENTA,MILANO,LOMBARDIA,SCUOLA PRIMO GRADO,,2,1.357
202425,0.346,42,statale,SCUOLA SECONDARIA I GRADO,1,RGMM83401R,"S.M.S. "" V.COLONNA """,VITTORIA,RAGUSA,SICILIA,SCUOLA PRIMO GRADO,,RGMM82701N,G. MATTEOTTI,VITTORIA,RAGUSA,SICILIA,SCUOLA PRIMO GRADO,,1,0.473
202425,0.346,42,statale,SCUOLA SECONDARIA I GRADO,1,VRMM89001X,VR N.15 - FINCATO ROSANI,VERONA,VERONA,VENETO,SCUOLA PRIMO GRADO,,VRMM89101Q,VR N.19 - VERDI,VERONA,VERONA,VENETO,SCUOLA PRIMO GRADO,,3,0.81
202425,0.346,42,statale,SCUOLA SECONDARIA I GRADO,1,ATMM816016,"""C.A. DALLA CHIESA"" NIZZA MONF.",NIZZA MONFERRATO,ASTI,PIEMONTE,SCUOLA PRIMO GRADO,,ALMM837016,ACQUI TERME - MONTEVERDE,ACQUI TERME,ALESSANDRIA,PIEMONTE,SCUOLA PRIMO GRADO,,2,4.256
202425,0.346,42,statale,SCUOLA SECONDARIA I GRADO,1,BOMM874019,GALILEO GALILEI - CROCE,CASALECCHIO DI RENO,BOLOGNA,EMILIA ROMAGNA,SCUOLA PRIMO GRADO,,BOMM875015,GUGLIELMO MARCONI - CENTRO,CASALECCHIO DI RENO,BOLOGNA,EMILIA ROMAGNA,SCUOLA PRIMO GRADO,,1,0.82
202425,0.346,42,statale,SCUOLA SECONDARIA I GRADO,1,MOMM81401G,GRAZIOSI,SAVIGNANO SUL PANARO,MODENA,EMILIA ROMAGNA,SCUOLA PRIMO GRADO,,BOMM862013,FAUSTINO MALAGUTI-CRESPELLANO,VALSAMOGGIA,BOLOGNA,EMILIA ROMAGNA,SCUOLA PRIMO GRADO,,1,4.551
202425,0.346,42,statale,SCUOLA SECONDARIA I GRADO,1,MBMM8AH01E,S.PERTINI - MONZA -,MONZA,MONZA E DELLA BRIANZA,LOMBARDIA,SCUOLA PRIMO GRADO,,MBMM8AC01B,"""ALBERT B. SABIN""",MONZA,MONZA E DELLA BRIANZA,LOMBARDIA,SCUOLA PRIMO GRADO,,1,2.209
202425,0.346,42,statale,SCUOLA SECONDARIA I GRADO,1,PDMM839011,"LOREGGIA ""A.CANOVA""",LOREGGIA,PADOVA,VENETO,SCUOLA PRIMO GRADO,,PDMM840026,S.G.PERTICHE SEZ.S.GIUSTINA,SANTA GIUSTINA IN COLLE,PADOVA,VENETO,SCUOLA PRIMO GRADO,,3,4.06
202425,0.346,42,statale,SCUOLA SECONDARIA I GRADO,1,REMM84601C,"""A. MANZONI""",REGGIO NELL'EMILIA,REGGIO EMILIA,EMILIA ROMAGNA,SCUOLA PRIMO GRADO,,REMM850014,"""S.PERTINI"" 1",REGGIO NELL'EMILIA,REGGIO EMILIA,EMILIA ROMAGNA,SCUOLA PRIMO GRADO,,3,2.286
202425,0.346,42,statale,SCUOLA SECONDARIA I GRADO,1,RAMM811013,M.MONTANARI,RAVENNA,RAVENNA,EMILIA ROMAGNA,SCUOLA PRIMO GRADO,,RAMM824015,S.P.DAMIANO,RAVENNA,RAVENNA,EMILIA ROMAGNA,SCUOLA PRIMO GRADO,,2,1.506
202425,0.346,42,statale,SCUOLA SECONDARIA I GRADO,1,MIMM8E7018,SECOND. I GR. CORRENTI,ABBIATEGRASSO,MILANO,LOMBARDIA,SCUOLA PRIMO GRADO,,MIMM8E901X,SECO. I GR. G.CARDUCCI,ABBIATEGRASSO,MILANO,LOMBARDIA,SCUOLA PRIMO GRADO,,1,1.673
202425,0.346,42,statale,SCUOLA SECONDARIA I GRADO,1,MIMM8CC01Q,SECOND. I GR. A. MANZONI,CASSANO D'ADDA,MILANO,LOMBARDIA,SCUOLA PRIMO GRADO,,BGMM846028,"S.M.S. ""S.GIOV BOSCO"" FARA D'A.",FARA GERA D'ADDA,BERGAMO,LOMBARDIA,SCUOLA PRIMO GRADO,,3,3.214
202425,0.346,42,statale,SCUOLA SECONDARIA I GRADO,1,MIMM8AR012,SECONDARIA I GR. G. MARCONI,CINISELLO BALSAMO,MILANO,LOMBARDIA,SCUOLA PRIMO GRADO,,MIMM8AY01E,SECONDARIA I GR. ZANELLI,CUSANO MILANINO,MILANO,LOMBARDIA,SCUOLA PRIMO GRADO,,1,1.236
202425,0.346,42,statale,SCUOLA SECONDARIA I GRADO,1,RMMM8BM01T,LEOPARDI,ROMA,ROMA,LAZIO,SCUOLA PRIMO GRADO,,RMMM8BN01N,A. ROSMINI,ROMA,ROMA,LAZIO,SCUOLA PRIMO GRADO,,4,0.835
202425,0.346,42,statale,SCUOLA SECONDARIA I GRADO,1,BGMM838018,"S.M.S.""A. DA CALEPIO""CASTELLI C",CASTELLI CALEPIO,BERGAMO,LOMBARDIA,SCUOLA PRIMO GRADO,,BSMM83301N,G.MATTEOTTI - CAPRIOLO,CAPRIOLO,BRESCIA,LOMBARDIA,SCUOLA PRIMO GRADO,,2,2.077
202425,0.346,42,statale,SCUOLA SECONDARIA I GRADO,1,VRMM89301B,COLOGNA VENETA DANTE ALIGHIERI,COLOGNA VENETA,VERONA,VENETO,SCUOLA PRIMO GRADO,,VRMM894017,VERONELLA,VERONELLA,VERONA,VENETO,SCUOLA PRIMO GRADO,,2,4.501
202425,0.346,42,statale,SCUOLA SECONDARIA I GRADO,1,BSMM83901L,"SCUOLA SECONDARIA ""L. MARENZIO""",COCCAGLIO,BRESCIA,LOMBARDIA,SCUOLA PRIMO GRADO,,BSMM84001R,A. MAZZOTTI COLOGNE,COLOGNE,BRESCIA,LOMBARDIA,SCUOLA PRIMO GRADO,,1,3.368
202425,0.346,42,statale,SCUOLA SECONDARIA I GRADO,1,BSMM82701A,D.GHIDONI - OSPITALETTO,OSPITALETTO,BRESCIA,LOMBARDIA,SCUOLA PRIMO GRADO,,BSMM810011,G.PASCOLI CASTEGNATO,CASTEGNATO,BRESCIA,LOMBARDIA,SCUOLA PRIMO GRADO,,2,3.157
202425,0.346,42,statale,SCUOLA SECONDARIA I GRADO,1,REMM820018,"CASTELNOVO SOTTO ""G.MARCONI""",CASTELNOVO DI SOTTO,REGGIO EMILIA,EMILIA ROMAGNA,SCUOLA PRIMO GRADO,,REMM82801V,"POVIGLIO ""DE SANCTIS""",POVIGLIO,REGGIO EMILIA,EMILIA ROMAGNA,SCUOLA PRIMO GRADO,,1,3.688
202425,0.346,42,statale,SCUOLA SECONDARIA I GRADO,1,RMMM8EY01L,VIA LUCA GHINI,ROMA,ROMA,LAZIO,SCUOLA PRIMO GRADO,,RMMM8E6011,SMS VIA V. PONTI,ROMA,ROMA,LAZIO,SCUOLA PRIMO GRADO,,1,0.819
202425,0.346,42,statale,SCUOLA SECONDARIA I GRADO,1,RMMM8EV015,"""G.B. PIRANESI""",ROMA,ROMA,LAZIO,SCUOLA PRIMO GRADO,,RMMM82401D,VIA DE MAGISTRIS,ROMA,ROMA,LAZIO,SCUOLA PRIMO GRADO,,1,0.461
202425,0.346,42,statale,SCUOLA SECONDARIA I GRADO,1,AQMM828017,PESCINA,PESCINA,L'AQUILA,ABRUZZO,SCUOLA PRIMO GRADO,,AQMM82804A,"S. M. "" MARRUVIUM """,SAN BENEDETTO DEI MARSI,L'AQUILA,ABRUZZO,SCUOLA PRIMO GRADO,,1,3.165
202425,0.346,42,statale,SCUOLA SECONDARIA I GRADO,1,MBMM8GA01B,GIOVANNI VERGA - LIMBIATE,LIMBIATE,MONZA E DELLA BRIANZA,LOMBARDIA,SCUOLA PRIMO GRADO,,MBMM8F901B,ANTONIO GRAMSCI - LIMBIATE,LIMBIATE,MONZA E DELLA BRIANZA,LOMBARDIA,SCUOLA PRIMO GRADO,,3,1.534
202425,0.346,42,statale,SCUOLA SECONDARIA I GRADO,1,RMMM8DG016,G. MAZZINI COLLEFERRO,COLLEFERRO,ROMA,LAZIO,SCUOLA PRIMO GRADO,,RMMM8C201C,L.DA VINCI COLLEFERRO,COLLEFERRO,ROMA,LAZIO,SCUOLA PRIMO GRADO,,2,0.567
202425,0.346,42,statale,SCUOLA SECONDARIA I GRADO,1,FIMM847013,VERDI,FIRENZE,FIRENZE,TOSCANA,SCUOLA PRIMO GRADO,,FIMM85701N,POLIZIANO,FIRENZE,FIRENZE,TOSCANA,SCUOLA PRIMO GRADO,,1,1.792
202425,0.346,42,statale,SCUOLA SECONDARIA I GRADO,1,REMM81001N,"""E. FERMI """,REGGIO NELL'EMILIA,REGGIO EMILIA,EMILIA ROMAGNA,SCUOLA PRIMO GRADO,,REMM850014,"""S.PERTINI"" 1",REGGIO NELL'EMILIA,REGGIO EMILIA,EMILIA ROMAGNA,SCUOLA PRIMO GRADO,,2,2.601
202425,0.346,42,statale,SCUOLA SECONDARIA I GRADO,1,MIMM8C801V,SECONDARIA I GRADO FALCK,SESTO SAN GIOVANNI,MILANO,LOMBARDIA,SCUOLA PRIMO GRADO,,MIMM8EH014,SECONDARIA I GR. VIA VOLTA,COLOGNO MONZESE,MILANO,LOMBARDIA,SCUOLA PRIMO GRADO,,1,3.767
202425,0.346,42,statale,SCUOLA SECONDARIA I GRADO,1,COMM81301P,"S.M.S. ""A. MORO"" - COMO",COMO,COMO,LOMBARDIA,SCUOLA PRIMO GRADO,,COMM81302Q,MARIE CURIE,SAN FERMO DELLA BATTAGLIA,COMO,LOMBARDIA,SCUOLA PRIMO GRADO,,1,1.374
202425,0.346,42,statale,SCUOLA SECONDARIA I GRADO,1,MOMM817013,FASSI,CARPI,MODENA,EMILIA ROMAGNA,SCUOLA PRIMO GRADO,,MOMM82201E,"SEC. DI I GRADO ""O.FOCHERINI""",CARPI,MODENA,EMILIA ROMAGNA,SCUOLA PRIMO GRADO,,2,3.119
202425,0.346,42,statale,SCUOLA SECONDARIA I GRADO,1,TEMM84001A,SC. MEDIA COLOMBO MARTINSICURO,MARTINSICURO,TERAMO,ABRUZZO,SCUOLA PRIMO GRADO,,APMM83401X,L. CAPPELLA,SAN BENEDETTO DEL TRONTO,ASCOLI PICENO,MARCHE,SCUOLA PRIMO GRADO,,2,3.3
202425,0.346,42,statale,SCUOLA SECONDARIA I GRADO,1,VAMM87601G,PADRE LEGA - CEDRATE,GALLARATE,VARESE,LOMBARDIA,SCUOLA PRIMO GRADO,,VAMM86701R,ORLANDI-CASSANO MAGNAGO 1-,CASSANO MAGNAGO,VARESE,LOMBARDIA,SCUOLA PRIMO GRADO,,1,1.38
202425,0.346,42,statale,SCUOLA SECONDARIA I GRADO,1,NAMM8HL01A,GABELLI - COLLETTA,NAPOLI,NAPOLI,CAMPANIA,SCUOLA PRIMO GRADO,,NAMM8BY01T,SOGLIANO A. - CD 29 -NAPOLI-,NAPOLI,NAPOLI,CAMPANIA,SCUOLA PRIMO GRADO,,1,0.124
202425,0.346,42,statale,SCUOLA SECONDARIA I GRADO,1,MIMM8C7013,SECOND. I GR. B. MARCELLO,MILANO,MILANO,LOMBARDIA,SCUOLA PRIMO GRADO,,MIMM8C1014,SECOND. I GR. BORSI,MILANO,MILANO,LOMBARDIA,SCUOLA PRIMO GRADO,,1,2.15
202425,0.346,42,statale,SCUOLA SECONDARIA I GRADO,1,MIMM8C7013,SECOND. I GR. B. MARCELLO,MILANO,MILANO,LOMBARDIA,SCUOLA PRIMO GRADO,,MIMM8C301Q,SECONDARIA I GR. QUARENGHI,MILANO,MILANO,LOMBARDIA,SCUOLA PRIMO GRADO,,1,2.587
202425,0.346,42,statale,SCUOLA SECONDARIA I GRADO,1,RMMM8DY012,SMS GHIRLANDAIO,LADISPOLI,ROMA,LAZIO,SCUOLA PRIMO GRADO,,RMMM8CJ01L,VIA ATENE,LADISPOLI,ROMA,LAZIO,SCUOLA PRIMO GRADO,,1,1.406
202425,0.346,42,statale,SCUOLA SECONDARIA I GRADO,1,MOMM84701V,SAN CARLO,MODENA,MODENA,EMILIA ROMAGNA,SCUOLA PRIMO GRADO,,MOMM84401B,LANFRANCO,MODENA,MODENA,EMILIA ROMAGNA,SCUOLA PRIMO GRADO,,1,1.36
202425,0.346,42,statale,SCUOLA SECONDARIA I GRADO,1,POMM82201P,S.M.S SALVEMINI-LA PIRA,MONTEMURLO,PRATO,TOSCANA,SCUOLA PRIMO GRADO,,PTMM817011,"STATALE ""GIULIO CESARE MELANI""",MONTALE,PISTOIA,TOSCANA,SCUOLA PRIMO GRADO,,1,1.02
202425,0.346,42,statale,SCUOLA SECONDARIA I GRADO,1,MIMM8A0013,SECONDARIA I GRA. I. CALVINO,SESTO SAN GIOVANNI,MILANO,LOMBARDIA,SCUOLA PRIMO GRADO,,MIMM8EH014,SECONDARIA I GR. VIA VOLTA,COLOGNO MONZESE,MILANO,LOMBARDIA,SCUOLA PRIMO GRADO,,2,3.835
202425,0.346,42,statale,SCUOLA SECONDARIA I GRADO,1,BGMM87302L,S.M.S. ADRARA SAN MARTINO,ADRARA SAN MARTINO,BERGAMO,LOMBARDIA,SCUOLA PRIMO GRADO,,BGMM891026,S.M.S. FORESTO SPARSO,FORESTO SPARSO,BERGAMO,LOMBARDIA,SCUOLA PRIMO GRADO,,1,2.623
202425,0.346,42,statale,SCUOLA SECONDARIA I GRADO,1,FIMM86401R,"S.M.S. ""GARIBALDI""",CAMPI BISENZIO,FIRENZE,TOSCANA,SCUOLA PRIMO GRADO,,FIMM82101V,VERGA,CAMPI BISENZIO,FIRENZE,TOSCANA,SCUOLA PRIMO GRADO,,1,3.551
202425,0.346,42,statale,SCUOLA SECONDARIA I GRADO,1,PGMM82204X,"""P. VANNUCCI""",FOSSATO DI VICO,PERUGIA,UMBRIA,SCUOLA PRIMO GRADO,,PGMM82201R,"""I. BORGHESI""",SIGILLO,PERUGIA,UMBRIA,SCUOLA PRIMO GRADO,,1,4.56
202425,0.346,42,statale,SCUOLA SECONDARIA I GRADO,1,RIMM81702R,"SCUOLA MEDIA STAT. ""L. VIGNOLI""",SCANDRIGLIA,RIETI,LAZIO,SCUOLA PRIMO GRADO,,RMMM8AU034,MONTORIO,MONTORIO ROMANO,ROMA,LAZIO,SCUOLA PRIMO GRADO,,1,3.934
202425,0.346,42,statale,SCUOLA SECONDARIA I GRADO,1,UDMM84101B,GIANBATTISTA TIEPOLO,UDINE,UDINE,FRIULI-VENEZIA G.,SCUOLA PRIMO GRADO,,UDMM84401V,ELLERO - UDINE,UDINE,UDINE,FRIULI-VENEZIA G.,SCUOLA PRIMO GRADO,,1,1.829
202425,0.346,42,statale,SCUOLA SECONDARIA I GRADO,1,COMM852019,"S.M.S. ""G. PARINI"" - COMO",COMO,COMO,LOMBARDIA,SCUOLA PRIMO GRADO,,COMM840013,"S.M.S.""ALDO MORO"" MERONE",MERONE,COMO,LOMBARDIA,SCUOLA PRIMO GRADO,,1,0.643
202425,0.346,42,statale,SCUOLA SECONDARIA I GRADO,1,BSMM86702T,E. FERMI - VILLANUOVA S/C,VILLANUOVA SUL CLISI,BRESCIA,LOMBARDIA,SCUOLA PRIMO GRADO,,BSMM87401X,G.BERTOLOTTI MEDIE GAVARDO,GAVARDO,BRESCIA,LOMBARDIA,SCUOLA PRIMO GRADO,,1,1.548
202425,0.346,42,statale,SCUOLA SECONDARIA I GRADO,1,MNMM80301C,"CASTEL GOFFREDO ""VIRGILIO""",CASTEL GOFFREDO,MANTOVA,LOMBARDIA,SCUOLA PRIMO GRADO,,MNMM80802L,MEDOLE - SCUOLA MEDIA,MEDOLE,MANTOVA,LOMBARDIA,SCUOLA PRIMO GRADO,,1,4.159
202425,0.346,42,statale,SCUOLA SECONDARIA I GRADO,1,MIMM82001N,SEC. I GRADO CESARE CORRENTI,MILANO,MILANO,LOMBARDIA,SCUOLA PRIMO GRADO,,MIMM8ET011,SECONDARIA I GR. L. DA VINCI,CESANO BOSCONE,MILANO,LOMBARDIA,SCUOLA PRIMO GRADO,,1,1.158
202425,0.346,42,statale,SCUOLA SECONDARIA I GRADO,1,MIMM8BF01L,SECONDARIA I GR. L. DA VINCI,GORGONZOLA,MILANO,LOMBARDIA,SCUOLA PRIMO GRADO,,MIMM8E601C,SECOND. I GR. MOLINO VECCHIO,GORGONZOLA,MILANO,LOMBARDIA,SCUOLA PRIMO GRADO,,1,1.236
202425,0.346,42,statale,SCUOLA SECONDARIA I GRADO,1,ARMM834015,"""MAGIOTTI"" MONTEVARCHI",MONTEVARCHI,AREZZO,TOSCANA,SCUOLA PRIMO GRADO,,ARMM81101C,"""PETRARCA"" MONTEVARCHI",MONTEVARCHI,AREZZO,TOSCANA,SCUOLA PRIMO GRADO,,1,1.093
202425,0.346,42,statale,SCUOLA SECONDARIA I GRADO,1,BSMM895033,GIOVANNI XXIII -,PONTEVICO,BRESCIA,LOMBARDIA,SCUOLA PRIMO GRADO,,CRMM81002B,ROBECCO D'OGLIO,ROBECCO D'OGLIO,CREMONA,LOMBARDIA,SCUOLA PRIMO GRADO,,1,1.316
202425,0.346,42,statale,SCUOLA SECONDARIA I GRADO,1,CRMM81501D,"""A. STRADIVARI"" (SOSPIRO)",SOSPIRO,CREMONA,LOMBARDIA,SCUOLA PRIMO GRADO,,CRMM81502E,PIEVE SAN GIACOMO,PIEVE SAN GIACOMO,CREMONA,LOMBARDIA,SCUOLA PRIMO GRADO,,1,3.392
202425,0.346,42,statale,SCUOLA SECONDARIA I GRADO,1,VEMM825026,MARCO POLO,PRAMAGGIORE,VENEZIA,VENETO,SCUOLA PRIMO GRADO,,PNMM81701E,"""I. SVEVO"" CHIONS",CHIONS,PORDENONE,FRIULI-VENEZIA G.,SCUOLA PRIMO GRADO,,1,3.637
202425,0.346,42,statale,SCUOLA SECONDARIA I GRADO,1,MBMM8F4018,CROCE - LISSONE,LISSONE,MONZA E DELLA BRIANZA,LOMBARDIA,SCUOLA PRIMO GRADO,,MBMM8F5014,FARE' - LISSONE,LISSONE,MONZA E DELLA BRIANZA,LOMBARDIA,SCUOLA PRIMO GRADO,,1,1.306
202425,0.346,42,statale,SCUOLA SECONDARIA I GRADO,1,RMMM8AG01A,BORGHI,ROMA,ROMA,LAZIO,SCUOLA PRIMO GRADO,,RMMM863014,SAXA RUBRA,ROMA,ROMA,LAZIO,SCUOLA PRIMO GRADO,,1,1.707
202425,0.346,42,statale,SCUOLA SECONDARIA I GRADO,1,TVMM875027,SMS MARGHERITA HACK (MONASTIER),MONASTIER DI TREVISO,TREVISO,VENETO,SCUOLA PRIMO GRADO,,VEMM80601Q,E. MATTEI (IST. COMPRENSIVO),MEOLO,VENEZIA,VENETO,SCUOLA PRIMO GRADO,,1,3.86
202425,0.346,42,statale,SCUOLA SECONDARIA I GRADO,1,FOMM81501R,NIEVO,GAMBETTOLA,FORLI'-CESENA,EMILIA ROMAGNA,SCUOLA PRIMO GRADO,,FOMM80701T,F.DA LONGIANO,LONGIANO,FORLI'-CESENA,EMILIA ROMAGNA,SCUOLA PRIMO GRADO,,2,4.991
202425,0.346,42,statale,SCUOLA SECONDARIA I GRADO,1,RMMM87801T,A. MORO - FONTE NUOVA,FONTE NUOVA,ROMA,LAZIO,SCUOLA PRIMO GRADO,,RMMM87501A,SCUOLA MEDIA LUIGI PIRANDELLO,FONTE NUOVA,ROMA,LAZIO,SCUOLA PRIMO GRADO,,1,3.173
202425,0.346,42,statale,SCUOLA SECONDARIA I GRADO,1,MEMM81803C,STROMBOLI,LIPARI,MESSINA,SICILIA,SCUOLA PRIMO GRADO,,MEMM83901B,BROLO,BROLO,MESSINA,SICILIA,SCUOLA PRIMO GRADO,,1,0.193
202425,0.346,42,statale,SCUOLA SECONDARIA I GRADO,1,UDMM84501P,SECONDARIA DI I GRADO - OSOPPO,OSOPPO,UDINE,FRIULI-VENEZIA G.,SCUOLA PRIMO GRADO,,UDMM85301N,GEN. CANTORE - GEMONA,GEMONA DEL FRIULI,UDINE,FRIULI-VENEZIA G.,SCUOLA PRIMO GRADO,,1,4.22
202425,0.346,42,statale,SCUOLA SECONDARIA I GRADO,1,MIMM8DA01P,SECONDARIA I GR. VIA ZUARA,MILANO,MILANO,LOMBARDIA,SCUOLA PRIMO GRADO,,MIMM8FX01V,SECONDARIA I GR. CARLO PORTA,MILANO,MILANO,LOMBARDIA,SCUOLA PRIMO GRADO,,2,0.662
202425,0.346,42,statale,SCUOLA SECONDARIA I GRADO,1,LTMM80201D,SEZZE SCALO,SEZZE,LATINA,LAZIO,SCUOLA PRIMO GRADO,,LTMM82702V,SMS CAIO TITINO DE MAGISTRIS,SEZZE,LATINA,LAZIO,SCUOLA PRIMO GRADO,,1,2.09
202425,0.346,42,statale,SCUOLA SECONDARIA I GRADO,1,MIMM81701T,SEC. I GRADO T. CIRESOLA,MILANO,MILANO,LOMBARDIA,SCUOLA PRIMO GRADO,,MIMM8FT01G,SECONDARIA I GR. TIEPOLO,MILANO,MILANO,LOMBARDIA,SCUOLA PRIMO GRADO,,1,1.699
202425,0.346,42,statale,SCUOLA SECONDARIA I GRADO,1,FEMM825031,UGO FOSCOLO - BERRA,RIVA DEL PO,FERRARA,EMILIA ROMAGNA,SCUOLA PRIMO GRADO,,FEMM82502X,L.DA VINCI-RO FERRARESE,RIVA DEL PO,FERRARA,EMILIA ROMAGNA,SCUOLA PRIMO GRADO,,1,0.41
202425,0.346,42,statale,SCUOLA SECONDARIA I GRADO,1,RMMM8GH01T,CECILIO SECONDO,ROMA,ROMA,LAZIO,SCUOLA PRIMO GRADO,,RMMM8B6015,SVEVO,ROMA,ROMA,LAZIO,SCUOLA PRIMO GRADO,,1,0.933
202425,0.346,42,statale,SCUOLA SECONDARIA I GRADO,1,PTMM82601Q,DANTE ALIGHIERI,QUARRATA,PISTOIA,TOSCANA,SCUOLA PRIMO GRADO,,PTMM82701G,MARIO NANNINI,QUARRATA,PISTOIA,TOSCANA,SCUOLA PRIMO GRADO,,1,3.043
202425,0.346,42,statale,SCUOLA SECONDARIA I GRADO,1,RAMM829018,CERVIA 2,CERVIA,RAVENNA,EMILIA ROMAGNA,SCUOLA PRIMO GRADO,,RAMM83001C,CERVIA 3,CERVIA,RAVENNA,EMILIA ROMAGNA,SCUOLA PRIMO GRADO,,1,0.0
202425,0.346,42,statale,SCUOLA SECONDARIA I GRADO,1,MIMM8EL011,SECONDARIA I GR. G. GALILEI,GARBAGNATE MILANESE,MILANO,LOMBARDIA,SCUOLA PRIMO GRADO,,MIMM8EK015,SECOND. I GR. E. MORANTE,GARBAGNATE MILANESE,MILANO,LOMBARDIA,SCUOLA PRIMO GRADO,,1,1.13
202425,0.346,42,statale,SCUOLA SECONDARIA I GRADO,1,MIMM8D5012,"SECOND. I GR. ""GINO STRADA""",PIEVE EMANUELE,MILANO,LOMBARDIA,SCUOLA PRIMO GRADO,,MIMM88501C,SEC. I GRADO R. LEVI MONTALCINI,LOCATE DI TRIULZI,MILANO,LOMBARDIA,SCUOLA PRIMO GRADO,,1,1.589
202425,0.346,42,statale,SCUOLA SECONDARIA II GRADO,1,ARRI00201C,IST. PROFESSIONALE BUITONI SANSEPOLCRO,SANSEPOLCRO,AREZZO,TOSCANA,IST PROF INDUSTRIA E ARTIGIANATO,,ARTD002013,ISTITUTO TECNICO FRA LUCA PACIOLI,SANSEPOLCRO,AREZZO,TOSCANA,ISTITUTO TECNICO COMMERCIALE,,6,0.437
202425,0.346,42,statale,SCUOLA SECONDARIA II GRADO,1,CRTF008012,"I.T. ""A. STRADIVARI""",CREMONA,CREMONA,LOMBARDIA,ISTITUTO TECNICO INDUSTRIALE,,CRRI008015,I.P.E L. A. STRADIVARI,CREMONA,CREMONA,LOMBARDIA,IST PROF INDUSTRIA E ARTIGIANATO,,9,0.0
202425,0.346,42,statale,SCUOLA SECONDARIA II GRADO,1,MCRI01002A,"""F. CORRIDONI""",MACERATA,MACERATA,MARCHE,IST PROF INDUSTRIA E ARTIGIANATO,,MCTL009016,"ITCAT ""A.D.BRAMANTE""",MACERATA,MACERATA,MARCHE,ISTITUTO TECNICO PER GEOMETRI,,1,0.046
202425,0.346,42,statale,SCUOLA SECONDARIA II GRADO,1,MCRI01002A,"""F. CORRIDONI""",MACERATA,MACERATA,MARCHE,IST PROF INDUSTRIA E ARTIGIANATO,,MCPC01201L,MATTEO RICCI,MACERATA,MACERATA,MARCHE,LICEO CLASSICO,,10,0.121
202425,0.346,42,statale,SCUOLA SECONDARIA II GRADO,1,MIRI07401R,I.P. - MARELLI DUDOVICH,MILANO,MILANO,LOMBARDIA,IST PROF INDUSTRIA E ARTIGIANATO,,MIPS026016,LICEO SCIENTIFICO - L. CREMONA,MILANO,MILANO,LOMBARDIA,LICEO SCIENTIFICO,,9,1.11
202425,0.346,42,statale,SCUOLA SECONDARIA II GRADO,1,MORI002014,PRIMO LEVI,VIGNOLA,MODENA,EMILIA ROMAGNA,IST PROF INDUSTRIA E ARTIGIANATO,,MOPS00201V,PRIMO LEVI,VIGNOLA,MODENA,EMILIA ROMAGNA,LICEO SCIENTIFICO,,4,0.0
202425,0.346,42,statale,SCUOLA SECONDARIA II GRADO,1,MORI002014,PRIMO LEVI,VIGNOLA,MODENA,EMILIA ROMAGNA,IST PROF INDUSTRIA E ARTIGIANATO,,MOTF002011,PRIMO LEVI,VIGNOLA,MODENA,EMILIA ROMAGNA,ISTITUTO TECNICO INDUSTRIALE,,6,0.0
202425,0.346,42,statale,SCUOLA SECONDARIA II GRADO,1,PVRI00701Q,IPSIA FARAVELLI - STRADELLA,STRADELLA,PAVIA,LOMBARDIA,IST PROF INDUSTRIA E ARTIGIANATO,,PVPC00701B,LICEO SCIENTIFICO GOLGI - BRONI,BRONI,PAVIA,LOMBARDIA,LICEO CLASSICO,,4,3.485
202425,0.346,42,statale,SCUOLA SECONDARIA II GRADO,1,MIRI072015,I.P. - SEVERI CORRENTI,MILANO,MILANO,LOMBARDIA,IST PROF INDUSTRIA E ARTIGIANATO,,MIPS07201X,LICEO - SEVERI CORRENTI,MILANO,MILANO,LOMBARDIA,LICEO SCIENTIFICO,,15,0.0
202425,0.346,42,statale,SCUOLA SECONDARIA II GRADO,1,PORC00601V,IST. PROF. PER I SERV. COM. P. DAGOMARI,PRATO,PRATO,TOSCANA,IST PROF PER I SERVIZI COMMERCIALI,,PORF00601L,IST. PROF. PER I SERV. SOC. P. DAGOMARI,PRATO,PRATO,TOSCANA,IST PROF PER I SERVIZI SOCIALI,,5,0.0
202425,0.346,42,statale,SCUOLA SECONDARIA II GRADO,1,PORC00601V,IST. PROF. PER I SERV. COM. P. DAGOMARI,PRATO,PRATO,TOSCANA,IST PROF PER I SERVIZI COMMERCIALI,,POPS002013,A. GRAMSCI-J.M.KEYNES,PRATO,PRATO,TOSCANA,LICEO SCIENTIFICO,,5,0.168
202425,0.346,42,statale,SCUOLA SECONDARIA II GRADO,1,LIRI011014,A. VOLTA,PIOMBINO,LIVORNO,TOSCANA,IST PROF INDUSTRIA E ARTIGIANATO,,LIPC01101Q,LC GIOSUE' CARDUCCI,PIOMBINO,LIVORNO,TOSCANA,LICEO CLASSICO,,4,0.346
202425,0.346,42,statale,SCUOLA SECONDARIA II GRADO,1,MITF07401N,I.T. TECNOLOGICO - E. MARELLI DUDOVICH,MILANO,MILANO,LOMBARDIA,ISTITUTO TECNICO INDUSTRIALE,,MIPS026016,LICEO SCIENTIFICO - L. CREMONA,MILANO,MILANO,LOMBARDIA,LICEO SCIENTIFICO,,2,1.11
202425,0.346,42,statale,SCUOLA SECONDARIA II GRADO,1,ALRC00601L,G.MIGLIARA,ALESSANDRIA,ALESSANDRIA,PIEMONTE,IST PROF PER I SERVIZI COMMERCIALI,,ALPC01601G,I.I.S. UMBERTO ECO,ALESSANDRIA,ALESSANDRIA,PIEMONTE,LICEO CLASSICO,,7,0.421
202425,0.346,42,statale,SCUOLA SECONDARIA II GRADO,1,FERI001015,I.P.S.I.A. ARGENTA,ARGENTA,FERRARA,EMILIA ROMAGNA,IST PROF INDUSTRIA E ARTIGIANATO,,FEPS00101X,"""LICEO SCIENTIFICO"" ARGENTA",ARGENTA,FERRARA,EMILIA ROMAGNA,LICEO SCIENTIFICO,,5,0.102
202425,0.346,42,statale,SCUOLA SECONDARIA II GRADO,1,GORI01101C,IST. PROF. MANUTENZIONE ED ASS. TECNICA,MONFALCONE,GORIZIA,FRIULI-VENEZIA G.,IST PROF INDUSTRIA E ARTIGIANATO,,GOPS009017,LICEI SCIENTIFICI BUONARROTI,MONFALCONE,GORIZIA,FRIULI-VENEZIA G.,LICEO SCIENTIFICO,,8,0.614
202425,0.346,42,statale,SCUOLA SECONDARIA II GRADO,1,MIRI10302L,I.P.I.A. DI CERNUSCO,CERNUSCO SUL NAVIGLIO,MILANO,LOMBARDIA,IST PROF INDUSTRIA E ARTIGIANATO,,MITD400008,ISTITUTO TECNICO E LICEO - M. CURIE,CERNUSCO SUL NAVIGLIO,MILANO,LOMBARDIA,ISTITUTO TECNICO COMMERCIALE,,12,1.631
202425,0.346,42,statale,SCUOLA SECONDARIA II GRADO,1,MCRI040026,"""RENZO FRAU""",TOLENTINO,MACERATA,MARCHE,IST PROF INDUSTRIA E ARTIGIANATO,,MCPS003011,FRANCESCO FILELFO,TOLENTINO,MACERATA,MARCHE,LICEO SCIENTIFICO,,3,0.654
202425,0.346,42,statale,SCUOLA SECONDARIA II GRADO,1,GERI02000N,IPSIA A. ODERO,GENOVA,GENOVA,LIGURIA,IST PROF INDUSTRIA E ARTIGIANATO,,GETF014018,LICEO E ITS I. CALVINO,GENOVA,GENOVA,LIGURIA,ISTITUTO TECNICO INDUSTRIALE,,9,1.178
202425,0.346,42,statale,SCUOLA SECONDARIA II GRADO,1,GORC01101Q,IST. PROF. PER I SERVIZI SOCIO SANITARI,MONFALCONE,GORIZIA,FRIULI-VENEZIA G.,IST PROF PER I SERVIZI COMMERCIALI E TURISTICI,,GOPS009017,LICEI SCIENTIFICI BUONARROTI,MONFALCONE,GORIZIA,FRIULI-VENEZIA G.,LICEO SCIENTIFICO,,2,0.613
202425,0.346,42,statale,SCUOLA SECONDARIA II GRADO,1,PVTD00701A,ITCG FARAVELLI - STRADELLA,STRADELLA,PAVIA,LOMBARDIA,IST TEC COMMERCIALE E PER GEOMETRI,,PVPC00701B,LICEO SCIENTIFICO GOLGI - BRONI,BRONI,PAVIA,LOMBARDIA,LICEO CLASSICO,,5,3.485
202425,0.346,42,statale,SCUOLA SECONDARIA II GRADO,1,POSD003019,"LICEO ARTISTICO ""BRUNELLESCHI""- C. LIVI-",MONTEMURLO,PRATO,TOSCANA,ISTITUTO D'ARTE,,PTTD050001,"I.T.S.E. ""ALDO CAPITINI"" AGLIANA",AGLIANA,PISTOIA,TOSCANA,ISTITUTO TECNICO COMMERCIALE,,8,2.111
202425,0.346,42,statale,SCUOLA SECONDARIA II GRADO,1,POSD003019,"LICEO ARTISTICO ""BRUNELLESCHI""- C. LIVI-",MONTEMURLO,PRATO,TOSCANA,ISTITUTO D'ARTE,,POPS002013,A. GRAMSCI-J.M.KEYNES,PRATO,PRATO,TOSCANA,LICEO SCIENTIFICO,,12,4.82
202425,0.346,42,statale,SCUOLA SECONDARIA II GRADO,1,SIRI004018,G. MARCONI SIENA,SIENA,SIENA,TOSCANA,IST PROF INDUSTRIA E ARTIGIANATO,,SITF020002,TITO SARROCCHI,SIENA,SIENA,TOSCANA,ISTITUTO TECNICO INDUSTRIALE,,5,0.184
202425,0.346,42,statale,SCUOLA SECONDARIA II GRADO,1,MIRI094012,I.P. - L. V. BERTARELLI-FERRARIS (SUCC.),MILANO,MILANO,LOMBARDIA,IST PROF INDUSTRIA E ARTIGIANATO,,MIPC05000V,L. CLASSICO - G. BERCHET,MILANO,MILANO,LOMBARDIA,LICEO CLASSICO,,5,0.83
202425,0.346,42,statale,SCUOLA SECONDARIA II GRADO,1,TORI048018,R. ZERBONI,TORINO,TORINO,PIEMONTE,IST PROF INDUSTRIA E ARTIGIANATO,,TOTF048015,R. ZERBONI,TORINO,TORINO,PIEMONTE,ISTITUTO TECNICO INDUSTRIALE,,3,0.0
202425,0.346,42,statale,SCUOLA SECONDARIA II GRADO,1,BSRI001022,I.I.S. TASSARA-GHISLANDI,PISOGNE,BRESCIA,LOMBARDIA,IST PROF INDUSTRIA E ARTIGIANATO,,BSRI001011,I.I.S. TASSARA - GHISLANDI,BRENO,BRESCIA,LOMBARDIA,IST PROF INDUSTRIA E ARTIGIANATO,,2,0.0
202425,0.346,42,statale,SCUOLA SECONDARIA II GRADO,1,CBTD003015,"ITE ""SILVIO DI LALLA"" - CASACALENDA",CASACALENDA,CAMPOBASSO,MOLISE,ISTITUTO TECNICO COMMERCIALE,,CBRI00301E,"IPIA ""SILVIO DI LALLA"" - CASACALENDA",CASACALENDA,CAMPOBASSO,MOLISE,IST PROF INDUSTRIA E ARTIGIANATO,,4,0.0
202425,0.346,42,statale,SCUOLA SECONDARIA II GRADO,1,CBTD003015,"ITE ""SILVIO DI LALLA"" - CASACALENDA",CASACALENDA,CAMPOBASSO,MOLISE,ISTITUTO TECNICO COMMERCIALE,,CBPM00301A,"LICEI ""SILVIO DI LALLA"" CASACALENDA",CASACALENDA,CAMPOBASSO,MOLISE,ISTITUTO MAGISTRALE,,1,0.559
202425,0.346,42,statale,SCUOLA SECONDARIA II GRADO,1,FITN02901R,"IST. TECNICO TURISMO ""SASSETTI-PERUZZI""",FIRENZE,FIRENZE,TOSCANA,ISTITUTO TECNICO PER IL TURISMO,,FITA00701G,FIRENZE,FIRENZE,FIRENZE,TOSCANA,ISTITUTO TECNICO AGRARIO,,2,0.691
202425,0.346,42,statale,SCUOLA SECONDARIA II GRADO,1,PIRI02000G,IPSIA A.PACINOTTI,PONTEDERA,PISA,TOSCANA,IST PROF INDUSTRIA E ARTIGIANATO,,PIPS00201T,XXV APRILE,PONTEDERA,PISA,TOSCANA,LICEO SCIENTIFICO,,14,0.105
202425,0.346,42,statale,SCUOLA SECONDARIA II GRADO,1,PIRI02000G,IPSIA A.PACINOTTI,PONTEDERA,PISA,TOSCANA,IST PROF INDUSTRIA E ARTIGIANATO,,PITF030003,I.T.I. G. MARCONI,PONTEDERA,PISA,TOSCANA,ISTITUTO TECNICO INDUSTRIALE,,2,0.147
202425,0.346,42,statale,SCUOLA SECONDARIA II GRADO,1,TVRI02601Q,I.P.S.I.A. PITTONI CONEGLIANO,CONEGLIANO,TREVISO,VENETO,IST PROF INDUSTRIA E ARTIGIANATO,,TVRC009019,ISTITUTO PROFESSIONALE FANNO,CONEGLIANO,TREVISO,VENETO,IST PROF PER I SERVIZI COMMERCIALI,,4,0.476
202425,0.346,42,statale,SCUOLA SECONDARIA II GRADO,1,BGRF00601L,"""G.B. RUBINI""",ROMANO DI LOMBARDIA,BERGAMO,LOMBARDIA,IST PROF PER I SERVIZI SOCIALI,,BGPM03401G,"""DON LORENZO MILANI""",ROMANO DI LOMBARDIA,BERGAMO,LOMBARDIA,ISTITUTO MAGISTRALE,,7,0.0
202425,0.346,42,statale,SCUOLA SECONDARIA II GRADO,1,GOTN011011,ISTITUTO TECNICO PER IL TURISMO,MONFALCONE,GORIZIA,FRIULI-VENEZIA G.,ISTITUTO TECNICO PER IL TURISMO,,GOPS009017,LICEI SCIENTIFICI BUONARROTI,MONFALCONE,GORIZIA,FRIULI-VENEZIA G.,LICEO SCIENTIFICO,,4,0.613
202425,0.346,42,statale,SCUOLA SECONDARIA II GRADO,1,MITF077015,I.T. TECNOLOGICO - G. GALILEI,MILANO,MILANO,LOMBARDIA,ISTITUTO TECNICO INDUSTRIALE,,MIRC074014,I.P. - MARELLI DUDOVICH (SUCCURSALE),MILANO,MILANO,LOMBARDIA,IST PROF PER I SERVIZI COMMERCIALI,,3,1.574
202425,0.346,42,statale,SCUOLA SECONDARIA II GRADO,1,MITF077015,I.T. TECNOLOGICO - G. GALILEI,MILANO,MILANO,LOMBARDIA,ISTITUTO TECNICO INDUSTRIALE,,MISL03000N,L. ARTISTICO - U. BOCCIONI,MILANO,MILANO,LOMBARDIA,LICEO ARTISTICO,,12,1.718
202425,0.346,42,statale,SCUOLA SECONDARIA II GRADO,1,POTD006027,IST. TECN. COM. P. DAGOMARI,PRATO,PRATO,TOSCANA,ISTITUTO TECNICO COMMERCIALE,,POPS002013,A. GRAMSCI-J.M.KEYNES,PRATO,PRATO,TOSCANA,LICEO SCIENTIFICO,,2,0.168
202425,0.346,42,statale,SCUOLA SECONDARIA II GRADO,1,POTD006027,IST. TECN. COM. P. DAGOMARI,PRATO,PRATO,TOSCANA,ISTITUTO TECNICO COMMERCIALE,,POTL002019,A. GRAMSCI,PRATO,PRATO,TOSCANA,ISTITUTO TECNICO PER GEOMETRI,,2,0.168
202425,0.346,42,statale,SCUOLA SECONDARIA II GRADO,1,POTD006027,IST. TECN. COM. P. DAGOMARI,PRATO,PRATO,TOSCANA,ISTITUTO TECNICO COMMERCIALE,,POPM001018,G. RODARI,PRATO,PRATO,TOSCANA,ISTITUTO MAGISTRALE,,14,1.026
202425,0.346,42,statale,SCUOLA SECONDARIA II GRADO,1,MNRC006012,I.I.S.S. G. GREGGIATI - IST. PROFESS.,OSTIGLIA,MANTOVA,LOMBARDIA,IST PROF PER I SERVIZI COMMERCIALI,,MNSL00601A,I.I.S.S. G. GREGGIATI - LICEO ARTISTICO,OSTIGLIA,MANTOVA,LOMBARDIA,LICEO ARTISTICO,,5,0.0
202425,0.346,42,statale,SCUOLA SECONDARIA II GRADO,1,MNRC006012,I.I.S.S. G. GREGGIATI - IST. PROFESS.,OSTIGLIA,MANTOVA,LOMBARDIA,IST PROF PER I SERVIZI COMMERCIALI,,MNPS002016,LICEO GALILEI OSTIGLIA,OSTIGLIA,MANTOVA,LOMBARDIA,LICEO SCIENTIFICO,,7,0.423
202425,0.346,42,statale,SCUOLA SECONDARIA II GRADO,1,PCRI00601T,L.DA VINCI,PIACENZA,PIACENZA,EMILIA ROMAGNA,IST PROF INDUSTRIA E ARTIGIANATO,,PCTF00601P,GUGLIELMO MARCONI,PIACENZA,PIACENZA,EMILIA ROMAGNA,ISTITUTO TECNICO INDUSTRIALE,,9,0.0
202425,0.346,42,statale,SCUOLA SECONDARIA II GRADO,1,BORI01901G,I.P.I.A. ALDINI VALERIANI,BOLOGNA,BOLOGNA,EMILIA ROMAGNA,IST PROF INDUSTRIA E ARTIGIANATO,,BOTF01901C,I.T. INDUSTRIALE ALDINI VALERIANI,BOLOGNA,BOLOGNA,EMILIA ROMAGNA,ISTITUTO TECNICO INDUSTRIALE,,8,0.0
202425,0.346,42,statale,SCUOLA SECONDARIA II GRADO,1,PORC004028,IST. PROF. ALBERGHIERO F. DATINI,PRATO,PRATO,TOSCANA,IST PROF PER I SERVIZI COMMERCIALI E TURISTICI,,POPM001018,G. RODARI,PRATO,PRATO,TOSCANA,ISTITUTO MAGISTRALE,,26,0.916
202425,0.346,42,statale,SCUOLA SECONDARIA II GRADO,1,MIRC12000G,I.P. - E. FALCK,SESTO SAN GIOVANNI,MILANO,LOMBARDIA,IST PROF PER I SERVIZI COMMERCIALI,,MISL047014,L. ARTISTICO - E. DE NICOLA,SESTO SAN GIOVANNI,MILANO,LOMBARDIA,LICEO ARTISTICO,,5,1.127
202425,0.346,42,statale,SCUOLA SECONDARIA II GRADO,1,MITD047013,I.T. ECON. E TECNOL. - E. DE NICOLA,SESTO SAN GIOVANNI,MILANO,LOMBARDIA,IST TEC COMMERCIALE E PER GEOMETRI,,MISL047014,L. ARTISTICO - E. DE NICOLA,SESTO SAN GIOVANNI,MILANO,LOMBARDIA,LICEO ARTISTICO,,1,0.0
202425,0.346,42,statale,SCUOLA SECONDARIA II GRADO,1,MITD047013,I.T. ECON. E TECNOL. - E. DE NICOLA,SESTO SAN GIOVANNI,MILANO,LOMBARDIA,IST TEC COMMERCIALE E PER GEOMETRI,,MITF00801P,I. T. E LICEO - A. SPINELLI C. MOLASCHI,SESTO SAN GIOVANNI,MILANO,LOMBARDIA,ISTITUTO TECNICO INDUSTRIALE,,11,0.144
202425,0.346,42,statale,SCUOLA SECONDARIA II GRADO,1,PGRI02901A,ASSISI,ASSISI,PERUGIA,UMBRIA,IST PROF INDUSTRIA E ARTIGIANATO,,PGPC07000G,"LICEO ""PROPERZIO""",ASSISI,PERUGIA,UMBRIA,LICEO CLASSICO,,2,0.0
202425,0.346,42,statale,SCUOLA SECONDARIA II GRADO,1,IMTA006014,RUFFINI - AGRARIO,IMPERIA,IMPERIA,LIGURIA,ISTITUTO TECNICO AGRARIO,,IMPS010009,"""G.P.VIEUSSEUX""",IMPERIA,IMPERIA,LIGURIA,LICEO SCIENTIFICO,,2,0.0
202425,0.346,42,statale,SCUOLA SECONDARIA II GRADO,1,MTRI01801B,"I.P.IND.E ART. ""PITAGORA"" -POLICORO",POLICORO,MATERA,BASILICATA,IST PROF INDUSTRIA E ARTIGIANATO,,MTPS01701A,"L.SCIENT. ""ENRICO FERMI"" -POLICORO",POLICORO,MATERA,BASILICATA,LICEO SCIENTIFICO,,2,1.067
202425,0.346,42,statale,SCUOLA SECONDARIA II GRADO,1,MITD026012,I.T. ECONOMICO-L. CREMONA (SUCC.),MILANO,MILANO,LOMBARDIA,ISTITUTO TECNICO COMMERCIALE,,MIPS026016,LICEO SCIENTIFICO - L. CREMONA,MILANO,MILANO,LOMBARDIA,LICEO SCIENTIFICO,,5,0.049
202425,0.346,42,statale,SCUOLA SECONDARIA II GRADO,1,MIRI01701L,I.P. - J. C. MAXWELL (SUCCURSALE),MILANO,MILANO,LOMBARDIA,IST PROF INDUSTRIA E ARTIGIANATO,,MIPS04301X,L. SCIENZE UMANE - F. BESTA,MILANO,MILANO,LOMBARDIA,LICEO SCIENTIFICO,,11,0.604
202425,0.346,42,statale,SCUOLA SECONDARIA II GRADO,1,FIRI003014,"IST. PROF. INDUS. ARTIGIAN. ""A.CHECCHI""",FUCECCHIO,FIRENZE,TOSCANA,IST PROF INDUSTRIA E ARTIGIANATO,,FIPS00301V,"LICEO SCIENTIFICO ""A.CHECCHI""",FUCECCHIO,FIRENZE,TOSCANA,LICEO SCIENTIFICO,,10,1.051
202425,0.346,42,statale,SCUOLA SECONDARIA II GRADO,1,PCRC001012,"ISTITUTO PROFESSIONALE ""A.VOLTA""",CASTEL SAN GIOVANNI,PIACENZA,EMILIA ROMAGNA,IST PROF PER I SERVIZI COMMERCIALI E TURISTICI,,PCPS00101D,"LICEO ""ALESSANDRO VOLTA""",CASTEL SAN GIOVANNI,PIACENZA,EMILIA ROMAGNA,LICEO SCIENTIFICO,,2,0.0
202425,0.346,42,statale,SCUOLA SECONDARIA II GRADO,1,BSRI006014,"(SEZ. ASS. I.S. ""CARLO BERETTA"")",GARDONE VAL TROMPIA,BRESCIA,LOMBARDIA,IST PROF INDUSTRIA E ARTIGIANATO,,BSTF006011,"(SEZ. ASS. I.S. ""CARLO BERETTA"")",GARDONE VAL TROMPIA,BRESCIA,LOMBARDIA,ISTITUTO TECNICO INDUSTRIALE,,4,0.307
202425,0.346,42,statale,SCUOLA SECONDARIA II GRADO,1,APRI02000Q,"""O. RICCI""",FERMO,FERMO,MARCHE,IST PROF INDUSTRIA E ARTIGIANATO,,APPC01801C,"LIC. CL. ""A.CARO"" FERMO",FERMO,FERMO,MARCHE,LICEO CLASSICO,,12,0.885
202425,0.346,42,statale,SCUOLA SECONDARIA II GRADO,1,MITN10701B,I.T. ECONOMICO - D. MARIGNONI-M. POLO,MILANO,MILANO,LOMBARDIA,ISTITUTO TECNICO PER IL TURISMO,,MIPM11000D,LICEO - C. TENCA,MILANO,MILANO,LOMBARDIA,ISTITUTO MAGISTRALE,,8,0.644
202425,0.346,42,statale,SCUOLA SECONDARIA II GRADO,1,TORC037015,L. LAGRANGE,TORINO,TORINO,PIEMONTE,IST PROF PER I SERVIZI COMMERCIALI,,TOPS05101V,L.S. A. AVOGADRO,TORINO,TORINO,PIEMONTE,LICEO SCIENTIFICO,,6,0.629
202425,0.346,42,statale,SCUOLA SECONDARIA II GRADO,1,SPRC007027,IPSCT L.EINAUDI,LA SPEZIA,LA SPEZIA,LIGURIA,IST PROF PER I SERVIZI COMMERCIALI E TURISTICI,,SPPM01000D,"LICEO STATALE ""G. MAZZINI""",LA SPEZIA,LA SPEZIA,LIGURIA,ISTITUTO MAGISTRALE,,3,0.392
202425,0.346,42,statale,SCUOLA SECONDARIA II GRADO,1,BGTD006016,"""G.B. RUBINI""",ROMANO DI LOMBARDIA,BERGAMO,LOMBARDIA,IST TEC COMMERCIALE E PER GEOMETRI,,BGPM03401G,"""DON LORENZO MILANI""",ROMANO DI LOMBARDIA,BERGAMO,LOMBARDIA,ISTITUTO MAGISTRALE,,5,0.0
202425,0.346,42,statale,SCUOLA SECONDARIA II GRADO,1,MIRC107016,I.P. - B. CAVALIERI-MARIGNONI,MILANO,MILANO,LOMBARDIA,IST PROF PER I SERVIZI COMMERCIALI,,MIPC01000C,L. CLASSICO - A. MANZONI,MILANO,MILANO,LOMBARDIA,LICEO CLASSICO,,17,0.54
202425,0.346,42,statale,SCUOLA SECONDARIA II GRADO,1,TRRI030005,"I.O. TERNI ""IPSIA"" - C.P.I.A.",TERNI,TERNI,UMBRIA,IST PROF INDUSTRIA E ARTIGIANATO,,TRPS020009,"TERNI LICEO SCIENTIFICO ""G. GALILEI""",TERNI,TERNI,UMBRIA,LICEO SCIENTIFICO,,5,0.663
202425,0.346,42,statale,SCUOLA SECONDARIA II GRADO,1,IMRI00601X,RUFFINI - PROFESSIONALE,IMPERIA,IMPERIA,LIGURIA,IST PROF INDUSTRIA E ARTIGIANATO,,IMTF00601R,RUFFINI - MECCATRONICO,IMPERIA,IMPERIA,LIGURIA,ISTITUTO TECNICO INDUSTRIALE,,1,0.0
202425,0.346,42,statale,SCUOLA SECONDARIA II GRADO,1,IMRI00601X,RUFFINI - PROFESSIONALE,IMPERIA,IMPERIA,LIGURIA,IST PROF INDUSTRIA E ARTIGIANATO,,IMPM009017,"LICEO ""C.AMORETTI""",IMPERIA,IMPERIA,LIGURIA,ISTITUTO MAGISTRALE,,3,0.472
202425,0.346,42,statale,SCUOLA SECONDARIA II GRADO,1,RMTF11901E,ISTITUTO TECNICO,ROMA,ROMA,LAZIO,ISTITUTO TECNICO INDUSTRIALE,,RMPS180007,"L.S.S. ""J. F. KENNEDY""",ROMA,ROMA,LAZIO,LICEO SCIENTIFICO,,3,0.909
202425,0.346,42,statale,SCUOLA SECONDARIA II GRADO,1,CRRI00401T,I.P. ALA PONZONE CIMINO,CREMONA,CREMONA,LOMBARDIA,IST PROF INDUSTRIA E ARTIGIANATO,,CRPC02000A,"""DANIELE MANIN""",CREMONA,CREMONA,LOMBARDIA,LICEO CLASSICO,,9,0.145
202425,0.346,42,statale,SCUOLA SECONDARIA II GRADO,1,RMRC11101A,STENDHAL,ROMA,ROMA,LAZIO,IST PROF PER I SERVIZI TURISTICI,,RMPC06201P,G. DE SANCTIS LICEO CLASSICO LINGUISTICO,ROMA,ROMA,LAZIO,LICEO CLASSICO,,3,1.372
202425,0.346,42,statale,SCUOLA SECONDARIA II GRADO,1,FITF00601C,IST. TEC. TECN.CELLINI/TORNABUONI,FIRENZE,FIRENZE,TOSCANA,ISTITUTO TECNICO INDUSTRIALE,,FITE004012,"""I.T.A.S. ""GINORI CONTI""",FIRENZE,FIRENZE,TOSCANA,ISTITUTO TECNICO PER ATTIVITA' SOCIALI (GIA' ITF),,2,0.643
202425,0.346,42,statale,SCUOLA SECONDARIA II GRADO,1,IMRC001014,"""M.POLO""",VENTIMIGLIA,IMPERIA,LIGURIA,IST PROF PER I SERVIZI COMMERCIALI E TURISTICI,,IMPS03000E,"""A.APROSIO""",VENTIMIGLIA,IMPERIA,LIGURIA,LICEO SCIENTIFICO,,1,0.585
202425,0.346,42,statale,SCUOLA SECONDARIA II GRADO,1,MORI00901V,GUGLIELMO MARCONI,PAVULLO NEL FRIGNANO,MODENA,EMILIA ROMAGNA,IST PROF INDUSTRIA E ARTIGIANATO,,MOTF00901Q,GUGLIELMO MARCONI,PAVULLO NEL FRIGNANO,MODENA,EMILIA ROMAGNA,ISTITUTO TECNICO INDUSTRIALE,,1,0.0
202425,0.346,42,statale,SCUOLA SECONDARIA II GRADO,1,MORI00901V,GUGLIELMO MARCONI,PAVULLO NEL FRIGNANO,MODENA,EMILIA ROMAGNA,IST PROF INDUSTRIA E ARTIGIANATO,,MOPS00401E,A. SORBELLI,PAVULLO NEL FRIGNANO,MODENA,EMILIA ROMAGNA,LICEO SCIENTIFICO,,1,0.099
202425,0.346,42,statale,SCUOLA SECONDARIA II GRADO,1,NATF05101E,"I.T.I.S ""CASANOVA""",NAPOLI,NAPOLI,CAMPANIA,ISTITUTO TECNICO INDUSTRIALE,,NARI05101N,IPIA CASANOVA-NAPOLI-,NAPOLI,NAPOLI,CAMPANIA,IST PROF INDUSTRIA E ARTIGIANATO,,3,0.0
202425,0.346,42,statale,SCUOLA SECONDARIA II GRADO,1,BORI024013,"IST.PROF.LE ""MALPIGHI"" - ODONTOTECNICO",BOLOGNA,BOLOGNA,EMILIA ROMAGNA,IST PROF INDUSTRIA E ARTIGIANATO,,BOPS028015,LICEO ROSA LUXEMBURG,BOLOGNA,BOLOGNA,EMILIA ROMAGNA,LICEO SCIENTIFICO,,6,1.383
202425,0.346,42,statale,SCUOLA SECONDARIA II GRADO,1,VERI00401V,THOMAS A. EDISON - ALESSANDRO VOLTA,VENEZIA,VENEZIA,VENETO,IST PROF INDUSTRIA E ARTIGIANATO,,VEPS05000A,UGO MORIN,VENEZIA,VENEZIA,VENETO,LICEO SCIENTIFICO,,3,0.611
202425,0.346,42,statale,SCUOLA SECONDARIA II GRADO,1,BGRI15000D,"""CESARE PESENTI""",BERGAMO,BERGAMO,LOMBARDIA,IST PROF INDUSTRIA E ARTIGIANATO,,BGTF010003,"""PIETRO PALEOCAPA""",BERGAMO,BERGAMO,LOMBARDIA,ISTITUTO TECNICO INDUSTRIALE,,10,0.464
202425,0.346,42,statale,SCUOLA SECONDARIA II GRADO,1,FITD00301P,"IST. TECN. ECON./TECNOL. ""A.CHECCHI""",FUCECCHIO,FIRENZE,TOSCANA,ISTITUTO TECNICO COMMERCIALE,,FIPS00301V,"LICEO SCIENTIFICO ""A.CHECCHI""",FUCECCHIO,FIRENZE,TOSCANA,LICEO SCIENTIFICO,,5,0.0
202425,0.346,42,statale,SCUOLA SECONDARIA II GRADO,1,LURI01601N,"""G.GIORGI""",LUCCA,LUCCA,TOSCANA,IST PROF INDUSTRIA E ARTIGIANATO,,LURF001011,"""M.CIVITALI""",LUCCA,LUCCA,TOSCANA,IST PROF PER I SERVIZI SOCIALI,,3,0.465
202425,0.346,42,statale,SCUOLA SECONDARIA II GRADO,1,APTD00203X,"IST. TECN. ECONOMICO ""E. MEDI""",MONTEGIORGIO,FERMO,MARCHE,ISTITUTO TECNICO COMMERCIALE,,APPS002012,"LICEO SCIENTIFICO ""E. MEDI""",MONTEGIORGIO,FERMO,MARCHE,LICEO SCIENTIFICO,,1,0.0
202425,0.346,42,statale,SCUOLA SECONDARIA II GRADO,1,GRTF00301D,TECNOLOGICO ARCIDOSSO,ARCIDOSSO,GROSSETO,TOSCANA,ISTITUTO TECNICO INDUSTRIALE,,GRPS00301B,LIC. SC. UMANE ECON-SOCIALE ARCIDOSSO,ARCIDOSSO,GROSSETO,TOSCANA,LICEO SCIENTIFICO,,3,0.155
202425,0.346,42,statale,SCUOLA SECONDARIA II GRADO,1,MNTD007015,ITC E. SANFELICE,VIADANA,MANTOVA,LOMBARDIA,ISTITUTO TECNICO COMMERCIALE,,MNPS007019,LS E.SANFELICE,VIADANA,MANTOVA,LOMBARDIA,LICEO SCIENTIFICO,,3,0.662
202425,0.346,42,statale,SCUOLA SECONDARIA II GRADO,1,TORC05401V,IST.PROF. SERV. COMM. E SOC. C.I. GIULIO,TORINO,TORINO,PIEMONTE,IST PROF PER I SERVIZI COMMERCIALI E TURISTICI,,TOPM050003,REGINA MARGHERITA,TORINO,TORINO,PIEMONTE,ISTITUTO MAGISTRALE,,7,0.047
202425,0.346,42,statale,SCUOLA SECONDARIA II GRADO,1,FIRC02903N,"""SASSETTI - PERUZZI""",FIRENZE,FIRENZE,TOSCANA,IST PROF PER I SERVIZI COMMERCIALI,,FITA00701G,FIRENZE,FIRENZE,FIRENZE,TOSCANA,ISTITUTO TECNICO AGRARIO,,12,0.691
202425,0.346,42,statale,SCUOLA SECONDARIA II GRADO,1,PGRI011015,"ISTITUTO ISTR. SUP. ""CIUFFELLI-EINAUDI""",TODI,PERUGIA,UMBRIA,IST PROF INDUSTRIA E ARTIGIANATO,,PGTD01101Q,"ISTITUTO ISTR. SUP. ""CIUFFELLI-EINAUDI""",TODI,PERUGIA,UMBRIA,IST TEC COMMERCIALE E PER GEOMETRI,,1,0.562
202425,0.346,42,statale,SCUOLA SECONDARIA II GRADO,1,PGTF029017,IST. TECN. ELETTRONICA - ELETTROTECNICA,ASSISI,PERUGIA,UMBRIA,ISTITUTO TECNICO INDUSTRIALE,,PGPC07000G,"LICEO ""PROPERZIO""",ASSISI,PERUGIA,UMBRIA,LICEO CLASSICO,,2,0.0
202425,0.346,42,statale,SCUOLA SECONDARIA II GRADO,1,LORI00101P,I.P. AMBROSOLI - CODOGNO,CODOGNO,LODI,LOMBARDIA,IST PROF INDUSTRIA E ARTIGIANATO,,LOPS02000T,LICEO GIUSEPPE NOVELLO DI CODOGNO,CODOGNO,LODI,LOMBARDIA,LICEO SCIENTIFICO,,8,1.356
202425,0.346,42,statale,SCUOLA SECONDARIA II GRADO,1,CNRC026016,"MONDOVI' ""M.BELLISARIO""",MONDOVI',CUNEO,PIEMONTE,IST PROF PER I SERVIZI COMMERCIALI,,CNTA026013,MONDOVI',MONDOVI',CUNEO,PIEMONTE,ISTITUTO TECNICO AGRARIO,,2,0.093
202425,0.346,42,statale,SCUOLA SECONDARIA II GRADO,1,MIRC058016,"I.P. - P. FRISI - ""POLO DELL'OSPITALITA""",MILANO,MILANO,LOMBARDIA,IST PROF PER I SERVIZI COMMERCIALI E TURISTICI,,MIPS05801N,L. GIOVANNI GASTEL (SUCCURSALE),MILANO,MILANO,LOMBARDIA,LICEO SCIENTIFICO,,7,1.076
202425,0.346,42,statale,SCUOLA SECONDARIA II GRADO,1,BSRI01701E,"ROVATO (SEZ.ASS.I.S.""GIGLI"")",ROVATO,BRESCIA,LOMBARDIA,IST PROF INDUSTRIA E ARTIGIANATO,,BSPS017019,"ROVATO (SEZ.ASS.I.S.""GIGLI"")",ROVATO,BRESCIA,LOMBARDIA,LICEO SCIENTIFICO,,4,0.0
202425,0.346,42,statale,SCUOLA SECONDARIA II GRADO,1,MITD09301R,I.T. ECONOMICO - M. CURIE -P. SRAFFA,MILANO,MILANO,LOMBARDIA,ISTITUTO TECNICO COMMERCIALE,,MIPS16000D,LICEO - G.MARCONI,MILANO,MILANO,LOMBARDIA,LICEO SCIENTIFICO,,7,1.925
202425,0.346,42,statale,SCUOLA SECONDARIA II GRADO,1,MORI030007,G.VALLAURI,CARPI,MODENA,EMILIA ROMAGNA,IST PROF INDUSTRIA E ARTIGIANATO,,MOTF030004,ITI LEONARDO DA VINCI,CARPI,MODENA,EMILIA ROMAGNA,ISTITUTO TECNICO INDUSTRIALE,,7,0.127
202425,0.346,42,statale,SCUOLA SECONDARIA II GRADO,1,MCRI010019,"""F. CORRIDONI""",CIVITANOVA MARCHE,MACERATA,MARCHE,IST PROF INDUSTRIA E ARTIGIANATO,,MCPC002012,"""GIACOMO LEOPARDI""",CIVITANOVA MARCHE,MACERATA,MARCHE,LICEO CLASSICO,,3,1.574
202425,0.346,42,statale,SCUOLA SECONDARIA II GRADO,1,PSRF001014,"I.P.S.S.A.S. ""MONTEFELTRO""",SASSOCORVARO AUDITORE,PESARO E URBINO,MARCHE,IST PROF PER I SERVIZI SOCIALI,,PSPS00101T,"L.SCIENTIFICO/TECNICO ECON.""MONTEFELTRO""",SASSOCORVARO AUDITORE,PESARO E URBINO,MARCHE,LICEO SCIENTIFICO,,1,0.039
202425,0.346,42,statale,SCUOLA SECONDARIA II GRADO,1,PVRI01601E,IP CALVI,VOGHERA,PAVIA,LOMBARDIA,IST PROF INDUSTRIA E ARTIGIANATO,,PVPS016019,LICEO GALILEI - VOGHERA,VOGHERA,PAVIA,LOMBARDIA,LICEO SCIENTIFICO,,3,1.097
202425,0.346,42,statale,SCUOLA SECONDARIA II GRADO,1,LETD03101L,"ISTITUTO TECNICO ECONOMICO ""A. DE PACE""",LECCE,LECCE,PUGLIA,ISTITUTO TECNICO COMMERCIALE,,LERC031019,"IST.PROFESSIONALE""DE PACE""-LECCE",LECCE,LECCE,PUGLIA,IST PROF PER I SERVIZI COMMERCIALI,,2,0.02
202425,0.346,42,statale,SCUOLA SECONDARIA II GRADO,1,PRRI010009,"""PRIMO LEVI""",PARMA,PARMA,EMILIA ROMAGNA,IST PROF INDUSTRIA E ARTIGIANATO,,PRPS05000E,"LICEO SCIENT. MUS. SPORT "" BERTOLUCCI""",PARMA,PARMA,EMILIA ROMAGNA,LICEO SCIENTIFICO,,10,0.098
202425,0.346,42,statale,SCUOLA SECONDARIA II GRADO,1,MTTF018018,"I.TEC.IND. ""PITAGORA"" -POLICORO",POLICORO,MATERA,BASILICATA,ISTITUTO TECNICO INDUSTRIALE,,MTPS01701A,"L.SCIENT. ""ENRICO FERMI"" -POLICORO",POLICORO,MATERA,BASILICATA,LICEO SCIENTIFICO,,6,1.067
202425,0.346,42,statale,SCUOLA SECONDARIA II GRADO,1,PGRC00301D,"""SALVATORELLI-MONETA"" PROFESSIONALE",MARSCIANO,PERUGIA,UMBRIA,IST PROF PER I SERVIZI COMMERCIALI,,PGPS003011,"""SALVATORELLI-MONETA"" LICEO",MARSCIANO,PERUGIA,UMBRIA,LICEO SCIENTIFICO,,3,0.0
202425,0.346,42,statale,SCUOLA SECONDARIA II GRADO,1,TETD001015,"I.T.E. ""C. ROSA""",NERETO,TERAMO,ABRUZZO,ISTITUTO TECNICO COMMERCIALE,,TEPS001019,"LICEO ""G. PEANO""",NERETO,TERAMO,ABRUZZO,LICEO SCIENTIFICO,,3,0.466
202425,0.346,42,statale,SCUOLA SECONDARIA II GRADO,1,MITD03601L,I.T. ECONOMICO . V. F. PARETO,MILANO,MILANO,LOMBARDIA,ISTITUTO TECNICO COMMERCIALE,,MIPS03601R,L. SCIENZE UMANE - V. F. PARETO,MILANO,MILANO,LOMBARDIA,LICEO SCIENTIFICO,,7,0.0
202425,0.346,42,statale,SCUOLA SECONDARIA II GRADO,1,MIRC07701G,I.P. - G. GALILEI,MILANO,MILANO,LOMBARDIA,IST PROF PER I SERVIZI COMMERCIALI,,MISL03000N,L. ARTISTICO - U. BOCCIONI,MILANO,MILANO,LOMBARDIA,LICEO ARTISTICO,,6,1.718
202425,0.346,42,statale,SCUOLA SECONDARIA II GRADO,1,PGRI03401T,"""GATTAPONE""",GUBBIO,PERUGIA,UMBRIA,IST PROF INDUSTRIA E ARTIGIANATO,,PGTD03401C,ITE-GATTAPONE,GUBBIO,PERUGIA,UMBRIA,ISTITUTO TECNICO COMMERCIALE,,1,0.0
202425,0.346,42,statale,SCUOLA SECONDARIA II GRADO,1,PVRI00201L,IPSIA RONCALLI - VIGEVANO,VIGEVANO,PAVIA,LOMBARDIA,IST PROF INDUSTRIA E ARTIGIANATO,,PVTF00201D,ITI G. CARAMUEL - VIGEVANO,VIGEVANO,PAVIA,LOMBARDIA,ISTITUTO TECNICO INDUSTRIALE,,3,0.525
202425,0.346,42,statale,SCUOLA SECONDARIA II GRADO,1,RGTD00801N,"I.T.C. "" Q.CATAUDELLA """,SCICLI,RAGUSA,SICILIA,ISTITUTO TECNICO COMMERCIALE,,RGPS00801T,"LICEO SCIENTIFICO "" Q.CATAUDELLA """,SCICLI,RAGUSA,SICILIA,LICEO SCIENTIFICO,,5,0.32
202425,0.346,42,statale,SCUOLA SECONDARIA II GRADO,1,SPRI00701V,"""CHIODO""",LA SPEZIA,LA SPEZIA,LIGURIA,IST PROF INDUSTRIA E ARTIGIANATO,,SPPC010009,"GINNASIO STATALE ""L. COSTA""",LA SPEZIA,LA SPEZIA,LIGURIA,LICEO CLASSICO,,3,0.625
202425,0.346,42,statale,SCUOLA SECONDARIA II GRADO,1,UDRI040009,"IPSIA ""G. CECONI"" UDINE",UDINE,UDINE,FRIULI-VENEZIA G.,IST PROF INDUSTRIA E ARTIGIANATO,,UDPC010005,"LICEO CLASSICO ""J. STELLINI"" UDINE",UDINE,UDINE,FRIULI-VENEZIA G.,LICEO CLASSICO,,3,0.902
202425,0.346,42,statale,SCUOLA SECONDARIA II GRADO,1,BORI023017,ISTITUTO PROF.LE FIORAVANTI,BOLOGNA,BOLOGNA,EMILIA ROMAGNA,IST PROF INDUSTRIA E ARTIGIANATO,,BOTF023014,ITI ODONE BELLUZZI,BOLOGNA,BOLOGNA,EMILIA ROMAGNA,ISTITUTO TECNICO INDUSTRIALE,,3,0.0
202425,0.346,42,statale,SCUOLA SECONDARIA II GRADO,1,RARI007016,I.T.I.P. L. BUCCI - SEZ. PROF.LE,FAENZA,RAVENNA,EMILIA ROMAGNA,IST PROF INDUSTRIA E ARTIGIANATO,,RATF007013,I.T.I.P. L. BUCCI - SEZIONE TECNICA,FAENZA,RAVENNA,EMILIA ROMAGNA,ISTITUTO TECNICO INDUSTRIALE,,5,0.0
202425,0.346,42,statale,SCUOLA SECONDARIA II GRADO,1,PCRC00301N,A. CASALI,PIACENZA,PIACENZA,EMILIA ROMAGNA,IST PROF PER I SERVIZI COMMERCIALI E TURISTICI,,PCTL00701P,ALESSIO TRAMELLO (DIURNO),PIACENZA,PIACENZA,EMILIA ROMAGNA,ISTITUTO TECNICO PER GEOMETRI,,9,0.034
202425,0.346,42,statale,SCUOLA SECONDARIA II GRADO,1,BSRC00902X,LENO SERVIZI COMMERCIALI,LENO,BRESCIA,LOMBARDIA,IST PROF PER I SERVIZI COMMERCIALI E TURISTICI,,BSPS00902B,"LENO (SEZ.ASS.I.S.""CAPIROLA"")",LENO,BRESCIA,LOMBARDIA,LICEO SCIENTIFICO,,3,0.0
202425,0.346,42,statale,SCUOLA SECONDARIA II GRADO,1,POTD00201V,J. M. KEYNES,PRATO,PRATO,TOSCANA,ISTITUTO TECNICO COMMERCIALE,,POPM001018,G. RODARI,PRATO,PRATO,TOSCANA,ISTITUTO MAGISTRALE,,3,1.065
202425,0.346,42,statale,SCUOLA SECONDARIA II GRADO,1,PSRI001013,"I.P.I.A. ""MONTEFELTRO""",SASSOCORVARO AUDITORE,PESARO E URBINO,MARCHE,IST PROF INDUSTRIA E ARTIGIANATO,,PSPS00101T,"L.SCIENTIFICO/TECNICO ECON.""MONTEFELTRO""",SASSOCORVARO AUDITORE,PESARO E URBINO,MARCHE,LICEO SCIENTIFICO,,2,0.0
202425,0.346,42,statale,SCUOLA SECONDARIA II GRADO,1,PCTF00101G,"ISTITUTO TECNICO TECNOLOGICO ""A. VOLTA""",BORGONOVO VAL TIDONE,PIACENZA,EMILIA ROMAGNA,ISTITUTO TECNICO INDUSTRIALE,,PCTD001019,"ISTITUTO TECNICO ECONOMICO ""A. VOLTA""",BORGONOVO VAL TIDONE,PIACENZA,EMILIA ROMAGNA,ISTITUTO TECNICO COMMERCIALE,,2,0.0
202425,0.346,42,statale,SCUOLA SECONDARIA II GRADO,1,MIRC094019,I.P. - L. V. BERTARELLI - FERRARIS,MILANO,MILANO,LOMBARDIA,IST PROF PER I SERVIZI COMMERCIALI E TURISTICI,,MIPC05000V,L. CLASSICO - G. BERCHET,MILANO,MILANO,LOMBARDIA,LICEO CLASSICO,,1,0.174
202425,0.346,42,statale,SCUOLA SECONDARIA II GRADO,1,PCRI004016,IPSIA MATTEI,FIORENZUOLA D'ARDA,PIACENZA,EMILIA ROMAGNA,IST PROF INDUSTRIA E ARTIGIANATO,,PCPS004011,LICEO SCIENTIFICO MATTEI,FIORENZUOLA D'ARDA,PIACENZA,EMILIA ROMAGNA,LICEO SCIENTIFICO,,4,0.053
202425,0.346,42,statale,SCUOLA SECONDARIA II GRADO,1,BORF02701G,I.P. SERV. SOC. E PUBBLICITA' E. SIRANI,BOLOGNA,BOLOGNA,EMILIA ROMAGNA,IST PROF PER I SERVIZI SOCIALI,,BOTD027015,TEC.COMM.E PER GEOM. CRESCENZI-PACINOTTI,BOLOGNA,BOLOGNA,EMILIA ROMAGNA,ISTITUTO TECNICO COMMERCIALE,,5,0.0
202425,0.346,42,statale,SCUOLA SECONDARIA II GRADO,1,MITD08101E,I.T. ECONOMICO - P. VERRI,MILANO,MILANO,LOMBARDIA,ISTITUTO TECNICO COMMERCIALE,,MIPS08101P,L. LINGUISTICO - P. VERRI,MILANO,MILANO,LOMBARDIA,LICEO SCIENTIFICO,,6,0.0
202425,0.346,42,statale,SCUOLA SECONDARIA II GRADO,1,PRRC00401A,"ISTITUTO PROFESSIONALE ""PIETRO GIORDANI""",PARMA,PARMA,EMILIA ROMAGNA,IST PROF PER I SERVIZI COMMERCIALI E TURISTICI,,PRTF010006,"""LEONARDO DA VINCI""",PARMA,PARMA,EMILIA ROMAGNA,ISTITUTO TECNICO INDUSTRIALE,,5,0.115
202425,0.346,42,statale,SCUOLA SECONDARIA II GRADO,1,LIRI00601L,E. SOLVAY,ROSIGNANO MARITTIMO,LIVORNO,TOSCANA,IST PROF INDUSTRIA E ARTIGIANATO,,LIRC00601X,ALBERGHIERO,ROSIGNANO MARITTIMO,LIVORNO,TOSCANA,IST PROF PER I SERVIZI COMMERCIALI E TURISTICI,,2,0.544
202425,0.346,42,statale,SCUOLA SECONDARIA II GRADO,1,PGTF01401D,"ISTITUTO TECNICO ""L. DA VINCI""",UMBERTIDE,PERUGIA,UMBRIA,ISTITUTO TECNICO INDUSTRIALE,,PGPS01401B,"""LEONARDO DA VINCI""",UMBERTIDE,PERUGIA,UMBRIA,LICEO SCIENTIFICO,,1,0.0
202425,0.346,42,statale,SCUOLA SECONDARIA II GRADO,1,SARA01010L,IPSASR SARNO,SARNO,SALERNO,CAMPANIA,IST PROF PER L'AGRICOLTURA E L'AMBIENTE,,SARF06802G,IPSS G.MILONE SARNO,SARNO,SALERNO,CAMPANIA,IST PROF PER I SERVIZI SOCIALI,,1,1.253
202425,0.346,42,statale,SCUOLA SECONDARIA II GRADO,1,TPRC02101D,IST PROF PER I SERVIZI COMMERC. E TURIST,CASTELVETRANO,TRAPANI,SICILIA,IST PROF PER I SERVIZI COMMERCIALI E TURISTICI,,TPTD02101R,"I.T.C. ""G.B.FERRIGNO"" C/VETRANO",CASTELVETRANO,TRAPANI,SICILIA,ISTITUTO TECNICO COMMERCIALE,,1,0.0
202425,0.346,42,statale,SCUOLA SECONDARIA II GRADO,1,MORC00201B,PRIMO LEVI,VIGNOLA,MODENA,EMILIA ROMAGNA,IST PROF PER I SERVIZI COMMERCIALI,,MOTF002011,PRIMO LEVI,VIGNOLA,MODENA,EMILIA ROMAGNA,ISTITUTO TECNICO INDUSTRIALE,,2,0.0
202425,0.346,42,statale,SCUOLA SECONDARIA II GRADO,1,RMRH06101Q,VIA CESARE LOMBROSO,ROMA,ROMA,LAZIO,IST PROF PER I SERVIZI ALBERGHIERI E RISTORAZIONE,,RMTF11401B,CARTESIO,ROMA,ROMA,LAZIO,ISTITUTO TECNICO INDUSTRIALE,,3,0.078
202425,0.346,42,statale,SCUOLA SECONDARIA II GRADO,1,MNRI00701E,IPSIA VIADANA,VIADANA,MANTOVA,LOMBARDIA,IST PROF INDUSTRIA E ARTIGIANATO,,MNPS007019,LS E.SANFELICE,VIADANA,MANTOVA,LOMBARDIA,LICEO SCIENTIFICO,,2,1.047
202425,0.346,42,statale,SCUOLA SECONDARIA II GRADO,1,CETD00403V,IT COMMERCIALE TURISTICO GALILEO GALILEI,SPARANISE,CASERTA,CAMPANIA,ISTITUTO TECNICO COMMERCIALE,,CEPS004022,LICEO SCIENTIFICO GALILEI - SPARANISE,SPARANISE,CASERTA,CAMPANIA,LICEO SCIENTIFICO,,3,0.0
202425,0.346,42,statale,SCUOLA SECONDARIA II GRADO,1,BORI01402D,IPIA F.ALBERGHETTI - SEZIONE ASSOCIATA,IMOLA,BOLOGNA,EMILIA ROMAGNA,IST PROF INDUSTRIA E ARTIGIANATO,,BORC012014,CASSIANO DA IMOLA,IMOLA,BOLOGNA,EMILIA ROMAGNA,IST PROF PER I SERVIZI COMMERCIALI E TURISTICI,,3,0.0
202425,0.346,42,statale,SCUOLA SECONDARIA II GRADO,1,BSTD02801G,SRAFFA,BRESCIA,BRESCIA,LOMBARDIA,ISTITUTO TECNICO COMMERCIALE,,BSRC028018,"""SRAFFA"" - BRESCIA",BRESCIA,BRESCIA,LOMBARDIA,IST PROF PER I SERVIZI COMMERCIALI,,1,0.032
202425,0.346,42,statale,SCUOLA SECONDARIA II GRADO,1,TVRI02801B,IPSIA MECCANICO OBICI ODERZO,ODERZO,TREVISO,VENETO,IST PROF INDUSTRIA E ARTIGIANATO,,TVSL028013,LICEO OBICI ODERZO,ODERZO,TREVISO,VENETO,LICEO ARTISTICO,,2,0.0
202425,0.346,42,statale,SCUOLA SECONDARIA II GRADO,1,CNRI02901A,"MONDOVI' ""F. GARELLI""",MONDOVI',CUNEO,PIEMONTE,IST PROF INDUSTRIA E ARTIGIANATO,,CNTF029017,"MONDOVI' ""G. CIGNA""",MONDOVI',CUNEO,PIEMONTE,ISTITUTO TECNICO INDUSTRIALE,,3,0.18
202425,0.346,42,statale,SCUOLA SECONDARIA II GRADO,1,PVRI01101B,IPSIA CREMONA - PAVIA,PAVIA,PAVIA,LOMBARDIA,IST PROF INDUSTRIA E ARTIGIANATO,,PVTF011018,ITI CREMONA - PAVIA,PAVIA,PAVIA,LOMBARDIA,ISTITUTO TECNICO INDUSTRIALE,,3,0.0
202425,0.346,42,statale,SCUOLA SECONDARIA II GRADO,1,VRRH02000X,ANGELO BERTI,VERONA,VERONA,VENETO,IST PROF PER I SERVIZI ALBERGHIERI E RISTORAZIONE,,VRTE00901Q,SANMICHELI SOCIO- SANITARIO,VERONA,VERONA,VENETO,ISTITUTO TECNICO PER ATTIVITA' SOCIALI (GIA' ITF),,2,1.41
202425,0.346,42,statale,SCUOLA SECONDARIA II GRADO,1,VRRH02000X,ANGELO BERTI,VERONA,VERONA,VENETO,IST PROF PER I SERVIZI ALBERGHIERI E RISTORAZIONE,,VRTF03000V,GUGLIELMO MARCONI,VERONA,VERONA,VENETO,ISTITUTO TECNICO INDUSTRIALE,,2,4.215
202425,0.346,42,statale,SCUOLA SECONDARIA II GRADO,1,MORI02000L,FERMO CORNI,MODENA,MODENA,EMILIA ROMAGNA,IST PROF INDUSTRIA E ARTIGIANATO,,MOPS01801C,F.CORNI SEZ. LICEALE,MODENA,MODENA,EMILIA ROMAGNA,LICEO SCIENTIFICO,,7,0.041
202425,0.346,42,statale,SCUOLA SECONDARIA II GRADO,1,PTRI002012,ISTITUTO A. PACINOTTI,PESCIA,PISTOIA,TOSCANA,IST PROF INDUSTRIA E ARTIGIANATO,,PTRC002019,"STATALE ""G.SISMONDI""",PESCIA,PISTOIA,TOSCANA,IST PROF PER I SERVIZI COMMERCIALI E TURISTICI,,5,0.0
202425,0.346,42,statale,SCUOLA SECONDARIA II GRADO,1,RERC01000P,FILIPPO RE,REGGIO NELL'EMILIA,REGGIO EMILIA,EMILIA ROMAGNA,IST PROF PER I SERVIZI COMMERCIALI,,REPS03000B,ALDO MORO,REGGIO NELL'EMILIA,REGGIO EMILIA,EMILIA ROMAGNA,LICEO SCIENTIFICO,,5,0.691
202425,0.346,42,statale,SCUOLA SECONDARIA II GRADO,1,RNRH030001,"I.P.S.S.E.O.A. ""S.P. MALATESTA""",RIMINI,RIMINI,EMILIA ROMAGNA,IST PROF PER I SERVIZI ALBERGHIERI E RISTORAZIONE,,RNTN01000Q,"I.T.T. ""M. POLO""",RIMINI,RIMINI,EMILIA ROMAGNA,ISTITUTO TECNICO PER IL TURISMO,,5,0.357
202425,0.346,42,statale,SCUOLA SECONDARIA II GRADO,1,BGRC01401T,"""LORENZO LOTTO""",TRESCORE BALNEARIO,BERGAMO,LOMBARDIA,IST PROF PER I SERVIZI COMMERCIALI,,BGTD014015,"""LORENZO LOTTO""",TRESCORE BALNEARIO,BERGAMO,LOMBARDIA,ISTITUTO TECNICO COMMERCIALE,,7,0.0
202425,0.346,42,statale,SCUOLA SECONDARIA II GRADO,1,MIRH010009,I.P. - A. VESPUCCI,MILANO,MILANO,LOMBARDIA,IST PROF PER I SERVIZI ALBERGHIERI E RISTORAZIONE,,MITN02000X,ISTITUTO TECNICO E LICEO-P. P. PASOLINI,MILANO,MILANO,LOMBARDIA,ISTITUTO TECNICO PER IL TURISMO,,6,0.834
202425,0.346,42,statale,SCUOLA SECONDARIA II GRADO,1,PVTD009023,ITCG M. BARATTA - VOGHERA,VOGHERA,PAVIA,LOMBARDIA,IST TEC COMMERCIALE E PER GEOMETRI,,PVRC00901P,IT TECN. E IP SERV. - MARAGLIANO,VOGHERA,PAVIA,LOMBARDIA,IST PROF PER I SERVIZI COMMERCIALI,,1,0.0
202425,0.346,42,statale,SCUOLA SECONDARIA II GRADO,1,BOTD028011,ITC ROSA LUXEMBURG,BOLOGNA,BOLOGNA,EMILIA ROMAGNA,ISTITUTO TECNICO COMMERCIALE,,BOPS028015,LICEO ROSA LUXEMBURG,BOLOGNA,BOLOGNA,EMILIA ROMAGNA,LICEO SCIENTIFICO,,6,0.0
202425,0.346,42,statale,SCUOLA SECONDARIA II GRADO,1,RERI011018,"IPSIA ""L. NOBILI""",REGGIO NELL'EMILIA,REGGIO EMILIA,EMILIA ROMAGNA,IST PROF INDUSTRIA E ARTIGIANATO,,RETF011015,"ITIS ""L. NOBILI""",REGGIO NELL'EMILIA,REGGIO EMILIA,EMILIA ROMAGNA,ISTITUTO TECNICO INDUSTRIALE,,5,0.0
202425,0.346,42,statale,SCUOLA SECONDARIA II GRADO,1,MITD02301E,I.T. ECONOMICO E TECNOL. - G. CARDANO,MILANO,MILANO,LOMBARDIA,IST TEC COMMERCIALE E PER GEOMETRI,,MIPS02301P,LICEO - G. CARDANO,MILANO,MILANO,LOMBARDIA,LICEO SCIENTIFICO,,3,0.0
202425,0.346,42,statale,SCUOLA SECONDARIA II GRADO,1,ALTD00601X,LEONARDO DA VINCI,ALESSANDRIA,ALESSANDRIA,PIEMONTE,ISTITUTO TECNICO COMMERCIALE,,ALPC01601G,I.I.S. UMBERTO ECO,ALESSANDRIA,ALESSANDRIA,PIEMONTE,LICEO CLASSICO,,2,0.421
202425,0.346,42,statale,SCUOLA SECONDARIA II GRADO,1,BSRC016023,PRIMO LEVI SEZ. IST. PROF.LE SERVIZI,SAREZZO,BRESCIA,LOMBARDIA,IST PROF PER I SERVIZI COMMERCIALI E TURISTICI,,BSPS01602E,PRIMO LEVI SEZ. ASS. LICEO LINGUISTICO,SAREZZO,BRESCIA,LOMBARDIA,LICEO SCIENTIFICO,,3,0.0
202425,0.346,42,statale,SCUOLA SECONDARIA II GRADO,1,BSRC016023,PRIMO LEVI SEZ. IST. PROF.LE SERVIZI,SAREZZO,BRESCIA,LOMBARDIA,IST PROF PER I SERVIZI COMMERCIALI E TURISTICI,,BSTD016019,PRIMO LEVI SEZ. ITCG,SAREZZO,BRESCIA,LOMBARDIA,ISTITUTO TECNICO COMMERCIALE,,1,0.0
202425,0.346,42,statale,SCUOLA SECONDARIA II GRADO,1,FIRF004011,ELSA MORANTE - OP. SERV. SOCIO SANITARI,FIRENZE,FIRENZE,TOSCANA,IST PROF PER I SERVIZI SOCIALI,,FIPM00401Q,"LICEO SCIENZE UMANE ""E. MORANTE""",FIRENZE,FIRENZE,TOSCANA,ISTITUTO MAGISTRALE,,3,0.0
202425,0.346,42,statale,SCUOLA SECONDARIA II GRADO,1,PDTD027014,I.T.T. (S.A. IIS L.DA VINCI) - PD,PADOVA,PADOVA,VENETO,ISTITUTO TECNICO COMMERCIALE,,PDTD20000R,ITSCT EINAUDI-GRAMSCI,PADOVA,PADOVA,VENETO,ISTITUTO TECNICO COMMERCIALE,,1,0.436
202425,0.346,42,statale,SCUOLA SECONDARIA II GRADO,1,PGRC004019,CITTA' DELLA PIEVE,CITTA' DELLA PIEVE,PERUGIA,UMBRIA,IST PROF PER I SERVIZI COMMERCIALI,,PGPS00401R,"""ITALO CALVINO""",CITTA' DELLA PIEVE,PERUGIA,UMBRIA,LICEO SCIENTIFICO,,1,0.218
202425,0.346,42,statale,SCUOLA SECONDARIA II GRADO,1,VETD01801B,FRANCESCO FOSCARI,VENEZIA,VENEZIA,VENETO,ISTITUTO TECNICO COMMERCIALE,,VETN018019,ANDREA GRITTI,VENEZIA,VENEZIA,VENETO,ISTITUTO TECNICO PER IL TURISMO,,1,0.101
202425,0.346,42,statale,SCUOLA SECONDARIA II GRADO,1,RERI090008,I P SERVIZI GALVANI IODI,REGGIO NELL'EMILIA,REGGIO EMILIA,EMILIA ROMAGNA,IST PROF INDUSTRIA E ARTIGIANATO,,RERA00901L,"IST.PROF. PER L'AGRICOLTURA ""ZANELLI""",REGGIO NELL'EMILIA,REGGIO EMILIA,EMILIA ROMAGNA,IST PROF PER L'AGRICOLTURA E L'AMBIENTE,,5,1.265
202425,0.346,42,statale,SCUOLA SECONDARIA II GRADO,1,BORC03000L,IPSAS ALDROVANDI - RUBBIANI,BOLOGNA,BOLOGNA,EMILIA ROMAGNA,IST PROF PER I SERVIZI COMMERCIALI E TURISTICI,,BOPC030001,LICEO MARCO MINGHETTI,BOLOGNA,BOLOGNA,EMILIA ROMAGNA,LICEO CLASSICO,,7,0.507
202425,0.346,42,statale,SCUOLA SECONDARIA II GRADO,1,CRRI011011,"I.P. ""F. MARAZZI""",CREMA,CREMONA,LOMBARDIA,IST PROF INDUSTRIA E ARTIGIANATO,,CRPS014017,LICEO SCIENT. SPORTIVO LUCA PACIOLI,CREMA,CREMONA,LOMBARDIA,LICEO SCIENTIFICO,,1,0.371
202425,0.346,42,statale,SCUOLA SECONDARIA II GRADO,1,NARA063018,IP.AGR -S.GENNARO-,SAN GENNARO VESUVIANO,NAPOLI,CAMPANIA,IST PROF PER L'AGRICOLTURA E L'AMBIENTE,,NAPS06301P,SAN GENNARO VESUVIANO,SAN GENNARO VESUVIANO,NAPOLI,CAMPANIA,LICEO SCIENTIFICO,,1,0.18
202425,0.346,42,statale,SCUOLA SECONDARIA II GRADO,1,RARC07000X,"I.P.S. ""A.OLIVETTI - C. CALLEGARI""",RAVENNA,RAVENNA,EMILIA ROMAGNA,IST PROF PER I SERVIZI COMMERCIALI,,RATD03000R,G.GINANNI,RAVENNA,RAVENNA,EMILIA ROMAGNA,ISTITUTO TECNICO COMMERCIALE,,5,1.113
202425,0.346,42,statale,SCUOLA SECONDARIA II GRADO,1,FITD03101V,PIERO CALAMANDREI,SESTO FIORENTINO,FIRENZE,TOSCANA,IST TEC COMMERCIALE E PER GEOMETRI,,FIPS031013,"L.SC.-SPORTIVO ""CALAMANDREI""",SESTO FIORENTINO,FIRENZE,TOSCANA,LICEO SCIENTIFICO,,7,0.0
202425,0.346,42,statale,SCUOLA SECONDARIA II GRADO,1,MORI008013,GALILEO GALILEI,MIRANDOLA,MODENA,EMILIA ROMAGNA,IST PROF INDUSTRIA E ARTIGIANATO,,MOTF00801X,GALILEO GALILEI,MIRANDOLA,MODENA,EMILIA ROMAGNA,ISTITUTO TECNICO INDUSTRIALE,,3,0.0
202425,0.346,42,statale,SCUOLA SECONDARIA II GRADO,1,SIRC00401G,G. CASELLI - SIENA,SIENA,SIENA,TOSCANA,IST PROF PER I SERVIZI COMMERCIALI E TURISTICI,,SIPC002018,LICEO PICCOLOMINI - CLASSICO - MUSICALE,SIENA,SIENA,TOSCANA,LICEO CLASSICO,,1,0.672
202425,0.346,42,statale,SCUOLA SECONDARIA II GRADO,1,MITF270003,ISTITUTO TECNICO E LICEO - CARTESIO,CINISELLO BALSAMO,MILANO,LOMBARDIA,ISTITUTO TECNICO INDUSTRIALE,,MIRC02801A,I.P. - E. MONTALE,CINISELLO BALSAMO,MILANO,LOMBARDIA,IST PROF PER I SERVIZI COMMERCIALI E TURISTICI,,5,0.0
202425,0.346,42,statale,SCUOLA SECONDARIA II GRADO,1,GERI01301G,I.P.S.I.A. LICETI,RAPALLO,GENOVA,LIGURIA,IST PROF INDUSTRIA E ARTIGIANATO,,GETD013016,LICEO E ITS F. LICETI -,RAPALLO,GENOVA,LIGURIA,IST TEC COMMERCIALE E PER GEOMETRI,,1,0.0
202425,0.346,42,statale,SCUOLA SECONDARIA II GRADO,1,PATD023011,F. FERRARA,PALERMO,PALERMO,SICILIA,ISTITUTO TECNICO COMMERCIALE,,PAPM023016,F. FERRARA,PALERMO,PALERMO,SICILIA,ISTITUTO MAGISTRALE,,2,0.0
202425,0.346,42,statale,SCUOLA SECONDARIA II GRADO,1,PVRC00201X,IPC F. CASTOLDI - VIGEVANO,VIGEVANO,PAVIA,LOMBARDIA,IST PROF PER I SERVIZI COMMERCIALI E TURISTICI,,PVTF00201D,ITI G. CARAMUEL - VIGEVANO,VIGEVANO,PAVIA,LOMBARDIA,ISTITUTO TECNICO INDUSTRIALE,,1,0.503
202425,0.346,42,statale,SCUOLA SECONDARIA II GRADO,1,MITF08201L,I.T. TECNOLOGICO - G. GIORGI,MILANO,MILANO,LOMBARDIA,ISTITUTO TECNICO INDUSTRIALE,,MIPM03000T,LICEO - G. AGNESI,MILANO,MILANO,LOMBARDIA,ISTITUTO MAGISTRALE,,3,1.075
202425,0.346,42,statale,SCUOLA SECONDARIA II GRADO,1,FIRI01201V,"I.P.I.A ""FERRARIS.BRUNELLESCHI""",EMPOLI,FIRENZE,TOSCANA,IST PROF INDUSTRIA E ARTIGIANATO,,FITF01201Q,G. FERRARIS,EMPOLI,FIRENZE,TOSCANA,ISTITUTO TECNICO INDUSTRIALE,,2,0.0
202425,0.346,42,statale,SCUOLA SECONDARIA II GRADO,1,TVRI024014,I.P.S.I.A. SCARPA,MONTEBELLUNA,TREVISO,VENETO,IST PROF INDUSTRIA E ARTIGIANATO,,TVPM02000G,LICEO VERONESE,MONTEBELLUNA,TREVISO,VENETO,ISTITUTO MAGISTRALE,,4,1.17
202425,0.346,42,statale,SCUOLA SECONDARIA II GRADO,1,UDRC021018,DEGANUTTI,UDINE,UDINE,FRIULI-VENEZIA G.,IST PROF PER I SERVIZI COMMERCIALI,,UDTD02101G,DEGANUTTI,UDINE,UDINE,FRIULI-VENEZIA G.,ISTITUTO TECNICO COMMERCIALE,,1,0.0
202425,0.346,42,statale,SCUOLA SECONDARIA II GRADO,1,VATF01701B,"I.T.I.S ISIS ""NEWTON"" - VARESE",VARESE,VARESE,LOMBARDIA,ISTITUTO TECNICO INDUSTRIALE,,VARI01701E,"I.P.S.I.A. ISIS ""NEWTON"" - VARESE",VARESE,VARESE,LOMBARDIA,IST PROF INDUSTRIA E ARTIGIANATO,,4,0.0
202425,0.346,42,statale,SCUOLA SECONDARIA II GRADO,1,MNRI01401N,IPSIA VINCI MANTOVA,MANTOVA,MANTOVA,LOMBARDIA,IST PROF INDUSTRIA E ARTIGIANATO,,MNPS011011,"LIC.SCIENT. DELLE SCIENZE APPL. ""FERMI""",MANTOVA,MANTOVA,LOMBARDIA,LICEO SCIENTIFICO,,1,0.136
202425,0.346,42,statale,SCUOLA SECONDARIA II GRADO,1,VARI04000E,"I.P.S.I.A. ""ANTONIO PARMA"" - SARONNO",SARONNO,VARESE,LOMBARDIA,IST PROF INDUSTRIA E ARTIGIANATO,,VATD08000G,"I.T.C. ""GINO ZAPPA"" - SARONNO",SARONNO,VARESE,LOMBARDIA,ISTITUTO TECNICO COMMERCIALE,,5,0.114
202425,0.346,42,statale,SCUOLA SECONDARIA II GRADO,1,BGRC03801A,"""GUIDO GALLI""",BERGAMO,BERGAMO,LOMBARDIA,IST PROF PER I SERVIZI COMMERCIALI,,BGRH03801G,"""GUIDO GALLI""",BERGAMO,BERGAMO,LOMBARDIA,IST PROF PER I SERVIZI ALBERGHIERI E RISTORAZIONE,,1,0.0
202425,0.346,42,statale,SCUOLA SECONDARIA II GRADO,1,TVRI02701G,I.P.S.I.A. GALILEI CASTELFRANCO VENETO,CASTELFRANCO VENETO,TREVISO,VENETO,IST PROF INDUSTRIA E ARTIGIANATO,,TVTF02701C,I.T.I. BARSANTI,CASTELFRANCO VENETO,TREVISO,VENETO,ISTITUTO TECNICO INDUSTRIALE,,1,1.027
202425,0.346,42,statale,SCUOLA SECONDARIA II GRADO,1,MOTD006012,GIUSEPPE LUOSI,MIRANDOLA,MODENA,EMILIA ROMAGNA,ISTITUTO TECNICO COMMERCIALE,,MOTF00801X,GALILEO GALILEI,MIRANDOLA,MODENA,EMILIA ROMAGNA,ISTITUTO TECNICO INDUSTRIALE,,5,0.173
202425,0.346,42,statale,SCUOLA SECONDARIA II GRADO,1,MNTD008011,ITC ASOLA,ASOLA,MANTOVA,LOMBARDIA,ISTITUTO TECNICO COMMERCIALE,,MNPS008015,LIC.SCIENT. ASOLA,ASOLA,MANTOVA,LOMBARDIA,LICEO SCIENTIFICO,,4,0.0
202425,0.346,42,statale,SCUOLA SECONDARIA II GRADO,1,PDRI02201A,IPIA (S.A.IIS RUZZA) - PD,PADOVA,PADOVA,VENETO,IST PROF INDUSTRIA E ARTIGIANATO,,PDTF02000E,ITI MARCONI-PADOVA,PADOVA,PADOVA,VENETO,ISTITUTO TECNICO INDUSTRIALE,,3,0.278
202425,0.346,42,statale,SCUOLA SECONDARIA II GRADO,1,FERI01201G,"I.P.S.I.A. ""E.I D'ESTE""",FERRARA,FERRARA,EMILIA ROMAGNA,IST PROF INDUSTRIA E ARTIGIANATO,,FEPM00701X,"LICEO STATALE ""G. CARDUCCI""",FERRARA,FERRARA,EMILIA ROMAGNA,ISTITUTO MAGISTRALE,,1,0.0
202425,0.346,42,statale,SCUOLA SECONDARIA II GRADO,1,PRTD001016,GINO ZAPPA,BORGO VAL DI TARO,PARMA,EMILIA ROMAGNA,ISTITUTO TECNICO COMMERCIALE,,PRPS00101A,E. FERMI,BORGO VAL DI TARO,PARMA,EMILIA ROMAGNA,LICEO SCIENTIFICO,,1,0.0
202425,0.346,42,statale,SCUOLA SECONDARIA II GRADO,1,VRRC009011,SANMICHELI SERVIZI COMMERCIALI-MODA-IFP,VERONA,VERONA,VENETO,IST PROF PER I SERVIZI COMMERCIALI,,VRPC020003,SCIPIONE MAFFEI,VERONA,VERONA,VENETO,LICEO CLASSICO,,3,0.679
202425,0.346,42,statale,SCUOLA SECONDARIA II GRADO,1,PGRI033012,"""CAVOUR-MARCONI""",PERUGIA,PERUGIA,UMBRIA,IST PROF INDUSTRIA E ARTIGIANATO,,PGTF010005,"IST.TECN.TECNOLOGICO ""A.VOLTA""",PERUGIA,PERUGIA,UMBRIA,ISTITUTO TECNICO INDUSTRIALE,,1,0.097
202425,0.346,42,statale,SCUOLA SECONDARIA II GRADO,1,PGRI24000T,"IST. PROFESSIONALE ""E. ORFINI""",FOLIGNO,PERUGIA,UMBRIA,IST PROF INDUSTRIA E ARTIGIANATO,,PGPC09000R,"LICEO ""F. FREZZI - B. ANGELA""",FOLIGNO,PERUGIA,UMBRIA,LICEO CLASSICO,,2,0.0
202425,0.346,42,statale,SCUOLA SECONDARIA II GRADO,1,MIRC12001L,I.P. - E. FALCK (SUCCURSALE),COLOGNO MONZESE,MILANO,LOMBARDIA,IST PROF PER I SERVIZI COMMERCIALI,,MIPS027012,LICEO - LEONARDO DA VINCI,COLOGNO MONZESE,MILANO,LOMBARDIA,LICEO SCIENTIFICO,,2,0.037
202425,0.346,42,statale,SCUOLA SECONDARIA II GRADO,1,POTA004014,IST. TECN. AGRARIO F. DATINI,PRATO,PRATO,TOSCANA,ISTITUTO TECNICO AGRARIO,,POPM001018,G. RODARI,PRATO,PRATO,TOSCANA,ISTITUTO MAGISTRALE,,3,0.916
202425,0.346,42,statale,SCUOLA SECONDARIA II GRADO,1,MITN09401E,IST. TECN. E LICEO- BERTARELLI-FERRARIS,MILANO,MILANO,LOMBARDIA,ISTITUTO TECNICO PER IL TURISMO,,MIPC05000V,L. CLASSICO - G. BERCHET,MILANO,MILANO,LOMBARDIA,LICEO CLASSICO,,5,0.174
202425,0.346,42,statale,SCUOLA SECONDARIA II GRADO,1,IMRC00201X,"""U.CALVI""",IMPERIA,IMPERIA,LIGURIA,IST PROF PER I SERVIZI COMMERCIALI E TURISTICI,,IMTF00201D,"""GALILEI"" CON SEZ. NAUT. ""DORIA""",IMPERIA,IMPERIA,LIGURIA,ISTITUTO TECNICO INDUSTRIALE,,1,0.215
202425,0.346,42,statale,SCUOLA SECONDARIA II GRADO,1,RMTF090003,G. GALILEI,ROMA,ROMA,LAZIO,ISTITUTO TECNICO INDUSTRIALE,,RMPS17000L,NEWTON,ROMA,ROMA,LAZIO,LICEO SCIENTIFICO,,3,0.151
202425,0.346,42,statale,SCUOLA SECONDARIA II GRADO,1,ALTF00801T,"""GUGLIELMO MARCONI""",TORTONA,ALESSANDRIA,PIEMONTE,ISTITUTO TECNICO INDUSTRIALE,,ALPS020009,"LICEO ""G. PEANO""",TORTONA,ALESSANDRIA,PIEMONTE,LICEO SCIENTIFICO,,2,1.161
202425,0.346,42,statale,SCUOLA SECONDARIA II GRADO,1,FORI011018,"I.P.S.I.A. ""U. COMANDINI""",CESENA,FORLI'-CESENA,EMILIA ROMAGNA,IST PROF INDUSTRIA E ARTIGIANATO,,FOPC030008,"L.CLASSICO ""MONTI""",CESENA,FORLI'-CESENA,EMILIA ROMAGNA,LICEO CLASSICO,,3,0.85
202425,0.346,42,statale,SCUOLA SECONDARIA II GRADO,1,MITF05401C,ISTITUTO TECNICO E LICEO - L. GALVANI,MILANO,MILANO,LOMBARDIA,ISTITUTO TECNICO INDUSTRIALE,,MIPS05401A,L. LINGUISTICO - L. GALVANI,MILANO,MILANO,LOMBARDIA,LICEO SCIENTIFICO,,4,0.0
202425,0.346,42,statale,SCUOLA SECONDARIA II GRADO,1,VERH04000D,ANDREA BARBARIGO,VENEZIA,VENEZIA,VENETO,IST PROF PER I SERVIZI ALBERGHIERI E RISTORAZIONE,,VEPM02601G,NICCOLO' TOMMASEO,VENEZIA,VENEZIA,VENETO,ISTITUTO MAGISTRALE,,4,0.017
202425,0.346,42,statale,SCUOLA SECONDARIA II GRADO,1,ANRC01301A,"I.I.S. ""PODESTI - CALZECCHI ONESTI""",ANCONA,ANCONA,MARCHE,IST PROF PER I SERVIZI COMMERCIALI E TURISTICI,,ANPS03000E,G. GALILEI,ANCONA,ANCONA,MARCHE,LICEO SCIENTIFICO,,2,0.644
202425,0.346,42,statale,SCUOLA SECONDARIA II GRADO,1,ARRC019015,R.MAGIOTTI,MONTEVARCHI,AREZZO,TOSCANA,IST PROF PER I SERVIZI COMMERCIALI E TURISTICI,,ARPS01901L,BENEDETTO VARCHI,MONTEVARCHI,AREZZO,TOSCANA,LICEO SCIENTIFICO,,2,1.006
202425,0.346,42,statale,SCUOLA SECONDARIA II GRADO,1,ARRI00701G,MARGARITONE,AREZZO,AREZZO,TOSCANA,IST PROF INDUSTRIA E ARTIGIANATO,,ARRC00701V,IST.P.SERV.COMM.(S.A. DI IPSIA AREZZO),AREZZO,AREZZO,TOSCANA,IST PROF PER I SERVIZI COMMERCIALI,,1,0.749
202425,0.346,42,statale,SCUOLA SECONDARIA II GRADO,1,ATRI007016,A. CASTIGLIANO,ASTI,ASTI,PIEMONTE,IST PROF INDUSTRIA E ARTIGIANATO,,ATSD003014,BENEDETTO ALFIERI,ASTI,ASTI,PIEMONTE,ISTITUTO D'ARTE,,3,0.314
202425,0.346,42,statale,SCUOLA SECONDARIA II GRADO,1,FITL01201X,F.BRUNELLESCHI,EMPOLI,FIRENZE,TOSCANA,ISTITUTO TECNICO PER GEOMETRI,,FISL014016,"LICEO ARTISTICO ""VIRGILIO""",EMPOLI,FIRENZE,TOSCANA,LICEO ARTISTICO,,2,0.215
202425,0.346,42,statale,SCUOLA SECONDARIA II GRADO,1,IMPS00701E,LICEO SCIENTIFICO,SANREMO,IMPERIA,LIGURIA,LICEO SCIENTIFICO,,IMPM009028,"LICEO ""C. AMORETTI""",SANREMO,IMPERIA,LIGURIA,ISTITUTO MAGISTRALE,,1,0.748
202425,0.346,42,statale,SCUOLA SECONDARIA II GRADO,1,PGRI02801E,"""A.BALDELLI""",CITTA' DI CASTELLO,PERUGIA,UMBRIA,IST PROF INDUSTRIA E ARTIGIANATO,,PGTF19000V,"ISTITUTO TECNICO ""FRANCHETTI-SALVIANI""",CITTA' DI CASTELLO,PERUGIA,UMBRIA,ISTITUTO TECNICO INDUSTRIALE,,1,0.272
202425,0.346,42,statale,SCUOLA SECONDARIA II GRADO,1,PIRI008012,G. FASCETTI,PISA,PISA,TOSCANA,IST PROF INDUSTRIA E ARTIGIANATO,,PITF00801V,ITI L. DA VINCI,PISA,PISA,TOSCANA,ISTITUTO TECNICO INDUSTRIALE,,1,0.269
202425,0.346,42,statale,SCUOLA SECONDARIA II GRADO,1,VRRI01000R,GIOVANNI GIORGI,VERONA,VERONA,VENETO,IST PROF INDUSTRIA E ARTIGIANATO,,VRPC020003,SCIPIONE MAFFEI,VERONA,VERONA,VENETO,LICEO CLASSICO,,1,0.852
202425,0.346,42,statale,SCUOLA SECONDARIA II GRADO,1,VETF01901D,ANTONIO PACINOTTI,VENEZIA,VENEZIA,VENETO,ISTITUTO TECNICO INDUSTRIALE,,VETL01901N,GIORGIO MASSARI,VENEZIA,VENEZIA,VENETO,ISTITUTO TECNICO PER GEOMETRI,,2,0.0
202425,0.346,42,statale,SCUOLA SECONDARIA II GRADO,1,MIRI077018,I.P. - GALILEI LUXEMBURG (SUCCURSALE),MILANO,MILANO,LOMBARDIA,IST PROF INDUSTRIA E ARTIGIANATO,,MIPS26000A,LICEO - G. B. VICO,CORSICO,MILANO,LOMBARDIA,LICEO SCIENTIFICO,,1,2.274
202425,0.346,42,statale,SCUOLA SECONDARIA II GRADO,1,PVTD03000A,ITCG CASALE - VIGEVANO,VIGEVANO,PAVIA,LOMBARDIA,IST TEC COMMERCIALE E PER GEOMETRI,,PVPC010006,LICEO BENEDETTO CAIROLI - VIGEVANO,VIGEVANO,PAVIA,LOMBARDIA,LICEO CLASSICO,,3,0.228
202425,0.346,42,statale,SCUOLA SECONDARIA II GRADO,1,PNRC00801T,ISTITUTO ISTRUZIONE SUPERIORE F. FLORA,PORDENONE,PORDENONE,FRIULI-VENEZIA G.,IST PROF PER I SERVIZI COMMERCIALI E TURISTICI,,PNTN008013,ISTITUTO ISTRUZIONE SUPERIORE F. FLORA,PORDENONE,PORDENONE,FRIULI-VENEZIA G.,ISTITUTO TECNICO PER IL TURISMO,,2,0.0
202425,0.346,42,statale,SCUOLA SECONDARIA II GRADO,1,TOTF06101G,G. PEANO,TORINO,TORINO,PIEMONTE,ISTITUTO TECNICO INDUSTRIALE,,TOPS06101D,G. PEANO,TORINO,TORINO,PIEMONTE,LICEO SCIENTIFICO,,1,0.0
202425,0.346,42,statale,SCUOLA SECONDARIA II GRADO,1,MITL00401G,I.T. TECNOLOGICO - C. CATTANEO,MILANO,MILANO,LOMBARDIA,ISTITUTO TECNICO PER GEOMETRI,,MITD004015,I. T. ECONOMICO - C. CATTANEO,MILANO,MILANO,LOMBARDIA,ISTITUTO TECNICO COMMERCIALE,,1,0.0
202425,0.346,42,statale,SCUOLA SECONDARIA II GRADO,1,MITF070009,ISTITUTO TECNICO E LICEO -G. FELTRINELLI,MILANO,MILANO,LOMBARDIA,ISTITUTO TECNICO INDUSTRIALE,,MIPM03000T,LICEO - G. AGNESI,MILANO,MILANO,LOMBARDIA,ISTITUTO MAGISTRALE,,3,0.078
202425,0.346,42,statale,SCUOLA SECONDARIA II GRADO,1,GERI07000P,I.P.S. I.S. GASLINI/MEUCCI,GENOVA,GENOVA,LIGURIA,IST PROF INDUSTRIA E ARTIGIANATO,,GERH012018,ENOGASTRONOMIA - S. COLOMBANO,SAN COLOMBANO CERTENOLI,GENOVA,LIGURIA,IST PROF ALBERGHIERO,,4,4.135
202425,0.346,42,statale,SCUOLA SECONDARIA II GRADO,1,IMTD00701A,"""C.COLOMBO""",SANREMO,IMPERIA,LIGURIA,IST TEC COMMERCIALE E PER GEOMETRI,,IMPM009028,"LICEO ""C. AMORETTI""",SANREMO,IMPERIA,LIGURIA,ISTITUTO MAGISTRALE,,3,0.748
202425,0.346,42,statale,SCUOLA SECONDARIA II GRADO,1,IMTN00601C,RUFFINI - TURISTICO,IMPERIA,IMPERIA,LIGURIA,ISTITUTO TECNICO PER IL TURISMO,,IMTD00601E,RUFFINI - AFM E CAT,IMPERIA,IMPERIA,LIGURIA,IST TEC COMMERCIALE E PER GEOMETRI,,1,0.0
202425,0.346,42,statale,SCUOLA SECONDARIA II GRADO,1,LURI00401B,"""S.SIMONI""",CASTELNUOVO DI GARFAGNANA,LUCCA,TOSCANA,IST PROF INDUSTRIA E ARTIGIANATO,,LUTF004018,FRANCESCO VECCHIACCHI,CASTELNUOVO DI GARFAGNANA,LUCCA,TOSCANA,ISTITUTO TECNICO INDUSTRIALE,,1,0.0
202425,0.346,42,statale,SCUOLA SECONDARIA II GRADO,1,TERI004012,IST. PROF. STAT. IND. E ARTIG. V.MORETTI,ROSETO DEGLI ABRUZZI,TERAMO,ABRUZZO,IST PROF INDUSTRIA E ARTIGIANATO,,TETD00401L,IST.ST.TEC.COMM.GEOM.GRAF.TUR. V.MORETTI,ROSETO DEGLI ABRUZZI,TERAMO,ABRUZZO,IST TEC COMMERCIALE E PER GEOMETRI,,1,0.0
202425,0.346,42,statale,SCUOLA SECONDARIA II GRADO,1,VARI00801Q,"IPSIA ""PONTI"" GALLARATE (DIURNO)",GALLARATE,VARESE,LOMBARDIA,IST PROF INDUSTRIA E ARTIGIANATO,,VARC023015,""" GIOVANNI FALCONE""",GALLARATE,VARESE,LOMBARDIA,IST PROF PER I SERVIZI COMMERCIALI,,1,0.49
202425,0.346,42,statale,SCUOLA SECONDARIA II GRADO,1,VRRI01801C,ENRICO FERMI,VERONA,VERONA,VENETO,IST PROF INDUSTRIA E ARTIGIANATO,,VRTF03000V,GUGLIELMO MARCONI,VERONA,VERONA,VENETO,ISTITUTO TECNICO INDUSTRIALE,,2,0.101
202425,0.346,42,statale,SCUOLA SECONDARIA II GRADO,1,VVPC04000D,"LICEO CLASSICO ""BRUNO VINCI""",NICOTERA,VIBO VALENTIA,CALABRIA,LICEO CLASSICO,,VVTF04000P,"ITIS ""A.RUSSO""",NICOTERA,VIBO VALENTIA,CALABRIA,ISTITUTO TECNICO INDUSTRIALE,,1,0.228
202425,0.346,42,statale,SCUOLA SECONDARIA II GRADO,1,BSRI03201L,"""FORTUNY"" - BRESCIA",BRESCIA,BRESCIA,LOMBARDIA,IST PROF INDUSTRIA E ARTIGIANATO,,BSPS01000D,CALINI,BRESCIA,BRESCIA,LOMBARDIA,LICEO SCIENTIFICO,,2,0.269
202425,0.346,42,statale,SCUOLA SECONDARIA II GRADO,1,FIRI00601G,IST. PROF. STATO CELLINI-TORNABUONI,FIRENZE,FIRENZE,TOSCANA,IST PROF INDUSTRIA E ARTIGIANATO,,FITE004012,"""I.T.A.S. ""GINORI CONTI""",FIRENZE,FIRENZE,TOSCANA,ISTITUTO TECNICO PER ATTIVITA' SOCIALI (GIA' ITF),,1,0.643
202425,0.346,42,statale,SCUOLA SECONDARIA II GRADO,1,MIRC029016,I.P. - N. MACHIAVELLI (SUCCURSALE),PIOLTELLO,MILANO,LOMBARDIA,IST PROF PER I SERVIZI COMMERCIALI E TURISTICI,,MITD02901D,I.T. ECONOMICO- N. MACHIAVELLI (SUCC.),PIOLTELLO,MILANO,LOMBARDIA,ISTITUTO TECNICO COMMERCIALE,,1,0.0
202425,0.346,42,statale,SCUOLA SECONDARIA II GRADO,1,VCRC01301Q,"I.P. ""LANINO""",VERCELLI,VERCELLI,PIEMONTE,IST PROF PER I SERVIZI COMMERCIALI E TURISTICI,,VCPC00101T,L. LAGRANGIA,VERCELLI,VERCELLI,PIEMONTE,LICEO CLASSICO,,1,0.234
202425,0.346,42,statale,SCUOLA SECONDARIA II GRADO,1,GETF01601X,I.TECNICO GASTALDI/ABBA,GENOVA,GENOVA,LIGURIA,ISTITUTO TECNICO INDUSTRIALE,,GERC004014,I.P.S.C. - G. CASAREGIS,GENOVA,GENOVA,LIGURIA,IST PROF PER I SERVIZI COMMERCIALI,,6,0.384
202425,0.346,42,statale,SCUOLA SECONDARIA II GRADO,1,RMTN12401N,CRISTOFORO COLOMBO,ROMA,ROMA,LAZIO,ISTITUTO TECNICO PER IL TURISMO,,RMPM01301N,"LICEO SCIENZE UMANE ""LEONARDO DA VINCI""",ROMA,ROMA,LAZIO,ISTITUTO MAGISTRALE,,1,0.271
202425,0.346,42,statale,SCUOLA SECONDARIA II GRADO,1,ANRI018016,"""MILIANI""",FABRIANO,ANCONA,MARCHE,IST PROF INDUSTRIA E ARTIGIANATO,,ANTF018013,SEN. ARISTIDE MERLONI,FABRIANO,ANCONA,MARCHE,ISTITUTO TECNICO INDUSTRIALE,,1,0.067
202425,0.346,42,statale,SCUOLA SECONDARIA II GRADO,1,TORI04702D,G. GALILEI,TORINO,TORINO,PIEMONTE,IST PROF INDUSTRIA E ARTIGIANATO,,TORH04201T,IP SERV ALB. E RIST. G. GIOLITTI,TORINO,TORINO,PIEMONTE,IST PROF PER I SERVIZI ALBERGHIERI E RISTORAZIONE,,2,0.66
202425,0.346,42,statale,SCUOLA SECONDARIA II GRADO,1,FORF040008,"I. P. ""RUFFILLI""",FORLI',FORLI'-CESENA,EMILIA ROMAGNA,IST PROF PER I SERVIZI SOCIALI,,FOSD020007,LICEO ARTISTICO E MUSICALE A. CANOVA,FORLI',FORLI'-CESENA,EMILIA ROMAGNA,ISTITUTO D'ARTE,,2,0.373
202425,0.346,42,statale,SCUOLA SECONDARIA II GRADO,1,ALRI006019,E.FERMI,ALESSANDRIA,ALESSANDRIA,PIEMONTE,IST PROF INDUSTRIA E ARTIGIANATO,,ALTL00601A,"""PIER LUIGI NERVI""",ALESSANDRIA,ALESSANDRIA,PIEMONTE,ISTITUTO TECNICO PER GEOMETRI,,1,0.0
202425,0.346,42,statale,SCUOLA SECONDARIA II GRADO,1,VRTD00101N,I.T.C. CEREA,CEREA,VERONA,VENETO,ISTITUTO TECNICO COMMERCIALE,,VRPS00101T,LEONARDO DA VINCI,CEREA,VERONA,VENETO,LICEO SCIENTIFICO,,1,0.0
202425,0.346,42,statale,SCUOLA SECONDARIA II GRADO,1,PRRI00801A,GADDA FORNOVO PROFESSIONALE,FORNOVO DI TARO,PARMA,EMILIA ROMAGNA,IST PROF INDUSTRIA E ARTIGIANATO,,PRPS008015,GADDA FORNOVO LICEO,FORNOVO DI TARO,PARMA,EMILIA ROMAGNA,LICEO SCIENTIFICO,,2,0.0
202425,0.346,42,statale,SCUOLA SECONDARIA II GRADO,1,FGPC046022,"LICEO ""A. OLIVETTI"" - CARAPELLE",CARAPELLE,FOGGIA,PUGLIA,LICEO CLASSICO,,FGRC04601L,"I.P.S.C. ""A. OLIVETTI"" - ORTA NOVA",ORTA NOVA,FOGGIA,PUGLIA,IST PROF PER I SERVIZI COMMERCIALI,,1,3.966
202425,0.346,42,statale,SCUOLA SECONDARIA II GRADO,1,PGRC033019,"""B. PASCAL""",PERUGIA,PERUGIA,UMBRIA,IST PROF PER I SERVIZI COMMERCIALI E TURISTICI,,PGTE01000A,"ITAS ""GIORDANO BRUNO""",PERUGIA,PERUGIA,UMBRIA,ISTITUTO TECNICO PER ATTIVITA' SOCIALI (GIA' ITF),,1,0.473
202425,0.346,42,statale,SCUOLA SECONDARIA II GRADO,1,MIRC059012,I.P. - B. ORIANI G. MAZZINI,MILANO,MILANO,LOMBARDIA,IST PROF PER I SERVIZI COMMERCIALI,,MIPS05901D,L. SCIENZE UMANE - ECONOMICO-SOCIALE,MILANO,MILANO,LOMBARDIA,LICEO SCIENTIFICO,,4,0.0
202425,0.346,42,statale,SCUOLA SECONDARIA II GRADO,1,FERI014017,"I.P.S.I.A. ""F.LLI TADDIA""",CENTO,FERRARA,EMILIA ROMAGNA,IST PROF INDUSTRIA E ARTIGIANATO,,FETF014014,ISTITUTO TECNICO SETTORE TECNOLOGICO,CENTO,FERRARA,EMILIA ROMAGNA,ISTITUTO TECNICO INDUSTRIALE,,1,0.0
202425,0.346,42,statale,SCUOLA SECONDARIA II GRADO,1,MIRH038016,I.P. - G. L. LAGRANGE,MILANO,MILANO,LOMBARDIA,IST PROF PER I SERVIZI ALBERGHIERI E RISTORAZIONE,,MITF03801E,ISTITUTO TECNICO E LICEO - G.L. LAGRANGE,MILANO,MILANO,LOMBARDIA,ISTITUTO TECNICO INDUSTRIALE,,1,0.0
202425,0.346,42,statale,SCUOLA SECONDARIA II GRADO,1,NAPS11301E,LIC. SC SAVIANO-MARIGLIANO,SAVIANO,NAPOLI,CAMPANIA,LICEO SCIENTIFICO,,NARC113024,"I.S."" SAVIANO-MARIGLIANO""",SAVIANO,NAPOLI,CAMPANIA,IST PROF PER I SERVIZI COMMERCIALI E TURISTICI,,1,0.359
202425,0.346,42,statale,SCUOLA SECONDARIA II GRADO,1,FIRI017012,LEONARDO DA VINCI,FIRENZE,FIRENZE,TOSCANA,IST PROF INDUSTRIA E ARTIGIANATO,,FIPS030006,LICEO SCIENTIFICO LEONARDO DA VINCI,FIRENZE,FIRENZE,TOSCANA,LICEO SCIENTIFICO,,1,0.843
202425,0.346,42,statale,SCUOLA SECONDARIA II GRADO,1,TVRC02801P,IST. PROF. SER. COMM.LI-SOCIO SAN. OBICI,ODERZO,TREVISO,VENETO,IST PROF PER I SERVIZI COMMERCIALI E TURISTICI,,TVSL028013,LICEO OBICI ODERZO,ODERZO,TREVISO,VENETO,LICEO ARTISTICO,,1,0.0
202425,0.346,42,statale,SCUOLA SECONDARIA II GRADO,1,BGRI003014,"""BETTY AMBIVERI""",PRESEZZO,BERGAMO,LOMBARDIA,IST PROF INDUSTRIA E ARTIGIANATO,,BGPM00301X,"""BETTY AMBIVERI""",PRESEZZO,BERGAMO,LOMBARDIA,ISTITUTO MAGISTRALE,,1,0.0
202425,0.346,42,statale,SCUOLA SECONDARIA II GRADO,1,MIRI10303N,I.P.I.A. DI MELZO,MELZO,MILANO,LOMBARDIA,IST PROF INDUSTRIA E ARTIGIANATO,,MIPS210009,LICEO - G. BRUNO,MELZO,MILANO,LOMBARDIA,LICEO SCIENTIFICO,,1,0.277
202425,0.346,42,statale,SCUOLA SECONDARIA II GRADO,1,MOTD00402B,BARBIERI,PIEVEPELAGO,MODENA,EMILIA ROMAGNA,ISTITUTO TECNICO COMMERCIALE,,MOPS00402G,BARBIERI,PIEVEPELAGO,MODENA,EMILIA ROMAGNA,LICEO SCIENTIFICO,,1,0.0
202425,0.346,42,statale,SCUOLA SECONDARIA II GRADO,1,FITF01701V,LEONARDO DA VINCI,FIRENZE,FIRENZE,TOSCANA,ISTITUTO TECNICO INDUSTRIALE,,FIPS030006,LICEO SCIENTIFICO LEONARDO DA VINCI,FIRENZE,FIRENZE,TOSCANA,LICEO SCIENTIFICO,,1,0.758
202425,0.346,42,statale,SCUOLA SECONDARIA II GRADO,1,MITF093013,IST. TECNICO E LICEO -M. CURIE-P. SRAFFA,MILANO,MILANO,LOMBARDIA,ISTITUTO TECNICO INDUSTRIALE,,MIPS16000D,LICEO - G.MARCONI,MILANO,MILANO,LOMBARDIA,LICEO SCIENTIFICO,,1,1.925
202425,0.346,42,statale,SCUOLA SECONDARIA II GRADO,1,BSRH031019,A. MANTEGNA - PROF. ALBERGHIERO (DIURNO),BRESCIA,BRESCIA,LOMBARDIA,IST PROF PER I SERVIZI ALBERGHIERI E RISTORAZIONE,,BSTD03101B,A. MANTEGNA - TECNICO TURISTICO,BRESCIA,BRESCIA,LOMBARDIA,ISTITUTO TECNICO COMMERCIALE,,1,0.419
202425,0.346,42,statale,SCUOLA SECONDARIA II GRADO,1,MIRC079017,I.P. - CATERINA DA SIENA,MILANO,MILANO,LOMBARDIA,IST PROF PER I SERVIZI COMMERCIALI,,MITF07901R,I.T. TECNOLOGICO - CATERINA DA SIENA,MILANO,MILANO,LOMBARDIA,ISTITUTO TECNICO INDUSTRIALE,,1,0.0
202425,0.346,42,statale,SCUOLA SECONDARIA II GRADO,1,RARC003016,POLO PROFESSIONALE DI LUGO,LUGO,RAVENNA,EMILIA ROMAGNA,IST PROF PER I SERVIZI COMMERCIALI E TURISTICI,,RATD00301D,POLO TECNICO DI LUGO,LUGO,RAVENNA,EMILIA ROMAGNA,ISTITUTO TECNICO COMMERCIALE,,1,0.0
