anno_scolastico,quota_campione,seed,tipo_gestione,ordine_scuola,anno_corso,codice_scuola_origine,denominazione_origine,comune_origine,provincia_origine,regione_origine,tipo_scuola_anagrafe_origine,tipo_scuola_cluster_origine,n_studenti_non_riallocati,motivo
202425,0.2,42,paritaria,SCUOLA PRIMARIA,1,PO1E01700E,SCUOLA PRIMARIA SANTA CATERINA DE' RICCI,PRATO,PRATO,TOSCANA,SCUOLA PRIMARIA NON STATALE,,1,capacita_esaurita_o_oltre_max_km
202425,0.2,42,paritaria,SCUOLA PRIMARIA,1,TR1E00100P,ISTITUTO LEONINO PRIMARIA,TERNI,TERNI,UMBRIA,SCUOLA PRIMARIA NON STATALE,,1,capacita_esaurita_o_oltre_max_km
202425,0.2,42,paritaria,SCUOLA PRIMARIA,1,VI1E01200N,SCUOLA PRIMARIA PARITARIA MADDALENA DI CANOSSA,SCHIO,VICENZA,VENETO,SCUOLA PRIMARIA NON STATALE,,2,capacita_esaurita_o_oltre_max_km
202425,0.2,42,paritaria,SCUOLA PRIMARIA,2,PO1E00900G,SAN GIOVANNI BOSCO,PRATO,PRATO,TOSCANA,SCUOLA PRIMARIA NON STATALE,,1,capacita_esaurita_o_oltre_max_km
202425,0.2,42,paritaria,SCUOLA PRIMARIA,2,PV1E775009,SCUOLA PRIMARIA REGINA PACIS,MORTARA,PAVIA,LOMBARDIA,SCUOLA PRIMARIA NON STATALE,,1,capacita_esaurita_o_oltre_max_km
202425,0.2,42,paritaria,SCUOLA PRIMARIA,2,LU1ETH500S,EDUCA INTERNATIONAL SCHOOL VERSILIA S.R.L.,CAMAIORE,LUCCA,TOSCANA,SCUOLA PRIMARIA NON STATALE,,1,capacita_esaurita_o_oltre_max_km
202425,0.2,42,paritaria,SCUOLA PRIMARIA,3,PO1E01700E,SCUOLA PRIMARIA SANTA CATERINA DE' RICCI,PRATO,PRATO,TOSCANA,SCUOLA PRIMARIA NON STATALE,,2,capacita_esaurita_o_oltre_max_km
202425,0.2,42,paritaria,SCUOLA PRIMARIA,3,PO1EHR500Z,PAOLO ARS GENIUS,PRATO,PRATO,TOSCANA,SCUOLA PRIMARIA NON STATALE,,2,capacita_esaurita_o_oltre_max_km
202425,0.2,42,paritaria,SCUOLA PRIMARIA,3,CE1E036006,COOPERATIVA SOCIALE GRASSI,CASTEL VOLTURNO,CASERTA,CAMPANIA,SCUOLA PRIMARIA NON STATALE,,1,capacita_esaurita_o_oltre_max_km
202425,0.2,42,paritaria,SCUOLA PRIMARIA,3,PO1E00700X,SCUOLA PRIMARIA CUORE IMMACOLATO DI MARIA,PRATO,PRATO,TOSCANA,SCUOLA PRIMARIA NON STATALE,,1,capacita_esaurita_o_oltre_max_km
202425,0.2,42,paritaria,SCUOLA PRIMARIA,4,CE1E036006,COOPERATIVA SOCIALE GRASSI,CASTEL VOLTURNO,CASERTA,CAMPANIA,SCUOLA PRIMARIA NON STATALE,,1,capacita_esaurita_o_oltre_max_km
202425,0.2,42,paritaria,SCUOLA PRIMARIA,4,PO1E01700E,SCUOLA PRIMARIA SANTA CATERINA DE' RICCI,PRATO,PRATO,TOSCANA,SCUOLA PRIMARIA NON STATALE,,1,capacita_esaurita_o_oltre_max_km
202425,0.2,42,paritaria,SCUOLA PRIMARIA,5,CZ1E00400N,"SCUOLA PRIMARIA ""MARIA IMMACOLATA""",CATANZARO,CATANZARO,CALABRIA,SCUOLA PRIMARIA NON STATALE,,1,capacita_esaurita_o_oltre_max_km
202425,0.2,42,paritaria,SCUOLA SECONDARIA I GRADO,1,CT1M011009,LIBERTINI RAFFAELE,GRAMMICHELE,CATANIA,SICILIA,SCUOLA SEC. PRIMO GRADO NON STATALE,,4,capacita_esaurita_o_oltre_max_km
202425,0.2,42,paritaria,SCUOLA SECONDARIA I GRADO,1,NA1M26500L,INTERNATIONAL SCHOOL OF LAGO PATRIA BY CHILDHOOD EDUCATION,GIUGLIANO IN CAMPANIA,NAPOLI,CAMPANIA,SCUOLA SEC. PRIMO GRADO NON STATALE,,1,capacita_esaurita_o_oltre_max_km
202425,0.2,42,paritaria,SCUOLA SECONDARIA I GRADO,1,LU1M8R500T,SCUOLA MEDIA INTERNAZIONALE,LUCCA,LUCCA,TOSCANA,SCUOLA SEC. PRIMO GRADO NON STATALE,,1,capacita_esaurita_o_oltre_max_km
202425,0.2,42,paritaria,SCUOLA SECONDARIA I GRADO,2,LT1MZZ500E,C.P.I.A. Lenola,LENOLA,LATINA,LAZIO,SCUOLA SEC. PRIMO GRADO NON STATALE,,1,capacita_esaurita_o_oltre_max_km
202425,0.2,42,paritaria,SCUOLA SECONDARIA I GRADO,2,NA1M26500L,INTERNATIONAL SCHOOL OF LAGO PATRIA BY CHILDHOOD EDUCATION,GIUGLIANO IN CAMPANIA,NAPOLI,CAMPANIA,SCUOLA SEC. PRIMO GRADO NON STATALE,,3,capacita_esaurita_o_oltre_max_km
202425,0.2,42,paritaria,SCUOLA SECONDARIA I GRADO,2,SA1M01100B,NEW KENNEDY,SARNO,SALERNO,CAMPANIA,SCUOLA SEC. PRIMO GRADO NON STATALE,,1,capacita_esaurita_o_oltre_max_km
202425,0.2,42,paritaria,SCUOLA SECONDARIA I GRADO,2,FI1M029002,"""BEATA GIOVANNA""",SIGNA,FIRENZE,TOSCANA,SCUOLA SEC. PRIMO GRADO NON STATALE,,2,capacita_esaurita_o_oltre_max_km
202425,0.2,42,paritaria,SCUOLA SECONDARIA I GRADO,3,AP1MUQ500M,Scuola secondaria I grado Giovanni Paolo II,FERMO,FERMO,MARCHE,SCUOLA SEC. PRIMO GRADO NON STATALE,,1,capacita_esaurita_o_oltre_max_km
202425,0.2,42,paritaria,SCUOLA SECONDARIA I GRADO,3,NA1MT6500T,Parilandia,PALMA CAMPANIA,NAPOLI,CAMPANIA,SCUOLA SEC. PRIMO GRADO NON STATALE,,1,capacita_esaurita_o_oltre_max_km
202425,0.2,42,paritaria,SCUOLA SECONDARIA II GRADO,1,AVTFV2500P,Bruno Amirante - Ist Tecnico-set Tecnologico-ind Meccanica Meccatronica Energia,ROTONDI,AVELLINO,CAMPANIA,SCUOLA SEC. SECONDO GRADO NON STATALE,,2,capacita_esaurita_o_oltre_max_km
202425,0.2,42,paritaria,SCUOLA SECONDARIA II GRADO,1,RGPL025009,LICEO LINGUISTICO PARITARIO LANZA,VITTORIA,RAGUSA,SICILIA,SCUOLA SEC. SECONDO GRADO NON STATALE,,3,capacita_esaurita_o_oltre_max_km
202425,0.2,42,paritaria,SCUOLA SECONDARIA II GRADO,1,MERHOV500E,ISTITUTO PROFESSIONALE PARITARIO,RODI' MILICI,MESSINA,SICILIA,SCUOLA SEC. SECONDO GRADO NON STATALE,,2,capacita_esaurita_o_oltre_max_km
202425,0.2,42,paritaria,SCUOLA SECONDARIA II GRADO,1,MCTD00500B,"ISTITUTO TECNICO COMMERCIALE""IRENEO ALEANDRI""",MACERATA,MACERATA,MARCHE,SCUOLA SEC. SECONDO GRADO NON STATALE,,1,capacita_esaurita_o_oltre_max_km
202425,0.2,42,paritaria,SCUOLA SECONDARIA II GRADO,1,RGTD105002,I.T.C. PARITARIO DANTE ALIGHIERI,RAGUSA,RAGUSA,SICILIA,SCUOLA SEC. SECONDO GRADO NON STATALE,,1,capacita_esaurita_o_oltre_max_km
202425,0.2,42,paritaria,SCUOLA SECONDARIA II GRADO,1,NAPS5M500T,INTERNATIONAL SCHOOL OF LAGO PATRIA,GIUGLIANO IN CAMPANIA,NAPOLI,CAMPANIA,SCUOLA SEC. SECONDO GRADO NON STATALE,,1,capacita_esaurita_o_oltre_max_km
202425,0.2,42,paritaria,SCUOLA SECONDARIA II GRADO,1,BATD665005,SAN GIOVANNI BATTISTA DE LA SALLE,SANTERAMO IN COLLE,BARI,PUGLIA,SCUOLA SEC. SECONDO GRADO NON STATALE,,1,capacita_esaurita_o_oltre_max_km
202425,0.2,42,paritaria,SCUOLA SECONDARIA II GRADO,1,MCPL0P500L,LICEO LINGUISTICO I.ALEANDRI,MACERATA,MACERATA,MARCHE,SCUOLA SEC. SECONDO GRADO NON STATALE,,1,capacita_esaurita_o_oltre_max_km
202425,0.2,42,paritaria,SCUOLA SECONDARIA II GRADO,1,CTSD015003,LICEO ARTISTICO REGIONALE,GRAMMICHELE,CATANIA,SICILIA,SCUOLA SEC. SECONDO GRADO NON STATALE,,4,capacita_esaurita_o_oltre_max_km
202425,0.2,42,paritaria,SCUOLA SECONDARIA II GRADO,2,NAPS5M500T,INTERNATIONAL SCHOOL OF LAGO PATRIA,GIUGLIANO IN CAMPANIA,NAPOLI,CAMPANIA,SCUOLA SEC. SECONDO GRADO NON STATALE,,3,capacita_esaurita_o_oltre_max_km
202425,0.2,42,paritaria,SCUOLA SECONDARIA II GRADO,2,BNTFM4500B,"""New Montessori s.r.l. """,MONTESARCHIO,BENEVENTO,CAMPANIA,SCUOLA SEC. SECONDO GRADO NON STATALE,,1,capacita_esaurita_o_oltre_max_km
202425,0.2,42,paritaria,SCUOLA SECONDARIA II GRADO,2,RMPLCV500U,MORAVIA,GUIDONIA MONTECELIO,ROMA,LAZIO,SCUOLA SEC. SECONDO GRADO NON STATALE,,1,capacita_esaurita_o_oltre_max_km
202425,0.2,42,paritaria,SCUOLA SECONDARIA II GRADO,3,NAPS5M500T,INTERNATIONAL SCHOOL OF LAGO PATRIA,GIUGLIANO IN CAMPANIA,NAPOLI,CAMPANIA,SCUOLA SEC. SECONDO GRADO NON STATALE,,1,capacita_esaurita_o_oltre_max_km
202425,0.2,42,statale,SCUOLA PRIMARIA,1,SAEE87202C,S. PIETRO,POLLA,SALERNO,CAMPANIA,SCUOLA PRIMARIA,primaria,6,capacita_esaurita_o_oltre_max_km
202425,0.2,42,statale,SCUOLA PRIMARIA,1,IMEE81002V,SC. PRIM. T. LITTARDI,IMPERIA,IMPERIA,LIGURIA,SCUOLA PRIMARIA,primaria,5,capacita_esaurita_o_oltre_max_km
202425,0.2,42,statale,SCUOLA PRIMARIA,1,CREE80001R,SCUOLA PRIMARIA SORESINA,SORESINA,CREMONA,LOMBARDIA,SCUOLA PRIMARIA,primaria,8,capacita_esaurita_o_oltre_max_km
202425,0.2,42,statale,SCUOLA PRIMARIA,1,ALEE811068,"PONTESTURA ""C.PALAZZO""",PONTESTURA,ALESSANDRIA,PIEMONTE,SCUOLA PRIMARIA,primaria,2,capacita_esaurita_o_oltre_max_km
202425,0.2,42,statale,SCUOLA PRIMARIA,1,GOEE80303T,DUCA D'AOSTA,MONFALCONE,GORIZIA,FRIULI-VENEZIA G.,SCUOLA PRIMARIA,primaria,3,capacita_esaurita_o_oltre_max_km
202425,0.2,42,statale,SCUOLA PRIMARIA,1,RCEE82907R,DON TEODORO RIGITANO CAMINI,CAMINI,REGGIO CALABRIA,CALABRIA,SCUOLA PRIMARIA,primaria,1,capacita_esaurita_o_oltre_max_km
202425,0.2,42,statale,SCUOLA PRIMARIA,1,GEEE818033,S.EL.MALINVERNI ISOLA DEL C.,ISOLA DEL CANTONE,GENOVA,LIGURIA,SCUOLA PRIMARIA,primaria,2,capacita_esaurita_o_oltre_max_km
202425,0.2,42,statale,SCUOLA PRIMARIA,1,RIEE807038,FRAZ. S. LUCIA,FIAMIGNANO,RIETI,LAZIO,SCUOLA PRIMARIA,primaria,1,capacita_esaurita_o_oltre_max_km
202425,0.2,42,statale,SCUOLA PRIMARIA,1,SAEE83902R,ANGELO PATRI - AVERSANA,BATTIPAGLIA,SALERNO,CAMPANIA,SCUOLA PRIMARIA,primaria,1,capacita_esaurita_o_oltre_max_km
202425,0.2,42,statale,SCUOLA PRIMARIA,1,FEEE824014,"""MARIA MONTESSORI"" - PORTOMAGGI",PORTOMAGGIORE,FERRARA,EMILIA ROMAGNA,SCUOLA PRIMARIA,primaria,9,capacita_esaurita_o_oltre_max_km
202425,0.2,42,statale,SCUOLA PRIMARIA,1,VTEE827014,"PRIMARIA ""SIRTO SACCHETTI""",ORTE,VITERBO,LAZIO,SCUOLA PRIMARIA,primaria,1,capacita_esaurita_o_oltre_max_km
202425,0.2,42,statale,SCUOLA PRIMARIA,1,MTEE83405Q,ROTONDELLA-VALSINNI,ROTONDELLA,MATERA,BASILICATA,SCUOLA PRIMARIA,primaria,1,capacita_esaurita_o_oltre_max_km
202425,0.2,42,statale,SCUOLA PRIMARIA,1,NOEE81401X,BIANDRATE,BIANDRATE,NOVARA,PIEMONTE,SCUOLA PRIMARIA,primaria,2,capacita_esaurita_o_oltre_max_km
202425,0.2,42,statale,SCUOLA PRIMARIA,1,FEEE80205B,"""B.BISI""-SCORTICHINO",BONDENO,FERRARA,EMILIA ROMAGNA,SCUOLA PRIMARIA,primaria,3,capacita_esaurita_o_oltre_max_km
202425,0.2,42,statale,SCUOLA PRIMARIA,1,RNEE812049,"S.AGATA F.""C.ELKAN"" (IC PENNAB)",SANT'AGATA FELTRIA,RIMINI,EMILIA ROMAGNA,SCUOLA PRIMARIA,primaria,2,capacita_esaurita_o_oltre_max_km
202425,0.2,42,statale,SCUOLA PRIMARIA,1,ATEE809025,PRIMARIA ROCCHETTA TANARO CAP.,ROCCHETTA TANARO,ASTI,PIEMONTE,SCUOLA PRIMARIA,primaria,1,capacita_esaurita_o_oltre_max_km
202425,0.2,42,statale,SCUOLA PRIMARIA,1,CNEE84504N,PRIMARIA LAGNASCO,LAGNASCO,CUNEO,PIEMONTE,SCUOLA PRIMARIA,primaria,1,capacita_esaurita_o_oltre_max_km
202425,0.2,42,statale,SCUOLA PRIMARIA,1,FOEE80306R,"SARSINA ""PAPA GIOVANNI XXIII""",SARSINA,FORLI'-CESENA,EMILIA ROMAGNA,SCUOLA PRIMARIA,primaria,2,capacita_esaurita_o_oltre_max_km
202425,0.2,42,statale,SCUOLA PRIMARIA,1,FOEE80903L,CIVITELLA FRANCESCHI PIGNOCCHI,CIVITELLA DI ROMAGNA,FORLI'-CESENA,EMILIA ROMAGNA,SCUOLA PRIMARIA,primaria,2,capacita_esaurita_o_oltre_max_km
202425,0.2,42,statale,SCUOLA PRIMARIA,1,MNEE82201V,SC.PRIMARIA DI SERMIDE,SERMIDE E FELONICA,MANTOVA,LOMBARDIA,SCUOLA PRIMARIA,primaria,6,capacita_esaurita_o_oltre_max_km
202425,0.2,42,statale,SCUOLA PRIMARIA,1,MNEE830041,SAN MATTEO DELLE CHIAVICHE,VIADANA,MANTOVA,LOMBARDIA,SCUOLA PRIMARIA,primaria,1,capacita_esaurita_o_oltre_max_km
202425,0.2,42,statale,SCUOLA PRIMARIA,1,PCEE80503A,BESENZONE-CAPOLUOGO,BESENZONE,PIACENZA,EMILIA ROMAGNA,SCUOLA PRIMARIA,primaria,2,capacita_esaurita_o_oltre_max_km
202425,0.2,42,statale,SCUOLA PRIMARIA,1,ROEE81605A,PASINI GRISETTI - BARUCHELLA,GIACCIANO CON BARUCHELLA,ROVIGO,VENETO,SCUOLA PRIMARIA,primaria,1,capacita_esaurita_o_oltre_max_km
202425,0.2,42,statale,SCUOLA PRIMARIA,1,ALEE83404V,"""GIANNI RODARI"" - TORTONA",TORTONA,ALESSANDRIA,PIEMONTE,SCUOLA PRIMARIA,primaria,2,capacita_esaurita_o_oltre_max_km
202425,0.2,42,statale,SCUOLA PRIMARIA,1,GREE817073,"SCANSANO CAP. -""UMBERTO I""",SCANSANO,GROSSETO,TOSCANA,SCUOLA PRIMARIA,primaria,1,capacita_esaurita_o_oltre_max_km
202425,0.2,42,statale,SCUOLA PRIMARIA,1,CSEE83202R,SAN GIORGIO ALBANESE - CENTRO,SAN GIORGIO ALBANESE,COSENZA,CALABRIA,SCUOLA PRIMARIA,primaria,2,capacita_esaurita_o_oltre_max_km
202425,0.2,42,statale,SCUOLA PRIMARIA,1,VREE85704C,BONFERRARO-MARCONI G.,SORGA',VERONA,VENETO,SCUOLA PRIMARIA,primaria,2,capacita_esaurita_o_oltre_max_km
202425,0.2,42,statale,SCUOLA PRIMARIA,1,APEE804037,"COSSIGNANO ""GAETANO PASSALI""",COSSIGNANO,ASCOLI PICENO,MARCHE,SCUOLA PRIMARIA,primaria,2,capacita_esaurita_o_oltre_max_km
202425,0.2,42,statale,SCUOLA PRIMARIA,1,CREE81601A,"""G. MARCONI""(CASALMAGGIORE CAP)",CASALMAGGIORE,CREMONA,LOMBARDIA,SCUOLA PRIMARIA,primaria,4,capacita_esaurita_o_oltre_max_km
202425,0.2,42,statale,SCUOLA PRIMARIA,1,SAEE8AP053,PISCIOTTA CAP.P.P.,PISCIOTTA,SALERNO,CAMPANIA,SCUOLA PRIMARIA,primaria,1,capacita_esaurita_o_oltre_max_km
202425,0.2,42,statale,SCUOLA PRIMARIA,1,BOEE80501X,DE AMICIS IC SAN P. IN CASALE,SAN PIETRO IN CASALE,BOLOGNA,EMILIA ROMAGNA,SCUOLA PRIMARIA,primaria,7,capacita_esaurita_o_oltre_max_km
202425,0.2,42,statale,SCUOLA PRIMARIA,1,BOEE84005B,GIUSEPPE BONTA',VERGATO,BOLOGNA,EMILIA ROMAGNA,SCUOLA PRIMARIA,primaria,1,capacita_esaurita_o_oltre_max_km
202425,0.2,42,statale,SCUOLA PRIMARIA,1,PVEE83201P,VIG.VITT.VEN. REGINA MARGHERITA,VIGEVANO,PAVIA,LOMBARDIA,SCUOLA PRIMARIA,primaria,2,capacita_esaurita_o_oltre_max_km
202425,0.2,42,statale,SCUOLA PRIMARIA,1,PCEE005019,VITTORINO DA FELTRE,PIACENZA,PIACENZA,EMILIA ROMAGNA,SCUOLA PRIMARIA,primaria,5,capacita_esaurita_o_oltre_max_km
202425,0.2,42,statale,SCUOLA PRIMARIA,1,CNEE83602R,GARESSIO - SCUOLA PRIMARIA,GARESSIO,CUNEO,PIEMONTE,SCUOLA PRIMARIA,primaria,1,capacita_esaurita_o_oltre_max_km
202425,0.2,42,statale,SCUOLA PRIMARIA,1,GREE815037,MONTEROTONDO CAPOLUOGO,MONTEROTONDO MARITTIMO,GROSSETO,TOSCANA,SCUOLA PRIMARIA,primaria,2,capacita_esaurita_o_oltre_max_km
202425,0.2,42,statale,SCUOLA PRIMARIA,1,AQEE82101D,"""E. DE AMICIS"" - LUCO DEI MARSI",LUCO DEI MARSI,L'AQUILA,ABRUZZO,SCUOLA PRIMARIA,primaria,3,capacita_esaurita_o_oltre_max_km
202425,0.2,42,statale,SCUOLA PRIMARIA,1,CREE80003V,SCUOLA PRIMARIA CASALMORANO,CASALMORANO,CREMONA,LOMBARDIA,SCUOLA PRIMARIA,primaria,3,capacita_esaurita_o_oltre_max_km
202425,0.2,42,statale,SCUOLA PRIMARIA,1,PREE820039,ROMAGNOSI,SALSOMAGGIORE TERME,PARMA,EMILIA ROMAGNA,SCUOLA PRIMARIA,primaria,4,capacita_esaurita_o_oltre_max_km
202425,0.2,42,statale,SCUOLA PRIMARIA,1,PCEE00403G,DUE GIUGNO,PIACENZA,PIACENZA,EMILIA ROMAGNA,SCUOLA PRIMARIA,primaria,4,capacita_esaurita_o_oltre_max_km
202425,0.2,42,statale,SCUOLA PRIMARIA,1,REEE82901Q,FABBRICO CAP.,FABBRICO,REGGIO EMILIA,EMILIA ROMAGNA,SCUOLA PRIMARIA,primaria,4,capacita_esaurita_o_oltre_max_km
202425,0.2,42,statale,SCUOLA PRIMARIA,1,VREE857019,"NOGARA ""DON G. CALABRIA""",NOGARA,VERONA,VENETO,SCUOLA PRIMARIA,primaria,3,capacita_esaurita_o_oltre_max_km
202425,0.2,42,statale,SCUOLA PRIMARIA,1,LTEE85701P,ISTITUTO COMPRENSIVO ASPRI,FONDI,LATINA,LAZIO,SCUOLA PRIMARIA,primaria,5,capacita_esaurita_o_oltre_max_km
202425,0.2,42,statale,SCUOLA PRIMARIA,1,PVEE814015,"BELGIOIOSO ""C. LAURENTI""",BELGIOIOSO,PAVIA,LOMBARDIA,SCUOLA PRIMARIA,primaria,2,capacita_esaurita_o_oltre_max_km
202425,0.2,42,statale,SCUOLA PRIMARIA,1,ALEE83403T,"""C.SO ROMITA"" - TORTONA",TORTONA,ALESSANDRIA,PIEMONTE,SCUOLA PRIMARIA,primaria,3,capacita_esaurita_o_oltre_max_km
202425,0.2,42,statale,SCUOLA PRIMARIA,1,AQEE82705L,ROCCA DI MEZZO,ROCCA DI MEZZO,L'AQUILA,ABRUZZO,SCUOLA PRIMARIA,primaria,1,capacita_esaurita_o_oltre_max_km
202425,0.2,42,statale,SCUOLA PRIMARIA,1,BOEE809039,GIUSEPPE VERDI,CASTEL DEL RIO,BOLOGNA,EMILIA ROMAGNA,SCUOLA PRIMARIA,primaria,1,capacita_esaurita_o_oltre_max_km
202425,0.2,42,statale,SCUOLA PRIMARIA,1,FOEE813038,"PREMILCUORE ""ALDO SPALLICCI""",PREMILCUORE,FORLI'-CESENA,EMILIA ROMAGNA,SCUOLA PRIMARIA,primaria,1,capacita_esaurita_o_oltre_max_km
202425,0.2,42,statale,SCUOLA PRIMARIA,1,FREE807034,TREVI NEL LAZIO CAPOLUOGO,TREVI NEL LAZIO,FROSINONE,LAZIO,SCUOLA PRIMARIA,primaria,2,capacita_esaurita_o_oltre_max_km
202425,0.2,42,statale,SCUOLA PRIMARIA,1,GEEE805031,S.EL. DI BORZONASCA,BORZONASCA,GENOVA,LIGURIA,SCUOLA PRIMARIA,primaria,1,capacita_esaurita_o_oltre_max_km
202425,0.2,42,statale,SCUOLA PRIMARIA,1,GREE817062,MONTICELLO AMIATA PRIMARIA,CINIGIANO,GROSSETO,TOSCANA,SCUOLA PRIMARIA,primaria,1,capacita_esaurita_o_oltre_max_km
202425,0.2,42,statale,SCUOLA PRIMARIA,1,IMEE81601R,SCUOLA PRIMARIA AIROLE,AIROLE,IMPERIA,LIGURIA,SCUOLA PRIMARIA,primaria,2,capacita_esaurita_o_oltre_max_km
202425,0.2,42,statale,SCUOLA PRIMARIA,1,LIEE82903N,NORMA PARENTI POPULONIA,PIOMBINO,LIVORNO,TOSCANA,SCUOLA PRIMARIA,primaria,1,capacita_esaurita_o_oltre_max_km
202425,0.2,42,statale,SCUOLA PRIMARIA,1,MNEE821046,SCUOLA PRIMARIA QUINGENTOLE,QUINGENTOLE,MANTOVA,LOMBARDIA,SCUOLA PRIMARIA,primaria,1,capacita_esaurita_o_oltre_max_km
202425,0.2,42,statale,SCUOLA PRIMARIA,1,MNEE82202X,SC.PRIMARIA DI CARBONARA DI PO,BORGOCARBONARA,MANTOVA,LOMBARDIA,SCUOLA PRIMARIA,primaria,1,capacita_esaurita_o_oltre_max_km
202425,0.2,42,statale,SCUOLA PRIMARIA,1,NOEE82901N,"""GIANNI RODARI""",TRECATE,NOVARA,PIEMONTE,SCUOLA PRIMARIA,primaria,1,capacita_esaurita_o_oltre_max_km
202425,0.2,42,statale,SCUOLA PRIMARIA,1,PGEE83103P,SCOPOLI - VERCHIANO - CASENOVE,FOLIGNO,PERUGIA,UMBRIA,SCUOLA PRIMARIA,primaria,1,capacita_esaurita_o_oltre_max_km
202425,0.2,42,statale,SCUOLA PRIMARIA,1,PREE07501C,DE AMICIS,FIDENZA,PARMA,EMILIA ROMAGNA,SCUOLA PRIMARIA,primaria,5,capacita_esaurita_o_oltre_max_km
202425,0.2,42,statale,SCUOLA PRIMARIA,1,SIEE81204L,VIA MARTIRI MONTEMAGGIO,CASTELLINA IN CHIANTI,SIENA,TOSCANA,SCUOLA PRIMARIA,primaria,2,capacita_esaurita_o_oltre_max_km
202425,0.2,42,statale,SCUOLA PRIMARIA,1,SREE86405P,PRIMARIA CASSARO,CASSARO,SIRACUSA,SICILIA,SCUOLA PRIMARIA,primaria,1,capacita_esaurita_o_oltre_max_km
202425,0.2,42,statale,SCUOLA PRIMARIA,1,TOEE137089,D.D.OULX - SALBERTRAND,SALBERTRAND,TORINO,PIEMONTE,SCUOLA PRIMARIA,primaria,2,capacita_esaurita_o_oltre_max_km
202425,0.2,42,statale,SCUOLA PRIMARIA,1,MNEE805015,GOITO,GOITO,MANTOVA,LOMBARDIA,SCUOLA PRIMARIA,primaria,1,capacita_esaurita_o_oltre_max_km
202425,0.2,42,statale,SCUOLA PRIMARIA,1,ALEE839053,"ALESSANDRIA ""A.MORBELLI""",ALESSANDRIA,ALESSANDRIA,PIEMONTE,SCUOLA PRIMARIA,primaria,1,capacita_esaurita_o_oltre_max_km
202425,0.2,42,statale,SCUOLA PRIMARIA,1,MOEE81903T,"""P.GIANNONE"" CAMPOSANTO",CAMPOSANTO,MODENA,EMILIA ROMAGNA,SCUOLA PRIMARIA,primaria,1,capacita_esaurita_o_oltre_max_km
202425,0.2,42,statale,SCUOLA PRIMARIA,1,PCEE81702G,"""TINA PESARO""",CASTEL SAN GIOVANNI,PIACENZA,EMILIA ROMAGNA,SCUOLA PRIMARIA,primaria,7,capacita_esaurita_o_oltre_max_km
202425,0.2,42,statale,SCUOLA PRIMARIA,1,MOEE81801X,"""G. MARCONI"" SPILAMBERTO",SPILAMBERTO,MODENA,EMILIA ROMAGNA,SCUOLA PRIMARIA,primaria,1,capacita_esaurita_o_oltre_max_km
202425,0.2,42,statale,SCUOLA PRIMARIA,1,MNEE820017,"OSTIGLIA ""C.COLLODI""",OSTIGLIA,MANTOVA,LOMBARDIA,SCUOLA PRIMARIA,primaria,2,capacita_esaurita_o_oltre_max_km
202425,0.2,42,statale,SCUOLA PRIMARIA,1,BGEE89602A,"ROMANO DI LOMBARDIA ""MOTTINI""",ROMANO DI LOMBARDIA,BERGAMO,LOMBARDIA,SCUOLA PRIMARIA,primaria,2,capacita_esaurita_o_oltre_max_km
202425,0.2,42,statale,SCUOLA PRIMARIA,1,MNEE81004Q,PRIMARIA BORGOFORTE,BORGO VIRGILIO,MANTOVA,LOMBARDIA,SCUOLA PRIMARIA,primaria,2,capacita_esaurita_o_oltre_max_km
202425,0.2,42,statale,SCUOLA PRIMARIA,1,POEE811019,CARLO E MARIA TERESA ARMELLINI,VERNIO,PRATO,TOSCANA,SCUOLA PRIMARIA,primaria,1,capacita_esaurita_o_oltre_max_km
202425,0.2,42,statale,SCUOLA PRIMARIA,1,PVEE80901N,SANNAZZARO SAN FRANCESCO,SANNAZZARO DE' BURGONDI,PAVIA,LOMBARDIA,SCUOLA PRIMARIA,primaria,3,capacita_esaurita_o_oltre_max_km
202425,0.2,42,statale,SCUOLA PRIMARIA,1,RGEE80202B,LEONARDO SCIASCIA,VITTORIA,RAGUSA,SICILIA,SCUOLA PRIMARIA,primaria,1,capacita_esaurita_o_oltre_max_km
202425,0.2,42,statale,SCUOLA PRIMARIA,1,RAEE81802X,"""GINNASI ALESSANDRO""",CASTEL BOLOGNESE,RAVENNA,EMILIA ROMAGNA,SCUOLA PRIMARIA,primaria,2,capacita_esaurita_o_oltre_max_km
202425,0.2,42,statale,SCUOLA PRIMARIA,1,PVEE800017,SC. PRIM. S. MARIA DELLA VERSA,SANTA MARIA DELLA VERSA,PAVIA,LOMBARDIA,SCUOLA PRIMARIA,primaria,1,capacita_esaurita_o_oltre_max_km
202425,0.2,42,statale,SCUOLA PRIMARIA,1,ROEE80003P,PANZACCHI ENRICO - CASTELMASSA,CASTELMASSA,ROVIGO,VENETO,SCUOLA PRIMARIA,primaria,3,capacita_esaurita_o_oltre_max_km
202425,0.2,42,statale,SCUOLA PRIMARIA,1,GREE81901C,SCUOLA PRIMARIA ROCCASTRADA,ROCCASTRADA,GROSSETO,TOSCANA,SCUOLA PRIMARIA,primaria,1,capacita_esaurita_o_oltre_max_km
202425,0.2,42,statale,SCUOLA PRIMARIA,1,CSEE823033,VILLAPIANA-VILLAGGIO-,VILLAPIANA,COSENZA,CALABRIA,SCUOLA PRIMARIA,primaria,1,capacita_esaurita_o_oltre_max_km
202425,0.2,42,statale,SCUOLA PRIMARIA,1,MNEE820028,"SERRAVALLE PO ""G. GUARESCHI""",SERRAVALLE A PO,MANTOVA,LOMBARDIA,SCUOLA PRIMARIA,primaria,1,capacita_esaurita_o_oltre_max_km
202425,0.2,42,statale,SCUOLA PRIMARIA,1,MNEE827012,CASTELLUCCHIO,CASTELLUCCHIO,MANTOVA,LOMBARDIA,SCUOLA PRIMARIA,primaria,3,capacita_esaurita_o_oltre_max_km
202425,0.2,42,statale,SCUOLA PRIMARIA,1,PVEE80905T,OTTOBIANO,OTTOBIANO,PAVIA,LOMBARDIA,SCUOLA PRIMARIA,primaria,1,capacita_esaurita_o_oltre_max_km
202425,0.2,42,statale,SCUOLA PRIMARIA,1,PCEE80801Q,BORGONOVO - CAPOLUOGO,BORGONOVO VAL TIDONE,PIACENZA,EMILIA ROMAGNA,SCUOLA PRIMARIA,primaria,2,capacita_esaurita_o_oltre_max_km
202425,0.2,42,statale,SCUOLA PRIMARIA,1,BGEE898022,"ROMANO DI LOMBARDIA ""G.PASCOLI""",ROMANO DI LOMBARDIA,BERGAMO,LOMBARDIA,SCUOLA PRIMARIA,primaria,1,capacita_esaurita_o_oltre_max_km
202425,0.2,42,statale,SCUOLA PRIMARIA,1,ALEE83602C,"ACQUI TERME ""G.SARACCO""",ACQUI TERME,ALESSANDRIA,PIEMONTE,SCUOLA PRIMARIA,primaria,1,capacita_esaurita_o_oltre_max_km
202425,0.2,42,statale,SCUOLA PRIMARIA,1,PREE82201V,BUSSETO CPL,BUSSETO,PARMA,EMILIA ROMAGNA,SCUOLA PRIMARIA,primaria,3,capacita_esaurita_o_oltre_max_km
202425,0.2,42,statale,SCUOLA PRIMARIA,1,PREE822031,POLESINE - ZIBELLO,POLESINE ZIBELLO,PARMA,EMILIA ROMAGNA,SCUOLA PRIMARIA,primaria,1,capacita_esaurita_o_oltre_max_km
202425,0.2,42,statale,SCUOLA PRIMARIA,1,MOEE83502P,"""C.A. DALLA CHIESA "" MASSA FIN.",FINALE EMILIA,MODENA,EMILIA ROMAGNA,SCUOLA PRIMARIA,primaria,2,capacita_esaurita_o_oltre_max_km
202425,0.2,42,statale,SCUOLA PRIMARIA,1,GREE81101T,"CASTELDELPIANO CAP.""L.SANTUCCI""",CASTEL DEL PIANO,GROSSETO,TOSCANA,SCUOLA PRIMARIA,primaria,1,capacita_esaurita_o_oltre_max_km
202425,0.2,42,statale,SCUOLA PRIMARIA,1,PVEE80401E,LOMELLO CATERINA ASSANDRA,LOMELLO,PAVIA,LOMBARDIA,SCUOLA PRIMARIA,primaria,1,capacita_esaurita_o_oltre_max_km
202425,0.2,42,statale,SCUOLA PRIMARIA,1,RCEE82616Q,PLACANICA CAPOLUOGO,PLACANICA,REGGIO CALABRIA,CALABRIA,SCUOLA PRIMARIA,primaria,1,capacita_esaurita_o_oltre_max_km
202425,0.2,42,statale,SCUOLA PRIMARIA,1,TVEE88103L,S. PIO X - MEDUNA DI L.,MEDUNA DI LIVENZA,TREVISO,VENETO,SCUOLA PRIMARIA,primaria,1,capacita_esaurita_o_oltre_max_km
202425,0.2,42,statale,SCUOLA PRIMARIA,1,REEE82406T,LORIS MALAGUZZI,REGGIO NELL'EMILIA,REGGIO EMILIA,EMILIA ROMAGNA,SCUOLA PRIMARIA,primaria,1,capacita_esaurita_o_oltre_max_km
202425,0.2,42,statale,SCUOLA PRIMARIA,1,BOEE82701R,R. BONFIGLIOLI - I.C. MINERBIO,MINERBIO,BOLOGNA,EMILIA ROMAGNA,SCUOLA PRIMARIA,primaria,1,capacita_esaurita_o_oltre_max_km
202425,0.2,42,statale,SCUOLA PRIMARIA,1,MOEE80501T,"""ANNA FRANK"" NOVI DI MODENA",NOVI DI MODENA,MODENA,EMILIA ROMAGNA,SCUOLA PRIMARIA,primaria,4,capacita_esaurita_o_oltre_max_km
202425,0.2,42,statale,SCUOLA PRIMARIA,1,SVEE80201C,PRIMARIA DI MILLESIMO CAPOLUOGO,MILLESIMO,SAVONA,LIGURIA,SCUOLA PRIMARIA,primaria,2,capacita_esaurita_o_oltre_max_km
202425,0.2,42,statale,SCUOLA PRIMARIA,1,PGEE871068,MASSA MARTANA VIALE EUROPA,MASSA MARTANA,PERUGIA,UMBRIA,SCUOLA PRIMARIA,primaria,1,capacita_esaurita_o_oltre_max_km
202425,0.2,42,statale,SCUOLA PRIMARIA,1,BGEE83503X,"PRIMARIA ""MERISI""",CARAVAGGIO,BERGAMO,LOMBARDIA,SCUOLA PRIMARIA,primaria,3,capacita_esaurita_o_oltre_max_km
202425,0.2,42,statale,SCUOLA PRIMARIA,1,PCEE80901G,FRAZ. ROVELETO,CADEO,PIACENZA,EMILIA ROMAGNA,SCUOLA PRIMARIA,primaria,2,capacita_esaurita_o_oltre_max_km
202425,0.2,42,statale,SCUOLA PRIMARIA,1,ATEE81005C,SCUOLA PRIMARIA VILLAFRANCA,VILLAFRANCA D'ASTI,ASTI,PIEMONTE,SCUOLA PRIMARIA,primaria,1,capacita_esaurita_o_oltre_max_km
202425,0.2,42,statale,SCUOLA PRIMARIA,1,BSEE894049,SENIGA.CAP,SENIGA,BRESCIA,LOMBARDIA,SCUOLA PRIMARIA,primaria,1,capacita_esaurita_o_oltre_max_km
202425,0.2,42,statale,SCUOLA PRIMARIA,1,LUEE84307E,PRIMARIA POLO MARGHERITA HACK,PESCAGLIA,LUCCA,TOSCANA,SCUOLA PRIMARIA,primaria,1,capacita_esaurita_o_oltre_max_km
202425,0.2,42,statale,SCUOLA PRIMARIA,1,MNEE82503C,"SCUOLA PRIMARIA ""L. GONELLA""",SUZZARA,MANTOVA,LOMBARDIA,SCUOLA PRIMARIA,primaria,2,capacita_esaurita_o_oltre_max_km
202425,0.2,42,statale,SCUOLA PRIMARIA,1,MNEE827067,RIVALTA PRIMARIA A.M.GUASTALLA,RODIGO,MANTOVA,LOMBARDIA,SCUOLA PRIMARIA,primaria,2,capacita_esaurita_o_oltre_max_km
202425,0.2,42,statale,SCUOLA PRIMARIA,1,PCEE81801A,FIORENZUOLA - CAPOLUOGO,FIORENZUOLA D'ARDA,PIACENZA,EMILIA ROMAGNA,SCUOLA PRIMARIA,primaria,3,capacita_esaurita_o_oltre_max_km
202425,0.2,42,statale,SCUOLA PRIMARIA,1,SIEE80503C,L. BONAZIA,SINALUNGA,SIENA,TOSCANA,SCUOLA PRIMARIA,primaria,1,capacita_esaurita_o_oltre_max_km
202425,0.2,42,statale,SCUOLA PRIMARIA,1,SVEE803029,PRIMARIA ALTARE- ALDO CAPASSO,ALTARE,SAVONA,LIGURIA,SCUOLA PRIMARIA,primaria,1,capacita_esaurita_o_oltre_max_km
202425,0.2,42,statale,SCUOLA PRIMARIA,1,PNEE82601A,"SPILIMBERGO ""G.B.CAVEDALIS""",SPILIMBERGO,PORDENONE,FRIULI-VENEZIA G.,SCUOLA PRIMARIA,primaria,4,capacita_esaurita_o_oltre_max_km
202425,0.2,42,statale,SCUOLA PRIMARIA,1,BSEE8AL04L,"MONTICHIARI ""G. FALCONE""",MONTICHIARI,BRESCIA,LOMBARDIA,SCUOLA PRIMARIA,primaria,2,capacita_esaurita_o_oltre_max_km
202425,0.2,42,statale,SCUOLA PRIMARIA,1,RMEE86602N,CAMPAGNANO,CAMPAGNANO DI ROMA,ROMA,LAZIO,SCUOLA PRIMARIA,primaria,1,capacita_esaurita_o_oltre_max_km
202425,0.2,42,statale,SCUOLA PRIMARIA,1,AREE822021,"SCUOLA PRIMARIA ""EMMA PERODI""",BIBBIENA,AREZZO,TOSCANA,SCUOLA PRIMARIA,primaria,1,capacita_esaurita_o_oltre_max_km
202425,0.2,42,statale,SCUOLA PRIMARIA,1,BSEE849018,SCUOLA PRIMARIA CAPOLUOGO,CARPENEDOLO,BRESCIA,LOMBARDIA,SCUOLA PRIMARIA,primaria,1,capacita_esaurita_o_oltre_max_km
202425,0.2,42,statale,SCUOLA PRIMARIA,1,PREE82305V,"CALESTANO ""VERTI-OLLARI""",CALESTANO,PARMA,EMILIA ROMAGNA,SCUOLA PRIMARIA,primaria,1,capacita_esaurita_o_oltre_max_km
202425,0.2,42,statale,SCUOLA PRIMARIA,1,PREE805037,"""GUGLIELMO MARCONI"" - LOC. SIS",SISSA TRECASALI,PARMA,EMILIA ROMAGNA,SCUOLA PRIMARIA,primaria,1,capacita_esaurita_o_oltre_max_km
202425,0.2,42,statale,SCUOLA PRIMARIA,1,ALEE83901V,"ALESSANDRIA ""C.ZANZI""",ALESSANDRIA,ALESSANDRIA,PIEMONTE,SCUOLA PRIMARIA,primaria,1,capacita_esaurita_o_oltre_max_km
202425,0.2,42,statale,SCUOLA PRIMARIA,1,BSEE82401X,"LONATO CAP. ""DON L. MILANI""",LONATO DEL GARDA,BRESCIA,LOMBARDIA,SCUOLA PRIMARIA,primaria,1,capacita_esaurita_o_oltre_max_km
202425,0.2,42,statale,SCUOLA PRIMARIA,1,BSEE895034,ALFIANELLO,ALFIANELLO,BRESCIA,LOMBARDIA,SCUOLA PRIMARIA,primaria,1,capacita_esaurita_o_oltre_max_km
202425,0.2,42,statale,SCUOLA PRIMARIA,1,FGEE83801L,VIA VERDI,STORNARELLA,FOGGIA,PUGLIA,SCUOLA PRIMARIA,primaria,1,capacita_esaurita_o_oltre_max_km
202425,0.2,42,statale,SCUOLA PRIMARIA,1,ROEE80005R,FLEMING A.- CASTELNOVO BARIANO,CASTELNOVO BARIANO,ROVIGO,VENETO,SCUOLA PRIMARIA,primaria,1,capacita_esaurita_o_oltre_max_km
202425,0.2,42,statale,SCUOLA PRIMARIA,1,VCEE80002N,TRINO CAPOLUOGO,TRINO,VERCELLI,PIEMONTE,SCUOLA PRIMARIA,primaria,1,capacita_esaurita_o_oltre_max_km
202425,0.2,42,statale,SCUOLA PRIMARIA,1,CNEE80701Q,BENE VAGIENNA-CAPOLUOGO,BENE VAGIENNA,CUNEO,PIEMONTE,SCUOLA PRIMARIA,primaria,1,capacita_esaurita_o_oltre_max_km
202425,0.2,42,statale,SCUOLA PRIMARIA,1,MNEE80205T,"SC. PRIMARIA ""MART. BELFIORE""",GAZOLDO DEGLI IPPOLITI,MANTOVA,LOMBARDIA,SCUOLA PRIMARIA,primaria,1,capacita_esaurita_o_oltre_max_km
202425,0.2,42,statale,SCUOLA PRIMARIA,1,FGEE84601G,LOCAL.TRESSANTI,CERIGNOLA,FOGGIA,PUGLIA,SCUOLA PRIMARIA,primaria,1,capacita_esaurita_o_oltre_max_km
202425,0.2,42,statale,SCUOLA PRIMARIA,1,MNEE834026,"MOGLIA -PRIMARIA ""A. MARTINI""",MOGLIA,MANTOVA,LOMBARDIA,SCUOLA PRIMARIA,primaria,1,capacita_esaurita_o_oltre_max_km
202425,0.2,42,statale,SCUOLA PRIMARIA,1,BGEE83204D,CIVIDATE AL PIANO,CIVIDATE AL PIANO,BERGAMO,LOMBARDIA,SCUOLA PRIMARIA,primaria,1,capacita_esaurita_o_oltre_max_km
202425,0.2,42,statale,SCUOLA PRIMARIA,1,FGEE83701R,STORNARA,STORNARA,FOGGIA,PUGLIA,SCUOLA PRIMARIA,primaria,1,capacita_esaurita_o_oltre_max_km
202425,0.2,42,statale,SCUOLA PRIMARIA,1,SIEE81202E,I. CALVINO,CASTELNUOVO BERARDENGA,SIENA,TOSCANA,SCUOLA PRIMARIA,primaria,1,capacita_esaurita_o_oltre_max_km
202425,0.2,42,statale,SCUOLA PRIMARIA,1,ATEE810018,SCUOLA PRIMARIA BALDICHIERI,BALDICHIERI D'ASTI,ASTI,PIEMONTE,SCUOLA PRIMARIA,primaria,2,capacita_esaurita_o_oltre_max_km
202425,0.2,42,statale,SCUOLA PRIMARIA,1,GREE829024,"ROSELLE - ""M.VERGARI""",GROSSETO,GROSSETO,TOSCANA,SCUOLA PRIMARIA,primaria,1,capacita_esaurita_o_oltre_max_km
202425,0.2,42,statale,SCUOLA PRIMARIA,1,PCEE00305T,PIETRO GIORDANI,PIACENZA,PIACENZA,EMILIA ROMAGNA,SCUOLA PRIMARIA,primaria,1,capacita_esaurita_o_oltre_max_km
202425,0.2,42,statale,SCUOLA PRIMARIA,1,MNEE81504V,VILLIMPENTA,VILLIMPENTA,MANTOVA,LOMBARDIA,SCUOLA PRIMARIA,primaria,1,capacita_esaurita_o_oltre_max_km
202425,0.2,42,statale,SCUOLA PRIMARIA,1,TOEE81401B,I.C. PONT C.SE CADUTI LIBERTA',PONT-CANAVESE,TORINO,PIEMONTE,SCUOLA PRIMARIA,primaria,1,capacita_esaurita_o_oltre_max_km
202425,0.2,42,statale,SCUOLA PRIMARIA,1,FEEE802017,"""C.BATTISTI""-BONDENO",BONDENO,FERRARA,EMILIA ROMAGNA,SCUOLA PRIMARIA,primaria,1,capacita_esaurita_o_oltre_max_km
202425,0.2,42,statale,SCUOLA PRIMARIA,1,SIEE80501A,PIEVE,SINALUNGA,SIENA,TOSCANA,SCUOLA PRIMARIA,primaria,1,capacita_esaurita_o_oltre_max_km
202425,0.2,42,statale,SCUOLA PRIMARIA,1,PDEE83601E,CARMIGNANO DI BRENTA DE AMICIS,CARMIGNANO DI BRENTA,PADOVA,VENETO,SCUOLA PRIMARIA,primaria,1,capacita_esaurita_o_oltre_max_km
202425,0.2,42,statale,SCUOLA PRIMARIA,1,PCEE806036,"""L.TONCINI""",CAORSO,PIACENZA,EMILIA ROMAGNA,SCUOLA PRIMARIA,primaria,1,capacita_esaurita_o_oltre_max_km
202425,0.2,42,statale,SCUOLA PRIMARIA,1,ALEE812064,GARBAGNA-G.PASCOLI,GARBAGNA,ALESSANDRIA,PIEMONTE,SCUOLA PRIMARIA,primaria,1,capacita_esaurita_o_oltre_max_km
202425,0.2,42,statale,SCUOLA PRIMARIA,1,ALEE82204L,"""GREPPI ALFIERI"" - FRASSINETO",FRASSINETO PO,ALESSANDRIA,PIEMONTE,SCUOLA PRIMARIA,primaria,1,capacita_esaurita_o_oltre_max_km
202425,0.2,42,statale,SCUOLA PRIMARIA,1,BOEE80904A,GRAZIA DELEDDA,CASALFIUMANESE,BOLOGNA,EMILIA ROMAGNA,SCUOLA PRIMARIA,primaria,1,capacita_esaurita_o_oltre_max_km
202425,0.2,42,statale,SCUOLA PRIMARIA,1,CNEE80305L,PRIMARIA DI VINADIO / AISONE,VINADIO,CUNEO,PIEMONTE,SCUOLA PRIMARIA,primaria,1,capacita_esaurita_o_oltre_max_km
202425,0.2,42,statale,SCUOLA PRIMARIA,1,CNEE834025,REVELLO - CAPOLUOGO,REVELLO,CUNEO,PIEMONTE,SCUOLA PRIMARIA,primaria,1,capacita_esaurita_o_oltre_max_km
202425,0.2,42,statale,SCUOLA PRIMARIA,1,FGEE82002C,SC PRIMARIA ALBERONA,ALBERONA,FOGGIA,PUGLIA,SCUOLA PRIMARIA,primaria,1,capacita_esaurita_o_oltre_max_km
202425,0.2,42,statale,SCUOLA PRIMARIA,1,FIEE81403V,"DICOMANO ""PASCOLI""",DICOMANO,FIRENZE,TOSCANA,SCUOLA PRIMARIA,primaria,1,capacita_esaurita_o_oltre_max_km
202425,0.2,42,statale,SCUOLA PRIMARIA,1,MCEE80203P,P.ZZA DANTE ALIGHIERI,PIORACO,MACERATA,MARCHE,SCUOLA PRIMARIA,primaria,1,capacita_esaurita_o_oltre_max_km
202425,0.2,42,statale,SCUOLA PRIMARIA,1,SPEE802089,BORGHETTO VARA CAPOLUOGO,BORGHETTO DI VARA,LA SPEZIA,LIGURIA,SCUOLA PRIMARIA,primaria,1,capacita_esaurita_o_oltre_max_km
202425,0.2,42,statale,SCUOLA PRIMARIA,1,TOEE80705C,I.C.PEROSA ARG.-ROURE,ROURE,TORINO,PIEMONTE,SCUOLA PRIMARIA,primaria,1,capacita_esaurita_o_oltre_max_km
202425,0.2,42,statale,SCUOLA PRIMARIA,1,FOEE80801P,CASTROCARO DOTT. S. SERRI PINI,CASTROCARO TERME E TERRA DEL S,FORLI'-CESENA,EMILIA ROMAGNA,SCUOLA PRIMARIA,primaria,1,capacita_esaurita_o_oltre_max_km
202425,0.2,42,statale,SCUOLA PRIMARIA,1,MNEE82401E,SCUOLA PRIMARIA COLLODI,SUZZARA,MANTOVA,LOMBARDIA,SCUOLA PRIMARIA,primaria,1,capacita_esaurita_o_oltre_max_km
202425,0.2,42,statale,SCUOLA PRIMARIA,1,PVEE80404N,MEDE,MEDE,PAVIA,LOMBARDIA,SCUOLA PRIMARIA,primaria,1,capacita_esaurita_o_oltre_max_km
202425,0.2,42,statale,SCUOLA PRIMARIA,1,ROEE81606B,E. DE AMICIS - TRECENTA,TRECENTA,ROVIGO,VENETO,SCUOLA PRIMARIA,primaria,1,capacita_esaurita_o_oltre_max_km
202425,0.2,42,statale,SCUOLA PRIMARIA,1,SIEE807056,BALDASSARRE PERUZZI - SOVICILLE,SOVICILLE,SIENA,TOSCANA,SCUOLA PRIMARIA,primaria,1,capacita_esaurita_o_oltre_max_km
202425,0.2,42,statale,SCUOLA PRIMARIA,1,BSEE823036,"BARBARIGA ""A.MANZONI""",BARBARIGA,BRESCIA,LOMBARDIA,SCUOLA PRIMARIA,primaria,1,capacita_esaurita_o_oltre_max_km
202425,0.2,42,statale,SCUOLA PRIMARIA,1,PREE813036,FONTEVIVO CPL,FONTEVIVO,PARMA,EMILIA ROMAGNA,SCUOLA PRIMARIA,primaria,1,capacita_esaurita_o_oltre_max_km
202425,0.2,42,statale,SCUOLA PRIMARIA,1,SSEE80804R,SCUOLA PRIMARIA,TRINITA' D'AGULTU E VIGNOLA,SASSARI,SARDEGNA,SCUOLA PRIMARIA,primaria,1,capacita_esaurita_o_oltre_max_km
202425,0.2,42,statale,SCUOLA PRIMARIA,2,CREE81002C,BORDOLANO-CORTE C. CON CIGNONE,BORDOLANO,CREMONA,LOMBARDIA,SCUOLA PRIMARIA,primaria,2,capacita_esaurita_o_oltre_max_km
202425,0.2,42,statale,SCUOLA PRIMARIA,2,SAEE87206L,AULETTA CAP.,AULETTA,SALERNO,CAMPANIA,SCUOLA PRIMARIA,primaria,2,capacita_esaurita_o_oltre_max_km
202425,0.2,42,statale,SCUOLA PRIMARIA,2,RCEE82907R,DON TEODORO RIGITANO CAMINI,CAMINI,REGGIO CALABRIA,CALABRIA,SCUOLA PRIMARIA,primaria,1,capacita_esaurita_o_oltre_max_km
202425,0.2,42,statale,SCUOLA PRIMARIA,2,GREE81702T,CIV.MARITTIMA,CIVITELLA PAGANICO,GROSSETO,TOSCANA,SCUOLA PRIMARIA,primaria,1,capacita_esaurita_o_oltre_max_km
202425,0.2,42,statale,SCUOLA PRIMARIA,2,CSEE823044,VILLAPIANA - PLATACI CENTRO,PLATACI,COSENZA,CALABRIA,SCUOLA PRIMARIA,primaria,1,capacita_esaurita_o_oltre_max_km
202425,0.2,42,statale,SCUOLA PRIMARIA,2,CSEE84807G,BOCCHIGLIERO - CENTRO,BOCCHIGLIERO,COSENZA,CALABRIA,SCUOLA PRIMARIA,primaria,1,capacita_esaurita_o_oltre_max_km
202425,0.2,42,statale,SCUOLA PRIMARIA,2,SAEE83902R,ANGELO PATRI - AVERSANA,BATTIPAGLIA,SALERNO,CAMPANIA,SCUOLA PRIMARIA,primaria,3,capacita_esaurita_o_oltre_max_km
202425,0.2,42,statale,SCUOLA PRIMARIA,2,PREE83801C,BRUNO FERRARI,LANGHIRANO,PARMA,EMILIA ROMAGNA,SCUOLA PRIMARIA,primaria,1,capacita_esaurita_o_oltre_max_km
202425,0.2,42,statale,SCUOLA PRIMARIA,2,CREE80001R,SCUOLA PRIMARIA SORESINA,SORESINA,CREMONA,LOMBARDIA,SCUOLA PRIMARIA,primaria,8,capacita_esaurita_o_oltre_max_km
202425,0.2,42,statale,SCUOLA PRIMARIA,2,SIEE807045,PRIMARIA MONTICIANO,MONTICIANO,SIENA,TOSCANA,SCUOLA PRIMARIA,primaria,2,capacita_esaurita_o_oltre_max_km
202425,0.2,42,statale,SCUOLA PRIMARIA,2,PZEE874086,"ROCCANOVA ""ZANOTTI BIANCO""",ROCCANOVA,POTENZA,BASILICATA,SCUOLA PRIMARIA,primaria,1,capacita_esaurita_o_oltre_max_km
202425,0.2,42,statale,SCUOLA PRIMARIA,2,VIEE85202V,IC ARSIERO -PEDEMONTE,PEDEMONTE,VICENZA,VENETO,SCUOLA PRIMARIA,primaria,1,capacita_esaurita_o_oltre_max_km
202425,0.2,42,statale,SCUOLA PRIMARIA,2,VCEE805083,"PRIMARIA ""G. ALLIEVO""",SAN GERMANO VERCELLESE,VERCELLI,PIEMONTE,SCUOLA PRIMARIA,primaria,2,capacita_esaurita_o_oltre_max_km
202425,0.2,42,statale,SCUOLA PRIMARIA,2,PSEE811065,MACERATA F. - MONTE GRIMANO,MONTE GRIMANO TERME,PESARO E URBINO,MARCHE,SCUOLA PRIMARIA,primaria,2,capacita_esaurita_o_oltre_max_km
202425,0.2,42,statale,SCUOLA PRIMARIA,2,ROEE81505E,DANTE ALIGHIERI - PAPOZZE,PAPOZZE,ROVIGO,VENETO,SCUOLA PRIMARIA,primaria,1,capacita_esaurita_o_oltre_max_km
202425,0.2,42,statale,SCUOLA PRIMARIA,2,BSEE83202X,SCUOLA PRIMARIA M. SENECI,LUMEZZANE,BRESCIA,LOMBARDIA,SCUOLA PRIMARIA,primaria,3,capacita_esaurita_o_oltre_max_km
202425,0.2,42,statale,SCUOLA PRIMARIA,2,CREE81401P,"""MARIO LODI"" (PIADENA)",PIADENA DRIZZONA,CREMONA,LOMBARDIA,SCUOLA PRIMARIA,primaria,3,capacita_esaurita_o_oltre_max_km
202425,0.2,42,statale,SCUOLA PRIMARIA,2,ATEE81501B,SCUOLA PRIMARIA DI MOMBARUZZO,MOMBARUZZO,ASTI,PIEMONTE,SCUOLA PRIMARIA,primaria,3,capacita_esaurita_o_oltre_max_km
202425,0.2,42,statale,SCUOLA PRIMARIA,2,ATEE81509Q,SCUOLA PRIMARIA DI VESIME,VESIME,ASTI,PIEMONTE,SCUOLA PRIMARIA,primaria,2,capacita_esaurita_o_oltre_max_km
202425,0.2,42,statale,SCUOLA PRIMARIA,2,ROEE80001L,PIAZZA MARCONI G. - CENESELLI,CENESELLI,ROVIGO,VENETO,SCUOLA PRIMARIA,primaria,2,capacita_esaurita_o_oltre_max_km
202425,0.2,42,statale,SCUOLA PRIMARIA,2,SIEE80902P,VIA CASABIANCA,GAIOLE IN CHIANTI,SIENA,TOSCANA,SCUOLA PRIMARIA,primaria,1,capacita_esaurita_o_oltre_max_km
202425,0.2,42,statale,SCUOLA PRIMARIA,2,PVEE801035,PIEVE PORTO MORONE,PIEVE PORTO MORONE,PAVIA,LOMBARDIA,SCUOLA PRIMARIA,primaria,3,capacita_esaurita_o_oltre_max_km
202425,0.2,42,statale,SCUOLA PRIMARIA,2,PCEE81702G,"""TINA PESARO""",CASTEL SAN GIOVANNI,PIACENZA,EMILIA ROMAGNA,SCUOLA PRIMARIA,primaria,5,capacita_esaurita_o_oltre_max_km
202425,0.2,42,statale,SCUOLA PRIMARIA,2,CREE809028,GRONTARDO CAP.,GRONTARDO,CREMONA,LOMBARDIA,SCUOLA PRIMARIA,primaria,1,capacita_esaurita_o_oltre_max_km
202425,0.2,42,statale,SCUOLA PRIMARIA,2,IMEE800039,PIEVE DI TECO,PIEVE DI TECO,IMPERIA,LIGURIA,SCUOLA PRIMARIA,primaria,2,capacita_esaurita_o_oltre_max_km
202425,0.2,42,statale,SCUOLA PRIMARIA,2,BGEE85902B,SCUOLA PRIMARIA CAP,MARTINENGO,BERGAMO,LOMBARDIA,SCUOLA PRIMARIA,primaria,8,capacita_esaurita_o_oltre_max_km
202425,0.2,42,statale,SCUOLA PRIMARIA,2,GREE817073,"SCANSANO CAP. -""UMBERTO I""",SCANSANO,GROSSETO,TOSCANA,SCUOLA PRIMARIA,primaria,2,capacita_esaurita_o_oltre_max_km
202425,0.2,42,statale,SCUOLA PRIMARIA,2,PCEE814035,SCUOLA PRIMARIA GROPPARELLO,GROPPARELLO,PIACENZA,EMILIA ROMAGNA,SCUOLA PRIMARIA,primaria,1,capacita_esaurita_o_oltre_max_km
202425,0.2,42,statale,SCUOLA PRIMARIA,2,FEEE824014,"""MARIA MONTESSORI"" - PORTOMAGGI",PORTOMAGGIORE,FERRARA,EMILIA ROMAGNA,SCUOLA PRIMARIA,primaria,8,capacita_esaurita_o_oltre_max_km
202425,0.2,42,statale,SCUOLA PRIMARIA,2,FIEE826046,"""DOMENICO GIULIOTTI"" -CAPOLUOGO",GREVE IN CHIANTI,FIRENZE,TOSCANA,SCUOLA PRIMARIA,primaria,6,capacita_esaurita_o_oltre_max_km
202425,0.2,42,statale,SCUOLA PRIMARIA,2,MOEE04009E,"""G. PASCOLI"" - S.M. SPINO",MIRANDOLA,MODENA,EMILIA ROMAGNA,SCUOLA PRIMARIA,primaria,2,capacita_esaurita_o_oltre_max_km
202425,0.2,42,statale,SCUOLA PRIMARIA,2,CREE81601A,"""G. MARCONI""(CASALMAGGIORE CAP)",CASALMAGGIORE,CREMONA,LOMBARDIA,SCUOLA PRIMARIA,primaria,1,capacita_esaurita_o_oltre_max_km
202425,0.2,42,statale,SCUOLA PRIMARIA,2,GREE81101T,"CASTELDELPIANO CAP.""L.SANTUCCI""",CASTEL DEL PIANO,GROSSETO,TOSCANA,SCUOLA PRIMARIA,primaria,3,capacita_esaurita_o_oltre_max_km
202425,0.2,42,statale,SCUOLA PRIMARIA,2,CREE81501E,PIEVE S.GIACOMO CAP.,PIEVE SAN GIACOMO,CREMONA,LOMBARDIA,SCUOLA PRIMARIA,primaria,1,capacita_esaurita_o_oltre_max_km
202425,0.2,42,statale,SCUOLA PRIMARIA,2,ALEE839053,"ALESSANDRIA ""A.MORBELLI""",ALESSANDRIA,ALESSANDRIA,PIEMONTE,SCUOLA PRIMARIA,primaria,3,capacita_esaurita_o_oltre_max_km
202425,0.2,42,statale,SCUOLA PRIMARIA,2,MNEE822031,SC.PRIMARIA DI FELONICA,SERMIDE E FELONICA,MANTOVA,LOMBARDIA,SCUOLA PRIMARIA,primaria,2,capacita_esaurita_o_oltre_max_km
202425,0.2,42,statale,SCUOLA PRIMARIA,2,BOEE840039,TOLE',VERGATO,BOLOGNA,EMILIA ROMAGNA,SCUOLA PRIMARIA,primaria,3,capacita_esaurita_o_oltre_max_km
202425,0.2,42,statale,SCUOLA PRIMARIA,2,PREE820039,ROMAGNOSI,SALSOMAGGIORE TERME,PARMA,EMILIA ROMAGNA,SCUOLA PRIMARIA,primaria,1,capacita_esaurita_o_oltre_max_km
202425,0.2,42,statale,SCUOLA PRIMARIA,2,MOEE06001B,"""G.MAZZINI"" VIGNOLA",VIGNOLA,MODENA,EMILIA ROMAGNA,SCUOLA PRIMARIA,primaria,5,capacita_esaurita_o_oltre_max_km
202425,0.2,42,statale,SCUOLA PRIMARIA,2,PVEE83203R,MARAZZANI,VIGEVANO,PAVIA,LOMBARDIA,SCUOLA PRIMARIA,primaria,1,capacita_esaurita_o_oltre_max_km
202425,0.2,42,statale,SCUOLA PRIMARIA,2,BOEE80501X,DE AMICIS IC SAN P. IN CASALE,SAN PIETRO IN CASALE,BOLOGNA,EMILIA ROMAGNA,SCUOLA PRIMARIA,primaria,1,capacita_esaurita_o_oltre_max_km
202425,0.2,42,statale,SCUOLA PRIMARIA,2,BGEE84402N,"""PAPA GIOV.XXIII"" FONTANELLA",FONTANELLA,BERGAMO,LOMBARDIA,SCUOLA PRIMARIA,primaria,2,capacita_esaurita_o_oltre_max_km
202425,0.2,42,statale,SCUOLA PRIMARIA,2,BOEE80904A,GRAZIA DELEDDA,CASALFIUMANESE,BOLOGNA,EMILIA ROMAGNA,SCUOLA PRIMARIA,primaria,1,capacita_esaurita_o_oltre_max_km
202425,0.2,42,statale,SCUOLA PRIMARIA,2,GEEE81504L,S.EL. DI ROVEGNO,ROVEGNO,GENOVA,LIGURIA,SCUOLA PRIMARIA,primaria,1,capacita_esaurita_o_oltre_max_km
202425,0.2,42,statale,SCUOLA PRIMARIA,2,NOEE814065,VICOLUNGO,VICOLUNGO,NOVARA,PIEMONTE,SCUOLA PRIMARIA,primaria,3,capacita_esaurita_o_oltre_max_km
202425,0.2,42,statale,SCUOLA PRIMARIA,2,PGEE80702R,PRECI,PRECI,PERUGIA,UMBRIA,SCUOLA PRIMARIA,primaria,1,capacita_esaurita_o_oltre_max_km
202425,0.2,42,statale,SCUOLA PRIMARIA,2,PGEE82804X,"""A. FRANK"" - VALTOPINA",VALTOPINA,PERUGIA,UMBRIA,SCUOLA PRIMARIA,primaria,1,capacita_esaurita_o_oltre_max_km
202425,0.2,42,statale,SCUOLA PRIMARIA,2,RGEE80202B,LEONARDO SCIASCIA,VITTORIA,RAGUSA,SICILIA,SCUOLA PRIMARIA,primaria,4,capacita_esaurita_o_oltre_max_km
202425,0.2,42,statale,SCUOLA PRIMARIA,2,PREE07501C,DE AMICIS,FIDENZA,PARMA,EMILIA ROMAGNA,SCUOLA PRIMARIA,primaria,5,capacita_esaurita_o_oltre_max_km
202425,0.2,42,statale,SCUOLA PRIMARIA,2,PVEE821029,BRONI - PAOLO BAFFI,BRONI,PAVIA,LOMBARDIA,SCUOLA PRIMARIA,primaria,5,capacita_esaurita_o_oltre_max_km
202425,0.2,42,statale,SCUOLA PRIMARIA,2,RGEE81402N,FALCONE BORSELLINO,SANTA CROCE CAMERINA,RAGUSA,SICILIA,SCUOLA PRIMARIA,primaria,4,capacita_esaurita_o_oltre_max_km
202425,0.2,42,statale,SCUOLA PRIMARIA,2,FEEE80001G,"""C.DELLA SALA""-PONTELAGOSCURO",FERRARA,FERRARA,EMILIA ROMAGNA,SCUOLA PRIMARIA,primaria,2,capacita_esaurita_o_oltre_max_km
202425,0.2,42,statale,SCUOLA PRIMARIA,2,MOEE81903T,"""P.GIANNONE"" CAMPOSANTO",CAMPOSANTO,MODENA,EMILIA ROMAGNA,SCUOLA PRIMARIA,primaria,1,capacita_esaurita_o_oltre_max_km
202425,0.2,42,statale,SCUOLA PRIMARIA,2,PREE84001C,"""COLLODI""",FIDENZA,PARMA,EMILIA ROMAGNA,SCUOLA PRIMARIA,primaria,4,capacita_esaurita_o_oltre_max_km
202425,0.2,42,statale,SCUOLA PRIMARIA,2,RAEE81201X,CORSO MATTEOTTI,ALFONSINE,RAVENNA,EMILIA ROMAGNA,SCUOLA PRIMARIA,primaria,2,capacita_esaurita_o_oltre_max_km
202425,0.2,42,statale,SCUOLA PRIMARIA,2,MNEE82004A,"REVERE ""DON B. GRAZIOLI""",BORGO MANTOVANO,MANTOVA,LOMBARDIA,SCUOLA PRIMARIA,primaria,3,capacita_esaurita_o_oltre_max_km
202425,0.2,42,statale,SCUOLA PRIMARIA,2,PIEE824049,CAPPELLINI,CASTELNUOVO DI VAL DI CECINA,PISA,TOSCANA,SCUOLA PRIMARIA,primaria,1,capacita_esaurita_o_oltre_max_km
202425,0.2,42,statale,SCUOLA PRIMARIA,2,LOEE80901G,PRIMARIA F. SCOTTI - CASALPUST.,CASALPUSTERLENGO,LODI,LOMBARDIA,SCUOLA PRIMARIA,primaria,6,capacita_esaurita_o_oltre_max_km
202425,0.2,42,statale,SCUOLA PRIMARIA,2,VREE85704C,BONFERRARO-MARCONI G.,SORGA',VERONA,VENETO,SCUOLA PRIMARIA,primaria,1,capacita_esaurita_o_oltre_max_km
202425,0.2,42,statale,SCUOLA PRIMARIA,2,ALEE83602C,"ACQUI TERME ""G.SARACCO""",ACQUI TERME,ALESSANDRIA,PIEMONTE,SCUOLA PRIMARIA,primaria,4,capacita_esaurita_o_oltre_max_km
202425,0.2,42,statale,SCUOLA PRIMARIA,2,CREE804036,BECCADELLO,CASTELLEONE,CREMONA,LOMBARDIA,SCUOLA PRIMARIA,primaria,3,capacita_esaurita_o_oltre_max_km
202425,0.2,42,statale,SCUOLA PRIMARIA,2,CREE809039,PESCAROLO ED UNITI CAP.,PESCAROLO ED UNITI,CREMONA,LOMBARDIA,SCUOLA PRIMARIA,primaria,1,capacita_esaurita_o_oltre_max_km
202425,0.2,42,statale,SCUOLA PRIMARIA,2,BGEE898022,"ROMANO DI LOMBARDIA ""G.PASCOLI""",ROMANO DI LOMBARDIA,BERGAMO,LOMBARDIA,SCUOLA PRIMARIA,primaria,3,capacita_esaurita_o_oltre_max_km
202425,0.2,42,statale,SCUOLA PRIMARIA,2,BGEE898033,"ROMANO DI LOMBARDIA ""STADIO""",ROMANO DI LOMBARDIA,BERGAMO,LOMBARDIA,SCUOLA PRIMARIA,primaria,1,capacita_esaurita_o_oltre_max_km
202425,0.2,42,statale,SCUOLA PRIMARIA,2,MNEE83801C,VIADANA,VIADANA,MANTOVA,LOMBARDIA,SCUOLA PRIMARIA,primaria,4,capacita_esaurita_o_oltre_max_km
202425,0.2,42,statale,SCUOLA PRIMARIA,2,PVEE81701L,MORTARA,MORTARA,PAVIA,LOMBARDIA,SCUOLA PRIMARIA,primaria,4,capacita_esaurita_o_oltre_max_km
202425,0.2,42,statale,SCUOLA PRIMARIA,2,ALEE809046,DON GIOVANNI BISIO - CARPENETO,CARPENETO,ALESSANDRIA,PIEMONTE,SCUOLA PRIMARIA,primaria,2,capacita_esaurita_o_oltre_max_km
202425,0.2,42,statale,SCUOLA PRIMARIA,2,FEEE825021,VIA MONTESSORI-BERRA,RIVA DEL PO,FERRARA,EMILIA ROMAGNA,SCUOLA PRIMARIA,primaria,1,capacita_esaurita_o_oltre_max_km
202425,0.2,42,statale,SCUOLA PRIMARIA,2,GREE81703V,CAMPAGNATICO CAPOLUOGO,CAMPAGNATICO,GROSSETO,TOSCANA,SCUOLA PRIMARIA,primaria,1,capacita_esaurita_o_oltre_max_km
202425,0.2,42,statale,SCUOLA PRIMARIA,2,MOEE04514X,"""UGO FOSCOLO"" BUDRIA",PAVULLO NEL FRIGNANO,MODENA,EMILIA ROMAGNA,SCUOLA PRIMARIA,primaria,3,capacita_esaurita_o_oltre_max_km
202425,0.2,42,statale,SCUOLA PRIMARIA,2,PVEE82601B,DE AMICIS VOGHERA,VOGHERA,PAVIA,LOMBARDIA,SCUOLA PRIMARIA,primaria,2,capacita_esaurita_o_oltre_max_km
202425,0.2,42,statale,SCUOLA PRIMARIA,2,TVEE81602C,SCUOLA PRIMARIA ANGELO COLOMBO,CASTELFRANCO VENETO,TREVISO,VENETO,SCUOLA PRIMARIA,primaria,1,capacita_esaurita_o_oltre_max_km
202425,0.2,42,statale,SCUOLA PRIMARIA,2,PVEE827017,DANTE ALIGHIERI - VOGHERA,VOGHERA,PAVIA,LOMBARDIA,SCUOLA PRIMARIA,primaria,1,capacita_esaurita_o_oltre_max_km
202425,0.2,42,statale,SCUOLA PRIMARIA,2,BOEE840017,XXV APRILE 1945 - I.C. VERGATO,VERGATO,BOLOGNA,EMILIA ROMAGNA,SCUOLA PRIMARIA,primaria,1,capacita_esaurita_o_oltre_max_km
202425,0.2,42,statale,SCUOLA PRIMARIA,2,MOEE83501N,"""E.CASTELFRANCHI"" FINALE E.",FINALE EMILIA,MODENA,EMILIA ROMAGNA,SCUOLA PRIMARIA,primaria,3,capacita_esaurita_o_oltre_max_km
202425,0.2,42,statale,SCUOLA PRIMARIA,2,NOEE81401X,BIANDRATE,BIANDRATE,NOVARA,PIEMONTE,SCUOLA PRIMARIA,primaria,1,capacita_esaurita_o_oltre_max_km
202425,0.2,42,statale,SCUOLA PRIMARIA,2,PVEE808096,VALLE LOMELLINA,VALLE LOMELLINA,PAVIA,LOMBARDIA,SCUOLA PRIMARIA,primaria,2,capacita_esaurita_o_oltre_max_km
202425,0.2,42,statale,SCUOLA PRIMARIA,2,BSEE84803E,"SCUOLA ELEMENTARE""V.CHIZZOLINI""",ISORELLA,BRESCIA,LOMBARDIA,SCUOLA PRIMARIA,primaria,1,capacita_esaurita_o_oltre_max_km
202425,0.2,42,statale,SCUOLA PRIMARIA,2,MOEE045019,"""E. DE AMICIS"" PAVULLO",PAVULLO NEL FRIGNANO,MODENA,EMILIA ROMAGNA,SCUOLA PRIMARIA,primaria,1,capacita_esaurita_o_oltre_max_km
202425,0.2,42,statale,SCUOLA PRIMARIA,2,REEE813016,CAMPAGNOLA CAP.,CAMPAGNOLA EMILIA,REGGIO EMILIA,EMILIA ROMAGNA,SCUOLA PRIMARIA,primaria,2,capacita_esaurita_o_oltre_max_km
202425,0.2,42,statale,SCUOLA PRIMARIA,2,SSEE80804R,SCUOLA PRIMARIA,TRINITA' D'AGULTU E VIGNOLA,SASSARI,SARDEGNA,SCUOLA PRIMARIA,primaria,1,capacita_esaurita_o_oltre_max_km
202425,0.2,42,statale,SCUOLA PRIMARIA,2,RAEE81802X,"""GINNASI ALESSANDRO""",CASTEL BOLOGNESE,RAVENNA,EMILIA ROMAGNA,SCUOLA PRIMARIA,primaria,2,capacita_esaurita_o_oltre_max_km
202425,0.2,42,statale,SCUOLA PRIMARIA,2,GREE82101C,"MANCIANO CAPOLUOGO -""P.ALDI""",MANCIANO,GROSSETO,TOSCANA,SCUOLA PRIMARIA,primaria,2,capacita_esaurita_o_oltre_max_km
202425,0.2,42,statale,SCUOLA PRIMARIA,2,MOEE83502P,"""C.A. DALLA CHIESA "" MASSA FIN.",FINALE EMILIA,MODENA,EMILIA ROMAGNA,SCUOLA PRIMARIA,primaria,3,capacita_esaurita_o_oltre_max_km
202425,0.2,42,statale,SCUOLA PRIMARIA,2,PIEE824027,PELLICO,POMARANCE,PISA,TOSCANA,SCUOLA PRIMARIA,primaria,1,capacita_esaurita_o_oltre_max_km
202425,0.2,42,statale,SCUOLA PRIMARIA,2,ALEE825011,"ALESSANDRIA ""G.GALILEI""",ALESSANDRIA,ALESSANDRIA,PIEMONTE,SCUOLA PRIMARIA,primaria,3,capacita_esaurita_o_oltre_max_km
202425,0.2,42,statale,SCUOLA PRIMARIA,2,ATEE81503D,SCUOLA PRIMARIA DI CASTELNUOVO,CASTELNUOVO BELBO,ASTI,PIEMONTE,SCUOLA PRIMARIA,primaria,1,capacita_esaurita_o_oltre_max_km
202425,0.2,42,statale,SCUOLA PRIMARIA,2,PVEE80405P,PIEVE DEL CAIRO,PIEVE DEL CAIRO,PAVIA,LOMBARDIA,SCUOLA PRIMARIA,primaria,1,capacita_esaurita_o_oltre_max_km
202425,0.2,42,statale,SCUOLA PRIMARIA,2,REEE82901Q,FABBRICO CAP.,FABBRICO,REGGIO EMILIA,EMILIA ROMAGNA,SCUOLA PRIMARIA,primaria,1,capacita_esaurita_o_oltre_max_km
202425,0.2,42,statale,SCUOLA PRIMARIA,2,RAEE808018,"""FORESTI F.""",CONSELICE,RAVENNA,EMILIA ROMAGNA,SCUOLA PRIMARIA,primaria,2,capacita_esaurita_o_oltre_max_km
202425,0.2,42,statale,SCUOLA PRIMARIA,2,PVEE800017,SC. PRIM. S. MARIA DELLA VERSA,SANTA MARIA DELLA VERSA,PAVIA,LOMBARDIA,SCUOLA PRIMARIA,primaria,3,capacita_esaurita_o_oltre_max_km
202425,0.2,42,statale,SCUOLA PRIMARIA,2,FEEE802017,"""C.BATTISTI""-BONDENO",BONDENO,FERRARA,EMILIA ROMAGNA,SCUOLA PRIMARIA,primaria,3,capacita_esaurita_o_oltre_max_km
202425,0.2,42,statale,SCUOLA PRIMARIA,2,PREE822031,POLESINE - ZIBELLO,POLESINE ZIBELLO,PARMA,EMILIA ROMAGNA,SCUOLA PRIMARIA,primaria,1,capacita_esaurita_o_oltre_max_km
202425,0.2,42,statale,SCUOLA PRIMARIA,2,BOEE84801T,A. E V. DIODATO IC MONTERENZIO,MONTERENZIO,BOLOGNA,EMILIA ROMAGNA,SCUOLA PRIMARIA,primaria,1,capacita_esaurita_o_oltre_max_km
202425,0.2,42,statale,SCUOLA PRIMARIA,2,LOEE80902L,PRIMARIA F. BONACCORSI - ZORLES,CASALPUSTERLENGO,LODI,LOMBARDIA,SCUOLA PRIMARIA,primaria,1,capacita_esaurita_o_oltre_max_km
202425,0.2,42,statale,SCUOLA PRIMARIA,2,PSEE808025,APECCHIO - CAP.GO,APECCHIO,PESARO E URBINO,MARCHE,SCUOLA PRIMARIA,primaria,1,capacita_esaurita_o_oltre_max_km
202425,0.2,42,statale,SCUOLA PRIMARIA,2,RAEE816017,"""G. PASCOLI"" - RIOLO TERME",RIOLO TERME,RAVENNA,EMILIA ROMAGNA,SCUOLA PRIMARIA,primaria,3,capacita_esaurita_o_oltre_max_km
202425,0.2,42,statale,SCUOLA PRIMARIA,2,MNEE80302E,CASTEL GOFFREDO,CASTEL GOFFREDO,MANTOVA,LOMBARDIA,SCUOLA PRIMARIA,primaria,4,capacita_esaurita_o_oltre_max_km
202425,0.2,42,statale,SCUOLA PRIMARIA,2,AQEE815016,PIZZOLI CAP.,PIZZOLI,L'AQUILA,ABRUZZO,SCUOLA PRIMARIA,primaria,1,capacita_esaurita_o_oltre_max_km
202425,0.2,42,statale,SCUOLA PRIMARIA,2,MNEE818017,ROVERBELLA,ROVERBELLA,MANTOVA,LOMBARDIA,SCUOLA PRIMARIA,primaria,2,capacita_esaurita_o_oltre_max_km
202425,0.2,42,statale,SCUOLA PRIMARIA,2,VCEE80002N,TRINO CAPOLUOGO,TRINO,VERCELLI,PIEMONTE,SCUOLA PRIMARIA,primaria,1,capacita_esaurita_o_oltre_max_km
202425,0.2,42,statale,SCUOLA PRIMARIA,2,PCEE81801A,FIORENZUOLA - CAPOLUOGO,FIORENZUOLA D'ARDA,PIACENZA,EMILIA ROMAGNA,SCUOLA PRIMARIA,primaria,2,capacita_esaurita_o_oltre_max_km
202425,0.2,42,statale,SCUOLA PRIMARIA,2,MNEE821013,SCUOLA PRIMARIA QUISTELLO,QUISTELLO,MANTOVA,LOMBARDIA,SCUOLA PRIMARIA,primaria,1,capacita_esaurita_o_oltre_max_km
202425,0.2,42,statale,SCUOLA PRIMARIA,2,PCEE80801Q,BORGONOVO - CAPOLUOGO,BORGONOVO VAL TIDONE,PIACENZA,EMILIA ROMAGNA,SCUOLA PRIMARIA,primaria,2,capacita_esaurita_o_oltre_max_km
202425,0.2,42,statale,SCUOLA PRIMARIA,2,FEEE82603T,"""G.GONELLI""-MIRABELLO",TERRE DEL RENO,FERRARA,EMILIA ROMAGNA,SCUOLA PRIMARIA,primaria,1,capacita_esaurita_o_oltre_max_km
202425,0.2,42,statale,SCUOLA PRIMARIA,2,GREE81902D,PRIMARIA RIBOLLA,ROCCASTRADA,GROSSETO,TOSCANA,SCUOLA PRIMARIA,primaria,1,capacita_esaurita_o_oltre_max_km
202425,0.2,42,statale,SCUOLA PRIMARIA,2,ATEE81003A,SCUOLA PRIMARIA MONALE,MONALE,ASTI,PIEMONTE,SCUOLA PRIMARIA,primaria,1,capacita_esaurita_o_oltre_max_km
202425,0.2,42,statale,SCUOLA PRIMARIA,2,PVEE83101V,VIG.VIALE LIBERTA' - DE AMICIS,VIGEVANO,PAVIA,LOMBARDIA,SCUOLA PRIMARIA,primaria,2,capacita_esaurita_o_oltre_max_km
202425,0.2,42,statale,SCUOLA PRIMARIA,2,MNEE81002N,PRIMARIA BAGNOLO SAN VITO,BAGNOLO SAN VITO,MANTOVA,LOMBARDIA,SCUOLA PRIMARIA,primaria,1,capacita_esaurita_o_oltre_max_km
202425,0.2,42,statale,SCUOLA PRIMARIA,2,PREE812018,BORGOTARO V. MONTEGRAPPA,BORGO VAL DI TARO,PARMA,EMILIA ROMAGNA,SCUOLA PRIMARIA,primaria,1,capacita_esaurita_o_oltre_max_km
202425,0.2,42,statale,SCUOLA PRIMARIA,2,RAEE80604Q,PASCOLI G. S.AGATA SUL SANTERNO,SANT'AGATA SUL SANTERNO,RAVENNA,EMILIA ROMAGNA,SCUOLA PRIMARIA,primaria,1,capacita_esaurita_o_oltre_max_km
202425,0.2,42,statale,SCUOLA PRIMARIA,2,RAEE82101P,LUIGI BATTAGLIA,FUSIGNANO,RAVENNA,EMILIA ROMAGNA,SCUOLA PRIMARIA,primaria,1,capacita_esaurita_o_oltre_max_km
202425,0.2,42,statale,SCUOLA PRIMARIA,2,ROEE80003P,PANZACCHI ENRICO - CASTELMASSA,CASTELMASSA,ROVIGO,VENETO,SCUOLA PRIMARIA,primaria,1,capacita_esaurita_o_oltre_max_km
202425,0.2,42,statale,SCUOLA PRIMARIA,2,AQEE82606T,SC.PRIM. CASTELVECCHIO SUBEQUO,CASTELVECCHIO SUBEQUO,L'AQUILA,ABRUZZO,SCUOLA PRIMARIA,primaria,1,capacita_esaurita_o_oltre_max_km
202425,0.2,42,statale,SCUOLA PRIMARIA,2,ATEE81005C,SCUOLA PRIMARIA VILLAFRANCA,VILLAFRANCA D'ASTI,ASTI,PIEMONTE,SCUOLA PRIMARIA,primaria,1,capacita_esaurita_o_oltre_max_km
202425,0.2,42,statale,SCUOLA PRIMARIA,2,CNEE81104E,SAN MICHELE MONDOVI',SAN MICHELE MONDOVI',CUNEO,PIEMONTE,SCUOLA PRIMARIA,primaria,1,capacita_esaurita_o_oltre_max_km
202425,0.2,42,statale,SCUOLA PRIMARIA,2,GREE817062,MONTICELLO AMIATA PRIMARIA,CINIGIANO,GROSSETO,TOSCANA,SCUOLA PRIMARIA,primaria,1,capacita_esaurita_o_oltre_max_km
202425,0.2,42,statale,SCUOLA PRIMARIA,2,GREE82503T,"""C.PISACANE"" GIGLIO",ISOLA DEL GIGLIO,GROSSETO,TOSCANA,SCUOLA PRIMARIA,primaria,1,capacita_esaurita_o_oltre_max_km
202425,0.2,42,statale,SCUOLA PRIMARIA,2,GREE829024,"ROSELLE - ""M.VERGARI""",GROSSETO,GROSSETO,TOSCANA,SCUOLA PRIMARIA,primaria,1,capacita_esaurita_o_oltre_max_km
202425,0.2,42,statale,SCUOLA PRIMARIA,2,MCEE806065,A. ARMANDO,SANT'ANGELO IN PONTANO,MACERATA,MARCHE,SCUOLA PRIMARIA,primaria,1,capacita_esaurita_o_oltre_max_km
202425,0.2,42,statale,SCUOLA PRIMARIA,2,MCEE80903D,G. LEOPARDI,SERRAVALLE DI CHIENTI,MACERATA,MARCHE,SCUOLA PRIMARIA,primaria,1,capacita_esaurita_o_oltre_max_km
202425,0.2,42,statale,SCUOLA PRIMARIA,2,PGEE80801G,I.C. VALFABBRICA G.TOFANETTI,VALFABBRICA,PERUGIA,UMBRIA,SCUOLA PRIMARIA,primaria,1,capacita_esaurita_o_oltre_max_km
202425,0.2,42,statale,SCUOLA PRIMARIA,2,PGEE83103P,SCOPOLI - VERCHIANO - CASENOVE,FOLIGNO,PERUGIA,UMBRIA,SCUOLA PRIMARIA,primaria,1,capacita_esaurita_o_oltre_max_km
202425,0.2,42,statale,SCUOLA PRIMARIA,2,PREE81606R,PALANZANO,PALANZANO,PARMA,EMILIA ROMAGNA,SCUOLA PRIMARIA,primaria,1,capacita_esaurita_o_oltre_max_km
202425,0.2,42,statale,SCUOLA PRIMARIA,2,PVEE80006C,SC. PRIM. COLLI VERDI,COLLI VERDI,PAVIA,LOMBARDIA,SCUOLA PRIMARIA,primaria,1,capacita_esaurita_o_oltre_max_km
202425,0.2,42,statale,SCUOLA PRIMARIA,2,SAEE8BM09A,CORLETO MONFORTE CAP. P.P.,CORLETO MONFORTE,SALERNO,CAMPANIA,SCUOLA PRIMARIA,primaria,1,capacita_esaurita_o_oltre_max_km
202425,0.2,42,statale,SCUOLA PRIMARIA,2,SIEE828024,VIA MARCONI,RADICONDOLI,SIENA,TOSCANA,SCUOLA PRIMARIA,primaria,1,capacita_esaurita_o_oltre_max_km
202425,0.2,42,statale,SCUOLA PRIMARIA,2,MOEE83601D,EDMONDO DE AMICIS,MARANO SUL PANARO,MODENA,EMILIA ROMAGNA,SCUOLA PRIMARIA,primaria,2,capacita_esaurita_o_oltre_max_km
202425,0.2,42,statale,SCUOLA PRIMARIA,2,PCEE806036,"""L.TONCINI""",CAORSO,PIACENZA,EMILIA ROMAGNA,SCUOLA PRIMARIA,primaria,1,capacita_esaurita_o_oltre_max_km
202425,0.2,42,statale,SCUOLA PRIMARIA,2,BSEE849018,SCUOLA PRIMARIA CAPOLUOGO,CARPENEDOLO,BRESCIA,LOMBARDIA,SCUOLA PRIMARIA,primaria,1,capacita_esaurita_o_oltre_max_km
202425,0.2,42,statale,SCUOLA PRIMARIA,2,RGEE832016,ACATE CENTRALE,ACATE,RAGUSA,SICILIA,SCUOLA PRIMARIA,primaria,1,capacita_esaurita_o_oltre_max_km
202425,0.2,42,statale,SCUOLA PRIMARIA,2,CREE81301V,""" A. MINA "" (GUSSOLA)",GUSSOLA,CREMONA,LOMBARDIA,SCUOLA PRIMARIA,primaria,1,capacita_esaurita_o_oltre_max_km
202425,0.2,42,statale,SCUOLA PRIMARIA,2,PVEE808063,CANDIA LOMELLINA,CANDIA LOMELLINA,PAVIA,LOMBARDIA,SCUOLA PRIMARIA,primaria,1,capacita_esaurita_o_oltre_max_km
202425,0.2,42,statale,SCUOLA PRIMARIA,2,FEEE825043,VIA.L.BENETTI-RO FERRARESE,RIVA DEL PO,FERRARA,EMILIA ROMAGNA,SCUOLA PRIMARIA,primaria,1,capacita_esaurita_o_oltre_max_km
202425,0.2,42,statale,SCUOLA PRIMARIA,2,MNEE81505X,"CASTELDARIO ""G. CARDUCCI""",CASTEL D'ARIO,MANTOVA,LOMBARDIA,SCUOLA PRIMARIA,primaria,1,capacita_esaurita_o_oltre_max_km
202425,0.2,42,statale,SCUOLA PRIMARIA,3,NUEE871019,"DORGALI - ""G.M.GISELLU""",DORGALI,NUORO,SARDEGNA,SCUOLA PRIMARIA,primaria,4,capacita_esaurita_o_oltre_max_km
202425,0.2,42,statale,SCUOLA PRIMARIA,3,CREE80001R,SCUOLA PRIMARIA SORESINA,SORESINA,CREMONA,LOMBARDIA,SCUOLA PRIMARIA,primaria,9,capacita_esaurita_o_oltre_max_km
202425,0.2,42,statale,SCUOLA PRIMARIA,3,NUEE87102A,DORGALI - VIA FRATELLI CERVI,DORGALI,NUORO,SARDEGNA,SCUOLA PRIMARIA,primaria,4,capacita_esaurita_o_oltre_max_km
202425,0.2,42,statale,SCUOLA PRIMARIA,3,PVEE801057,CORTEOLONA E GENZONE,CORTEOLONA E GENZONE,PAVIA,LOMBARDIA,SCUOLA PRIMARIA,primaria,9,capacita_esaurita_o_oltre_max_km
202425,0.2,42,statale,SCUOLA PRIMARIA,3,GREE815059,PRATA,MASSA MARITTIMA,GROSSETO,TOSCANA,SCUOLA PRIMARIA,primaria,1,capacita_esaurita_o_oltre_max_km
202425,0.2,42,statale,SCUOLA PRIMARIA,3,FOEE80804T,PORTICO DI R. - A.TRAVERSARI,PORTICO E SAN BENEDETTO,FORLI'-CESENA,EMILIA ROMAGNA,SCUOLA PRIMARIA,primaria,1,capacita_esaurita_o_oltre_max_km
202425,0.2,42,statale,SCUOLA PRIMARIA,3,VCEE81506G,SCUOLA PRIMARIA DI ROVASENDA,ROVASENDA,VERCELLI,PIEMONTE,SCUOLA PRIMARIA,primaria,1,capacita_esaurita_o_oltre_max_km
202425,0.2,42,statale,SCUOLA PRIMARIA,3,MNEE830041,SAN MATTEO DELLE CHIAVICHE,VIADANA,MANTOVA,LOMBARDIA,SCUOLA PRIMARIA,primaria,1,capacita_esaurita_o_oltre_max_km
202425,0.2,42,statale,SCUOLA PRIMARIA,3,PREE83801C,BRUNO FERRARI,LANGHIRANO,PARMA,EMILIA ROMAGNA,SCUOLA PRIMARIA,primaria,3,capacita_esaurita_o_oltre_max_km
202425,0.2,42,statale,SCUOLA PRIMARIA,3,VEEE870014,F. GRIMANI-MARGHERA,VENEZIA,VENEZIA,VENETO,SCUOLA PRIMARIA,primaria,1,capacita_esaurita_o_oltre_max_km
202425,0.2,42,statale,SCUOLA PRIMARIA,3,BSEE816044,PRIMARIA CRISPI BRESCIA,BRESCIA,BRESCIA,LOMBARDIA,SCUOLA PRIMARIA,primaria,4,capacita_esaurita_o_oltre_max_km
202425,0.2,42,statale,SCUOLA PRIMARIA,3,ATEE81507N,SCUOLA PRIMARIA LOAZZOLO CAP.,LOAZZOLO,ASTI,PIEMONTE,SCUOLA PRIMARIA,primaria,1,capacita_esaurita_o_oltre_max_km
202425,0.2,42,statale,SCUOLA PRIMARIA,3,ROEE80001L,PIAZZA MARCONI G. - CENESELLI,CENESELLI,ROVIGO,VENETO,SCUOLA PRIMARIA,primaria,1,capacita_esaurita_o_oltre_max_km
202425,0.2,42,statale,SCUOLA PRIMARIA,3,GREE815015,BOCCHEGGIANO,MONTIERI,GROSSETO,TOSCANA,SCUOLA PRIMARIA,primaria,1,capacita_esaurita_o_oltre_max_km
202425,0.2,42,statale,SCUOLA PRIMARIA,3,PCEE80506D,VILLANOVA SULL'ARDA-CAPOLUOGO,VILLANOVA SULL'ARDA,PIACENZA,EMILIA ROMAGNA,SCUOLA PRIMARIA,primaria,1,capacita_esaurita_o_oltre_max_km
202425,0.2,42,statale,SCUOLA PRIMARIA,3,PCEE00403G,DUE GIUGNO,PIACENZA,PIACENZA,EMILIA ROMAGNA,SCUOLA PRIMARIA,primaria,2,capacita_esaurita_o_oltre_max_km
202425,0.2,42,statale,SCUOLA PRIMARIA,3,VREE857019,"NOGARA ""DON G. CALABRIA""",NOGARA,VERONA,VENETO,SCUOLA PRIMARIA,primaria,5,capacita_esaurita_o_oltre_max_km
202425,0.2,42,statale,SCUOLA PRIMARIA,3,FEEE824014,"""MARIA MONTESSORI"" - PORTOMAGGI",PORTOMAGGIORE,FERRARA,EMILIA ROMAGNA,SCUOLA PRIMARIA,primaria,5,capacita_esaurita_o_oltre_max_km
202425,0.2,42,statale,SCUOLA PRIMARIA,3,MOEE06001B,"""G.MAZZINI"" VIGNOLA",VIGNOLA,MODENA,EMILIA ROMAGNA,SCUOLA PRIMARIA,primaria,3,capacita_esaurita_o_oltre_max_km
202425,0.2,42,statale,SCUOLA PRIMARIA,3,BIEE812041,CASTELLETTO CERVO,CASTELLETTO CERVO,BIELLA,PIEMONTE,SCUOLA PRIMARIA,primaria,1,capacita_esaurita_o_oltre_max_km
202425,0.2,42,statale,SCUOLA PRIMARIA,3,MNEE83905C,PRIMARIA BELFORTE,GAZZUOLO,MANTOVA,LOMBARDIA,SCUOLA PRIMARIA,primaria,1,capacita_esaurita_o_oltre_max_km
202425,0.2,42,statale,SCUOLA PRIMARIA,3,LOEE80903N,PRIMARIA ROSOLINO ANDENA-CASALP,CASALPUSTERLENGO,LODI,LOMBARDIA,SCUOLA PRIMARIA,primaria,1,capacita_esaurita_o_oltre_max_km
202425,0.2,42,statale,SCUOLA PRIMARIA,3,COEE84804T,CAMPIONE D'ITALIA,CAMPIONE D'ITALIA,COMO,LOMBARDIA,SCUOLA PRIMARIA,primaria,2,capacita_esaurita_o_oltre_max_km
202425,0.2,42,statale,SCUOLA PRIMARIA,3,REEE83203N,VILLAROTTA,LUZZARA,REGGIO EMILIA,EMILIA ROMAGNA,SCUOLA PRIMARIA,primaria,2,capacita_esaurita_o_oltre_max_km
202425,0.2,42,statale,SCUOLA PRIMARIA,3,PVEE821029,BRONI - PAOLO BAFFI,BRONI,PAVIA,LOMBARDIA,SCUOLA PRIMARIA,primaria,3,capacita_esaurita_o_oltre_max_km
202425,0.2,42,statale,SCUOLA PRIMARIA,3,ALEE83602C,"ACQUI TERME ""G.SARACCO""",ACQUI TERME,ALESSANDRIA,PIEMONTE,SCUOLA PRIMARIA,primaria,6,capacita_esaurita_o_oltre_max_km
202425,0.2,42,statale,SCUOLA PRIMARIA,3,MOEE04009E,"""G. PASCOLI"" - S.M. SPINO",MIRANDOLA,MODENA,EMILIA ROMAGNA,SCUOLA PRIMARIA,primaria,1,capacita_esaurita_o_oltre_max_km
202425,0.2,42,statale,SCUOLA PRIMARIA,3,RAEE80601L,"""QUADRI LUIGI""",MASSA LOMBARDA,RAVENNA,EMILIA ROMAGNA,SCUOLA PRIMARIA,primaria,6,capacita_esaurita_o_oltre_max_km
202425,0.2,42,statale,SCUOLA PRIMARIA,3,PCEE005019,VITTORINO DA FELTRE,PIACENZA,PIACENZA,EMILIA ROMAGNA,SCUOLA PRIMARIA,primaria,9,capacita_esaurita_o_oltre_max_km
202425,0.2,42,statale,SCUOLA PRIMARIA,3,ALEE83404V,"""GIANNI RODARI"" - TORTONA",TORTONA,ALESSANDRIA,PIEMONTE,SCUOLA PRIMARIA,primaria,2,capacita_esaurita_o_oltre_max_km
202425,0.2,42,statale,SCUOLA PRIMARIA,3,CREE81601A,"""G. MARCONI""(CASALMAGGIORE CAP)",CASALMAGGIORE,CREMONA,LOMBARDIA,SCUOLA PRIMARIA,primaria,4,capacita_esaurita_o_oltre_max_km
202425,0.2,42,statale,SCUOLA PRIMARIA,3,BOEE80501X,DE AMICIS IC SAN P. IN CASALE,SAN PIETRO IN CASALE,BOLOGNA,EMILIA ROMAGNA,SCUOLA PRIMARIA,primaria,5,capacita_esaurita_o_oltre_max_km
202425,0.2,42,statale,SCUOLA PRIMARIA,3,SAEE83902R,ANGELO PATRI - AVERSANA,BATTIPAGLIA,SALERNO,CAMPANIA,SCUOLA PRIMARIA,primaria,2,capacita_esaurita_o_oltre_max_km
202425,0.2,42,statale,SCUOLA PRIMARIA,3,AQEE82101D,"""E. DE AMICIS"" - LUCO DEI MARSI",LUCO DEI MARSI,L'AQUILA,ABRUZZO,SCUOLA PRIMARIA,primaria,5,capacita_esaurita_o_oltre_max_km
202425,0.2,42,statale,SCUOLA PRIMARIA,3,PCEE81801A,FIORENZUOLA - CAPOLUOGO,FIORENZUOLA D'ARDA,PIACENZA,EMILIA ROMAGNA,SCUOLA PRIMARIA,primaria,10,capacita_esaurita_o_oltre_max_km
202425,0.2,42,statale,SCUOLA PRIMARIA,3,PCEE00402E,CADUTI SUL LAVORO,PIACENZA,PIACENZA,EMILIA ROMAGNA,SCUOLA PRIMARIA,primaria,7,capacita_esaurita_o_oltre_max_km
202425,0.2,42,statale,SCUOLA PRIMARIA,3,PCEE00401D,E.DE AMICIS,PIACENZA,PIACENZA,EMILIA ROMAGNA,SCUOLA PRIMARIA,primaria,4,capacita_esaurita_o_oltre_max_km
202425,0.2,42,statale,SCUOLA PRIMARIA,3,CREE81003D,"""D.ALIGHIERI"" (ROBECCO D'OGLIO)",ROBECCO D'OGLIO,CREMONA,LOMBARDIA,SCUOLA PRIMARIA,primaria,2,capacita_esaurita_o_oltre_max_km
202425,0.2,42,statale,SCUOLA PRIMARIA,3,BSEE87803A,PRIMARIA RAFFAELLO SANZIO,BRESCIA,BRESCIA,LOMBARDIA,SCUOLA PRIMARIA,primaria,1,capacita_esaurita_o_oltre_max_km
202425,0.2,42,statale,SCUOLA PRIMARIA,3,POEE811019,CARLO E MARIA TERESA ARMELLINI,VERNIO,PRATO,TOSCANA,SCUOLA PRIMARIA,primaria,1,capacita_esaurita_o_oltre_max_km
202425,0.2,42,statale,SCUOLA PRIMARIA,3,VTEE827014,"PRIMARIA ""SIRTO SACCHETTI""",ORTE,VITERBO,LAZIO,SCUOLA PRIMARIA,primaria,3,capacita_esaurita_o_oltre_max_km
202425,0.2,42,statale,SCUOLA PRIMARIA,3,CNEE813035,CEVA - CAPOLUOGO,CEVA,CUNEO,PIEMONTE,SCUOLA PRIMARIA,primaria,1,capacita_esaurita_o_oltre_max_km
202425,0.2,42,statale,SCUOLA PRIMARIA,3,ALEE809013,"""G.BARETTI"" - RIVALTA B.",RIVALTA BORMIDA,ALESSANDRIA,PIEMONTE,SCUOLA PRIMARIA,primaria,1,capacita_esaurita_o_oltre_max_km
202425,0.2,42,statale,SCUOLA PRIMARIA,3,AQEE831036,PRIMARIA VILLAVALLELONGA,VILLAVALLELONGA,L'AQUILA,ABRUZZO,SCUOLA PRIMARIA,primaria,1,capacita_esaurita_o_oltre_max_km
202425,0.2,42,statale,SCUOLA PRIMARIA,3,AREE814033,"""VINCENZO LOPPI""",SESTINO,AREZZO,TOSCANA,SCUOLA PRIMARIA,primaria,1,capacita_esaurita_o_oltre_max_km
202425,0.2,42,statale,SCUOLA PRIMARIA,3,CBEE85303X,GUARDIALFIERA CAPOLUOGO,GUARDIALFIERA,CAMPOBASSO,MOLISE,SCUOLA PRIMARIA,primaria,1,capacita_esaurita_o_oltre_max_km
202425,0.2,42,statale,SCUOLA PRIMARIA,3,CREE81501E,PIEVE S.GIACOMO CAP.,PIEVE SAN GIACOMO,CREMONA,LOMBARDIA,SCUOLA PRIMARIA,primaria,1,capacita_esaurita_o_oltre_max_km
202425,0.2,42,statale,SCUOLA PRIMARIA,3,CSEE85007G,MONTEGIORDANO CENTRO,MONTEGIORDANO,COSENZA,CALABRIA,SCUOLA PRIMARIA,primaria,1,capacita_esaurita_o_oltre_max_km
202425,0.2,42,statale,SCUOLA PRIMARIA,3,GREE81804Q,"GIUNCARICO ""L.DA VINCI""",GAVORRANO,GROSSETO,TOSCANA,SCUOLA PRIMARIA,primaria,1,capacita_esaurita_o_oltre_max_km
202425,0.2,42,statale,SCUOLA PRIMARIA,3,MNEE80206V,PRIMARIA - PIUBEGA,PIUBEGA,MANTOVA,LOMBARDIA,SCUOLA PRIMARIA,primaria,2,capacita_esaurita_o_oltre_max_km
202425,0.2,42,statale,SCUOLA PRIMARIA,3,PREE81005R,PELLEGRINO PARMENSE,PELLEGRINO PARMENSE,PARMA,EMILIA ROMAGNA,SCUOLA PRIMARIA,primaria,1,capacita_esaurita_o_oltre_max_km
202425,0.2,42,statale,SCUOLA PRIMARIA,3,PREE812018,BORGOTARO V. MONTEGRAPPA,BORGO VAL DI TARO,PARMA,EMILIA ROMAGNA,SCUOLA PRIMARIA,primaria,1,capacita_esaurita_o_oltre_max_km
202425,0.2,42,statale,SCUOLA PRIMARIA,3,SAEE81901E,CIOFFI,EBOLI,SALERNO,CAMPANIA,SCUOLA PRIMARIA,primaria,2,capacita_esaurita_o_oltre_max_km
202425,0.2,42,statale,SCUOLA PRIMARIA,3,BOEE825026,PRIMARIA BRUNO MUNARI BARICELLA,BARICELLA,BOLOGNA,EMILIA ROMAGNA,SCUOLA PRIMARIA,primaria,3,capacita_esaurita_o_oltre_max_km
202425,0.2,42,statale,SCUOLA PRIMARIA,3,MOEE81903T,"""P.GIANNONE"" CAMPOSANTO",CAMPOSANTO,MODENA,EMILIA ROMAGNA,SCUOLA PRIMARIA,primaria,1,capacita_esaurita_o_oltre_max_km
202425,0.2,42,statale,SCUOLA PRIMARIA,3,BGEE883028,PRIMARIA TRESCORE BALNEARIO,TRESCORE BALNEARIO,BERGAMO,LOMBARDIA,SCUOLA PRIMARIA,primaria,1,capacita_esaurita_o_oltre_max_km
202425,0.2,42,statale,SCUOLA PRIMARIA,3,PCEE80801Q,BORGONOVO - CAPOLUOGO,BORGONOVO VAL TIDONE,PIACENZA,EMILIA ROMAGNA,SCUOLA PRIMARIA,primaria,1,capacita_esaurita_o_oltre_max_km
202425,0.2,42,statale,SCUOLA PRIMARIA,3,PVEE801035,PIEVE PORTO MORONE,PIEVE PORTO MORONE,PAVIA,LOMBARDIA,SCUOLA PRIMARIA,primaria,1,capacita_esaurita_o_oltre_max_km
202425,0.2,42,statale,SCUOLA PRIMARIA,3,NOEE80901C,DON CARLO FELICE SAINO,CERANO,NOVARA,PIEMONTE,SCUOLA PRIMARIA,primaria,4,capacita_esaurita_o_oltre_max_km
202425,0.2,42,statale,SCUOLA PRIMARIA,3,PVEE80405P,PIEVE DEL CAIRO,PIEVE DEL CAIRO,PAVIA,LOMBARDIA,SCUOLA PRIMARIA,primaria,1,capacita_esaurita_o_oltre_max_km
202425,0.2,42,statale,SCUOLA PRIMARIA,3,PCEE002052,SAN LAZZARO ALBERONI,PIACENZA,PIACENZA,EMILIA ROMAGNA,SCUOLA PRIMARIA,primaria,3,capacita_esaurita_o_oltre_max_km
202425,0.2,42,statale,SCUOLA PRIMARIA,3,FOEE80902G,GALEATA FACIBENI,GALEATA,FORLI'-CESENA,EMILIA ROMAGNA,SCUOLA PRIMARIA,primaria,4,capacita_esaurita_o_oltre_max_km
202425,0.2,42,statale,SCUOLA PRIMARIA,3,PCEE81702G,"""TINA PESARO""",CASTEL SAN GIOVANNI,PIACENZA,EMILIA ROMAGNA,SCUOLA PRIMARIA,primaria,6,capacita_esaurita_o_oltre_max_km
202425,0.2,42,statale,SCUOLA PRIMARIA,3,ANEE80801T,"ARCEVIA ""ANSELMI""",ARCEVIA,ANCONA,MARCHE,SCUOLA PRIMARIA,primaria,1,capacita_esaurita_o_oltre_max_km
202425,0.2,42,statale,SCUOLA PRIMARIA,3,GREE82101C,"MANCIANO CAPOLUOGO -""P.ALDI""",MANCIANO,GROSSETO,TOSCANA,SCUOLA PRIMARIA,primaria,2,capacita_esaurita_o_oltre_max_km
202425,0.2,42,statale,SCUOLA PRIMARIA,3,RGEE80202B,LEONARDO SCIASCIA,VITTORIA,RAGUSA,SICILIA,SCUOLA PRIMARIA,primaria,1,capacita_esaurita_o_oltre_max_km
202425,0.2,42,statale,SCUOLA PRIMARIA,3,CREE80803D,"""S. FRANCESCA SAVERIO CABRINI""",GRUMELLO CREMONESE ED UNITI,CREMONA,LOMBARDIA,SCUOLA PRIMARIA,primaria,1,capacita_esaurita_o_oltre_max_km
202425,0.2,42,statale,SCUOLA PRIMARIA,3,NOEE814065,VICOLUNGO,VICOLUNGO,NOVARA,PIEMONTE,SCUOLA PRIMARIA,primaria,1,capacita_esaurita_o_oltre_max_km
202425,0.2,42,statale,SCUOLA PRIMARIA,3,MNEE82202X,SC.PRIMARIA DI CARBONARA DI PO,BORGOCARBONARA,MANTOVA,LOMBARDIA,SCUOLA PRIMARIA,primaria,1,capacita_esaurita_o_oltre_max_km
202425,0.2,42,statale,SCUOLA PRIMARIA,3,POEE805012,LE FONTI,PRATO,PRATO,TOSCANA,SCUOLA PRIMARIA,primaria,2,capacita_esaurita_o_oltre_max_km
202425,0.2,42,statale,SCUOLA PRIMARIA,3,BGEE89602A,"ROMANO DI LOMBARDIA ""MOTTINI""",ROMANO DI LOMBARDIA,BERGAMO,LOMBARDIA,SCUOLA PRIMARIA,primaria,2,capacita_esaurita_o_oltre_max_km
202425,0.2,42,statale,SCUOLA PRIMARIA,3,FEEE81405N,D.ALIGHIERI-MIGLIARINO,FISCAGLIA,FERRARA,EMILIA ROMAGNA,SCUOLA PRIMARIA,primaria,1,capacita_esaurita_o_oltre_max_km
202425,0.2,42,statale,SCUOLA PRIMARIA,3,CREE813031,SCANDOLARA RAVARA,SCANDOLARA RAVARA,CREMONA,LOMBARDIA,SCUOLA PRIMARIA,primaria,1,capacita_esaurita_o_oltre_max_km
202425,0.2,42,statale,SCUOLA PRIMARIA,3,ALEE817012,PRIMARIA CARETTA SPINETTA,ALESSANDRIA,ALESSANDRIA,PIEMONTE,SCUOLA PRIMARIA,primaria,4,capacita_esaurita_o_oltre_max_km
202425,0.2,42,statale,SCUOLA PRIMARIA,3,ALEE81803X,"""G.POGGIO"" MASIO",MASIO,ALESSANDRIA,PIEMONTE,SCUOLA PRIMARIA,primaria,1,capacita_esaurita_o_oltre_max_km
202425,0.2,42,statale,SCUOLA PRIMARIA,3,MNEE839018,PRIMARIA CAMPITELLO,MARCARIA,MANTOVA,LOMBARDIA,SCUOLA PRIMARIA,primaria,2,capacita_esaurita_o_oltre_max_km
202425,0.2,42,statale,SCUOLA PRIMARIA,3,VTEE805028,PESCIA ROMANA,MONTALTO DI CASTRO,VITERBO,LAZIO,SCUOLA PRIMARIA,primaria,2,capacita_esaurita_o_oltre_max_km
202425,0.2,42,statale,SCUOLA PRIMARIA,3,POEE81601C,CLAUDIO PUDDU - LOC.MALISETI,PRATO,PRATO,TOSCANA,SCUOLA PRIMARIA,primaria,4,capacita_esaurita_o_oltre_max_km
202425,0.2,42,statale,SCUOLA PRIMARIA,3,GREE81101T,"CASTELDELPIANO CAP.""L.SANTUCCI""",CASTEL DEL PIANO,GROSSETO,TOSCANA,SCUOLA PRIMARIA,primaria,1,capacita_esaurita_o_oltre_max_km
202425,0.2,42,statale,SCUOLA PRIMARIA,3,PVEE827039,PROVENZAL,VOGHERA,PAVIA,LOMBARDIA,SCUOLA PRIMARIA,primaria,1,capacita_esaurita_o_oltre_max_km
202425,0.2,42,statale,SCUOLA PRIMARIA,3,LOEE80901G,PRIMARIA F. SCOTTI - CASALPUST.,CASALPUSTERLENGO,LODI,LOMBARDIA,SCUOLA PRIMARIA,primaria,3,capacita_esaurita_o_oltre_max_km
202425,0.2,42,statale,SCUOLA PRIMARIA,3,BOEE840017,XXV APRILE 1945 - I.C. VERGATO,VERGATO,BOLOGNA,EMILIA ROMAGNA,SCUOLA PRIMARIA,primaria,3,capacita_esaurita_o_oltre_max_km
202425,0.2,42,statale,SCUOLA PRIMARIA,3,POEE812037,ALBERTO MANZI,PRATO,PRATO,TOSCANA,SCUOLA PRIMARIA,primaria,3,capacita_esaurita_o_oltre_max_km
202425,0.2,42,statale,SCUOLA PRIMARIA,3,CREE81502G,S.DANIELE PO,SAN DANIELE PO,CREMONA,LOMBARDIA,SCUOLA PRIMARIA,primaria,2,capacita_esaurita_o_oltre_max_km
202425,0.2,42,statale,SCUOLA PRIMARIA,3,MCEE806065,A. ARMANDO,SANT'ANGELO IN PONTANO,MACERATA,MARCHE,SCUOLA PRIMARIA,primaria,2,capacita_esaurita_o_oltre_max_km
202425,0.2,42,statale,SCUOLA PRIMARIA,3,REEE82901Q,FABBRICO CAP.,FABBRICO,REGGIO EMILIA,EMILIA ROMAGNA,SCUOLA PRIMARIA,primaria,2,capacita_esaurita_o_oltre_max_km
202425,0.2,42,statale,SCUOLA PRIMARIA,3,ALEE809024,D.ALIGHIERI - CASSINE,CASSINE,ALESSANDRIA,PIEMONTE,SCUOLA PRIMARIA,primaria,2,capacita_esaurita_o_oltre_max_km
202425,0.2,42,statale,SCUOLA PRIMARIA,3,PVEE82601B,DE AMICIS VOGHERA,VOGHERA,PAVIA,LOMBARDIA,SCUOLA PRIMARIA,primaria,3,capacita_esaurita_o_oltre_max_km
202425,0.2,42,statale,SCUOLA PRIMARIA,3,CREE81401P,"""MARIO LODI"" (PIADENA)",PIADENA DRIZZONA,CREMONA,LOMBARDIA,SCUOLA PRIMARIA,primaria,2,capacita_esaurita_o_oltre_max_km
202425,0.2,42,statale,SCUOLA PRIMARIA,3,POEE820025,G.PUCCINI/BARTOLINI,PRATO,PRATO,TOSCANA,SCUOLA PRIMARIA,primaria,2,capacita_esaurita_o_oltre_max_km
202425,0.2,42,statale,SCUOLA PRIMARIA,3,REEE82902R,ROLO CAP.,ROLO,REGGIO EMILIA,EMILIA ROMAGNA,SCUOLA PRIMARIA,primaria,1,capacita_esaurita_o_oltre_max_km
202425,0.2,42,statale,SCUOLA PRIMARIA,3,FIEE871033,S.VERDIANA-TILLI,CASTELFIORENTINO,FIRENZE,TOSCANA,SCUOLA PRIMARIA,primaria,2,capacita_esaurita_o_oltre_max_km
202425,0.2,42,statale,SCUOLA PRIMARIA,3,SIEE80901N,VIA 11 FEBBRAIO,RADDA IN CHIANTI,SIENA,TOSCANA,SCUOLA PRIMARIA,primaria,2,capacita_esaurita_o_oltre_max_km
202425,0.2,42,statale,SCUOLA PRIMARIA,3,AREE82905V,"""DOTT.G.FRACASSI""",CHITIGNANO,AREZZO,TOSCANA,SCUOLA PRIMARIA,primaria,1,capacita_esaurita_o_oltre_max_km
202425,0.2,42,statale,SCUOLA PRIMARIA,3,BOEE838017,C. RONDELLI MONZUNO,MONZUNO,BOLOGNA,EMILIA ROMAGNA,SCUOLA PRIMARIA,primaria,1,capacita_esaurita_o_oltre_max_km
202425,0.2,42,statale,SCUOLA PRIMARIA,3,PREE81702C,BEDONIA CPL.,BEDONIA,PARMA,EMILIA ROMAGNA,SCUOLA PRIMARIA,primaria,1,capacita_esaurita_o_oltre_max_km
202425,0.2,42,statale,SCUOLA PRIMARIA,3,SIEE81102P,SCUOLA PRIMARIA DI TORRENIERI,MONTALCINO,SIENA,TOSCANA,SCUOLA PRIMARIA,primaria,1,capacita_esaurita_o_oltre_max_km
202425,0.2,42,statale,SCUOLA PRIMARIA,3,AREE82004B,"""G. MAZZINI""",MONTEVARCHI,AREZZO,TOSCANA,SCUOLA PRIMARIA,primaria,1,capacita_esaurita_o_oltre_max_km
202425,0.2,42,statale,SCUOLA PRIMARIA,3,PCEE80701X,PONTE DELL'OLIO-CAPOLUOGO,PONTE DELL'OLIO,PIACENZA,EMILIA ROMAGNA,SCUOLA PRIMARIA,primaria,4,capacita_esaurita_o_oltre_max_km
202425,0.2,42,statale,SCUOLA PRIMARIA,3,FEEE803024,"""C.FORLANINI""-TRESIGALLO",TRESIGNANA,FERRARA,EMILIA ROMAGNA,SCUOLA PRIMARIA,primaria,3,capacita_esaurita_o_oltre_max_km
202425,0.2,42,statale,SCUOLA PRIMARIA,3,PNEE82601A,"SPILIMBERGO ""G.B.CAVEDALIS""",SPILIMBERGO,PORDENONE,FRIULI-VENEZIA G.,SCUOLA PRIMARIA,primaria,5,capacita_esaurita_o_oltre_max_km
202425,0.2,42,statale,SCUOLA PRIMARIA,3,BSEE865016,POLO SCUOLA PRIMARIA IC CHIARI,CHIARI,BRESCIA,LOMBARDIA,SCUOLA PRIMARIA,primaria,3,capacita_esaurita_o_oltre_max_km
202425,0.2,42,statale,SCUOLA PRIMARIA,3,RAEE82101P,LUIGI BATTAGLIA,FUSIGNANO,RAVENNA,EMILIA ROMAGNA,SCUOLA PRIMARIA,primaria,3,capacita_esaurita_o_oltre_max_km
202425,0.2,42,statale,SCUOLA PRIMARIA,3,MOEE04514X,"""UGO FOSCOLO"" BUDRIA",PAVULLO NEL FRIGNANO,MODENA,EMILIA ROMAGNA,SCUOLA PRIMARIA,primaria,1,capacita_esaurita_o_oltre_max_km
202425,0.2,42,statale,SCUOLA PRIMARIA,3,RGEE81402N,FALCONE BORSELLINO,SANTA CROCE CAMERINA,RAGUSA,SICILIA,SCUOLA PRIMARIA,primaria,1,capacita_esaurita_o_oltre_max_km
202425,0.2,42,statale,SCUOLA PRIMARIA,3,POEE81501L,CILIANI,PRATO,PRATO,TOSCANA,SCUOLA PRIMARIA,primaria,2,capacita_esaurita_o_oltre_max_km
202425,0.2,42,statale,SCUOLA PRIMARIA,3,ALEE824048,"BALZOLA ""E.DE AMICIS""",BALZOLA,ALESSANDRIA,PIEMONTE,SCUOLA PRIMARIA,primaria,1,capacita_esaurita_o_oltre_max_km
202425,0.2,42,statale,SCUOLA PRIMARIA,3,FEEE81406P,E.DE AMICIS-MASSAFISCAGLIA,FISCAGLIA,FERRARA,EMILIA ROMAGNA,SCUOLA PRIMARIA,primaria,1,capacita_esaurita_o_oltre_max_km
202425,0.2,42,statale,SCUOLA PRIMARIA,3,MNEE819035,MAGNACAVALLO,MAGNACAVALLO,MANTOVA,LOMBARDIA,SCUOLA PRIMARIA,primaria,2,capacita_esaurita_o_oltre_max_km
202425,0.2,42,statale,SCUOLA PRIMARIA,3,PVEE808096,VALLE LOMELLINA,VALLE LOMELLINA,PAVIA,LOMBARDIA,SCUOLA PRIMARIA,primaria,2,capacita_esaurita_o_oltre_max_km
202425,0.2,42,statale,SCUOLA PRIMARIA,3,RAEE81005C,IQBAL MASIH,RAVENNA,RAVENNA,EMILIA ROMAGNA,SCUOLA PRIMARIA,primaria,2,capacita_esaurita_o_oltre_max_km
202425,0.2,42,statale,SCUOLA PRIMARIA,3,FIEE826046,"""DOMENICO GIULIOTTI"" -CAPOLUOGO",GREVE IN CHIANTI,FIRENZE,TOSCANA,SCUOLA PRIMARIA,primaria,1,capacita_esaurita_o_oltre_max_km
202425,0.2,42,statale,SCUOLA PRIMARIA,3,BSEE895012,PONTEVICO,PONTEVICO,BRESCIA,LOMBARDIA,SCUOLA PRIMARIA,primaria,2,capacita_esaurita_o_oltre_max_km
202425,0.2,42,statale,SCUOLA PRIMARIA,3,PREE82201V,BUSSETO CPL,BUSSETO,PARMA,EMILIA ROMAGNA,SCUOLA PRIMARIA,primaria,1,capacita_esaurita_o_oltre_max_km
202425,0.2,42,statale,SCUOLA PRIMARIA,3,POEE819043,LAURA POLI,PRATO,PRATO,TOSCANA,SCUOLA PRIMARIA,primaria,1,capacita_esaurita_o_oltre_max_km
202425,0.2,42,statale,SCUOLA PRIMARIA,3,CREE81301V,""" A. MINA "" (GUSSOLA)",GUSSOLA,CREMONA,LOMBARDIA,SCUOLA PRIMARIA,primaria,1,capacita_esaurita_o_oltre_max_km
202425,0.2,42,statale,SCUOLA PRIMARIA,3,FIEE81403V,"DICOMANO ""PASCOLI""",DICOMANO,FIRENZE,TOSCANA,SCUOLA PRIMARIA,primaria,1,capacita_esaurita_o_oltre_max_km
202425,0.2,42,statale,SCUOLA PRIMARIA,3,FEEE80502Q,SILVIA BENFENATI GALLO,POGGIO RENATICO,FERRARA,EMILIA ROMAGNA,SCUOLA PRIMARIA,primaria,1,capacita_esaurita_o_oltre_max_km
202425,0.2,42,statale,SCUOLA PRIMARIA,3,PCEE805018,CORTEMAGGIORE - CAPOLUOGO,CORTEMAGGIORE,PIACENZA,EMILIA ROMAGNA,SCUOLA PRIMARIA,primaria,1,capacita_esaurita_o_oltre_max_km
202425,0.2,42,statale,SCUOLA PRIMARIA,3,IMEE800039,PIEVE DI TECO,PIEVE DI TECO,IMPERIA,LIGURIA,SCUOLA PRIMARIA,primaria,2,capacita_esaurita_o_oltre_max_km
202425,0.2,42,statale,SCUOLA PRIMARIA,3,MSEE814039,TIFONI PONTREMOLI (IC TIFONI),PONTREMOLI,MASSA-CARRARA,TOSCANA,SCUOLA PRIMARIA,primaria,1,capacita_esaurita_o_oltre_max_km
202425,0.2,42,statale,SCUOLA PRIMARIA,3,REEE821026,CIANO - MATILDE DI CANOSSA,CANOSSA,REGGIO EMILIA,EMILIA ROMAGNA,SCUOLA PRIMARIA,primaria,1,capacita_esaurita_o_oltre_max_km
202425,0.2,42,statale,SCUOLA PRIMARIA,3,FEEE802017,"""C.BATTISTI""-BONDENO",BONDENO,FERRARA,EMILIA ROMAGNA,SCUOLA PRIMARIA,primaria,3,capacita_esaurita_o_oltre_max_km
202425,0.2,42,statale,SCUOLA PRIMARIA,3,ALEE825011,"ALESSANDRIA ""G.GALILEI""",ALESSANDRIA,ALESSANDRIA,PIEMONTE,SCUOLA PRIMARIA,primaria,1,capacita_esaurita_o_oltre_max_km
202425,0.2,42,statale,SCUOLA PRIMARIA,3,MNEE80803P,SCUOLA PRIMARIA MEDOLE,MEDOLE,MANTOVA,LOMBARDIA,SCUOLA PRIMARIA,primaria,1,capacita_esaurita_o_oltre_max_km
202425,0.2,42,statale,SCUOLA PRIMARIA,3,BSEE849018,SCUOLA PRIMARIA CAPOLUOGO,CARPENEDOLO,BRESCIA,LOMBARDIA,SCUOLA PRIMARIA,primaria,2,capacita_esaurita_o_oltre_max_km
202425,0.2,42,statale,SCUOLA PRIMARIA,3,BSEE88201X,PRIMARIA TITO SPERI - BRESCIA,BRESCIA,BRESCIA,LOMBARDIA,SCUOLA PRIMARIA,primaria,1,capacita_esaurita_o_oltre_max_km
202425,0.2,42,statale,SCUOLA PRIMARIA,3,CZEE82403P,CROPANI CENTRO,CROPANI,CATANZARO,CALABRIA,SCUOLA PRIMARIA,primaria,1,capacita_esaurita_o_oltre_max_km
202425,0.2,42,statale,SCUOLA PRIMARIA,3,FEEE82202D,'GIULIO PIAZZI' - SAN NICOLO',ARGENTA,FERRARA,EMILIA ROMAGNA,SCUOLA PRIMARIA,primaria,1,capacita_esaurita_o_oltre_max_km
202425,0.2,42,statale,SCUOLA PRIMARIA,3,MCEE80903D,G. LEOPARDI,SERRAVALLE DI CHIENTI,MACERATA,MARCHE,SCUOLA PRIMARIA,primaria,1,capacita_esaurita_o_oltre_max_km
202425,0.2,42,statale,SCUOLA PRIMARIA,3,PGEE813024,SANT'ANATOLIA DI NARCO,SANT'ANATOLIA DI NARCO,PERUGIA,UMBRIA,SCUOLA PRIMARIA,primaria,1,capacita_esaurita_o_oltre_max_km
202425,0.2,42,statale,SCUOLA PRIMARIA,3,PVEE80009G,SC. PRIM. PIETRA DE' GIORGI,PIETRA DE' GIORGI,PAVIA,LOMBARDIA,SCUOLA PRIMARIA,primaria,1,capacita_esaurita_o_oltre_max_km
202425,0.2,42,statale,SCUOLA PRIMARIA,3,PVEE80403L,SARTIRANA,SARTIRANA LOMELLINA,PAVIA,LOMBARDIA,SCUOLA PRIMARIA,primaria,1,capacita_esaurita_o_oltre_max_km
202425,0.2,42,statale,SCUOLA PRIMARIA,3,SAEE8BM09A,CORLETO MONFORTE CAP. P.P.,CORLETO MONFORTE,SALERNO,CAMPANIA,SCUOLA PRIMARIA,primaria,1,capacita_esaurita_o_oltre_max_km
202425,0.2,42,statale,SCUOLA PRIMARIA,3,RGEE832016,ACATE CENTRALE,ACATE,RAGUSA,SICILIA,SCUOLA PRIMARIA,primaria,2,capacita_esaurita_o_oltre_max_km
202425,0.2,42,statale,SCUOLA PRIMARIA,3,PVEE83203R,MARAZZANI,VIGEVANO,PAVIA,LOMBARDIA,SCUOLA PRIMARIA,primaria,1,capacita_esaurita_o_oltre_max_km
202425,0.2,42,statale,SCUOLA PRIMARIA,3,VTEE81102G,MONTEROSI,MONTEROSI,VITERBO,LAZIO,SCUOLA PRIMARIA,primaria,1,capacita_esaurita_o_oltre_max_km
202425,0.2,42,statale,SCUOLA PRIMARIA,3,MNEE820017,"OSTIGLIA ""C.COLLODI""",OSTIGLIA,MANTOVA,LOMBARDIA,SCUOLA PRIMARIA,primaria,1,capacita_esaurita_o_oltre_max_km
202425,0.2,42,statale,SCUOLA PRIMARIA,3,BOEE825015,PRIMARIA MALALBERGO ALTEDO,MALALBERGO,BOLOGNA,EMILIA ROMAGNA,SCUOLA PRIMARIA,primaria,1,capacita_esaurita_o_oltre_max_km
202425,0.2,42,statale,SCUOLA PRIMARIA,4,SAEE87206L,AULETTA CAP.,AULETTA,SALERNO,CAMPANIA,SCUOLA PRIMARIA,primaria,6,capacita_esaurita_o_oltre_max_km
202425,0.2,42,statale,SCUOLA PRIMARIA,4,PREE83801C,BRUNO FERRARI,LANGHIRANO,PARMA,EMILIA ROMAGNA,SCUOLA PRIMARIA,primaria,7,capacita_esaurita_o_oltre_max_km
202425,0.2,42,statale,SCUOLA PRIMARIA,4,FOEE813038,"PREMILCUORE ""ALDO SPALLICCI""",PREMILCUORE,FORLI'-CESENA,EMILIA ROMAGNA,SCUOLA PRIMARIA,primaria,3,capacita_esaurita_o_oltre_max_km
202425,0.2,42,statale,SCUOLA PRIMARIA,4,MNEE830041,SAN MATTEO DELLE CHIAVICHE,VIADANA,MANTOVA,LOMBARDIA,SCUOLA PRIMARIA,primaria,2,capacita_esaurita_o_oltre_max_km
202425,0.2,42,statale,SCUOLA PRIMARIA,4,BSEE816044,PRIMARIA CRISPI BRESCIA,BRESCIA,BRESCIA,LOMBARDIA,SCUOLA PRIMARIA,primaria,4,capacita_esaurita_o_oltre_max_km
202425,0.2,42,statale,SCUOLA PRIMARIA,4,SAEE83902R,ANGELO PATRI - AVERSANA,BATTIPAGLIA,SALERNO,CAMPANIA,SCUOLA PRIMARIA,primaria,2,capacita_esaurita_o_oltre_max_km
202425,0.2,42,statale,SCUOLA PRIMARIA,4,CREE80001R,SCUOLA PRIMARIA SORESINA,SORESINA,CREMONA,LOMBARDIA,SCUOLA PRIMARIA,primaria,13,capacita_esaurita_o_oltre_max_km
202425,0.2,42,statale,SCUOLA PRIMARIA,4,GREE815037,MONTEROTONDO CAPOLUOGO,MONTEROTONDO MARITTIMO,GROSSETO,TOSCANA,SCUOLA PRIMARIA,primaria,2,capacita_esaurita_o_oltre_max_km
202425,0.2,42,statale,SCUOLA PRIMARIA,4,ALEE82311R,"""A.BRONDELLO"" SERRALUNGA CREA",SERRALUNGA DI CREA,ALESSANDRIA,PIEMONTE,SCUOLA PRIMARIA,primaria,1,capacita_esaurita_o_oltre_max_km
202425,0.2,42,statale,SCUOLA PRIMARIA,4,ROEE80001L,PIAZZA MARCONI G. - CENESELLI,CENESELLI,ROVIGO,VENETO,SCUOLA PRIMARIA,primaria,1,capacita_esaurita_o_oltre_max_km
202425,0.2,42,statale,SCUOLA PRIMARIA,4,MOEE04009E,"""G. PASCOLI"" - S.M. SPINO",MIRANDOLA,MODENA,EMILIA ROMAGNA,SCUOLA PRIMARIA,primaria,2,capacita_esaurita_o_oltre_max_km
202425,0.2,42,statale,SCUOLA PRIMARIA,4,ALEE823019,"""F.MEZZADRA"" - VIGNALE",VIGNALE MONFERRATO,ALESSANDRIA,PIEMONTE,SCUOLA PRIMARIA,primaria,2,capacita_esaurita_o_oltre_max_km
202425,0.2,42,statale,SCUOLA PRIMARIA,4,PCEE00403G,DUE GIUGNO,PIACENZA,PIACENZA,EMILIA ROMAGNA,SCUOLA PRIMARIA,primaria,7,capacita_esaurita_o_oltre_max_km
202425,0.2,42,statale,SCUOLA PRIMARIA,4,MNEE82004A,"REVERE ""DON B. GRAZIOLI""",BORGO MANTOVANO,MANTOVA,LOMBARDIA,SCUOLA PRIMARIA,primaria,1,capacita_esaurita_o_oltre_max_km
202425,0.2,42,statale,SCUOLA PRIMARIA,4,PREE81606R,PALANZANO,PALANZANO,PARMA,EMILIA ROMAGNA,SCUOLA PRIMARIA,primaria,1,capacita_esaurita_o_oltre_max_km
202425,0.2,42,statale,SCUOLA PRIMARIA,4,REEE83203N,VILLAROTTA,LUZZARA,REGGIO EMILIA,EMILIA ROMAGNA,SCUOLA PRIMARIA,primaria,3,capacita_esaurita_o_oltre_max_km
202425,0.2,42,statale,SCUOLA PRIMARIA,4,GREE81101T,"CASTELDELPIANO CAP.""L.SANTUCCI""",CASTEL DEL PIANO,GROSSETO,TOSCANA,SCUOLA PRIMARIA,primaria,1,capacita_esaurita_o_oltre_max_km
202425,0.2,42,statale,SCUOLA PRIMARIA,4,CNEE84902V,"GRINZANE CAVOUR - ""S. VIGLINO""",GRINZANE CAVOUR,CUNEO,PIEMONTE,SCUOLA PRIMARIA,primaria,2,capacita_esaurita_o_oltre_max_km
202425,0.2,42,statale,SCUOLA PRIMARIA,4,GREE815059,PRATA,MASSA MARITTIMA,GROSSETO,TOSCANA,SCUOLA PRIMARIA,primaria,1,capacita_esaurita_o_oltre_max_km
202425,0.2,42,statale,SCUOLA PRIMARIA,4,PSEE811065,MACERATA F. - MONTE GRIMANO,MONTE GRIMANO TERME,PESARO E URBINO,MARCHE,SCUOLA PRIMARIA,primaria,1,capacita_esaurita_o_oltre_max_km
202425,0.2,42,statale,SCUOLA PRIMARIA,4,VREE85704C,BONFERRARO-MARCONI G.,SORGA',VERONA,VENETO,SCUOLA PRIMARIA,primaria,2,capacita_esaurita_o_oltre_max_km
202425,0.2,42,statale,SCUOLA PRIMARIA,4,CREE80002T,SCUOLA PRIMARIA ANNICCO,ANNICCO,CREMONA,LOMBARDIA,SCUOLA PRIMARIA,primaria,2,capacita_esaurita_o_oltre_max_km
202425,0.2,42,statale,SCUOLA PRIMARIA,4,IMEE80008E,BORGOMARO,BORGOMARO,IMPERIA,LIGURIA,SCUOLA PRIMARIA,primaria,1,capacita_esaurita_o_oltre_max_km
202425,0.2,42,statale,SCUOLA PRIMARIA,4,SIEE80902P,VIA CASABIANCA,GAIOLE IN CHIANTI,SIENA,TOSCANA,SCUOLA PRIMARIA,primaria,2,capacita_esaurita_o_oltre_max_km
202425,0.2,42,statale,SCUOLA PRIMARIA,4,BOEE840039,TOLE',VERGATO,BOLOGNA,EMILIA ROMAGNA,SCUOLA PRIMARIA,primaria,1,capacita_esaurita_o_oltre_max_km
202425,0.2,42,statale,SCUOLA PRIMARIA,4,ROEE81505E,DANTE ALIGHIERI - PAPOZZE,PAPOZZE,ROVIGO,VENETO,SCUOLA PRIMARIA,primaria,1,capacita_esaurita_o_oltre_max_km
202425,0.2,42,statale,SCUOLA PRIMARIA,4,PCEE00401D,E.DE AMICIS,PIACENZA,PIACENZA,EMILIA ROMAGNA,SCUOLA PRIMARIA,primaria,4,capacita_esaurita_o_oltre_max_km
202425,0.2,42,statale,SCUOLA PRIMARIA,4,PCEE005019,VITTORINO DA FELTRE,PIACENZA,PIACENZA,EMILIA ROMAGNA,SCUOLA PRIMARIA,primaria,7,capacita_esaurita_o_oltre_max_km
202425,0.2,42,statale,SCUOLA PRIMARIA,4,PVEE821029,BRONI - PAOLO BAFFI,BRONI,PAVIA,LOMBARDIA,SCUOLA PRIMARIA,primaria,2,capacita_esaurita_o_oltre_max_km
202425,0.2,42,statale,SCUOLA PRIMARIA,4,CNEE82504C,NARZOLE - CAPOLUOGO,NARZOLE,CUNEO,PIEMONTE,SCUOLA PRIMARIA,primaria,3,capacita_esaurita_o_oltre_max_km
202425,0.2,42,statale,SCUOLA PRIMARIA,4,FEEE824014,"""MARIA MONTESSORI"" - PORTOMAGGI",PORTOMAGGIORE,FERRARA,EMILIA ROMAGNA,SCUOLA PRIMARIA,primaria,4,capacita_esaurita_o_oltre_max_km
202425,0.2,42,statale,SCUOLA PRIMARIA,4,MNEE820028,"SERRAVALLE PO ""G. GUARESCHI""",SERRAVALLE A PO,MANTOVA,LOMBARDIA,SCUOLA PRIMARIA,primaria,1,capacita_esaurita_o_oltre_max_km
202425,0.2,42,statale,SCUOLA PRIMARIA,4,MSEE824041,PRIMARIA PODENZANA,PODENZANA,MASSA-CARRARA,TOSCANA,SCUOLA PRIMARIA,primaria,1,capacita_esaurita_o_oltre_max_km
202425,0.2,42,statale,SCUOLA PRIMARIA,4,PCEE002096,G.MAZZINI,PIACENZA,PIACENZA,EMILIA ROMAGNA,SCUOLA PRIMARIA,primaria,6,capacita_esaurita_o_oltre_max_km
202425,0.2,42,statale,SCUOLA PRIMARIA,4,PCEE81702G,"""TINA PESARO""",CASTEL SAN GIOVANNI,PIACENZA,EMILIA ROMAGNA,SCUOLA PRIMARIA,primaria,7,capacita_esaurita_o_oltre_max_km
202425,0.2,42,statale,SCUOLA PRIMARIA,4,PDEE82403A,CORREZZOLA-LOC.CIVE',CORREZZOLA,PADOVA,VENETO,SCUOLA PRIMARIA,primaria,1,capacita_esaurita_o_oltre_max_km
202425,0.2,42,statale,SCUOLA PRIMARIA,4,PVEE80901N,SANNAZZARO SAN FRANCESCO,SANNAZZARO DE' BURGONDI,PAVIA,LOMBARDIA,SCUOLA PRIMARIA,primaria,2,capacita_esaurita_o_oltre_max_km
202425,0.2,42,statale,SCUOLA PRIMARIA,4,RAEE81005C,IQBAL MASIH,RAVENNA,RAVENNA,EMILIA ROMAGNA,SCUOLA PRIMARIA,primaria,1,capacita_esaurita_o_oltre_max_km
202425,0.2,42,statale,SCUOLA PRIMARIA,4,RAEE81201X,CORSO MATTEOTTI,ALFONSINE,RAVENNA,EMILIA ROMAGNA,SCUOLA PRIMARIA,primaria,3,capacita_esaurita_o_oltre_max_km
202425,0.2,42,statale,SCUOLA PRIMARIA,4,RGEE80202B,LEONARDO SCIASCIA,VITTORIA,RAGUSA,SICILIA,SCUOLA PRIMARIA,primaria,2,capacita_esaurita_o_oltre_max_km
202425,0.2,42,statale,SCUOLA PRIMARIA,4,RIEE810078,RINALDO DE SANCTIS,COLLE DI TORA,RIETI,LAZIO,SCUOLA PRIMARIA,primaria,1,capacita_esaurita_o_oltre_max_km
202425,0.2,42,statale,SCUOLA PRIMARIA,4,TOEE81304P,I.C.TORRE PELLICE-VILLAR PELLIC,VILLAR PELLICE,TORINO,PIEMONTE,SCUOLA PRIMARIA,primaria,1,capacita_esaurita_o_oltre_max_km
202425,0.2,42,statale,SCUOLA PRIMARIA,4,VEEE87301G,LEONARDO DA VINCI,VENEZIA,VENEZIA,VENETO,SCUOLA PRIMARIA,primaria,2,capacita_esaurita_o_oltre_max_km
202425,0.2,42,statale,SCUOLA PRIMARIA,4,BGEE84402N,"""PAPA GIOV.XXIII"" FONTANELLA",FONTANELLA,BERGAMO,LOMBARDIA,SCUOLA PRIMARIA,primaria,5,capacita_esaurita_o_oltre_max_km
202425,0.2,42,statale,SCUOLA PRIMARIA,4,PIEE824049,CAPPELLINI,CASTELNUOVO DI VAL DI CECINA,PISA,TOSCANA,SCUOLA PRIMARIA,primaria,1,capacita_esaurita_o_oltre_max_km
202425,0.2,42,statale,SCUOLA PRIMARIA,4,PCEE00402E,CADUTI SUL LAVORO,PIACENZA,PIACENZA,EMILIA ROMAGNA,SCUOLA PRIMARIA,primaria,6,capacita_esaurita_o_oltre_max_km
202425,0.2,42,statale,SCUOLA PRIMARIA,4,ALEE83404V,"""GIANNI RODARI"" - TORTONA",TORTONA,ALESSANDRIA,PIEMONTE,SCUOLA PRIMARIA,primaria,2,capacita_esaurita_o_oltre_max_km
202425,0.2,42,statale,SCUOLA PRIMARIA,4,PREE07501C,DE AMICIS,FIDENZA,PARMA,EMILIA ROMAGNA,SCUOLA PRIMARIA,primaria,3,capacita_esaurita_o_oltre_max_km
202425,0.2,42,statale,SCUOLA PRIMARIA,4,PVEE83203R,MARAZZANI,VIGEVANO,PAVIA,LOMBARDIA,SCUOLA PRIMARIA,primaria,2,capacita_esaurita_o_oltre_max_km
202425,0.2,42,statale,SCUOLA PRIMARIA,4,RGEE81402N,FALCONE BORSELLINO,SANTA CROCE CAMERINA,RAGUSA,SICILIA,SCUOLA PRIMARIA,primaria,3,capacita_esaurita_o_oltre_max_km
202425,0.2,42,statale,SCUOLA PRIMARIA,4,VEEE87403D,G. LEOPARDI,VENEZIA,VENEZIA,VENETO,SCUOLA PRIMARIA,primaria,3,capacita_esaurita_o_oltre_max_km
202425,0.2,42,statale,SCUOLA PRIMARIA,4,ALEE83403T,"""C.SO ROMITA"" - TORTONA",TORTONA,ALESSANDRIA,PIEMONTE,SCUOLA PRIMARIA,primaria,5,capacita_esaurita_o_oltre_max_km
202425,0.2,42,statale,SCUOLA PRIMARIA,4,MOEE845018,"""S. GIOVANNI BOSCO"" MODENA",MODENA,MODENA,EMILIA ROMAGNA,SCUOLA PRIMARIA,primaria,5,capacita_esaurita_o_oltre_max_km
202425,0.2,42,statale,SCUOLA PRIMARIA,4,REEE82901Q,FABBRICO CAP.,FABBRICO,REGGIO EMILIA,EMILIA ROMAGNA,SCUOLA PRIMARIA,primaria,4,capacita_esaurita_o_oltre_max_km
202425,0.2,42,statale,SCUOLA PRIMARIA,4,PGEE83201C,I.O. GIANO BASTARDO,GIANO DELL'UMBRIA,PERUGIA,UMBRIA,SCUOLA PRIMARIA,primaria,2,capacita_esaurita_o_oltre_max_km
202425,0.2,42,statale,SCUOLA PRIMARIA,4,PVEE83101V,VIG.VIALE LIBERTA' - DE AMICIS,VIGEVANO,PAVIA,LOMBARDIA,SCUOLA PRIMARIA,primaria,4,capacita_esaurita_o_oltre_max_km
202425,0.2,42,statale,SCUOLA PRIMARIA,4,IMEE800039,PIEVE DI TECO,PIEVE DI TECO,IMPERIA,LIGURIA,SCUOLA PRIMARIA,primaria,1,capacita_esaurita_o_oltre_max_km
202425,0.2,42,statale,SCUOLA PRIMARIA,4,MNEE805015,GOITO,GOITO,MANTOVA,LOMBARDIA,SCUOLA PRIMARIA,primaria,1,capacita_esaurita_o_oltre_max_km
202425,0.2,42,statale,SCUOLA PRIMARIA,4,RGEE81401L,SANTA CROCE CAMERINA,SANTA CROCE CAMERINA,RAGUSA,SICILIA,SCUOLA PRIMARIA,primaria,1,capacita_esaurita_o_oltre_max_km
202425,0.2,42,statale,SCUOLA PRIMARIA,4,RGEE83101A,MARINA DI RAGUSA,RAGUSA,RAGUSA,SICILIA,SCUOLA PRIMARIA,primaria,1,capacita_esaurita_o_oltre_max_km
202425,0.2,42,statale,SCUOLA PRIMARIA,4,VCEE805083,"PRIMARIA ""G. ALLIEVO""",SAN GERMANO VERCELLESE,VERCELLI,PIEMONTE,SCUOLA PRIMARIA,primaria,1,capacita_esaurita_o_oltre_max_km
202425,0.2,42,statale,SCUOLA PRIMARIA,4,PVEE813019,VILLANTERIO,VILLANTERIO,PAVIA,LOMBARDIA,SCUOLA PRIMARIA,primaria,1,capacita_esaurita_o_oltre_max_km
202425,0.2,42,statale,SCUOLA PRIMARIA,4,BOEE80501X,DE AMICIS IC SAN P. IN CASALE,SAN PIETRO IN CASALE,BOLOGNA,EMILIA ROMAGNA,SCUOLA PRIMARIA,primaria,1,capacita_esaurita_o_oltre_max_km
202425,0.2,42,statale,SCUOLA PRIMARIA,4,MNEE82201V,SC.PRIMARIA DI SERMIDE,SERMIDE E FELONICA,MANTOVA,LOMBARDIA,SCUOLA PRIMARIA,primaria,1,capacita_esaurita_o_oltre_max_km
202425,0.2,42,statale,SCUOLA PRIMARIA,4,PREE84001C,"""COLLODI""",FIDENZA,PARMA,EMILIA ROMAGNA,SCUOLA PRIMARIA,primaria,3,capacita_esaurita_o_oltre_max_km
202425,0.2,42,statale,SCUOLA PRIMARIA,4,GEEE83601E,S.EL. - D.FERRERO -,GENOVA,GENOVA,LIGURIA,SCUOLA PRIMARIA,primaria,3,capacita_esaurita_o_oltre_max_km
202425,0.2,42,statale,SCUOLA PRIMARIA,4,GREE817073,"SCANSANO CAP. -""UMBERTO I""",SCANSANO,GROSSETO,TOSCANA,SCUOLA PRIMARIA,primaria,1,capacita_esaurita_o_oltre_max_km
202425,0.2,42,statale,SCUOLA PRIMARIA,4,BSEE881014,PRIMARIA A.DIAZ BRESCIA,BRESCIA,BRESCIA,LOMBARDIA,SCUOLA PRIMARIA,primaria,1,capacita_esaurita_o_oltre_max_km
202425,0.2,42,statale,SCUOLA PRIMARIA,4,FEEE802017,"""C.BATTISTI""-BONDENO",BONDENO,FERRARA,EMILIA ROMAGNA,SCUOLA PRIMARIA,primaria,2,capacita_esaurita_o_oltre_max_km
202425,0.2,42,statale,SCUOLA PRIMARIA,4,CREE81401P,"""MARIO LODI"" (PIADENA)",PIADENA DRIZZONA,CREMONA,LOMBARDIA,SCUOLA PRIMARIA,primaria,1,capacita_esaurita_o_oltre_max_km
202425,0.2,42,statale,SCUOLA PRIMARIA,4,PGEE82804X,"""A. FRANK"" - VALTOPINA",VALTOPINA,PERUGIA,UMBRIA,SCUOLA PRIMARIA,primaria,1,capacita_esaurita_o_oltre_max_km
202425,0.2,42,statale,SCUOLA PRIMARIA,4,VREE857019,"NOGARA ""DON G. CALABRIA""",NOGARA,VERONA,VENETO,SCUOLA PRIMARIA,primaria,3,capacita_esaurita_o_oltre_max_km
202425,0.2,42,statale,SCUOLA PRIMARIA,4,FEEE825021,VIA MONTESSORI-BERRA,RIVA DEL PO,FERRARA,EMILIA ROMAGNA,SCUOLA PRIMARIA,primaria,1,capacita_esaurita_o_oltre_max_km
202425,0.2,42,statale,SCUOLA PRIMARIA,4,SIEE807056,BALDASSARRE PERUZZI - SOVICILLE,SOVICILLE,SIENA,TOSCANA,SCUOLA PRIMARIA,primaria,1,capacita_esaurita_o_oltre_max_km
202425,0.2,42,statale,SCUOLA PRIMARIA,4,RAEE82101P,LUIGI BATTAGLIA,FUSIGNANO,RAVENNA,EMILIA ROMAGNA,SCUOLA PRIMARIA,primaria,2,capacita_esaurita_o_oltre_max_km
202425,0.2,42,statale,SCUOLA PRIMARIA,4,BGEE83203C,PUMENENGO,PUMENENGO,BERGAMO,LOMBARDIA,SCUOLA PRIMARIA,primaria,1,capacita_esaurita_o_oltre_max_km
202425,0.2,42,statale,SCUOLA PRIMARIA,4,GREE82103E,SATURNIA,MANCIANO,GROSSETO,TOSCANA,SCUOLA PRIMARIA,primaria,1,capacita_esaurita_o_oltre_max_km
202425,0.2,42,statale,SCUOLA PRIMARIA,4,MCEE82005A,PIETRO CAPUZI,VISSO,MACERATA,MARCHE,SCUOLA PRIMARIA,primaria,1,capacita_esaurita_o_oltre_max_km
202425,0.2,42,statale,SCUOLA PRIMARIA,4,MOEE84401C,"""NICOLA PISANO"" MODENA",MODENA,MODENA,EMILIA ROMAGNA,SCUOLA PRIMARIA,primaria,3,capacita_esaurita_o_oltre_max_km
202425,0.2,42,statale,SCUOLA PRIMARIA,4,PCEE002052,SAN LAZZARO ALBERONI,PIACENZA,PIACENZA,EMILIA ROMAGNA,SCUOLA PRIMARIA,primaria,4,capacita_esaurita_o_oltre_max_km
202425,0.2,42,statale,SCUOLA PRIMARIA,4,REEE81602P,COLLAGNA CAP.,VENTASSO,REGGIO EMILIA,EMILIA ROMAGNA,SCUOLA PRIMARIA,primaria,1,capacita_esaurita_o_oltre_max_km
202425,0.2,42,statale,SCUOLA PRIMARIA,4,VEEE87402C,T. VECELLIO,VENEZIA,VENEZIA,VENETO,SCUOLA PRIMARIA,primaria,1,capacita_esaurita_o_oltre_max_km
202425,0.2,42,statale,SCUOLA PRIMARIA,4,ALEE811068,"PONTESTURA ""C.PALAZZO""",PONTESTURA,ALESSANDRIA,PIEMONTE,SCUOLA PRIMARIA,primaria,1,capacita_esaurita_o_oltre_max_km
202425,0.2,42,statale,SCUOLA PRIMARIA,4,AQEE82503V,SCUOLA PRIMARIA LECCE NEI MARSI,LECCE NEI MARSI,L'AQUILA,ABRUZZO,SCUOLA PRIMARIA,primaria,1,capacita_esaurita_o_oltre_max_km
202425,0.2,42,statale,SCUOLA PRIMARIA,4,PVEE81701L,MORTARA,MORTARA,PAVIA,LOMBARDIA,SCUOLA PRIMARIA,primaria,1,capacita_esaurita_o_oltre_max_km
202425,0.2,42,statale,SCUOLA PRIMARIA,4,PCEE80801Q,BORGONOVO - CAPOLUOGO,BORGONOVO VAL TIDONE,PIACENZA,EMILIA ROMAGNA,SCUOLA PRIMARIA,primaria,2,capacita_esaurita_o_oltre_max_km
202425,0.2,42,statale,SCUOLA PRIMARIA,4,PCEE81801A,FIORENZUOLA - CAPOLUOGO,FIORENZUOLA D'ARDA,PIACENZA,EMILIA ROMAGNA,SCUOLA PRIMARIA,primaria,4,capacita_esaurita_o_oltre_max_km
202425,0.2,42,statale,SCUOLA PRIMARIA,4,PCEE00304R,ALCIDE DE GASPERI,PIACENZA,PIACENZA,EMILIA ROMAGNA,SCUOLA PRIMARIA,primaria,2,capacita_esaurita_o_oltre_max_km
202425,0.2,42,statale,SCUOLA PRIMARIA,4,CNEE82610G,COSTIGLIOLE SALUZZO,COSTIGLIOLE SALUZZO,CUNEO,PIEMONTE,SCUOLA PRIMARIA,primaria,1,capacita_esaurita_o_oltre_max_km
202425,0.2,42,statale,SCUOLA PRIMARIA,4,VEEE87303N,VIA VIRGILIO,VENEZIA,VENEZIA,VENETO,SCUOLA PRIMARIA,primaria,1,capacita_esaurita_o_oltre_max_km
202425,0.2,42,statale,SCUOLA PRIMARIA,4,AREE82905V,"""DOTT.G.FRACASSI""",CHITIGNANO,AREZZO,TOSCANA,SCUOLA PRIMARIA,primaria,1,capacita_esaurita_o_oltre_max_km
202425,0.2,42,statale,SCUOLA PRIMARIA,4,IMEE802064,PIGNA,PIGNA,IMPERIA,LIGURIA,SCUOLA PRIMARIA,primaria,1,capacita_esaurita_o_oltre_max_km
202425,0.2,42,statale,SCUOLA PRIMARIA,4,PREE81001L,BARDI CPL.,BARDI,PARMA,EMILIA ROMAGNA,SCUOLA PRIMARIA,primaria,1,capacita_esaurita_o_oltre_max_km
202425,0.2,42,statale,SCUOLA PRIMARIA,4,RMEE8AL11G,SCUOLA PRIMARIA ROVIANO,ROVIANO,ROMA,LAZIO,SCUOLA PRIMARIA,primaria,1,capacita_esaurita_o_oltre_max_km
202425,0.2,42,statale,SCUOLA PRIMARIA,4,MNEE82501A,"SCUOLA PRIMARIA ""O.VISENTINI""",SUZZARA,MANTOVA,LOMBARDIA,SCUOLA PRIMARIA,primaria,2,capacita_esaurita_o_oltre_max_km
202425,0.2,42,statale,SCUOLA PRIMARIA,4,BOEE868013,I.C. MOLINELLA CAPOLUOGO,MOLINELLA,BOLOGNA,EMILIA ROMAGNA,SCUOLA PRIMARIA,primaria,2,capacita_esaurita_o_oltre_max_km
202425,0.2,42,statale,SCUOLA PRIMARIA,4,BGEE883028,PRIMARIA TRESCORE BALNEARIO,TRESCORE BALNEARIO,BERGAMO,LOMBARDIA,SCUOLA PRIMARIA,primaria,2,capacita_esaurita_o_oltre_max_km
202425,0.2,42,statale,SCUOLA PRIMARIA,4,MOEE83502P,"""C.A. DALLA CHIESA "" MASSA FIN.",FINALE EMILIA,MODENA,EMILIA ROMAGNA,SCUOLA PRIMARIA,primaria,2,capacita_esaurita_o_oltre_max_km
202425,0.2,42,statale,SCUOLA PRIMARIA,4,SIEE81204L,VIA MARTIRI MONTEMAGGIO,CASTELLINA IN CHIANTI,SIENA,TOSCANA,SCUOLA PRIMARIA,primaria,1,capacita_esaurita_o_oltre_max_km
202425,0.2,42,statale,SCUOLA PRIMARIA,4,AREE82401G,"""CARLO SALVETTI""",PIEVE SANTO STEFANO,AREZZO,TOSCANA,SCUOLA PRIMARIA,primaria,1,capacita_esaurita_o_oltre_max_km
202425,0.2,42,statale,SCUOLA PRIMARIA,4,ROEE80003P,PANZACCHI ENRICO - CASTELMASSA,CASTELMASSA,ROVIGO,VENETO,SCUOLA PRIMARIA,primaria,1,capacita_esaurita_o_oltre_max_km
202425,0.2,42,statale,SCUOLA PRIMARIA,4,PREE805037,"""GUGLIELMO MARCONI"" - LOC. SIS",SISSA TRECASALI,PARMA,EMILIA ROMAGNA,SCUOLA PRIMARIA,primaria,1,capacita_esaurita_o_oltre_max_km
202425,0.2,42,statale,SCUOLA PRIMARIA,4,BSEE808034,PIAN CAMUNO CAP.,PIAN CAMUNO,BRESCIA,LOMBARDIA,SCUOLA PRIMARIA,primaria,2,capacita_esaurita_o_oltre_max_km
202425,0.2,42,statale,SCUOLA PRIMARIA,4,CNEE82201T,CANALE - CAPOLUOGO,CANALE,CUNEO,PIEMONTE,SCUOLA PRIMARIA,primaria,1,capacita_esaurita_o_oltre_max_km
202425,0.2,42,statale,SCUOLA PRIMARIA,4,PVEE82601B,DE AMICIS VOGHERA,VOGHERA,PAVIA,LOMBARDIA,SCUOLA PRIMARIA,primaria,1,capacita_esaurita_o_oltre_max_km
202425,0.2,42,statale,SCUOLA PRIMARIA,4,ATEE804033,"MONCALVO CAP. ""F.SARZANO""",MONCALVO,ASTI,PIEMONTE,SCUOLA PRIMARIA,primaria,1,capacita_esaurita_o_oltre_max_km
202425,0.2,42,statale,SCUOLA PRIMARIA,4,BSEE84201D,PONTOGLIO- AI CADUTI,PONTOGLIO,BRESCIA,LOMBARDIA,SCUOLA PRIMARIA,primaria,1,capacita_esaurita_o_oltre_max_km
202425,0.2,42,statale,SCUOLA PRIMARIA,4,ALEE83602C,"ACQUI TERME ""G.SARACCO""",ACQUI TERME,ALESSANDRIA,PIEMONTE,SCUOLA PRIMARIA,primaria,1,capacita_esaurita_o_oltre_max_km
202425,0.2,42,statale,SCUOLA PRIMARIA,4,ALEE810039,"""G.UNGARETTI - MONTECHIARO",MONTECHIARO D'ACQUI,ALESSANDRIA,PIEMONTE,SCUOLA PRIMARIA,primaria,1,capacita_esaurita_o_oltre_max_km
202425,0.2,42,statale,SCUOLA PRIMARIA,4,ATEE81501B,SCUOLA PRIMARIA DI MOMBARUZZO,MOMBARUZZO,ASTI,PIEMONTE,SCUOLA PRIMARIA,primaria,1,capacita_esaurita_o_oltre_max_km
202425,0.2,42,statale,SCUOLA PRIMARIA,4,CAEE885116,SCUOLA PRIMARIA VILLASALTO,VILLASALTO,SUD SARDEGNA,SARDEGNA,SCUOLA PRIMARIA,primaria,1,capacita_esaurita_o_oltre_max_km
202425,0.2,42,statale,SCUOLA PRIMARIA,4,FGEE81602R,PANNI,PANNI,FOGGIA,PUGLIA,SCUOLA PRIMARIA,primaria,1,capacita_esaurita_o_oltre_max_km
202425,0.2,42,statale,SCUOLA PRIMARIA,4,GREE817051,"CINIGIANO CAP. - ""G.ALFIERI""",CINIGIANO,GROSSETO,TOSCANA,SCUOLA PRIMARIA,primaria,1,capacita_esaurita_o_oltre_max_km
202425,0.2,42,statale,SCUOLA PRIMARIA,4,PVEE801013,CHIGNOLO PO,CHIGNOLO PO,PAVIA,LOMBARDIA,SCUOLA PRIMARIA,primaria,2,capacita_esaurita_o_oltre_max_km
202425,0.2,42,statale,SCUOLA PRIMARIA,4,FGEE83701R,STORNARA,STORNARA,FOGGIA,PUGLIA,SCUOLA PRIMARIA,primaria,1,capacita_esaurita_o_oltre_max_km
202425,0.2,42,statale,SCUOLA PRIMARIA,4,MNEE80204R,"CASALOLDO ""DANTE ALIGHIERI""",CASALOLDO,MANTOVA,LOMBARDIA,SCUOLA PRIMARIA,primaria,1,capacita_esaurita_o_oltre_max_km
202425,0.2,42,statale,SCUOLA PRIMARIA,4,GREE81103X,"ARCIDOSSO CAP.-""D.ALIGHIERI""",ARCIDOSSO,GROSSETO,TOSCANA,SCUOLA PRIMARIA,primaria,1,capacita_esaurita_o_oltre_max_km
202425,0.2,42,statale,SCUOLA PRIMARIA,4,BOEE840017,XXV APRILE 1945 - I.C. VERGATO,VERGATO,BOLOGNA,EMILIA ROMAGNA,SCUOLA PRIMARIA,primaria,1,capacita_esaurita_o_oltre_max_km
202425,0.2,42,statale,SCUOLA PRIMARIA,4,RMEE86601L,MAZZANO ROMANO,MAZZANO ROMANO,ROMA,LAZIO,SCUOLA PRIMARIA,primaria,1,capacita_esaurita_o_oltre_max_km
202425,0.2,42,statale,SCUOLA PRIMARIA,4,POEE811019,CARLO E MARIA TERESA ARMELLINI,VERNIO,PRATO,TOSCANA,SCUOLA PRIMARIA,primaria,1,capacita_esaurita_o_oltre_max_km
202425,0.2,42,statale,SCUOLA PRIMARIA,4,MNEE821035,PRIMARIA SAN GIACOMO SEGNATE,SAN GIACOMO DELLE SEGNATE,MANTOVA,LOMBARDIA,SCUOLA PRIMARIA,primaria,1,capacita_esaurita_o_oltre_max_km
202425,0.2,42,statale,SCUOLA PRIMARIA,5,FOEE80306R,"SARSINA ""PAPA GIOVANNI XXIII""",SARSINA,FORLI'-CESENA,EMILIA ROMAGNA,SCUOLA PRIMARIA,primaria,1,capacita_esaurita_o_oltre_max_km
202425,0.2,42,statale,SCUOLA PRIMARIA,5,MNEE819024,S. GIOVANNI DEL DOSSO,SAN GIOVANNI DEL DOSSO,MANTOVA,LOMBARDIA,SCUOLA PRIMARIA,primaria,2,capacita_esaurita_o_oltre_max_km
202425,0.2,42,statale,SCUOLA PRIMARIA,5,FIEE826024,"PANZANO - ""D.ALIGHIERI""",GREVE IN CHIANTI,FIRENZE,TOSCANA,SCUOLA PRIMARIA,primaria,2,capacita_esaurita_o_oltre_max_km
202425,0.2,42,statale,SCUOLA PRIMARIA,5,BOEE86002D,UGO PIZZOLI,CREVALCORE,BOLOGNA,EMILIA ROMAGNA,SCUOLA PRIMARIA,primaria,1,capacita_esaurita_o_oltre_max_km
202425,0.2,42,statale,SCUOLA PRIMARIA,5,GREE815026,MONTIERI CAPOLUOGO,MONTIERI,GROSSETO,TOSCANA,SCUOLA PRIMARIA,primaria,1,capacita_esaurita_o_oltre_max_km
202425,0.2,42,statale,SCUOLA PRIMARIA,5,PIEE824049,CAPPELLINI,CASTELNUOVO DI VAL DI CECINA,PISA,TOSCANA,SCUOLA PRIMARIA,primaria,2,capacita_esaurita_o_oltre_max_km
202425,0.2,42,statale,SCUOLA PRIMARIA,5,PREE83801C,BRUNO FERRARI,LANGHIRANO,PARMA,EMILIA ROMAGNA,SCUOLA PRIMARIA,primaria,5,capacita_esaurita_o_oltre_max_km
202425,0.2,42,statale,SCUOLA PRIMARIA,5,AQEE82503V,SCUOLA PRIMARIA LECCE NEI MARSI,LECCE NEI MARSI,L'AQUILA,ABRUZZO,SCUOLA PRIMARIA,primaria,2,capacita_esaurita_o_oltre_max_km
202425,0.2,42,statale,SCUOLA PRIMARIA,5,CREE81404T,"""DON PRIMO MAZZOLARI"" TORRE P.",TORRE DE' PICENARDI,CREMONA,LOMBARDIA,SCUOLA PRIMARIA,primaria,3,capacita_esaurita_o_oltre_max_km
202425,0.2,42,statale,SCUOLA PRIMARIA,5,MCEE80903D,G. LEOPARDI,SERRAVALLE DI CHIENTI,MACERATA,MARCHE,SCUOLA PRIMARIA,primaria,2,capacita_esaurita_o_oltre_max_km
202425,0.2,42,statale,SCUOLA PRIMARIA,5,GREE82101C,"MANCIANO CAPOLUOGO -""P.ALDI""",MANCIANO,GROSSETO,TOSCANA,SCUOLA PRIMARIA,primaria,3,capacita_esaurita_o_oltre_max_km
202425,0.2,42,statale,SCUOLA PRIMARIA,5,GREE815037,MONTEROTONDO CAPOLUOGO,MONTEROTONDO MARITTIMO,GROSSETO,TOSCANA,SCUOLA PRIMARIA,primaria,1,capacita_esaurita_o_oltre_max_km
202425,0.2,42,statale,SCUOLA PRIMARIA,5,GREE815059,PRATA,MASSA MARITTIMA,GROSSETO,TOSCANA,SCUOLA PRIMARIA,primaria,2,capacita_esaurita_o_oltre_max_km
202425,0.2,42,statale,SCUOLA PRIMARIA,5,CREE80001R,SCUOLA PRIMARIA SORESINA,SORESINA,CREMONA,LOMBARDIA,SCUOLA PRIMARIA,primaria,7,capacita_esaurita_o_oltre_max_km
202425,0.2,42,statale,SCUOLA PRIMARIA,5,ALEE83404V,"""GIANNI RODARI"" - TORTONA",TORTONA,ALESSANDRIA,PIEMONTE,SCUOLA PRIMARIA,primaria,1,capacita_esaurita_o_oltre_max_km
202425,0.2,42,statale,SCUOLA PRIMARIA,5,ALEE811024,G. REGGIO - GABIANO,GABIANO,ALESSANDRIA,PIEMONTE,SCUOLA PRIMARIA,primaria,1,capacita_esaurita_o_oltre_max_km
202425,0.2,42,statale,SCUOLA PRIMARIA,5,BSEE88502C,PRIMARIA DIV. ACQUI BRESCIA,BRESCIA,BRESCIA,LOMBARDIA,SCUOLA PRIMARIA,primaria,6,capacita_esaurita_o_oltre_max_km
202425,0.2,42,statale,SCUOLA PRIMARIA,5,RGEE81402N,FALCONE BORSELLINO,SANTA CROCE CAMERINA,RAGUSA,SICILIA,SCUOLA PRIMARIA,primaria,4,capacita_esaurita_o_oltre_max_km
202425,0.2,42,statale,SCUOLA PRIMARIA,5,PREE812029,BORGOTARO SAN ROCCO,BORGO VAL DI TARO,PARMA,EMILIA ROMAGNA,SCUOLA PRIMARIA,primaria,2,capacita_esaurita_o_oltre_max_km
202425,0.2,42,statale,SCUOLA PRIMARIA,5,FEEE824014,"""MARIA MONTESSORI"" - PORTOMAGGI",PORTOMAGGIORE,FERRARA,EMILIA ROMAGNA,SCUOLA PRIMARIA,primaria,7,capacita_esaurita_o_oltre_max_km
202425,0.2,42,statale,SCUOLA PRIMARIA,5,RGEE81401L,SANTA CROCE CAMERINA,SANTA CROCE CAMERINA,RAGUSA,SICILIA,SCUOLA PRIMARIA,primaria,4,capacita_esaurita_o_oltre_max_km
202425,0.2,42,statale,SCUOLA PRIMARIA,5,SIEE80902P,VIA CASABIANCA,GAIOLE IN CHIANTI,SIENA,TOSCANA,SCUOLA PRIMARIA,primaria,2,capacita_esaurita_o_oltre_max_km
202425,0.2,42,statale,SCUOLA PRIMARIA,5,PREE83602T,FILIPPO CORRIDONI,PARMA,PARMA,EMILIA ROMAGNA,SCUOLA PRIMARIA,primaria,4,capacita_esaurita_o_oltre_max_km
202425,0.2,42,statale,SCUOLA PRIMARIA,5,ALEE817012,PRIMARIA CARETTA SPINETTA,ALESSANDRIA,ALESSANDRIA,PIEMONTE,SCUOLA PRIMARIA,primaria,1,capacita_esaurita_o_oltre_max_km
202425,0.2,42,statale,SCUOLA PRIMARIA,5,RAEE81402L,"""FERMI E."" - VOLTANA",LUGO,RAVENNA,EMILIA ROMAGNA,SCUOLA PRIMARIA,primaria,1,capacita_esaurita_o_oltre_max_km
202425,0.2,42,statale,SCUOLA PRIMARIA,5,POEE81501L,CILIANI,PRATO,PRATO,TOSCANA,SCUOLA PRIMARIA,primaria,5,capacita_esaurita_o_oltre_max_km
202425,0.2,42,statale,SCUOLA PRIMARIA,5,PCEE002096,G.MAZZINI,PIACENZA,PIACENZA,EMILIA ROMAGNA,SCUOLA PRIMARIA,primaria,4,capacita_esaurita_o_oltre_max_km
202425,0.2,42,statale,SCUOLA PRIMARIA,5,NOEE82901N,"""GIANNI RODARI""",TRECATE,NOVARA,PIEMONTE,SCUOLA PRIMARIA,primaria,5,capacita_esaurita_o_oltre_max_km
202425,0.2,42,statale,SCUOLA PRIMARIA,5,PVEE830024,VIDARI,VIGEVANO,PAVIA,LOMBARDIA,SCUOLA PRIMARIA,primaria,5,capacita_esaurita_o_oltre_max_km
202425,0.2,42,statale,SCUOLA PRIMARIA,5,BIEE80003N,CAMPIGLIA CERVO,CAMPIGLIA CERVO,BIELLA,PIEMONTE,SCUOLA PRIMARIA,primaria,1,capacita_esaurita_o_oltre_max_km
202425,0.2,42,statale,SCUOLA PRIMARIA,5,BOEE84802V,CRISTINA DA PIZZANO,MONTERENZIO,BOLOGNA,EMILIA ROMAGNA,SCUOLA PRIMARIA,primaria,1,capacita_esaurita_o_oltre_max_km
202425,0.2,42,statale,SCUOLA PRIMARIA,5,GREE815015,BOCCHEGGIANO,MONTIERI,GROSSETO,TOSCANA,SCUOLA PRIMARIA,primaria,1,capacita_esaurita_o_oltre_max_km
202425,0.2,42,statale,SCUOLA PRIMARIA,5,PCEE80503A,BESENZONE-CAPOLUOGO,BESENZONE,PIACENZA,EMILIA ROMAGNA,SCUOLA PRIMARIA,primaria,1,capacita_esaurita_o_oltre_max_km
202425,0.2,42,statale,SCUOLA PRIMARIA,5,PREE81605Q,TIZZANO CPL,TIZZANO VAL PARMA,PARMA,EMILIA ROMAGNA,SCUOLA PRIMARIA,primaria,2,capacita_esaurita_o_oltre_max_km
202425,0.2,42,statale,SCUOLA PRIMARIA,5,PREE84001C,"""COLLODI""",FIDENZA,PARMA,EMILIA ROMAGNA,SCUOLA PRIMARIA,primaria,1,capacita_esaurita_o_oltre_max_km
202425,0.2,42,statale,SCUOLA PRIMARIA,5,REEE81603Q,LIGONCHIO CAP.,VENTASSO,REGGIO EMILIA,EMILIA ROMAGNA,SCUOLA PRIMARIA,primaria,1,capacita_esaurita_o_oltre_max_km
202425,0.2,42,statale,SCUOLA PRIMARIA,5,REEE819015,BAISO - CAP,BAISO,REGGIO EMILIA,EMILIA ROMAGNA,SCUOLA PRIMARIA,primaria,1,capacita_esaurita_o_oltre_max_km
202425,0.2,42,statale,SCUOLA PRIMARIA,5,VCEE805083,"PRIMARIA ""G. ALLIEVO""",SAN GERMANO VERCELLESE,VERCELLI,PIEMONTE,SCUOLA PRIMARIA,primaria,1,capacita_esaurita_o_oltre_max_km
202425,0.2,42,statale,SCUOLA PRIMARIA,5,VREE816013,ALBARO,RONCO ALL'ADIGE,VERONA,VENETO,SCUOLA PRIMARIA,primaria,1,capacita_esaurita_o_oltre_max_km
202425,0.2,42,statale,SCUOLA PRIMARIA,5,BGEE85902B,SCUOLA PRIMARIA CAP,MARTINENGO,BERGAMO,LOMBARDIA,SCUOLA PRIMARIA,primaria,2,capacita_esaurita_o_oltre_max_km
202425,0.2,42,statale,SCUOLA PRIMARIA,5,PREE82201V,BUSSETO CPL,BUSSETO,PARMA,EMILIA ROMAGNA,SCUOLA PRIMARIA,primaria,3,capacita_esaurita_o_oltre_max_km
202425,0.2,42,statale,SCUOLA PRIMARIA,5,PVEE81701L,MORTARA,MORTARA,PAVIA,LOMBARDIA,SCUOLA PRIMARIA,primaria,2,capacita_esaurita_o_oltre_max_km
202425,0.2,42,statale,SCUOLA PRIMARIA,5,CREE81001B,CASALBUTTANO CAP.,CASALBUTTANO ED UNITI,CREMONA,LOMBARDIA,SCUOLA PRIMARIA,primaria,3,capacita_esaurita_o_oltre_max_km
202425,0.2,42,statale,SCUOLA PRIMARIA,5,ALEE811013,"CERRINA ""E. DE PETRINI BOLLO""",CERRINA MONFERRATO,ALESSANDRIA,PIEMONTE,SCUOLA PRIMARIA,primaria,3,capacita_esaurita_o_oltre_max_km
202425,0.2,42,statale,SCUOLA PRIMARIA,5,CNEE82610G,COSTIGLIOLE SALUZZO,COSTIGLIOLE SALUZZO,CUNEO,PIEMONTE,SCUOLA PRIMARIA,primaria,2,capacita_esaurita_o_oltre_max_km
202425,0.2,42,statale,SCUOLA PRIMARIA,5,CREE81401P,"""MARIO LODI"" (PIADENA)",PIADENA DRIZZONA,CREMONA,LOMBARDIA,SCUOLA PRIMARIA,primaria,2,capacita_esaurita_o_oltre_max_km
202425,0.2,42,statale,SCUOLA PRIMARIA,5,RGEE80202B,LEONARDO SCIASCIA,VITTORIA,RAGUSA,SICILIA,SCUOLA PRIMARIA,primaria,3,capacita_esaurita_o_oltre_max_km
202425,0.2,42,statale,SCUOLA PRIMARIA,5,ALEE83602C,"ACQUI TERME ""G.SARACCO""",ACQUI TERME,ALESSANDRIA,PIEMONTE,SCUOLA PRIMARIA,primaria,4,capacita_esaurita_o_oltre_max_km
202425,0.2,42,statale,SCUOLA PRIMARIA,5,PREE07501C,DE AMICIS,FIDENZA,PARMA,EMILIA ROMAGNA,SCUOLA PRIMARIA,primaria,3,capacita_esaurita_o_oltre_max_km
202425,0.2,42,statale,SCUOLA PRIMARIA,5,CNEE82504C,NARZOLE - CAPOLUOGO,NARZOLE,CUNEO,PIEMONTE,SCUOLA PRIMARIA,primaria,3,capacita_esaurita_o_oltre_max_km
202425,0.2,42,statale,SCUOLA PRIMARIA,5,FIEE871033,S.VERDIANA-TILLI,CASTELFIORENTINO,FIRENZE,TOSCANA,SCUOLA PRIMARIA,primaria,2,capacita_esaurita_o_oltre_max_km
202425,0.2,42,statale,SCUOLA PRIMARIA,5,POEE805012,LE FONTI,PRATO,PRATO,TOSCANA,SCUOLA PRIMARIA,primaria,2,capacita_esaurita_o_oltre_max_km
202425,0.2,42,statale,SCUOLA PRIMARIA,5,ALEE82702N,"ALESSANDRIA ""E.DE AMICIS""",ALESSANDRIA,ALESSANDRIA,PIEMONTE,SCUOLA PRIMARIA,primaria,4,capacita_esaurita_o_oltre_max_km
202425,0.2,42,statale,SCUOLA PRIMARIA,5,MTEE83405Q,ROTONDELLA-VALSINNI,ROTONDELLA,MATERA,BASILICATA,SCUOLA PRIMARIA,primaria,2,capacita_esaurita_o_oltre_max_km
202425,0.2,42,statale,SCUOLA PRIMARIA,5,PCEE80801Q,BORGONOVO - CAPOLUOGO,BORGONOVO VAL TIDONE,PIACENZA,EMILIA ROMAGNA,SCUOLA PRIMARIA,primaria,2,capacita_esaurita_o_oltre_max_km
202425,0.2,42,statale,SCUOLA PRIMARIA,5,ALEE83403T,"""C.SO ROMITA"" - TORTONA",TORTONA,ALESSANDRIA,PIEMONTE,SCUOLA PRIMARIA,primaria,1,capacita_esaurita_o_oltre_max_km
202425,0.2,42,statale,SCUOLA PRIMARIA,5,MOEE81301R,"""J.HILARION LENZI"" ZOCCA",ZOCCA,MODENA,EMILIA ROMAGNA,SCUOLA PRIMARIA,primaria,2,capacita_esaurita_o_oltre_max_km
202425,0.2,42,statale,SCUOLA PRIMARIA,5,IMEE802064,PIGNA,PIGNA,IMPERIA,LIGURIA,SCUOLA PRIMARIA,primaria,1,capacita_esaurita_o_oltre_max_km
202425,0.2,42,statale,SCUOLA PRIMARIA,5,PREE827023,ULISSE ADORNI,PARMA,PARMA,EMILIA ROMAGNA,SCUOLA PRIMARIA,primaria,2,capacita_esaurita_o_oltre_max_km
202425,0.2,42,statale,SCUOLA PRIMARIA,5,PSEE811054,MACERATA F. - MERCATINO CONCA,MERCATINO CONCA,PESARO E URBINO,MARCHE,SCUOLA PRIMARIA,primaria,1,capacita_esaurita_o_oltre_max_km
202425,0.2,42,statale,SCUOLA PRIMARIA,5,VREE816024,RONCO ALL'ADIGE,RONCO ALL'ADIGE,VERONA,VENETO,SCUOLA PRIMARIA,primaria,3,capacita_esaurita_o_oltre_max_km
202425,0.2,42,statale,SCUOLA PRIMARIA,5,AQEE82101D,"""E. DE AMICIS"" - LUCO DEI MARSI",LUCO DEI MARSI,L'AQUILA,ABRUZZO,SCUOLA PRIMARIA,primaria,3,capacita_esaurita_o_oltre_max_km
202425,0.2,42,statale,SCUOLA PRIMARIA,5,LOEE80402D,PRIMARIA GALILEO GALILEI - GRAF,GRAFFIGNANA,LODI,LOMBARDIA,SCUOLA PRIMARIA,primaria,3,capacita_esaurita_o_oltre_max_km
202425,0.2,42,statale,SCUOLA PRIMARIA,5,VREE857019,"NOGARA ""DON G. CALABRIA""",NOGARA,VERONA,VENETO,SCUOLA PRIMARIA,primaria,1,capacita_esaurita_o_oltre_max_km
202425,0.2,42,statale,SCUOLA PRIMARIA,5,SIEE807012,"""DINA FERRI""",CHIUSDINO,SIENA,TOSCANA,SCUOLA PRIMARIA,primaria,1,capacita_esaurita_o_oltre_max_km
202425,0.2,42,statale,SCUOLA PRIMARIA,5,IMEE81202E,SC. ELEM. LARGO GHIGLIA,IMPERIA,IMPERIA,LIGURIA,SCUOLA PRIMARIA,primaria,1,capacita_esaurita_o_oltre_max_km
202425,0.2,42,statale,SCUOLA PRIMARIA,5,FEEE802017,"""C.BATTISTI""-BONDENO",BONDENO,FERRARA,EMILIA ROMAGNA,SCUOLA PRIMARIA,primaria,3,capacita_esaurita_o_oltre_max_km
202425,0.2,42,statale,SCUOLA PRIMARIA,5,BSEE816022,"BRESCIA ""CALINI""",BRESCIA,BRESCIA,LOMBARDIA,SCUOLA PRIMARIA,primaria,1,capacita_esaurita_o_oltre_max_km
202425,0.2,42,statale,SCUOLA PRIMARIA,5,FIEE871022,VIALE ROOSEVELT,CASTELFIORENTINO,FIRENZE,TOSCANA,SCUOLA PRIMARIA,primaria,2,capacita_esaurita_o_oltre_max_km
202425,0.2,42,statale,SCUOLA PRIMARIA,5,MNEE80101T,ACQUANEGRA SUL CHIESE V. LOCCHI,ACQUANEGRA SUL CHIESE,MANTOVA,LOMBARDIA,SCUOLA PRIMARIA,primaria,1,capacita_esaurita_o_oltre_max_km
202425,0.2,42,statale,SCUOLA PRIMARIA,5,NOEE80901C,DON CARLO FELICE SAINO,CERANO,NOVARA,PIEMONTE,SCUOLA PRIMARIA,primaria,5,capacita_esaurita_o_oltre_max_km
202425,0.2,42,statale,SCUOLA PRIMARIA,5,PREE820039,ROMAGNOSI,SALSOMAGGIORE TERME,PARMA,EMILIA ROMAGNA,SCUOLA PRIMARIA,primaria,2,capacita_esaurita_o_oltre_max_km
202425,0.2,42,statale,SCUOLA PRIMARIA,5,BGEE83701D,CALVENZANO,CALVENZANO,BERGAMO,LOMBARDIA,SCUOLA PRIMARIA,primaria,2,capacita_esaurita_o_oltre_max_km
202425,0.2,42,statale,SCUOLA PRIMARIA,5,BOEE884011,O. MEZZINI I.C. LOIANO MONGHID.,MONGHIDORO,BOLOGNA,EMILIA ROMAGNA,SCUOLA PRIMARIA,primaria,1,capacita_esaurita_o_oltre_max_km
202425,0.2,42,statale,SCUOLA PRIMARIA,5,GREE81101T,"CASTELDELPIANO CAP.""L.SANTUCCI""",CASTEL DEL PIANO,GROSSETO,TOSCANA,SCUOLA PRIMARIA,primaria,1,capacita_esaurita_o_oltre_max_km
202425,0.2,42,statale,SCUOLA PRIMARIA,5,MOEE81903T,"""P.GIANNONE"" CAMPOSANTO",CAMPOSANTO,MODENA,EMILIA ROMAGNA,SCUOLA PRIMARIA,primaria,2,capacita_esaurita_o_oltre_max_km
202425,0.2,42,statale,SCUOLA PRIMARIA,5,BOEE805043,MAZZACURATI,GALLIERA,BOLOGNA,EMILIA ROMAGNA,SCUOLA PRIMARIA,primaria,3,capacita_esaurita_o_oltre_max_km
202425,0.2,42,statale,SCUOLA PRIMARIA,5,PVEE83101V,VIG.VIALE LIBERTA' - DE AMICIS,VIGEVANO,PAVIA,LOMBARDIA,SCUOLA PRIMARIA,primaria,3,capacita_esaurita_o_oltre_max_km
202425,0.2,42,statale,SCUOLA PRIMARIA,5,PCEE81801A,FIORENZUOLA - CAPOLUOGO,FIORENZUOLA D'ARDA,PIACENZA,EMILIA ROMAGNA,SCUOLA PRIMARIA,primaria,3,capacita_esaurita_o_oltre_max_km
202425,0.2,42,statale,SCUOLA PRIMARIA,5,CNEE81104E,SAN MICHELE MONDOVI',SAN MICHELE MONDOVI',CUNEO,PIEMONTE,SCUOLA PRIMARIA,primaria,1,capacita_esaurita_o_oltre_max_km
202425,0.2,42,statale,SCUOLA PRIMARIA,5,LOEE81001Q,PRIMARIA ADA NEGRI - ORIO LITTA,ORIO LITTA,LODI,LOMBARDIA,SCUOLA PRIMARIA,primaria,1,capacita_esaurita_o_oltre_max_km
202425,0.2,42,statale,SCUOLA PRIMARIA,5,PREE80904G,S.ANDREA BAGNI,MEDESANO,PARMA,EMILIA ROMAGNA,SCUOLA PRIMARIA,primaria,1,capacita_esaurita_o_oltre_max_km
202425,0.2,42,statale,SCUOLA PRIMARIA,5,PREE80905L,CELLA - VARANO MARCHESI,MEDESANO,PARMA,EMILIA ROMAGNA,SCUOLA PRIMARIA,primaria,1,capacita_esaurita_o_oltre_max_km
202425,0.2,42,statale,SCUOLA PRIMARIA,5,PVEE83203R,MARAZZANI,VIGEVANO,PAVIA,LOMBARDIA,SCUOLA PRIMARIA,primaria,1,capacita_esaurita_o_oltre_max_km
202425,0.2,42,statale,SCUOLA PRIMARIA,5,PNEE82601A,"SPILIMBERGO ""G.B.CAVEDALIS""",SPILIMBERGO,PORDENONE,FRIULI-VENEZIA G.,SCUOLA PRIMARIA,primaria,1,capacita_esaurita_o_oltre_max_km
202425,0.2,42,statale,SCUOLA PRIMARIA,5,BOEE81001B,PRIMARIA CASTELLETTO,VALSAMOGGIA,BOLOGNA,EMILIA ROMAGNA,SCUOLA PRIMARIA,primaria,2,capacita_esaurita_o_oltre_max_km
202425,0.2,42,statale,SCUOLA PRIMARIA,5,MNEE82004A,"REVERE ""DON B. GRAZIOLI""",BORGO MANTOVANO,MANTOVA,LOMBARDIA,SCUOLA PRIMARIA,primaria,1,capacita_esaurita_o_oltre_max_km
202425,0.2,42,statale,SCUOLA PRIMARIA,5,SVEE81507R,ALBENGA II - COMANEDI CISANO,CISANO SUL NEVA,SAVONA,LIGURIA,SCUOLA PRIMARIA,primaria,1,capacita_esaurita_o_oltre_max_km
202425,0.2,42,statale,SCUOLA PRIMARIA,5,MOEE824017,""" GASPARINI "" CONCORDIA S/S",CONCORDIA SULLA SECCHIA,MODENA,EMILIA ROMAGNA,SCUOLA PRIMARIA,primaria,1,capacita_esaurita_o_oltre_max_km
202425,0.2,42,statale,SCUOLA PRIMARIA,5,PREE813014,FONTANELLATO CPL,FONTANELLATO,PARMA,EMILIA ROMAGNA,SCUOLA PRIMARIA,primaria,3,capacita_esaurita_o_oltre_max_km
202425,0.2,42,statale,SCUOLA PRIMARIA,5,RAEE816017,"""G. PASCOLI"" - RIOLO TERME",RIOLO TERME,RAVENNA,EMILIA ROMAGNA,SCUOLA PRIMARIA,primaria,1,capacita_esaurita_o_oltre_max_km
202425,0.2,42,statale,SCUOLA PRIMARIA,5,PREE82801T,ALBERTELLI,PARMA,PARMA,EMILIA ROMAGNA,SCUOLA PRIMARIA,primaria,2,capacita_esaurita_o_oltre_max_km
202425,0.2,42,statale,SCUOLA PRIMARIA,5,IMEE800039,PIEVE DI TECO,PIEVE DI TECO,IMPERIA,LIGURIA,SCUOLA PRIMARIA,primaria,1,capacita_esaurita_o_oltre_max_km
202425,0.2,42,statale,SCUOLA PRIMARIA,5,PCEE805018,CORTEMAGGIORE - CAPOLUOGO,CORTEMAGGIORE,PIACENZA,EMILIA ROMAGNA,SCUOLA PRIMARIA,primaria,2,capacita_esaurita_o_oltre_max_km
202425,0.2,42,statale,SCUOLA PRIMARIA,5,PVEE814015,"BELGIOIOSO ""C. LAURENTI""",BELGIOIOSO,PAVIA,LOMBARDIA,SCUOLA PRIMARIA,primaria,2,capacita_esaurita_o_oltre_max_km
202425,0.2,42,statale,SCUOLA PRIMARIA,5,LIEE82803T,PRIMARIA ALIGHIERI,PIOMBINO,LIVORNO,TOSCANA,SCUOLA PRIMARIA,primaria,1,capacita_esaurita_o_oltre_max_km
202425,0.2,42,statale,SCUOLA PRIMARIA,5,MSEE810021,PRIMARIA TERRAROSSA,LICCIANA NARDI,MASSA-CARRARA,TOSCANA,SCUOLA PRIMARIA,primaria,1,capacita_esaurita_o_oltre_max_km
202425,0.2,42,statale,SCUOLA PRIMARIA,5,PGEE83201C,I.O. GIANO BASTARDO,GIANO DELL'UMBRIA,PERUGIA,UMBRIA,SCUOLA PRIMARIA,primaria,2,capacita_esaurita_o_oltre_max_km
202425,0.2,42,statale,SCUOLA PRIMARIA,5,RGEE83101A,MARINA DI RAGUSA,RAGUSA,RAGUSA,SICILIA,SCUOLA PRIMARIA,primaria,1,capacita_esaurita_o_oltre_max_km
202425,0.2,42,statale,SCUOLA PRIMARIA,5,ALEE83902X,"ALESSANDRIA ""A.FERRERO""",ALESSANDRIA,ALESSANDRIA,PIEMONTE,SCUOLA PRIMARIA,primaria,1,capacita_esaurita_o_oltre_max_km
202425,0.2,42,statale,SCUOLA PRIMARIA,5,SIEE807056,BALDASSARRE PERUZZI - SOVICILLE,SOVICILLE,SIENA,TOSCANA,SCUOLA PRIMARIA,primaria,1,capacita_esaurita_o_oltre_max_km
202425,0.2,42,statale,SCUOLA PRIMARIA,5,PVEE800017,SC. PRIM. S. MARIA DELLA VERSA,SANTA MARIA DELLA VERSA,PAVIA,LOMBARDIA,SCUOLA PRIMARIA,primaria,2,capacita_esaurita_o_oltre_max_km
202425,0.2,42,statale,SCUOLA PRIMARIA,5,BGEE84405R,"COVO ""A.LOCATELLI""",COVO,BERGAMO,LOMBARDIA,SCUOLA PRIMARIA,primaria,1,capacita_esaurita_o_oltre_max_km
202425,0.2,42,statale,SCUOLA PRIMARIA,5,MOEE81901Q,"""L.A. MURATORI "" SAN FELICE S/P",SAN FELICE SUL PANARO,MODENA,EMILIA ROMAGNA,SCUOLA PRIMARIA,primaria,1,capacita_esaurita_o_oltre_max_km
202425,0.2,42,statale,SCUOLA PRIMARIA,5,VREE895014,PRADELLE-MACULAN-BAGNOLO,NOGAROLE ROCCA,VERONA,VENETO,SCUOLA PRIMARIA,primaria,1,capacita_esaurita_o_oltre_max_km
202425,0.2,42,statale,SCUOLA PRIMARIA,5,BSEE865016,POLO SCUOLA PRIMARIA IC CHIARI,CHIARI,BRESCIA,LOMBARDIA,SCUOLA PRIMARIA,primaria,3,capacita_esaurita_o_oltre_max_km
202425,0.2,42,statale,SCUOLA PRIMARIA,5,SIEE80503C,L. BONAZIA,SINALUNGA,SIENA,TOSCANA,SCUOLA PRIMARIA,primaria,2,capacita_esaurita_o_oltre_max_km
202425,0.2,42,statale,SCUOLA PRIMARIA,5,VTEE805028,PESCIA ROMANA,MONTALTO DI CASTRO,VITERBO,LAZIO,SCUOLA PRIMARIA,primaria,2,capacita_esaurita_o_oltre_max_km
202425,0.2,42,statale,SCUOLA PRIMARIA,5,CREE80002T,SCUOLA PRIMARIA ANNICCO,ANNICCO,CREMONA,LOMBARDIA,SCUOLA PRIMARIA,primaria,1,capacita_esaurita_o_oltre_max_km
202425,0.2,42,statale,SCUOLA PRIMARIA,5,CREE81301V,""" A. MINA "" (GUSSOLA)",GUSSOLA,CREMONA,LOMBARDIA,SCUOLA PRIMARIA,primaria,1,capacita_esaurita_o_oltre_max_km
202425,0.2,42,statale,SCUOLA PRIMARIA,5,RAEE81802X,"""GINNASI ALESSANDRO""",CASTEL BOLOGNESE,RAVENNA,EMILIA ROMAGNA,SCUOLA PRIMARIA,primaria,1,capacita_esaurita_o_oltre_max_km
202425,0.2,42,statale,SCUOLA PRIMARIA,5,GREE81506A,"MASSA M/MA ""DON CURZIO BRESCHI""",MASSA MARITTIMA,GROSSETO,TOSCANA,SCUOLA PRIMARIA,primaria,1,capacita_esaurita_o_oltre_max_km
202425,0.2,42,statale,SCUOLA PRIMARIA,5,BOEE825015,PRIMARIA MALALBERGO ALTEDO,MALALBERGO,BOLOGNA,EMILIA ROMAGNA,SCUOLA PRIMARIA,primaria,1,capacita_esaurita_o_oltre_max_km
202425,0.2,42,statale,SCUOLA PRIMARIA,5,BSEE8AE048,SCUOLA PRIMARIA MURA,MURA,BRESCIA,LOMBARDIA,SCUOLA PRIMARIA,primaria,1,capacita_esaurita_o_oltre_max_km
202425,0.2,42,statale,SCUOLA PRIMARIA,5,IMEE81102P,SC. PRIM. CASTELVECCHIO,IMPERIA,IMPERIA,LIGURIA,SCUOLA PRIMARIA,primaria,2,capacita_esaurita_o_oltre_max_km
202425,0.2,42,statale,SCUOLA PRIMARIA,5,MTEE81102X,VIA DELLA VITTORIA-ALIANO,ALIANO,MATERA,BASILICATA,SCUOLA PRIMARIA,primaria,1,capacita_esaurita_o_oltre_max_km
202425,0.2,42,statale,SCUOLA PRIMARIA,5,PSEE808025,APECCHIO - CAP.GO,APECCHIO,PESARO E URBINO,MARCHE,SCUOLA PRIMARIA,primaria,1,capacita_esaurita_o_oltre_max_km
202425,0.2,42,statale,SCUOLA PRIMARIA,5,SAEE83006E,BELLOSGUARDO CAP. P.P.,BELLOSGUARDO,SALERNO,CAMPANIA,SCUOLA PRIMARIA,primaria,1,capacita_esaurita_o_oltre_max_km
202425,0.2,42,statale,SCUOLA PRIMARIA,5,PREE82501A,"""L. EINAUDI""",PARMA,PARMA,EMILIA ROMAGNA,SCUOLA PRIMARIA,primaria,2,capacita_esaurita_o_oltre_max_km
202425,0.2,42,statale,SCUOLA PRIMARIA,5,FIEE871011,VIALE DI VITTORIO,CASTELFIORENTINO,FIRENZE,TOSCANA,SCUOLA PRIMARIA,primaria,1,capacita_esaurita_o_oltre_max_km
202425,0.2,42,statale,SCUOLA PRIMARIA,5,VCEE80002N,TRINO CAPOLUOGO,TRINO,VERCELLI,PIEMONTE,SCUOLA PRIMARIA,primaria,1,capacita_esaurita_o_oltre_max_km
202425,0.2,42,statale,SCUOLA PRIMARIA,5,RAEE808018,"""FORESTI F.""",CONSELICE,RAVENNA,EMILIA ROMAGNA,SCUOLA PRIMARIA,primaria,1,capacita_esaurita_o_oltre_max_km
202425,0.2,42,statale,SCUOLA PRIMARIA,5,ALEE81802V,"""ROBOTTI"" - FUBINE",FUBINE MONFERRATO,ALESSANDRIA,PIEMONTE,SCUOLA PRIMARIA,primaria,1,capacita_esaurita_o_oltre_max_km
202425,0.2,42,statale,SCUOLA PRIMARIA,5,BGEE83203C,PUMENENGO,PUMENENGO,BERGAMO,LOMBARDIA,SCUOLA PRIMARIA,primaria,1,capacita_esaurita_o_oltre_max_km
202425,0.2,42,statale,SCUOLA PRIMARIA,5,LOEE807043,PRIMARIA - SENNA LODIGIANA,SENNA LODIGIANA,LODI,LOMBARDIA,SCUOLA PRIMARIA,primaria,1,capacita_esaurita_o_oltre_max_km
202425,0.2,42,statale,SCUOLA PRIMARIA,5,BOEE825026,PRIMARIA BRUNO MUNARI BARICELLA,BARICELLA,BOLOGNA,EMILIA ROMAGNA,SCUOLA PRIMARIA,primaria,1,capacita_esaurita_o_oltre_max_km
202425,0.2,42,statale,SCUOLA PRIMARIA,5,RAEE82101P,LUIGI BATTAGLIA,FUSIGNANO,RAVENNA,EMILIA ROMAGNA,SCUOLA PRIMARIA,primaria,1,capacita_esaurita_o_oltre_max_km
202425,0.2,42,statale,SCUOLA SECONDARIA I GRADO,1,POMM809018,SER LAPO MAZZEI,PRATO,PRATO,TOSCANA,SCUOLA PRIMO GRADO,secondaria_primo_grado,4,capacita_esaurita_o_oltre_max_km
202425,0.2,42,statale,SCUOLA SECONDARIA I GRADO,1,GRMM82101B,SATURNIA MEDIE,MANCIANO,GROSSETO,TOSCANA,SCUOLA PRIMO GRADO,secondaria_primo_grado,1,capacita_esaurita_o_oltre_max_km
202425,0.2,42,statale,SCUOLA SECONDARIA I GRADO,1,CRMM80001Q,"""GIACOMO BERTESI"" (SORESINA)",SORESINA,CREMONA,LOMBARDIA,SCUOLA PRIMO GRADO,secondaria_primo_grado,12,capacita_esaurita_o_oltre_max_km
202425,0.2,42,statale,SCUOLA SECONDARIA I GRADO,1,LOMM81501T,SEC.I GRADO S.FRANCESCA CABRINI,SANT'ANGELO LODIGIANO,LODI,LOMBARDIA,SCUOLA PRIMO GRADO,secondaria_primo_grado,6,capacita_esaurita_o_oltre_max_km
202425,0.2,42,statale,SCUOLA SECONDARIA I GRADO,1,PRMM83801B,"LANGHIRANO - ""E. FERMI""",LANGHIRANO,PARMA,EMILIA ROMAGNA,SCUOLA PRIMO GRADO,secondaria_primo_grado,10,capacita_esaurita_o_oltre_max_km
202425,0.2,42,statale,SCUOLA SECONDARIA I GRADO,1,POMM01000C,"C/O CONVITTO NAZ. ""CICOGNINI""",PRATO,PRATO,TOSCANA,SCUOLA PRIMO GRADO,secondaria_primo_grado,8,capacita_esaurita_o_oltre_max_km
202425,0.2,42,statale,SCUOLA SECONDARIA I GRADO,1,FEMM824013,SCUOLA MEDIA - PORTOMAGGIORE,PORTOMAGGIORE,FERRARA,EMILIA ROMAGNA,SCUOLA PRIMO GRADO,secondaria_primo_grado,3,capacita_esaurita_o_oltre_max_km
202425,0.2,42,statale,SCUOLA SECONDARIA I GRADO,1,PIMM810028,"""C.BANTI""",SANTA CROCE SULL'ARNO,PISA,TOSCANA,SCUOLA PRIMO GRADO,secondaria_primo_grado,1,capacita_esaurita_o_oltre_max_km
202425,0.2,42,statale,SCUOLA SECONDARIA I GRADO,1,MCMM820026,MONS.LUIGI PAOLETTI,PIEVE TORINA,MACERATA,MARCHE,SCUOLA PRIMO GRADO,secondaria_primo_grado,1,capacita_esaurita_o_oltre_max_km
202425,0.2,42,statale,SCUOLA SECONDARIA I GRADO,1,MNMM83002T,SCUOLA MEDIA SAN MATTEO D/C,VIADANA,MANTOVA,LOMBARDIA,SCUOLA PRIMO GRADO,secondaria_primo_grado,2,capacita_esaurita_o_oltre_max_km
202425,0.2,42,statale,SCUOLA SECONDARIA I GRADO,1,IMMM800027,"PONTEDASSIO ""G.NATTA""",PONTEDASSIO,IMPERIA,LIGURIA,SCUOLA PRIMO GRADO,secondaria_primo_grado,2,capacita_esaurita_o_oltre_max_km
202425,0.2,42,statale,SCUOLA SECONDARIA I GRADO,1,GRMM81903D,"ROCCASTRADA - ""G.GOZZANO""",ROCCASTRADA,GROSSETO,TOSCANA,SCUOLA PRIMO GRADO,secondaria_primo_grado,2,capacita_esaurita_o_oltre_max_km
202425,0.2,42,statale,SCUOLA SECONDARIA I GRADO,1,PRMM826015,"""L. VICINI"" - PARMA",PARMA,PARMA,EMILIA ROMAGNA,SCUOLA PRIMO GRADO,secondaria_primo_grado,10,capacita_esaurita_o_oltre_max_km
202425,0.2,42,statale,SCUOLA SECONDARIA I GRADO,1,PIMM824026,E.FERMI,CASTELNUOVO DI VAL DI CECINA,PISA,TOSCANA,SCUOLA PRIMO GRADO,secondaria_primo_grado,3,capacita_esaurita_o_oltre_max_km
202425,0.2,42,statale,SCUOLA SECONDARIA I GRADO,1,PVMM801034,CORTEOLONA E GENZONE,CORTEOLONA E GENZONE,PAVIA,LOMBARDIA,SCUOLA PRIMO GRADO,secondaria_primo_grado,4,capacita_esaurita_o_oltre_max_km
202425,0.2,42,statale,SCUOLA SECONDARIA I GRADO,1,PCMM00300G,"""FAUSTINI-FRANK-NICOLINI""",PIACENZA,PIACENZA,EMILIA ROMAGNA,SCUOLA PRIMO GRADO,secondaria_primo_grado,4,capacita_esaurita_o_oltre_max_km
202425,0.2,42,statale,SCUOLA SECONDARIA I GRADO,1,PCMM00200Q,SMS DANTE - CARDUCCI,PIACENZA,PIACENZA,EMILIA ROMAGNA,SCUOLA PRIMO GRADO,secondaria_primo_grado,19,capacita_esaurita_o_oltre_max_km
202425,0.2,42,statale,SCUOLA SECONDARIA I GRADO,1,RGMM802019,LEONARDO SCIASCIA,VITTORIA,RAGUSA,SICILIA,SCUOLA PRIMO GRADO,secondaria_primo_grado,5,capacita_esaurita_o_oltre_max_km
202425,0.2,42,statale,SCUOLA SECONDARIA I GRADO,1,BSMM86101T,G.DALE' - ROCCAFRANCA,ROCCAFRANCA,BRESCIA,LOMBARDIA,SCUOLA PRIMO GRADO,secondaria_primo_grado,1,capacita_esaurita_o_oltre_max_km
202425,0.2,42,statale,SCUOLA SECONDARIA I GRADO,1,BGMM832019,"S.M.S""MARTIRI RESISTENZA""CALCIO",CALCIO,BERGAMO,LOMBARDIA,SCUOLA PRIMO GRADO,secondaria_primo_grado,4,capacita_esaurita_o_oltre_max_km
202425,0.2,42,statale,SCUOLA SECONDARIA I GRADO,1,FEMM80001E,COSME' TURA - PONTELAGOSCURO,FERRARA,FERRARA,EMILIA ROMAGNA,SCUOLA PRIMO GRADO,secondaria_primo_grado,8,capacita_esaurita_o_oltre_max_km
202425,0.2,42,statale,SCUOLA SECONDARIA I GRADO,1,GEMM81503E,I.C.VAL TREBBIA / ROVEGNO,ROVEGNO,GENOVA,LIGURIA,SCUOLA PRIMO GRADO,secondaria_primo_grado,1,capacita_esaurita_o_oltre_max_km
202425,0.2,42,statale,SCUOLA SECONDARIA I GRADO,1,GRMM815036,MONTIERI,MONTIERI,GROSSETO,TOSCANA,SCUOLA PRIMO GRADO,secondaria_primo_grado,1,capacita_esaurita_o_oltre_max_km
202425,0.2,42,statale,SCUOLA SECONDARIA I GRADO,1,PRMM81602G,"TIZZANO - ""RENZO PEZZANI""",TIZZANO VAL PARMA,PARMA,EMILIA ROMAGNA,SCUOLA PRIMO GRADO,secondaria_primo_grado,1,capacita_esaurita_o_oltre_max_km
202425,0.2,42,statale,SCUOLA SECONDARIA I GRADO,1,PRMM839039,"SOLIGNANO - ""F. ZANETTI""",SOLIGNANO,PARMA,EMILIA ROMAGNA,SCUOLA PRIMO GRADO,secondaria_primo_grado,1,capacita_esaurita_o_oltre_max_km
202425,0.2,42,statale,SCUOLA SECONDARIA I GRADO,1,PVMM83201N,IC VIG. VITTORIO VENETO-BUSSI,VIGEVANO,PAVIA,LOMBARDIA,SCUOLA PRIMO GRADO,secondaria_primo_grado,10,capacita_esaurita_o_oltre_max_km
202425,0.2,42,statale,SCUOLA SECONDARIA I GRADO,1,RGMM81401G,PSAUMIDE CAMARINENSE,SANTA CROCE CAMERINA,RAGUSA,SICILIA,SCUOLA PRIMO GRADO,secondaria_primo_grado,7,capacita_esaurita_o_oltre_max_km
202425,0.2,42,statale,SCUOLA SECONDARIA I GRADO,1,BSMM865015,SMS MORCELLI/TOSCANINI CHIARI,CHIARI,BRESCIA,LOMBARDIA,SCUOLA PRIMO GRADO,secondaria_primo_grado,6,capacita_esaurita_o_oltre_max_km
202425,0.2,42,statale,SCUOLA SECONDARIA I GRADO,1,PCMM81701D,"SCUOLA SEC. I GRADO ""G.MAZZINI""",CASTEL SAN GIOVANNI,PIACENZA,EMILIA ROMAGNA,SCUOLA PRIMO GRADO,secondaria_primo_grado,9,capacita_esaurita_o_oltre_max_km
202425,0.2,42,statale,SCUOLA SECONDARIA I GRADO,1,TVMM88002P,SMS MANSUE' (IC GORGO),MANSUE',TREVISO,VENETO,SCUOLA PRIMO GRADO,secondaria_primo_grado,3,capacita_esaurita_o_oltre_max_km
202425,0.2,42,statale,SCUOLA SECONDARIA I GRADO,1,PCMM818019,G. GATTI,FIORENZUOLA D'ARDA,PIACENZA,EMILIA ROMAGNA,SCUOLA PRIMO GRADO,secondaria_primo_grado,6,capacita_esaurita_o_oltre_max_km
202425,0.2,42,statale,SCUOLA SECONDARIA I GRADO,1,PVMM821017,BRONI - FERRINI,BRONI,PAVIA,LOMBARDIA,SCUOLA PRIMO GRADO,secondaria_primo_grado,1,capacita_esaurita_o_oltre_max_km
202425,0.2,42,statale,SCUOLA SECONDARIA I GRADO,1,BOMM86001B,MARCO POLO-CREVALCORE,CREVALCORE,BOLOGNA,EMILIA ROMAGNA,SCUOLA PRIMO GRADO,secondaria_primo_grado,6,capacita_esaurita_o_oltre_max_km
202425,0.2,42,statale,SCUOLA SECONDARIA I GRADO,1,IMMM81201C,M.NOVARO,IMPERIA,IMPERIA,LIGURIA,SCUOLA PRIMO GRADO,secondaria_primo_grado,6,capacita_esaurita_o_oltre_max_km
202425,0.2,42,statale,SCUOLA SECONDARIA I GRADO,1,POMM81501G,F.LIPPI,PRATO,PRATO,TOSCANA,SCUOLA PRIMO GRADO,secondaria_primo_grado,10,capacita_esaurita_o_oltre_max_km
202425,0.2,42,statale,SCUOLA SECONDARIA I GRADO,1,GRMM81704V,"SCANSANO - ""B.CROCE""",SCANSANO,GROSSETO,TOSCANA,SCUOLA PRIMO GRADO,secondaria_primo_grado,2,capacita_esaurita_o_oltre_max_km
202425,0.2,42,statale,SCUOLA SECONDARIA I GRADO,1,PRMM82201T,DI BUSSETO,BUSSETO,PARMA,EMILIA ROMAGNA,SCUOLA PRIMO GRADO,secondaria_primo_grado,2,capacita_esaurita_o_oltre_max_km
202425,0.2,42,statale,SCUOLA SECONDARIA I GRADO,1,CNMM825029,CHERASCO SS NARZOLE,NARZOLE,CUNEO,PIEMONTE,SCUOLA PRIMO GRADO,secondaria_primo_grado,2,capacita_esaurita_o_oltre_max_km
202425,0.2,42,statale,SCUOLA SECONDARIA I GRADO,1,PVMM80802T,BOSCHI - CONFIENZA,CONFIENZA,PAVIA,LOMBARDIA,SCUOLA PRIMO GRADO,secondaria_primo_grado,2,capacita_esaurita_o_oltre_max_km
202425,0.2,42,statale,SCUOLA SECONDARIA I GRADO,1,BSMM86201N,M.L.KING - CASTELCOVATI,CASTELCOVATI,BRESCIA,LOMBARDIA,SCUOLA PRIMO GRADO,secondaria_primo_grado,3,capacita_esaurita_o_oltre_max_km
202425,0.2,42,statale,SCUOLA SECONDARIA I GRADO,1,ROMM80002L,G.SANI - CASTELMASSA,CASTELMASSA,ROVIGO,VENETO,SCUOLA PRIMO GRADO,secondaria_primo_grado,3,capacita_esaurita_o_oltre_max_km
202425,0.2,42,statale,SCUOLA SECONDARIA I GRADO,1,PNMM814013,CELSO COSTANTINI,PASIANO DI PORDENONE,PORDENONE,FRIULI-VENEZIA G.,SCUOLA PRIMO GRADO,secondaria_primo_grado,5,capacita_esaurita_o_oltre_max_km
202425,0.2,42,statale,SCUOLA SECONDARIA I GRADO,1,IMMM800016,"PIEVE DI TECO ""G.GABRIELLI""",PIEVE DI TECO,IMPERIA,LIGURIA,SCUOLA PRIMO GRADO,secondaria_primo_grado,1,capacita_esaurita_o_oltre_max_km
202425,0.2,42,statale,SCUOLA SECONDARIA I GRADO,1,GRMM81101R,"CASTELDELPIANO - ""O.VANNINI""",CASTEL DEL PIANO,GROSSETO,TOSCANA,SCUOLA PRIMO GRADO,secondaria_primo_grado,2,capacita_esaurita_o_oltre_max_km
202425,0.2,42,statale,SCUOLA SECONDARIA I GRADO,1,PIMM824037,MONTEVERDI MARITTIMO,MONTEVERDI MARITTIMO,PISA,TOSCANA,SCUOLA PRIMO GRADO,secondaria_primo_grado,1,capacita_esaurita_o_oltre_max_km
202425,0.2,42,statale,SCUOLA SECONDARIA I GRADO,1,PRMM81001G,"BARDI - ""GIUSEPPE FORLINI""",BARDI,PARMA,EMILIA ROMAGNA,SCUOLA PRIMO GRADO,secondaria_primo_grado,1,capacita_esaurita_o_oltre_max_km
202425,0.2,42,statale,SCUOLA SECONDARIA I GRADO,1,MNMM827011,"CASTELLUCCHIO ""R. GANDOLFO""",CASTELLUCCHIO,MANTOVA,LOMBARDIA,SCUOLA PRIMO GRADO,secondaria_primo_grado,2,capacita_esaurita_o_oltre_max_km
202425,0.2,42,statale,SCUOLA SECONDARIA I GRADO,1,PVMM808051,CANDIA LOMELLINA,CANDIA LOMELLINA,PAVIA,LOMBARDIA,SCUOLA PRIMO GRADO,secondaria_primo_grado,1,capacita_esaurita_o_oltre_max_km
202425,0.2,42,statale,SCUOLA SECONDARIA I GRADO,1,BSMM86301D,A.ZAMMARCHI - CASTREZZATO,CASTREZZATO,BRESCIA,LOMBARDIA,SCUOLA PRIMO GRADO,secondaria_primo_grado,2,capacita_esaurita_o_oltre_max_km
202425,0.2,42,statale,SCUOLA SECONDARIA I GRADO,1,MNMM82201T,"SERMIDE ""VIRGILIO""",SERMIDE E FELONICA,MANTOVA,LOMBARDIA,SCUOLA PRIMO GRADO,secondaria_primo_grado,1,capacita_esaurita_o_oltre_max_km
202425,0.2,42,statale,SCUOLA SECONDARIA I GRADO,1,PRMM839017,"FORNOVO - ""ZUFFARDI""",FORNOVO DI TARO,PARMA,EMILIA ROMAGNA,SCUOLA PRIMO GRADO,secondaria_primo_grado,1,capacita_esaurita_o_oltre_max_km
202425,0.2,42,statale,SCUOLA SECONDARIA I GRADO,1,LOMM81601N,SEC.I GRADO S.FRANCESCA CABRINI,SANT'ANGELO LODIGIANO,LODI,LOMBARDIA,SCUOLA PRIMO GRADO,secondaria_primo_grado,4,capacita_esaurita_o_oltre_max_km
202425,0.2,42,statale,SCUOLA SECONDARIA I GRADO,1,PRMM83601Q,"""PARMIGIANINO"" - PARMA",PARMA,PARMA,EMILIA ROMAGNA,SCUOLA PRIMO GRADO,secondaria_primo_grado,4,capacita_esaurita_o_oltre_max_km
202425,0.2,42,statale,SCUOLA SECONDARIA I GRADO,1,LOMM80401B,SECOND.I GRAD D.DEGLI ABRUZZI,BORGHETTO LODIGIANO,LODI,LOMBARDIA,SCUOLA PRIMO GRADO,secondaria_primo_grado,2,capacita_esaurita_o_oltre_max_km
202425,0.2,42,statale,SCUOLA SECONDARIA I GRADO,1,MOMM81901P,GIOVANNI PASCOLI,SAN FELICE SUL PANARO,MODENA,EMILIA ROMAGNA,SCUOLA PRIMO GRADO,secondaria_primo_grado,3,capacita_esaurita_o_oltre_max_km
202425,0.2,42,statale,SCUOLA SECONDARIA I GRADO,1,PRMM80701Q,"COLORNO - "" PIER LUIGI BELLONI""",COLORNO,PARMA,EMILIA ROMAGNA,SCUOLA PRIMO GRADO,secondaria_primo_grado,1,capacita_esaurita_o_oltre_max_km
202425,0.2,42,statale,SCUOLA SECONDARIA I GRADO,1,POMM817017,SCUOLA SEC. I GRADO G.B.MAZZONI,PRATO,PRATO,TOSCANA,SCUOLA PRIMO GRADO,secondaria_primo_grado,6,capacita_esaurita_o_oltre_max_km
202425,0.2,42,statale,SCUOLA SECONDARIA I GRADO,1,TRMM810049,LUGNANO IN TEVERINA,LUGNANO IN TEVERINA,TERNI,UMBRIA,SCUOLA PRIMO GRADO,secondaria_primo_grado,1,capacita_esaurita_o_oltre_max_km
202425,0.2,42,statale,SCUOLA SECONDARIA I GRADO,1,PRMM825019,"""ARTURO TOSCANINI"" - PARMA",PARMA,PARMA,EMILIA ROMAGNA,SCUOLA PRIMO GRADO,secondaria_primo_grado,7,capacita_esaurita_o_oltre_max_km
202425,0.2,42,statale,SCUOLA SECONDARIA I GRADO,1,MNMM80101R,"CANNETO SULL' OGLIO ""G. CORVI""",CANNETO SULL'OGLIO,MANTOVA,LOMBARDIA,SCUOLA PRIMO GRADO,secondaria_primo_grado,2,capacita_esaurita_o_oltre_max_km
202425,0.2,42,statale,SCUOLA SECONDARIA I GRADO,1,PVMM801012,CRISPI - PIEVE PORTO MORONE,PIEVE PORTO MORONE,PAVIA,LOMBARDIA,SCUOLA PRIMO GRADO,secondaria_primo_grado,3,capacita_esaurita_o_oltre_max_km
202425,0.2,42,statale,SCUOLA SECONDARIA I GRADO,1,ALMM82601Q,ALESSANDRIA - A. VOCHIERI,ALESSANDRIA,ALESSANDRIA,PIEMONTE,SCUOLA PRIMO GRADO,secondaria_primo_grado,7,capacita_esaurita_o_oltre_max_km
202425,0.2,42,statale,SCUOLA SECONDARIA I GRADO,1,FIMM87701V,MONTANELLI - PETRARCA,FUCECCHIO,FIRENZE,TOSCANA,SCUOLA PRIMO GRADO,secondaria_primo_grado,6,capacita_esaurita_o_oltre_max_km
202425,0.2,42,statale,SCUOLA SECONDARIA I GRADO,1,MOMM81902Q,ELISEO GOZZI,CAMPOSANTO,MODENA,EMILIA ROMAGNA,SCUOLA PRIMO GRADO,secondaria_primo_grado,1,capacita_esaurita_o_oltre_max_km
202425,0.2,42,statale,SCUOLA SECONDARIA I GRADO,1,PVMM800016,SC. SEC. S.MARIA DELLA VERSA,SANTA MARIA DELLA VERSA,PAVIA,LOMBARDIA,SCUOLA PRIMO GRADO,secondaria_primo_grado,1,capacita_esaurita_o_oltre_max_km
202425,0.2,42,statale,SCUOLA SECONDARIA I GRADO,1,NOMM82901L,"""CASSANO"" TRECATE",TRECATE,NOVARA,PIEMONTE,SCUOLA PRIMO GRADO,secondaria_primo_grado,3,capacita_esaurita_o_oltre_max_km
202425,0.2,42,statale,SCUOLA SECONDARIA I GRADO,1,BSMM89801C,A.ZAMMARCHI - MANERBIO,MANERBIO,BRESCIA,LOMBARDIA,SCUOLA PRIMO GRADO,secondaria_primo_grado,2,capacita_esaurita_o_oltre_max_km
202425,0.2,42,statale,SCUOLA SECONDARIA I GRADO,1,REMM84001D,"""FONTANESI""",REGGIO NELL'EMILIA,REGGIO EMILIA,EMILIA ROMAGNA,SCUOLA PRIMO GRADO,secondaria_primo_grado,7,capacita_esaurita_o_oltre_max_km
202425,0.2,42,statale,SCUOLA SECONDARIA I GRADO,1,LOMM807031,SECONDARIA I GRAD - GUIDO ROSSA,BREMBIO,LODI,LOMBARDIA,SCUOLA PRIMO GRADO,secondaria_primo_grado,1,capacita_esaurita_o_oltre_max_km
202425,0.2,42,statale,SCUOLA SECONDARIA I GRADO,1,FIMM87101X,BACCI-RIDOLFI,CASTELFIORENTINO,FIRENZE,TOSCANA,SCUOLA PRIMO GRADO,secondaria_primo_grado,2,capacita_esaurita_o_oltre_max_km
202425,0.2,42,statale,SCUOLA SECONDARIA I GRADO,1,PCMM805039,G.L. PALLAVICINO,CORTEMAGGIORE,PIACENZA,EMILIA ROMAGNA,SCUOLA PRIMO GRADO,secondaria_primo_grado,3,capacita_esaurita_o_oltre_max_km
202425,0.2,42,statale,SCUOLA SECONDARIA I GRADO,1,ALMM83401P,TORTONA - L. VALENZIANO,TORTONA,ALESSANDRIA,PIEMONTE,SCUOLA PRIMO GRADO,secondaria_primo_grado,5,capacita_esaurita_o_oltre_max_km
202425,0.2,42,statale,SCUOLA SECONDARIA I GRADO,1,ALMM81803V,FUBINE - P. ROBOTTI,FUBINE MONFERRATO,ALESSANDRIA,PIEMONTE,SCUOLA PRIMO GRADO,secondaria_primo_grado,2,capacita_esaurita_o_oltre_max_km
202425,0.2,42,statale,SCUOLA SECONDARIA I GRADO,1,BGMM84401G,"S.M.S. ""LORENZO LOTTO"" COVO",COVO,BERGAMO,LOMBARDIA,SCUOLA PRIMO GRADO,secondaria_primo_grado,2,capacita_esaurita_o_oltre_max_km
202425,0.2,42,statale,SCUOLA SECONDARIA I GRADO,1,CRMM81402P,"""E. FERMI"" (TORRE PICENARDI)",TORRE DE' PICENARDI,CREMONA,LOMBARDIA,SCUOLA PRIMO GRADO,secondaria_primo_grado,2,capacita_esaurita_o_oltre_max_km
202425,0.2,42,statale,SCUOLA SECONDARIA I GRADO,1,CTMM808011,SCUOLA SECONDARIA I MAZZARRONE,MAZZARRONE,CATANIA,SICILIA,SCUOLA PRIMO GRADO,secondaria_primo_grado,1,capacita_esaurita_o_oltre_max_km
202425,0.2,42,statale,SCUOLA SECONDARIA I GRADO,1,RIMM81701Q,SCUOLA MEDIA POGGIO MOIANO,POGGIO MOIANO,RIETI,LAZIO,SCUOLA PRIMO GRADO,secondaria_primo_grado,2,capacita_esaurita_o_oltre_max_km
202425,0.2,42,statale,SCUOLA SECONDARIA I GRADO,1,RNMM81102A,S.LEO-PIETRACUTA (IC NOVAFELTR),SAN LEO,RIMINI,EMILIA ROMAGNA,SCUOLA PRIMO GRADO,secondaria_primo_grado,1,capacita_esaurita_o_oltre_max_km
202425,0.2,42,statale,SCUOLA SECONDARIA I GRADO,1,PRMM84001B,"FIDENZA - ""ZANI""",FIDENZA,PARMA,EMILIA ROMAGNA,SCUOLA PRIMO GRADO,secondaria_primo_grado,2,capacita_esaurita_o_oltre_max_km
202425,0.2,42,statale,SCUOLA SECONDARIA I GRADO,1,PVMM822013,STRADELLA -DEPRETIS,STRADELLA,PAVIA,LOMBARDIA,SCUOLA PRIMO GRADO,secondaria_primo_grado,6,capacita_esaurita_o_oltre_max_km
202425,0.2,42,statale,SCUOLA SECONDARIA I GRADO,1,BGMM89801X,"S.M.S. ""G.B. RUBINI"" ROMANO L.",ROMANO DI LOMBARDIA,BERGAMO,LOMBARDIA,SCUOLA PRIMO GRADO,secondaria_primo_grado,3,capacita_esaurita_o_oltre_max_km
202425,0.2,42,statale,SCUOLA SECONDARIA I GRADO,1,CRMM80101G,"""DIOTTI"" (CASALMAGGIORE)",CASALMAGGIORE,CREMONA,LOMBARDIA,SCUOLA PRIMO GRADO,secondaria_primo_grado,2,capacita_esaurita_o_oltre_max_km
202425,0.2,42,statale,SCUOLA SECONDARIA I GRADO,1,GEMM866019,SECONDARIA I GRADO G. SCOCCO,RAPALLO,GENOVA,LIGURIA,SCUOLA PRIMO GRADO,secondaria_primo_grado,2,capacita_esaurita_o_oltre_max_km
202425,0.2,42,statale,SCUOLA SECONDARIA I GRADO,1,BOMM84801R,G. FALCONE - P. BORSELLINO,MONTERENZIO,BOLOGNA,EMILIA ROMAGNA,SCUOLA PRIMO GRADO,secondaria_primo_grado,1,capacita_esaurita_o_oltre_max_km
202425,0.2,42,statale,SCUOLA SECONDARIA I GRADO,1,CRMM803017,"""UBALDO FERRARI"" (CASTELVERDE)",CASTELVERDE,CREMONA,LOMBARDIA,SCUOLA PRIMO GRADO,secondaria_primo_grado,1,capacita_esaurita_o_oltre_max_km
202425,0.2,42,statale,SCUOLA SECONDARIA I GRADO,1,PRMM82901L,"""SALVO D'ACQUISTO"" - PARMA",PARMA,PARMA,EMILIA ROMAGNA,SCUOLA PRIMO GRADO,secondaria_primo_grado,3,capacita_esaurita_o_oltre_max_km
202425,0.2,42,statale,SCUOLA SECONDARIA I GRADO,1,ALMM82801B,ALESSANDRIA - CAVOUR,ALESSANDRIA,ALESSANDRIA,PIEMONTE,SCUOLA PRIMO GRADO,secondaria_primo_grado,1,capacita_esaurita_o_oltre_max_km
202425,0.2,42,statale,SCUOLA SECONDARIA I GRADO,1,BSMM89001T,CONSORZ.AZZANO-CAPRIANO-MAIRANO,AZZANO MELLA,BRESCIA,LOMBARDIA,SCUOLA PRIMO GRADO,secondaria_primo_grado,5,capacita_esaurita_o_oltre_max_km
202425,0.2,42,statale,SCUOLA SECONDARIA I GRADO,1,RIMM81704V,"""FRANCESCO FLORIDO""",POGGIO NATIVO,RIETI,LAZIO,SCUOLA PRIMO GRADO,secondaria_primo_grado,1,capacita_esaurita_o_oltre_max_km
202425,0.2,42,statale,SCUOLA SECONDARIA I GRADO,1,MNMM818016,"ROVERBELLA ""L.BENATI""",ROVERBELLA,MANTOVA,LOMBARDIA,SCUOLA PRIMO GRADO,secondaria_primo_grado,2,capacita_esaurita_o_oltre_max_km
202425,0.2,42,statale,SCUOLA SECONDARIA I GRADO,1,ROMM816037,N.BADALONI - TRECENTA,TRECENTA,ROVIGO,VENETO,SCUOLA PRIMO GRADO,secondaria_primo_grado,1,capacita_esaurita_o_oltre_max_km
202425,0.2,42,statale,SCUOLA SECONDARIA I GRADO,1,REMM82302R,CAMPEGINE,CAMPEGINE,REGGIO EMILIA,EMILIA ROMAGNA,SCUOLA PRIMO GRADO,secondaria_primo_grado,2,capacita_esaurita_o_oltre_max_km
202425,0.2,42,statale,SCUOLA SECONDARIA I GRADO,1,PCMM80801P,G.PASCOLI,BORGONOVO VAL TIDONE,PIACENZA,EMILIA ROMAGNA,SCUOLA PRIMO GRADO,secondaria_primo_grado,2,capacita_esaurita_o_oltre_max_km
202425,0.2,42,statale,SCUOLA SECONDARIA I GRADO,1,PNMM826019,"SMS ""BERNARDINO PARTENIO""",SPILIMBERGO,PORDENONE,FRIULI-VENEZIA G.,SCUOLA PRIMO GRADO,secondaria_primo_grado,1,capacita_esaurita_o_oltre_max_km
202425,0.2,42,statale,SCUOLA SECONDARIA I GRADO,1,BGMM8AE01G,"S.M.S. ""CAMERONI"" TREVIGLIO",TREVIGLIO,BERGAMO,LOMBARDIA,SCUOLA PRIMO GRADO,secondaria_primo_grado,2,capacita_esaurita_o_oltre_max_km
202425,0.2,42,statale,SCUOLA SECONDARIA I GRADO,1,IMMM81001R,SC. SEC. I GRADO LITTARDI,IMPERIA,IMPERIA,LIGURIA,SCUOLA PRIMO GRADO,secondaria_primo_grado,3,capacita_esaurita_o_oltre_max_km
202425,0.2,42,statale,SCUOLA SECONDARIA I GRADO,1,PVMM83101T,IC VIG.VIALE LIBERTA'-ROBECCHI,VIGEVANO,PAVIA,LOMBARDIA,SCUOLA PRIMO GRADO,secondaria_primo_grado,3,capacita_esaurita_o_oltre_max_km
202425,0.2,42,statale,SCUOLA SECONDARIA I GRADO,1,PCMM80902G,F. PETRARCA,PONTENURE,PIACENZA,EMILIA ROMAGNA,SCUOLA PRIMO GRADO,secondaria_primo_grado,2,capacita_esaurita_o_oltre_max_km
202425,0.2,42,statale,SCUOLA SECONDARIA I GRADO,1,REMM82901P,"ROLO ""MARCO POLO""",ROLO,REGGIO EMILIA,EMILIA ROMAGNA,SCUOLA PRIMO GRADO,secondaria_primo_grado,1,capacita_esaurita_o_oltre_max_km
202425,0.2,42,statale,SCUOLA SECONDARIA I GRADO,1,APMM83601G,"P.S.ELPIDIO SC.M.""GALILEI""",PORTO SANT'ELPIDIO,FERMO,MARCHE,SCUOLA PRIMO GRADO,secondaria_primo_grado,1,capacita_esaurita_o_oltre_max_km
202425,0.2,42,statale,SCUOLA SECONDARIA I GRADO,1,MOMM80501R,RENZO GASPARINI,NOVI DI MODENA,MODENA,EMILIA ROMAGNA,SCUOLA PRIMO GRADO,secondaria_primo_grado,2,capacita_esaurita_o_oltre_max_km
202425,0.2,42,statale,SCUOLA SECONDARIA I GRADO,1,CRMM81401N,"""G.M. SACCHI"" (PIADENA)",PIADENA DRIZZONA,CREMONA,LOMBARDIA,SCUOLA PRIMO GRADO,secondaria_primo_grado,1,capacita_esaurita_o_oltre_max_km
202425,0.2,42,statale,SCUOLA SECONDARIA I GRADO,1,MIMM836017,DON CARLO GNOCCHI,TURBIGO,MILANO,LOMBARDIA,SCUOLA PRIMO GRADO,secondaria_primo_grado,1,capacita_esaurita_o_oltre_max_km
202425,0.2,42,statale,SCUOLA SECONDARIA I GRADO,1,ATMM808028,ZANDRINO - MOMBERCELLI,MOMBERCELLI,ASTI,PIEMONTE,SCUOLA PRIMO GRADO,secondaria_primo_grado,1,capacita_esaurita_o_oltre_max_km
202425,0.2,42,statale,SCUOLA SECONDARIA I GRADO,1,FEMM802016,T.BONATI - BONDENO,BONDENO,FERRARA,EMILIA ROMAGNA,SCUOLA PRIMO GRADO,secondaria_primo_grado,3,capacita_esaurita_o_oltre_max_km
202425,0.2,42,statale,SCUOLA SECONDARIA I GRADO,1,BOMM809016,S.BARTOLOMEO APOSTOLO-BORGO T.,BORGO TOSSIGNANO,BOLOGNA,EMILIA ROMAGNA,SCUOLA PRIMO GRADO,secondaria_primo_grado,1,capacita_esaurita_o_oltre_max_km
202425,0.2,42,statale,SCUOLA SECONDARIA I GRADO,1,VRMM857018,"NOGARA - ""F. CIPRIANI""",NOGARA,VERONA,VENETO,SCUOLA PRIMO GRADO,secondaria_primo_grado,1,capacita_esaurita_o_oltre_max_km
202425,0.2,42,statale,SCUOLA SECONDARIA I GRADO,1,RMMM8DA017,SMS VIA CAMPO DI CARNE SNC,ARDEA,ROMA,LAZIO,SCUOLA PRIMO GRADO,secondaria_primo_grado,4,capacita_esaurita_o_oltre_max_km
202425,0.2,42,statale,SCUOLA SECONDARIA I GRADO,1,ALMM81201T,VIGUZZOLO - L. PEROSI,VIGUZZOLO,ALESSANDRIA,PIEMONTE,SCUOLA PRIMO GRADO,secondaria_primo_grado,1,capacita_esaurita_o_oltre_max_km
202425,0.2,42,statale,SCUOLA SECONDARIA I GRADO,1,BSMM83201T,LANA-GNUTTI IC POLO EST,LUMEZZANE,BRESCIA,LOMBARDIA,SCUOLA PRIMO GRADO,secondaria_primo_grado,3,capacita_esaurita_o_oltre_max_km
202425,0.2,42,statale,SCUOLA SECONDARIA I GRADO,1,MNMM820027,"SUSTINENTE""L.MARTINI """,SUSTINENTE,MANTOVA,LOMBARDIA,SCUOLA PRIMO GRADO,secondaria_primo_grado,1,capacita_esaurita_o_oltre_max_km
202425,0.2,42,statale,SCUOLA SECONDARIA I GRADO,1,MOMM816017,CAVANI,SERRAMAZZONI,MODENA,EMILIA ROMAGNA,SCUOLA PRIMO GRADO,secondaria_primo_grado,2,capacita_esaurita_o_oltre_max_km
202425,0.2,42,statale,SCUOLA SECONDARIA I GRADO,1,BGMM84403N,I GRADO ANTEGNATE,ANTEGNATE,BERGAMO,LOMBARDIA,SCUOLA PRIMO GRADO,secondaria_primo_grado,1,capacita_esaurita_o_oltre_max_km
202425,0.2,42,statale,SCUOLA SECONDARIA I GRADO,1,TVMM86901V,SMS GRAVA CONEGLIANO (IC 1),CONEGLIANO,TREVISO,VENETO,SCUOLA PRIMO GRADO,secondaria_primo_grado,1,capacita_esaurita_o_oltre_max_km
202425,0.2,42,statale,SCUOLA SECONDARIA I GRADO,1,VIMM818019,"SMS ""RIDOLFI"" LONIGO",LONIGO,VICENZA,VENETO,SCUOLA PRIMO GRADO,secondaria_primo_grado,2,capacita_esaurita_o_oltre_max_km
202425,0.2,42,statale,SCUOLA SECONDARIA I GRADO,1,PVMM800027,SC SEC. MONTU' BECCARIA,MONTU' BECCARIA,PAVIA,LOMBARDIA,SCUOLA PRIMO GRADO,secondaria_primo_grado,1,capacita_esaurita_o_oltre_max_km
202425,0.2,42,statale,SCUOLA SECONDARIA I GRADO,1,SIMM807033,PAOLO MASCAGNI,CHIUSDINO,SIENA,TOSCANA,SCUOLA PRIMO GRADO,secondaria_primo_grado,1,capacita_esaurita_o_oltre_max_km
202425,0.2,42,statale,SCUOLA SECONDARIA I GRADO,1,BGMM8AD01Q,"S.M.S. ""GROSSI"" TREVIGLIO",TREVIGLIO,BERGAMO,LOMBARDIA,SCUOLA PRIMO GRADO,secondaria_primo_grado,3,capacita_esaurita_o_oltre_max_km
202425,0.2,42,statale,SCUOLA SECONDARIA I GRADO,1,PVMM81701G,MORTARA - JOSTI TRAVELLI,MORTARA,PAVIA,LOMBARDIA,SCUOLA PRIMO GRADO,secondaria_primo_grado,3,capacita_esaurita_o_oltre_max_km
202425,0.2,42,statale,SCUOLA SECONDARIA I GRADO,1,ATMM81301P,GANCIA - CANELLI,CANELLI,ASTI,PIEMONTE,SCUOLA PRIMO GRADO,secondaria_primo_grado,1,capacita_esaurita_o_oltre_max_km
202425,0.2,42,statale,SCUOLA SECONDARIA I GRADO,1,SVMM811016,"I GR. ""G. C. ABBA"" CAIRO M.",CAIRO MONTENOTTE,SAVONA,LIGURIA,SCUOLA PRIMO GRADO,secondaria_primo_grado,1,capacita_esaurita_o_oltre_max_km
202425,0.2,42,statale,SCUOLA SECONDARIA I GRADO,1,PRMM820016,"SALSOMAGGIORE - ""CAROZZA""",SALSOMAGGIORE TERME,PARMA,EMILIA ROMAGNA,SCUOLA PRIMO GRADO,secondaria_primo_grado,5,capacita_esaurita_o_oltre_max_km
202425,0.2,42,statale,SCUOLA SECONDARIA I GRADO,1,FEMM811011,"""T.TASSO""",FERRARA,FERRARA,EMILIA ROMAGNA,SCUOLA PRIMO GRADO,secondaria_primo_grado,1,capacita_esaurita_o_oltre_max_km
202425,0.2,42,statale,SCUOLA SECONDARIA I GRADO,1,ALMM83902V,ALESSANDRIA - P. STRANEO,ALESSANDRIA,ALESSANDRIA,PIEMONTE,SCUOLA PRIMO GRADO,secondaria_primo_grado,3,capacita_esaurita_o_oltre_max_km
202425,0.2,42,statale,SCUOLA SECONDARIA I GRADO,1,TPMM81801G,"S.M. ""L. PIRANDELLO"" C/BELLO",CAMPOBELLO DI MAZARA,TRAPANI,SICILIA,SCUOLA PRIMO GRADO,secondaria_primo_grado,1,capacita_esaurita_o_oltre_max_km
202425,0.2,42,statale,SCUOLA SECONDARIA I GRADO,1,MNMM80701Q,CASTIGLIONE STIVIERE 2 -MILANI,CASTIGLIONE DELLE STIVIERE,MANTOVA,LOMBARDIA,SCUOLA PRIMO GRADO,secondaria_primo_grado,2,capacita_esaurita_o_oltre_max_km
202425,0.2,42,statale,SCUOLA SECONDARIA I GRADO,1,BOMM840016,VEGGETTI-VERGATO,VERGATO,BOLOGNA,EMILIA ROMAGNA,SCUOLA PRIMO GRADO,secondaria_primo_grado,2,capacita_esaurita_o_oltre_max_km
202425,0.2,42,statale,SCUOLA SECONDARIA I GRADO,1,AQMM82002N,SCUOLA SEC I GRADO BARREA,BARREA,L'AQUILA,ABRUZZO,SCUOLA PRIMO GRADO,secondaria_primo_grado,1,capacita_esaurita_o_oltre_max_km
202425,0.2,42,statale,SCUOLA SECONDARIA I GRADO,1,ARMM82501A,SECONDARIA DI AMBRA,BUCINE,AREZZO,TOSCANA,SCUOLA PRIMO GRADO,secondaria_primo_grado,1,capacita_esaurita_o_oltre_max_km
202425,0.2,42,statale,SCUOLA SECONDARIA I GRADO,1,BSMM86103X,S.QUASIMODO - URAGO D/O,URAGO D'OGLIO,BRESCIA,LOMBARDIA,SCUOLA PRIMO GRADO,secondaria_primo_grado,1,capacita_esaurita_o_oltre_max_km
202425,0.2,42,statale,SCUOLA SECONDARIA I GRADO,1,FIMM826012,GIOVANNI DA VERRAZZANO,GREVE IN CHIANTI,FIRENZE,TOSCANA,SCUOLA PRIMO GRADO,secondaria_primo_grado,2,capacita_esaurita_o_oltre_max_km
202425,0.2,42,statale,SCUOLA SECONDARIA I GRADO,1,FRMM807022,SEZ. ST. TREVI NEL LAZIO,TREVI NEL LAZIO,FROSINONE,LAZIO,SCUOLA PRIMO GRADO,secondaria_primo_grado,1,capacita_esaurita_o_oltre_max_km
202425,0.2,42,statale,SCUOLA SECONDARIA I GRADO,1,PIMM823019,CASTELLINA MARITTIMA,CASTELLINA MARITTIMA,PISA,TOSCANA,SCUOLA PRIMO GRADO,secondaria_primo_grado,1,capacita_esaurita_o_oltre_max_km
202425,0.2,42,statale,SCUOLA SECONDARIA I GRADO,1,PNMM836021,"SMS ""G. UNGARETTI""",PRATA DI PORDENONE,PORDENONE,FRIULI-VENEZIA G.,SCUOLA PRIMO GRADO,secondaria_primo_grado,1,capacita_esaurita_o_oltre_max_km
202425,0.2,42,statale,SCUOLA SECONDARIA I GRADO,1,PRMM83002T,DI ROCCABIANCA,ROCCABIANCA,PARMA,EMILIA ROMAGNA,SCUOLA PRIMO GRADO,secondaria_primo_grado,2,capacita_esaurita_o_oltre_max_km
202425,0.2,42,statale,SCUOLA SECONDARIA I GRADO,1,RCMM85202G,FRAZ. MARINA (PALIZZI),PALIZZI,REGGIO CALABRIA,CALABRIA,SCUOLA PRIMO GRADO,secondaria_primo_grado,1,capacita_esaurita_o_oltre_max_km
202425,0.2,42,statale,SCUOLA SECONDARIA I GRADO,1,ROMM816026,PASINI GRISETTI - BARUCHELLA,GIACCIANO CON BARUCHELLA,ROVIGO,VENETO,SCUOLA PRIMO GRADO,secondaria_primo_grado,1,capacita_esaurita_o_oltre_max_km
202425,0.2,42,statale,SCUOLA SECONDARIA I GRADO,1,SIMM805019,DON LORENZO MILANI,SINALUNGA,SIENA,TOSCANA,SCUOLA PRIMO GRADO,secondaria_primo_grado,2,capacita_esaurita_o_oltre_max_km
202425,0.2,42,statale,SCUOLA SECONDARIA I GRADO,1,PVMM83301D,IC VIGEVANO VIA BOTTO-BESOZZI,VIGEVANO,PAVIA,LOMBARDIA,SCUOLA PRIMO GRADO,secondaria_primo_grado,2,capacita_esaurita_o_oltre_max_km
202425,0.2,42,statale,SCUOLA SECONDARIA I GRADO,1,MOMM83501L,FRASSONI,FINALE EMILIA,MODENA,EMILIA ROMAGNA,SCUOLA PRIMO GRADO,secondaria_primo_grado,3,capacita_esaurita_o_oltre_max_km
202425,0.2,42,statale,SCUOLA SECONDARIA I GRADO,1,REMM820018,"CASTELNOVO SOTTO ""G.MARCONI""",CASTELNOVO DI SOTTO,REGGIO EMILIA,EMILIA ROMAGNA,SCUOLA PRIMO GRADO,secondaria_primo_grado,2,capacita_esaurita_o_oltre_max_km
202425,0.2,42,statale,SCUOLA SECONDARIA I GRADO,1,MOMM10600D,MONTECUCCOLI,PAVULLO NEL FRIGNANO,MODENA,EMILIA ROMAGNA,SCUOLA PRIMO GRADO,secondaria_primo_grado,3,capacita_esaurita_o_oltre_max_km
202425,0.2,42,statale,SCUOLA SECONDARIA I GRADO,1,MSMM81001V,"SEC. I GR. I.C. ""COCCHI""",LICCIANA NARDI,MASSA-CARRARA,TOSCANA,SCUOLA PRIMO GRADO,secondaria_primo_grado,1,capacita_esaurita_o_oltre_max_km
202425,0.2,42,statale,SCUOLA SECONDARIA I GRADO,1,ROMM817011,A.MARIO - LENDINARA,LENDINARA,ROVIGO,VENETO,SCUOLA PRIMO GRADO,secondaria_primo_grado,1,capacita_esaurita_o_oltre_max_km
202425,0.2,42,statale,SCUOLA SECONDARIA I GRADO,1,BSMM808011,S.M. CONSORTILE ARTOGNE,ARTOGNE,BRESCIA,LOMBARDIA,SCUOLA PRIMO GRADO,secondaria_primo_grado,1,capacita_esaurita_o_oltre_max_km
202425,0.2,42,statale,SCUOLA SECONDARIA I GRADO,1,TVMM832029,SMS MARTINI S.BIAGIO DI C.(I.C.,SAN BIAGIO DI CALLALTA,TREVISO,VENETO,SCUOLA PRIMO GRADO,secondaria_primo_grado,1,capacita_esaurita_o_oltre_max_km
202425,0.2,42,statale,SCUOLA SECONDARIA I GRADO,1,PSMM808024,SCUOLA SEC. 1^ GRADO PIOBBICO,PIOBBICO,PESARO E URBINO,MARCHE,SCUOLA PRIMO GRADO,secondaria_primo_grado,1,capacita_esaurita_o_oltre_max_km
202425,0.2,42,statale,SCUOLA SECONDARIA I GRADO,1,MNMM81502Q,VILLIMPENTA - S.S. RONCOFERRARO,VILLIMPENTA,MANTOVA,LOMBARDIA,SCUOLA PRIMO GRADO,secondaria_primo_grado,1,capacita_esaurita_o_oltre_max_km
202425,0.2,42,statale,SCUOLA SECONDARIA I GRADO,2,ANMM81801B,"ANCONA ""PODESTI""",ANCONA,ANCONA,MARCHE,SCUOLA PRIMO GRADO,secondaria_primo_grado,3,capacita_esaurita_o_oltre_max_km
202425,0.2,42,statale,SCUOLA SECONDARIA I GRADO,2,PIMM824026,E.FERMI,CASTELNUOVO DI VAL DI CECINA,PISA,TOSCANA,SCUOLA PRIMO GRADO,secondaria_primo_grado,1,capacita_esaurita_o_oltre_max_km
202425,0.2,42,statale,SCUOLA SECONDARIA I GRADO,2,GRMM82101B,SATURNIA MEDIE,MANCIANO,GROSSETO,TOSCANA,SCUOLA PRIMO GRADO,secondaria_primo_grado,3,capacita_esaurita_o_oltre_max_km
202425,0.2,42,statale,SCUOLA SECONDARIA I GRADO,2,MCMM820037,PADRE PIETRO PIRRI,VISSO,MACERATA,MARCHE,SCUOLA PRIMO GRADO,secondaria_primo_grado,1,capacita_esaurita_o_oltre_max_km
202425,0.2,42,statale,SCUOLA SECONDARIA I GRADO,2,CRMM80001Q,"""GIACOMO BERTESI"" (SORESINA)",SORESINA,CREMONA,LOMBARDIA,SCUOLA PRIMO GRADO,secondaria_primo_grado,7,capacita_esaurita_o_oltre_max_km
202425,0.2,42,statale,SCUOLA SECONDARIA I GRADO,2,POMM804015,CURZIO MALAPARTE,PRATO,PRATO,TOSCANA,SCUOLA PRIMO GRADO,secondaria_primo_grado,6,capacita_esaurita_o_oltre_max_km
202425,0.2,42,statale,SCUOLA SECONDARIA I GRADO,2,PRMM83801B,"LANGHIRANO - ""E. FERMI""",LANGHIRANO,PARMA,EMILIA ROMAGNA,SCUOLA PRIMO GRADO,secondaria_primo_grado,6,capacita_esaurita_o_oltre_max_km
202425,0.2,42,statale,SCUOLA SECONDARIA I GRADO,2,PCMM00300G,"""FAUSTINI-FRANK-NICOLINI""",PIACENZA,PIACENZA,EMILIA ROMAGNA,SCUOLA PRIMO GRADO,secondaria_primo_grado,10,capacita_esaurita_o_oltre_max_km
202425,0.2,42,statale,SCUOLA SECONDARIA I GRADO,2,PRMM826015,"""L. VICINI"" - PARMA",PARMA,PARMA,EMILIA ROMAGNA,SCUOLA PRIMO GRADO,secondaria_primo_grado,4,capacita_esaurita_o_oltre_max_km
202425,0.2,42,statale,SCUOLA SECONDARIA I GRADO,2,RGMM81401G,PSAUMIDE CAMARINENSE,SANTA CROCE CAMERINA,RAGUSA,SICILIA,SCUOLA PRIMO GRADO,secondaria_primo_grado,4,capacita_esaurita_o_oltre_max_km
202425,0.2,42,statale,SCUOLA SECONDARIA I GRADO,2,GRMM81101R,"CASTELDELPIANO - ""O.VANNINI""",CASTEL DEL PIANO,GROSSETO,TOSCANA,SCUOLA PRIMO GRADO,secondaria_primo_grado,6,capacita_esaurita_o_oltre_max_km
202425,0.2,42,statale,SCUOLA SECONDARIA I GRADO,2,AQMM82101C,""" IGNAZIO SILONE """,LUCO DEI MARSI,L'AQUILA,ABRUZZO,SCUOLA PRIMO GRADO,secondaria_primo_grado,4,capacita_esaurita_o_oltre_max_km
202425,0.2,42,statale,SCUOLA SECONDARIA I GRADO,2,COMM80603N,SCUOLA SECONDARIA I GRADO,NESSO,COMO,LOMBARDIA,SCUOLA PRIMO GRADO,secondaria_primo_grado,2,capacita_esaurita_o_oltre_max_km
202425,0.2,42,statale,SCUOLA SECONDARIA I GRADO,2,GRMM81102T,"ARCIDOSSO - ""G.CARDUCCI""",ARCIDOSSO,GROSSETO,TOSCANA,SCUOLA PRIMO GRADO,secondaria_primo_grado,2,capacita_esaurita_o_oltre_max_km
202425,0.2,42,statale,SCUOLA SECONDARIA I GRADO,2,IMMM80202V,SCUOLA MEDIA STATALE DI PIGNA,PIGNA,IMPERIA,LIGURIA,SCUOLA PRIMO GRADO,secondaria_primo_grado,1,capacita_esaurita_o_oltre_max_km
202425,0.2,42,statale,SCUOLA SECONDARIA I GRADO,2,PCMM805028,S.M.S. DI VILLANOVA,VILLANOVA SULL'ARDA,PIACENZA,EMILIA ROMAGNA,SCUOLA PRIMO GRADO,secondaria_primo_grado,1,capacita_esaurita_o_oltre_max_km
202425,0.2,42,statale,SCUOLA SECONDARIA I GRADO,2,PVMM821017,BRONI - FERRINI,BRONI,PAVIA,LOMBARDIA,SCUOLA PRIMO GRADO,secondaria_primo_grado,2,capacita_esaurita_o_oltre_max_km
202425,0.2,42,statale,SCUOLA SECONDARIA I GRADO,2,CNMM81101A,SAN MICHELE MONDOVI',SAN MICHELE MONDOVI',CUNEO,PIEMONTE,SCUOLA PRIMO GRADO,secondaria_primo_grado,1,capacita_esaurita_o_oltre_max_km
202425,0.2,42,statale,SCUOLA SECONDARIA I GRADO,2,PCMM81701D,"SCUOLA SEC. I GRADO ""G.MAZZINI""",CASTEL SAN GIOVANNI,PIACENZA,EMILIA ROMAGNA,SCUOLA PRIMO GRADO,secondaria_primo_grado,8,capacita_esaurita_o_oltre_max_km
202425,0.2,42,statale,SCUOLA SECONDARIA I GRADO,2,GRMM81701Q,"CINIGIANO - ""M.BUONARROTI""",CINIGIANO,GROSSETO,TOSCANA,SCUOLA PRIMO GRADO,secondaria_primo_grado,2,capacita_esaurita_o_oltre_max_km
202425,0.2,42,statale,SCUOLA SECONDARIA I GRADO,2,BGMM84401G,"S.M.S. ""LORENZO LOTTO"" COVO",COVO,BERGAMO,LOMBARDIA,SCUOLA PRIMO GRADO,secondaria_primo_grado,2,capacita_esaurita_o_oltre_max_km
202425,0.2,42,statale,SCUOLA SECONDARIA I GRADO,2,LOMM81501T,SEC.I GRADO S.FRANCESCA CABRINI,SANT'ANGELO LODIGIANO,LODI,LOMBARDIA,SCUOLA PRIMO GRADO,secondaria_primo_grado,6,capacita_esaurita_o_oltre_max_km
202425,0.2,42,statale,SCUOLA SECONDARIA I GRADO,2,PCMM00200Q,SMS DANTE - CARDUCCI,PIACENZA,PIACENZA,EMILIA ROMAGNA,SCUOLA PRIMO GRADO,secondaria_primo_grado,22,capacita_esaurita_o_oltre_max_km
202425,0.2,42,statale,SCUOLA SECONDARIA I GRADO,2,BSMM865015,SMS MORCELLI/TOSCANINI CHIARI,CHIARI,BRESCIA,LOMBARDIA,SCUOLA PRIMO GRADO,secondaria_primo_grado,12,capacita_esaurita_o_oltre_max_km
202425,0.2,42,statale,SCUOLA SECONDARIA I GRADO,2,IMMM800027,"PONTEDASSIO ""G.NATTA""",PONTEDASSIO,IMPERIA,LIGURIA,SCUOLA PRIMO GRADO,secondaria_primo_grado,1,capacita_esaurita_o_oltre_max_km
202425,0.2,42,statale,SCUOLA SECONDARIA I GRADO,2,FEMM824013,SCUOLA MEDIA - PORTOMAGGIORE,PORTOMAGGIORE,FERRARA,EMILIA ROMAGNA,SCUOLA PRIMO GRADO,secondaria_primo_grado,1,capacita_esaurita_o_oltre_max_km
202425,0.2,42,statale,SCUOLA SECONDARIA I GRADO,2,RGMM802019,LEONARDO SCIASCIA,VITTORIA,RAGUSA,SICILIA,SCUOLA PRIMO GRADO,secondaria_primo_grado,6,capacita_esaurita_o_oltre_max_km
202425,0.2,42,statale,SCUOLA SECONDARIA I GRADO,2,VRMM857018,"NOGARA - ""F. CIPRIANI""",NOGARA,VERONA,VENETO,SCUOLA PRIMO GRADO,secondaria_primo_grado,4,capacita_esaurita_o_oltre_max_km
202425,0.2,42,statale,SCUOLA SECONDARIA I GRADO,2,POMM81301X,SEM BENELLI,PRATO,PRATO,TOSCANA,SCUOLA PRIMO GRADO,secondaria_primo_grado,6,capacita_esaurita_o_oltre_max_km
202425,0.2,42,statale,SCUOLA SECONDARIA I GRADO,2,BGMM89801X,"S.M.S. ""G.B. RUBINI"" ROMANO L.",ROMANO DI LOMBARDIA,BERGAMO,LOMBARDIA,SCUOLA PRIMO GRADO,secondaria_primo_grado,3,capacita_esaurita_o_oltre_max_km
202425,0.2,42,statale,SCUOLA SECONDARIA I GRADO,2,PVMM800016,SC. SEC. S.MARIA DELLA VERSA,SANTA MARIA DELLA VERSA,PAVIA,LOMBARDIA,SCUOLA PRIMO GRADO,secondaria_primo_grado,1,capacita_esaurita_o_oltre_max_km
202425,0.2,42,statale,SCUOLA SECONDARIA I GRADO,2,BSMM899018,"SECONDARIA ""U. ALLEGRI"" GAMBARA",GAMBARA,BRESCIA,LOMBARDIA,SCUOLA PRIMO GRADO,secondaria_primo_grado,2,capacita_esaurita_o_oltre_max_km
202425,0.2,42,statale,SCUOLA SECONDARIA I GRADO,2,ALMM829017,NOVI LIGURE - DORIA,NOVI LIGURE,ALESSANDRIA,PIEMONTE,SCUOLA PRIMO GRADO,secondaria_primo_grado,2,capacita_esaurita_o_oltre_max_km
202425,0.2,42,statale,SCUOLA SECONDARIA I GRADO,2,CNMM826047,VENASCA SS COSTIGLIOLE SALUZZO,COSTIGLIOLE SALUZZO,CUNEO,PIEMONTE,SCUOLA PRIMO GRADO,secondaria_primo_grado,1,capacita_esaurita_o_oltre_max_km
202425,0.2,42,statale,SCUOLA SECONDARIA I GRADO,2,BOMM81501D,PANZINI - 4 BOLOGNA,BOLOGNA,BOLOGNA,EMILIA ROMAGNA,SCUOLA PRIMO GRADO,secondaria_primo_grado,3,capacita_esaurita_o_oltre_max_km
202425,0.2,42,statale,SCUOLA SECONDARIA I GRADO,2,NOMM82901L,"""CASSANO"" TRECATE",TRECATE,NOVARA,PIEMONTE,SCUOLA PRIMO GRADO,secondaria_primo_grado,8,capacita_esaurita_o_oltre_max_km
202425,0.2,42,statale,SCUOLA SECONDARIA I GRADO,2,BOMM86001B,MARCO POLO-CREVALCORE,CREVALCORE,BOLOGNA,EMILIA ROMAGNA,SCUOLA PRIMO GRADO,secondaria_primo_grado,1,capacita_esaurita_o_oltre_max_km
202425,0.2,42,statale,SCUOLA SECONDARIA I GRADO,2,PCMM818019,G. GATTI,FIORENZUOLA D'ARDA,PIACENZA,EMILIA ROMAGNA,SCUOLA PRIMO GRADO,secondaria_primo_grado,2,capacita_esaurita_o_oltre_max_km
202425,0.2,42,statale,SCUOLA SECONDARIA I GRADO,2,ALMM81803V,FUBINE - P. ROBOTTI,FUBINE MONFERRATO,ALESSANDRIA,PIEMONTE,SCUOLA PRIMO GRADO,secondaria_primo_grado,1,capacita_esaurita_o_oltre_max_km
202425,0.2,42,statale,SCUOLA SECONDARIA I GRADO,2,PVMM81701G,MORTARA - JOSTI TRAVELLI,MORTARA,PAVIA,LOMBARDIA,SCUOLA PRIMO GRADO,secondaria_primo_grado,9,capacita_esaurita_o_oltre_max_km
202425,0.2,42,statale,SCUOLA SECONDARIA I GRADO,2,AQMM82501Q,SCUOLA SEC. I GRADO GIOIA DEI M,GIOIA DEI MARSI,L'AQUILA,ABRUZZO,SCUOLA PRIMO GRADO,secondaria_primo_grado,1,capacita_esaurita_o_oltre_max_km
202425,0.2,42,statale,SCUOLA SECONDARIA I GRADO,2,POMM81501G,F.LIPPI,PRATO,PRATO,TOSCANA,SCUOLA PRIMO GRADO,secondaria_primo_grado,4,capacita_esaurita_o_oltre_max_km
202425,0.2,42,statale,SCUOLA SECONDARIA I GRADO,2,PRMM83601Q,"""PARMIGIANINO"" - PARMA",PARMA,PARMA,EMILIA ROMAGNA,SCUOLA PRIMO GRADO,secondaria_primo_grado,8,capacita_esaurita_o_oltre_max_km
202425,0.2,42,statale,SCUOLA SECONDARIA I GRADO,2,CNMM81403X,BOSSOLASCO SS CRAVANZANA,CRAVANZANA,CUNEO,PIEMONTE,SCUOLA PRIMO GRADO,secondaria_primo_grado,1,capacita_esaurita_o_oltre_max_km
202425,0.2,42,statale,SCUOLA SECONDARIA I GRADO,2,PCMM80801P,G.PASCOLI,BORGONOVO VAL TIDONE,PIACENZA,EMILIA ROMAGNA,SCUOLA PRIMO GRADO,secondaria_primo_grado,6,capacita_esaurita_o_oltre_max_km
202425,0.2,42,statale,SCUOLA SECONDARIA I GRADO,2,PVMM827016,IC VOGHERA VIA DANTE - PLANA,VOGHERA,PAVIA,LOMBARDIA,SCUOLA PRIMO GRADO,secondaria_primo_grado,6,capacita_esaurita_o_oltre_max_km
202425,0.2,42,statale,SCUOLA SECONDARIA I GRADO,2,FIMM86501L,SMS MATTEUCCI,CAMPI BISENZIO,FIRENZE,TOSCANA,SCUOLA PRIMO GRADO,secondaria_primo_grado,1,capacita_esaurita_o_oltre_max_km
202425,0.2,42,statale,SCUOLA SECONDARIA I GRADO,2,PRMM833018,"""GIACOMO PUCCINI"" - PARMA",PARMA,PARMA,EMILIA ROMAGNA,SCUOLA PRIMO GRADO,secondaria_primo_grado,4,capacita_esaurita_o_oltre_max_km
202425,0.2,42,statale,SCUOLA SECONDARIA I GRADO,2,BSMM881013,SEC. I CARDUCCI BRESCIA,BRESCIA,BRESCIA,LOMBARDIA,SCUOLA PRIMO GRADO,secondaria_primo_grado,1,capacita_esaurita_o_oltre_max_km
202425,0.2,42,statale,SCUOLA SECONDARIA I GRADO,2,CRMM80101G,"""DIOTTI"" (CASALMAGGIORE)",CASALMAGGIORE,CREMONA,LOMBARDIA,SCUOLA PRIMO GRADO,secondaria_primo_grado,4,capacita_esaurita_o_oltre_max_km
202425,0.2,42,statale,SCUOLA SECONDARIA I GRADO,2,ANMM82001B,"ANCONA ""MARCONI""",ANCONA,ANCONA,MARCHE,SCUOLA PRIMO GRADO,secondaria_primo_grado,4,capacita_esaurita_o_oltre_max_km
202425,0.2,42,statale,SCUOLA SECONDARIA I GRADO,2,ROMM816037,N.BADALONI - TRECENTA,TRECENTA,ROVIGO,VENETO,SCUOLA PRIMO GRADO,secondaria_primo_grado,1,capacita_esaurita_o_oltre_max_km
202425,0.2,42,statale,SCUOLA SECONDARIA I GRADO,2,TOMM180028,BARDONECCHIA - P.ZZA DE GASPERI,BARDONECCHIA,TORINO,PIEMONTE,SCUOLA PRIMO GRADO,secondaria_primo_grado,1,capacita_esaurita_o_oltre_max_km
202425,0.2,42,statale,SCUOLA SECONDARIA I GRADO,2,FIMM87101X,BACCI-RIDOLFI,CASTELFIORENTINO,FIRENZE,TOSCANA,SCUOLA PRIMO GRADO,secondaria_primo_grado,3,capacita_esaurita_o_oltre_max_km
202425,0.2,42,statale,SCUOLA SECONDARIA I GRADO,2,PCMM80902G,F. PETRARCA,PONTENURE,PIACENZA,EMILIA ROMAGNA,SCUOLA PRIMO GRADO,secondaria_primo_grado,2,capacita_esaurita_o_oltre_max_km
202425,0.2,42,statale,SCUOLA SECONDARIA I GRADO,2,BOMM87201N,ZAPPA - 15 BOLOGNA,BOLOGNA,BOLOGNA,EMILIA ROMAGNA,SCUOLA PRIMO GRADO,secondaria_primo_grado,5,capacita_esaurita_o_oltre_max_km
202425,0.2,42,statale,SCUOLA SECONDARIA I GRADO,2,BGMM84402L,"S.M.S.""MERISI-CARAV.""FONTANELLA",FONTANELLA,BERGAMO,LOMBARDIA,SCUOLA PRIMO GRADO,secondaria_primo_grado,4,capacita_esaurita_o_oltre_max_km
202425,0.2,42,statale,SCUOLA SECONDARIA I GRADO,2,CTMM808011,SCUOLA SECONDARIA I MAZZARRONE,MAZZARRONE,CATANIA,SICILIA,SCUOLA PRIMO GRADO,secondaria_primo_grado,2,capacita_esaurita_o_oltre_max_km
202425,0.2,42,statale,SCUOLA SECONDARIA I GRADO,2,PSMM815016,"PIANDIMELETO ""E.DA PIANDIMELETO",PIANDIMELETO,PESARO E URBINO,MARCHE,SCUOLA PRIMO GRADO,secondaria_primo_grado,2,capacita_esaurita_o_oltre_max_km
202425,0.2,42,statale,SCUOLA SECONDARIA I GRADO,2,CRMM81401N,"""G.M. SACCHI"" (PIADENA)",PIADENA DRIZZONA,CREMONA,LOMBARDIA,SCUOLA PRIMO GRADO,secondaria_primo_grado,2,capacita_esaurita_o_oltre_max_km
202425,0.2,42,statale,SCUOLA SECONDARIA I GRADO,2,MNMM839017,SCUOLA MEDIA CAMPITELLO,MARCARIA,MANTOVA,LOMBARDIA,SCUOLA PRIMO GRADO,secondaria_primo_grado,1,capacita_esaurita_o_oltre_max_km
202425,0.2,42,statale,SCUOLA SECONDARIA I GRADO,2,MOMM81301Q,MARTIRI DELLA LIBERTA',ZOCCA,MODENA,EMILIA ROMAGNA,SCUOLA PRIMO GRADO,secondaria_primo_grado,1,capacita_esaurita_o_oltre_max_km
202425,0.2,42,statale,SCUOLA SECONDARIA I GRADO,2,MNMM80301C,"CASTEL GOFFREDO ""VIRGILIO""",CASTEL GOFFREDO,MANTOVA,LOMBARDIA,SCUOLA PRIMO GRADO,secondaria_primo_grado,3,capacita_esaurita_o_oltre_max_km
202425,0.2,42,statale,SCUOLA SECONDARIA I GRADO,2,ALMM812041,VOLPEDO - G.PELIZZA,VOLPEDO,ALESSANDRIA,PIEMONTE,SCUOLA PRIMO GRADO,secondaria_primo_grado,1,capacita_esaurita_o_oltre_max_km
202425,0.2,42,statale,SCUOLA SECONDARIA I GRADO,2,PRMM81602G,"TIZZANO - ""RENZO PEZZANI""",TIZZANO VAL PARMA,PARMA,EMILIA ROMAGNA,SCUOLA PRIMO GRADO,secondaria_primo_grado,2,capacita_esaurita_o_oltre_max_km
202425,0.2,42,statale,SCUOLA SECONDARIA I GRADO,2,PCMM806013,M. BUONARROTI,CAORSO,PIACENZA,EMILIA ROMAGNA,SCUOLA PRIMO GRADO,secondaria_primo_grado,1,capacita_esaurita_o_oltre_max_km
202425,0.2,42,statale,SCUOLA SECONDARIA I GRADO,2,PGMM83201B,IST. 1^ GRADO GIANO UMBRO,GIANO DELL'UMBRIA,PERUGIA,UMBRIA,SCUOLA PRIMO GRADO,secondaria_primo_grado,2,capacita_esaurita_o_oltre_max_km
202425,0.2,42,statale,SCUOLA SECONDARIA I GRADO,2,MOMM80501R,RENZO GASPARINI,NOVI DI MODENA,MODENA,EMILIA ROMAGNA,SCUOLA PRIMO GRADO,secondaria_primo_grado,4,capacita_esaurita_o_oltre_max_km
202425,0.2,42,statale,SCUOLA SECONDARIA I GRADO,2,GRMM81704V,"SCANSANO - ""B.CROCE""",SCANSANO,GROSSETO,TOSCANA,SCUOLA PRIMO GRADO,secondaria_primo_grado,1,capacita_esaurita_o_oltre_max_km
202425,0.2,42,statale,SCUOLA SECONDARIA I GRADO,2,FOMM814011,S.LEGA,MODIGLIANA,FORLI'-CESENA,EMILIA ROMAGNA,SCUOLA PRIMO GRADO,secondaria_primo_grado,1,capacita_esaurita_o_oltre_max_km
202425,0.2,42,statale,SCUOLA SECONDARIA I GRADO,2,SIMM81801B,GALILEO GALILEI,CHIUSI,SIENA,TOSCANA,SCUOLA PRIMO GRADO,secondaria_primo_grado,1,capacita_esaurita_o_oltre_max_km
202425,0.2,42,statale,SCUOLA SECONDARIA I GRADO,2,PVMM813018,VILLANTERIO - ADDOBBATI,VILLANTERIO,PAVIA,LOMBARDIA,SCUOLA PRIMO GRADO,secondaria_primo_grado,1,capacita_esaurita_o_oltre_max_km
202425,0.2,42,statale,SCUOLA SECONDARIA I GRADO,2,VCMM80001G,FERRARI - TRINO VERCELLESE -,TRINO,VERCELLI,PIEMONTE,SCUOLA PRIMO GRADO,secondaria_primo_grado,2,capacita_esaurita_o_oltre_max_km
202425,0.2,42,statale,SCUOLA SECONDARIA I GRADO,2,PRMM839017,"FORNOVO - ""ZUFFARDI""",FORNOVO DI TARO,PARMA,EMILIA ROMAGNA,SCUOLA PRIMO GRADO,secondaria_primo_grado,1,capacita_esaurita_o_oltre_max_km
202425,0.2,42,statale,SCUOLA SECONDARIA I GRADO,2,POMM811018,DANTE ALIGHIERI,VERNIO,PRATO,TOSCANA,SCUOLA PRIMO GRADO,secondaria_primo_grado,1,capacita_esaurita_o_oltre_max_km
202425,0.2,42,statale,SCUOLA SECONDARIA I GRADO,2,BGMM8AD01Q,"S.M.S. ""GROSSI"" TREVIGLIO",TREVIGLIO,BERGAMO,LOMBARDIA,SCUOLA PRIMO GRADO,secondaria_primo_grado,3,capacita_esaurita_o_oltre_max_km
202425,0.2,42,statale,SCUOLA SECONDARIA I GRADO,2,BSMM87701B,SEC. I PASCOLI BETTINZOLI,BRESCIA,BRESCIA,LOMBARDIA,SCUOLA PRIMO GRADO,secondaria_primo_grado,5,capacita_esaurita_o_oltre_max_km
202425,0.2,42,statale,SCUOLA SECONDARIA I GRADO,2,FIMM86401R,"S.M.S. ""GARIBALDI""",CAMPI BISENZIO,FIRENZE,TOSCANA,SCUOLA PRIMO GRADO,secondaria_primo_grado,3,capacita_esaurita_o_oltre_max_km
202425,0.2,42,statale,SCUOLA SECONDARIA I GRADO,2,AGMM85301D,S.AGOSTINO,NARO,AGRIGENTO,SICILIA,SCUOLA PRIMO GRADO,secondaria_primo_grado,2,capacita_esaurita_o_oltre_max_km
202425,0.2,42,statale,SCUOLA SECONDARIA I GRADO,2,REMM83201E,"LUZZARA ""FERMI""",LUZZARA,REGGIO EMILIA,EMILIA ROMAGNA,SCUOLA PRIMO GRADO,secondaria_primo_grado,2,capacita_esaurita_o_oltre_max_km
202425,0.2,42,statale,SCUOLA SECONDARIA I GRADO,2,PRMM84001B,"FIDENZA - ""ZANI""",FIDENZA,PARMA,EMILIA ROMAGNA,SCUOLA PRIMO GRADO,secondaria_primo_grado,3,capacita_esaurita_o_oltre_max_km
202425,0.2,42,statale,SCUOLA SECONDARIA I GRADO,2,PRMM82801R,"""NEWTON"" - PARMA",PARMA,PARMA,EMILIA ROMAGNA,SCUOLA PRIMO GRADO,secondaria_primo_grado,1,capacita_esaurita_o_oltre_max_km
202425,0.2,42,statale,SCUOLA SECONDARIA I GRADO,2,BSMM849017,BERTAZZOLI DI CARPENEDOLO,CARPENEDOLO,BRESCIA,LOMBARDIA,SCUOLA PRIMO GRADO,secondaria_primo_grado,1,capacita_esaurita_o_oltre_max_km
202425,0.2,42,statale,SCUOLA SECONDARIA I GRADO,2,TVMM832029,SMS MARTINI S.BIAGIO DI C.(I.C.,SAN BIAGIO DI CALLALTA,TREVISO,VENETO,SCUOLA PRIMO GRADO,secondaria_primo_grado,2,capacita_esaurita_o_oltre_max_km
202425,0.2,42,statale,SCUOLA SECONDARIA I GRADO,2,PCMM807042,S. BRUZZI,FARINI,PIACENZA,EMILIA ROMAGNA,SCUOLA PRIMO GRADO,secondaria_primo_grado,1,capacita_esaurita_o_oltre_max_km
202425,0.2,42,statale,SCUOLA SECONDARIA I GRADO,2,PNMM826019,"SMS ""BERNARDINO PARTENIO""",SPILIMBERGO,PORDENONE,FRIULI-VENEZIA G.,SCUOLA PRIMO GRADO,secondaria_primo_grado,1,capacita_esaurita_o_oltre_max_km
202425,0.2,42,statale,SCUOLA SECONDARIA I GRADO,2,PRMM82201T,DI BUSSETO,BUSSETO,PARMA,EMILIA ROMAGNA,SCUOLA PRIMO GRADO,secondaria_primo_grado,1,capacita_esaurita_o_oltre_max_km
202425,0.2,42,statale,SCUOLA SECONDARIA I GRADO,2,UDMM84504T,SECONDARIA DI I GRADO RESIA,RESIA,UDINE,FRIULI-VENEZIA G.,SCUOLA PRIMO GRADO,secondaria_primo_grado,1,capacita_esaurita_o_oltre_max_km
202425,0.2,42,statale,SCUOLA SECONDARIA I GRADO,2,MOMM81901P,GIOVANNI PASCOLI,SAN FELICE SUL PANARO,MODENA,EMILIA ROMAGNA,SCUOLA PRIMO GRADO,secondaria_primo_grado,2,capacita_esaurita_o_oltre_max_km
202425,0.2,42,statale,SCUOLA SECONDARIA I GRADO,2,RGMM83001D,L. EINAUDI,ISPICA,RAGUSA,SICILIA,SCUOLA PRIMO GRADO,secondaria_primo_grado,1,capacita_esaurita_o_oltre_max_km
202425,0.2,42,statale,SCUOLA SECONDARIA I GRADO,2,ANMM81601Q,"ANCONA ""DONATELLO""",ANCONA,ANCONA,MARCHE,SCUOLA PRIMO GRADO,secondaria_primo_grado,1,capacita_esaurita_o_oltre_max_km
202425,0.2,42,statale,SCUOLA SECONDARIA I GRADO,2,PVMM80901L,SANNAZZARO DE' BURG.-MONTANARI,SANNAZZARO DE' BURGONDI,PAVIA,LOMBARDIA,SCUOLA PRIMO GRADO,secondaria_primo_grado,1,capacita_esaurita_o_oltre_max_km
202425,0.2,42,statale,SCUOLA SECONDARIA I GRADO,2,MOMM80701C,GIOVANNI XXIII,SESTOLA,MODENA,EMILIA ROMAGNA,SCUOLA PRIMO GRADO,secondaria_primo_grado,1,capacita_esaurita_o_oltre_max_km
202425,0.2,42,statale,SCUOLA SECONDARIA I GRADO,2,ATMM81301P,GANCIA - CANELLI,CANELLI,ASTI,PIEMONTE,SCUOLA PRIMO GRADO,secondaria_primo_grado,1,capacita_esaurita_o_oltre_max_km
202425,0.2,42,statale,SCUOLA SECONDARIA I GRADO,2,FOMM821014,PIERO MARONCELLI,FORLI',FORLI'-CESENA,EMILIA ROMAGNA,SCUOLA PRIMO GRADO,secondaria_primo_grado,1,capacita_esaurita_o_oltre_max_km
202425,0.2,42,statale,SCUOLA SECONDARIA I GRADO,2,AQMM831024,SCUOLA SEC DI PRIMO GRADO,TRASACCO,L'AQUILA,ABRUZZO,SCUOLA PRIMO GRADO,secondaria_primo_grado,1,capacita_esaurita_o_oltre_max_km
202425,0.2,42,statale,SCUOLA SECONDARIA I GRADO,2,VCMM80501P,GALILEO FERRARIS -LIVORNO F.-,LIVORNO FERRARIS,VERCELLI,PIEMONTE,SCUOLA PRIMO GRADO,secondaria_primo_grado,1,capacita_esaurita_o_oltre_max_km
202425,0.2,42,statale,SCUOLA SECONDARIA I GRADO,2,ALMM809023,CASSINE - G. VERDI,CASSINE,ALESSANDRIA,PIEMONTE,SCUOLA PRIMO GRADO,secondaria_primo_grado,1,capacita_esaurita_o_oltre_max_km
202425,0.2,42,statale,SCUOLA SECONDARIA I GRADO,2,ALMM811023,CERRINA - FULVIO OPEZZO,CERRINA MONFERRATO,ALESSANDRIA,PIEMONTE,SCUOLA PRIMO GRADO,secondaria_primo_grado,1,capacita_esaurita_o_oltre_max_km
202425,0.2,42,statale,SCUOLA SECONDARIA I GRADO,2,PRMM80701Q,"COLORNO - "" PIER LUIGI BELLONI""",COLORNO,PARMA,EMILIA ROMAGNA,SCUOLA PRIMO GRADO,secondaria_primo_grado,1,capacita_esaurita_o_oltre_max_km
202425,0.2,42,statale,SCUOLA SECONDARIA I GRADO,2,FEMM802016,T.BONATI - BONDENO,BONDENO,FERRARA,EMILIA ROMAGNA,SCUOLA PRIMO GRADO,secondaria_primo_grado,1,capacita_esaurita_o_oltre_max_km
202425,0.2,42,statale,SCUOLA SECONDARIA I GRADO,2,POMM818013,"SCUOLA SEC. I GRADO ""P.CIRONI""",PRATO,PRATO,TOSCANA,SCUOLA PRIMO GRADO,secondaria_primo_grado,2,capacita_esaurita_o_oltre_max_km
202425,0.2,42,statale,SCUOLA SECONDARIA I GRADO,2,IMMM81001R,SC. SEC. I GRADO LITTARDI,IMPERIA,IMPERIA,LIGURIA,SCUOLA PRIMO GRADO,secondaria_primo_grado,1,capacita_esaurita_o_oltre_max_km
202425,0.2,42,statale,SCUOLA SECONDARIA I GRADO,2,ATMM81502B,SCUOLA MEDIA DI MOMBARUZZO,MOMBARUZZO,ASTI,PIEMONTE,SCUOLA PRIMO GRADO,secondaria_primo_grado,1,capacita_esaurita_o_oltre_max_km
202425,0.2,42,statale,SCUOLA SECONDARIA I GRADO,2,CRMM809038,"""DON GAETANO PORTIOLI""(OSTIANO)",OSTIANO,CREMONA,LOMBARDIA,SCUOLA PRIMO GRADO,secondaria_primo_grado,1,capacita_esaurita_o_oltre_max_km
202425,0.2,42,statale,SCUOLA SECONDARIA I GRADO,2,RAMM816016,GIOVANNI DA RIOLO,RIOLO TERME,RAVENNA,EMILIA ROMAGNA,SCUOLA PRIMO GRADO,secondaria_primo_grado,1,capacita_esaurita_o_oltre_max_km
202425,0.2,42,statale,SCUOLA SECONDARIA I GRADO,3,SAMM87201A,"POLLA ""E.DE AMICIS""",POLLA,SALERNO,CAMPANIA,SCUOLA PRIMO GRADO,secondaria_primo_grado,6,capacita_esaurita_o_oltre_max_km
202425,0.2,42,statale,SCUOLA SECONDARIA I GRADO,3,POMM80801C,BOGARDO BURICCHI,PRATO,PRATO,TOSCANA,SCUOLA PRIMO GRADO,secondaria_primo_grado,28,capacita_esaurita_o_oltre_max_km
202425,0.2,42,statale,SCUOLA SECONDARIA I GRADO,3,CNMM83603R,GARESSIO SS ORMEA,ORMEA,CUNEO,PIEMONTE,SCUOLA PRIMO GRADO,secondaria_primo_grado,2,capacita_esaurita_o_oltre_max_km
202425,0.2,42,statale,SCUOLA SECONDARIA I GRADO,3,PGMM813023,IST. 1^ GRADO VALLO DI NERA,VALLO DI NERA,PERUGIA,UMBRIA,SCUOLA PRIMO GRADO,secondaria_primo_grado,1,capacita_esaurita_o_oltre_max_km
202425,0.2,42,statale,SCUOLA SECONDARIA I GRADO,3,SAMM8AH02P,ROSCIGNO,ROSCIGNO,SALERNO,CAMPANIA,SCUOLA PRIMO GRADO,secondaria_primo_grado,1,capacita_esaurita_o_oltre_max_km
202425,0.2,42,statale,SCUOLA SECONDARIA I GRADO,3,MCMM80901A,C. FEDERICI,SERRAVALLE DI CHIENTI,MACERATA,MARCHE,SCUOLA PRIMO GRADO,secondaria_primo_grado,2,capacita_esaurita_o_oltre_max_km
202425,0.2,42,statale,SCUOLA SECONDARIA I GRADO,3,RGMM802019,LEONARDO SCIASCIA,VITTORIA,RAGUSA,SICILIA,SCUOLA PRIMO GRADO,secondaria_primo_grado,5,capacita_esaurita_o_oltre_max_km
202425,0.2,42,statale,SCUOLA SECONDARIA I GRADO,3,POMM01000C,"C/O CONVITTO NAZ. ""CICOGNINI""",PRATO,PRATO,TOSCANA,SCUOLA PRIMO GRADO,secondaria_primo_grado,4,capacita_esaurita_o_oltre_max_km
202425,0.2,42,statale,SCUOLA SECONDARIA I GRADO,3,RAMM82201D,"""COVA - LANZONI""",FAENZA,RAVENNA,EMILIA ROMAGNA,SCUOLA PRIMO GRADO,secondaria_primo_grado,6,capacita_esaurita_o_oltre_max_km
202425,0.2,42,statale,SCUOLA SECONDARIA I GRADO,3,CSMM85003A,SM CANNA (IC ROCCA IMPERIALE),CANNA,COSENZA,CALABRIA,SCUOLA PRIMO GRADO,secondaria_primo_grado,2,capacita_esaurita_o_oltre_max_km
202425,0.2,42,statale,SCUOLA SECONDARIA I GRADO,3,FOMM806012,SEZ.E.AMBROGETTI,VERGHERETO,FORLI'-CESENA,EMILIA ROMAGNA,SCUOLA PRIMO GRADO,secondaria_primo_grado,1,capacita_esaurita_o_oltre_max_km
202425,0.2,42,statale,SCUOLA SECONDARIA I GRADO,3,PIMM824037,MONTEVERDI MARITTIMO,MONTEVERDI MARITTIMO,PISA,TOSCANA,SCUOLA PRIMO GRADO,secondaria_primo_grado,1,capacita_esaurita_o_oltre_max_km
202425,0.2,42,statale,SCUOLA SECONDARIA I GRADO,3,POMM81501G,F.LIPPI,PRATO,PRATO,TOSCANA,SCUOLA PRIMO GRADO,secondaria_primo_grado,12,capacita_esaurita_o_oltre_max_km
202425,0.2,42,statale,SCUOLA SECONDARIA I GRADO,3,PIMM824026,E.FERMI,CASTELNUOVO DI VAL DI CECINA,PISA,TOSCANA,SCUOLA PRIMO GRADO,secondaria_primo_grado,1,capacita_esaurita_o_oltre_max_km
202425,0.2,42,statale,SCUOLA SECONDARIA I GRADO,3,MTMM83501A,"""PITAGORA""BERNALDA- METAPONTO",BERNALDA,MATERA,BASILICATA,SCUOLA PRIMO GRADO,secondaria_primo_grado,1,capacita_esaurita_o_oltre_max_km
202425,0.2,42,statale,SCUOLA SECONDARIA I GRADO,3,FOMM821014,PIERO MARONCELLI,FORLI',FORLI'-CESENA,EMILIA ROMAGNA,SCUOLA PRIMO GRADO,secondaria_primo_grado,4,capacita_esaurita_o_oltre_max_km
202425,0.2,42,statale,SCUOLA SECONDARIA I GRADO,3,CRMM80001Q,"""GIACOMO BERTESI"" (SORESINA)",SORESINA,CREMONA,LOMBARDIA,SCUOLA PRIMO GRADO,secondaria_primo_grado,2,capacita_esaurita_o_oltre_max_km
202425,0.2,42,statale,SCUOLA SECONDARIA I GRADO,3,PVMM821017,BRONI - FERRINI,BRONI,PAVIA,LOMBARDIA,SCUOLA PRIMO GRADO,secondaria_primo_grado,2,capacita_esaurita_o_oltre_max_km
202425,0.2,42,statale,SCUOLA SECONDARIA I GRADO,3,BGMM84402L,"S.M.S.""MERISI-CARAV.""FONTANELLA",FONTANELLA,BERGAMO,LOMBARDIA,SCUOLA PRIMO GRADO,secondaria_primo_grado,2,capacita_esaurita_o_oltre_max_km
202425,0.2,42,statale,SCUOLA SECONDARIA I GRADO,3,BOMM840027,DON MILANI,GRIZZANA MORANDI,BOLOGNA,EMILIA ROMAGNA,SCUOLA PRIMO GRADO,secondaria_primo_grado,1,capacita_esaurita_o_oltre_max_km
202425,0.2,42,statale,SCUOLA SECONDARIA I GRADO,3,IMMM800027,"PONTEDASSIO ""G.NATTA""",PONTEDASSIO,IMPERIA,LIGURIA,SCUOLA PRIMO GRADO,secondaria_primo_grado,3,capacita_esaurita_o_oltre_max_km
202425,0.2,42,statale,SCUOLA SECONDARIA I GRADO,3,POMM81301X,SEM BENELLI,PRATO,PRATO,TOSCANA,SCUOLA PRIMO GRADO,secondaria_primo_grado,3,capacita_esaurita_o_oltre_max_km
202425,0.2,42,statale,SCUOLA SECONDARIA I GRADO,3,PRMM839039,"SOLIGNANO - ""F. ZANETTI""",SOLIGNANO,PARMA,EMILIA ROMAGNA,SCUOLA PRIMO GRADO,secondaria_primo_grado,1,capacita_esaurita_o_oltre_max_km
202425,0.2,42,statale,SCUOLA SECONDARIA I GRADO,3,ROMM808027,N.SERAFINI-POLESELLA,POLESELLA,ROVIGO,VENETO,SCUOLA PRIMO GRADO,secondaria_primo_grado,1,capacita_esaurita_o_oltre_max_km
202425,0.2,42,statale,SCUOLA SECONDARIA I GRADO,3,TOMM81402B,I.C. PONT CANAVESE - MARTINETTI,PONT-CANAVESE,TORINO,PIEMONTE,SCUOLA PRIMO GRADO,secondaria_primo_grado,2,capacita_esaurita_o_oltre_max_km
202425,0.2,42,statale,SCUOLA SECONDARIA I GRADO,3,PVMM801034,CORTEOLONA E GENZONE,CORTEOLONA E GENZONE,PAVIA,LOMBARDIA,SCUOLA PRIMO GRADO,secondaria_primo_grado,1,capacita_esaurita_o_oltre_max_km
202425,0.2,42,statale,SCUOLA SECONDARIA I GRADO,3,RGMM81401G,PSAUMIDE CAMARINENSE,SANTA CROCE CAMERINA,RAGUSA,SICILIA,SCUOLA PRIMO GRADO,secondaria_primo_grado,2,capacita_esaurita_o_oltre_max_km
202425,0.2,42,statale,SCUOLA SECONDARIA I GRADO,3,NOMM82901L,"""CASSANO"" TRECATE",TRECATE,NOVARA,PIEMONTE,SCUOLA PRIMO GRADO,secondaria_primo_grado,2,capacita_esaurita_o_oltre_max_km
202425,0.2,42,statale,SCUOLA SECONDARIA I GRADO,3,FOMM80302G,"SARSINA ""T. M. PLAUTO""",SARSINA,FORLI'-CESENA,EMILIA ROMAGNA,SCUOLA PRIMO GRADO,secondaria_primo_grado,2,capacita_esaurita_o_oltre_max_km
202425,0.2,42,statale,SCUOLA SECONDARIA I GRADO,3,SVMM811016,"I GR. ""G. C. ABBA"" CAIRO M.",CAIRO MONTENOTTE,SAVONA,LIGURIA,SCUOLA PRIMO GRADO,secondaria_primo_grado,2,capacita_esaurita_o_oltre_max_km
202425,0.2,42,statale,SCUOLA SECONDARIA I GRADO,3,PVMM83101T,IC VIG.VIALE LIBERTA'-ROBECCHI,VIGEVANO,PAVIA,LOMBARDIA,SCUOLA PRIMO GRADO,secondaria_primo_grado,2,capacita_esaurita_o_oltre_max_km
202425,0.2,42,statale,SCUOLA SECONDARIA I GRADO,3,BSMM8AE014,F.GLISENTI - VESTONE,VESTONE,BRESCIA,LOMBARDIA,SCUOLA PRIMO GRADO,secondaria_primo_grado,2,capacita_esaurita_o_oltre_max_km
202425,0.2,42,statale,SCUOLA SECONDARIA I GRADO,3,BOMM86001B,MARCO POLO-CREVALCORE,CREVALCORE,BOLOGNA,EMILIA ROMAGNA,SCUOLA PRIMO GRADO,secondaria_primo_grado,2,capacita_esaurita_o_oltre_max_km
202425,0.2,42,statale,SCUOLA SECONDARIA I GRADO,3,REMM81501R,"SECONDARIA TOANO ""U. FOSCOLO""",TOANO,REGGIO EMILIA,EMILIA ROMAGNA,SCUOLA PRIMO GRADO,secondaria_primo_grado,2,capacita_esaurita_o_oltre_max_km
202425,0.2,42,statale,SCUOLA SECONDARIA I GRADO,3,RAMM816016,GIOVANNI DA RIOLO,RIOLO TERME,RAVENNA,EMILIA ROMAGNA,SCUOLA PRIMO GRADO,secondaria_primo_grado,2,capacita_esaurita_o_oltre_max_km
202425,0.2,42,statale,SCUOLA SECONDARIA I GRADO,3,POMM817017,SCUOLA SEC. I GRADO G.B.MAZZONI,PRATO,PRATO,TOSCANA,SCUOLA PRIMO GRADO,secondaria_primo_grado,1,capacita_esaurita_o_oltre_max_km
202425,0.2,42,statale,SCUOLA SECONDARIA II GRADO,1,RMTN124513,C. COLOMBO SERALE,ROMA,ROMA,LAZIO,ISTITUTO TECNICO PER IL TURISMO,turismo_tecnico,4,capacita_esaurita_o_oltre_max_km
202425,0.2,42,statale,SCUOLA SECONDARIA II GRADO,1,PVRI01651X,IP CALVI SERALE,VOGHERA,PAVIA,LOMBARDIA,IST PROF INDUSTRIA E ARTIGIANATO,industria_artigianato,2,capacita_esaurita_o_oltre_max_km
202425,0.2,42,statale,SCUOLA SECONDARIA II GRADO,1,VERH04050V,ANDREA BARBARIGO - CORSO SERALE,VENEZIA,VENEZIA,VENETO,IST PROF PER I SERVIZI ALBERGHIERI E RISTORAZIONE,alberghiero_ristorazione,3,capacita_esaurita_o_oltre_max_km
202425,0.2,42,statale,SCUOLA SECONDARIA II GRADO,1,ARSD00202P,LICEO ARTISTICO GIUSEPPE GIOVAGNOLI,SANSEPOLCRO,AREZZO,TOSCANA,ISTITUTO D'ARTE,artistico,11,capacita_esaurita_o_oltre_max_km
202425,0.2,42,statale,SCUOLA SECONDARIA II GRADO,1,POTD00652L,IST. TCN. COM.P. DAGOMARI-SERALE,PRATO,PRATO,TOSCANA,ISTITUTO TECNICO COMMERCIALE,commerciale_economico_tecnico,7,capacita_esaurita_o_oltre_max_km
202425,0.2,42,statale,SCUOLA SECONDARIA II GRADO,1,ARRI00201C,IST. PROFESSIONALE BUITONI SANSEPOLCRO,SANSEPOLCRO,AREZZO,TOSCANA,IST PROF INDUSTRIA E ARTIGIANATO,industria_artigianato,3,capacita_esaurita_o_oltre_max_km
202425,0.2,42,statale,SCUOLA SECONDARIA II GRADO,1,BGRI004519,"""ARCHIMEDE"" (CORSO SERALE)",TREVIGLIO,BERGAMO,LOMBARDIA,IST PROF INDUSTRIA E ARTIGIANATO,industria_artigianato,7,capacita_esaurita_o_oltre_max_km
202425,0.2,42,statale,SCUOLA SECONDARIA II GRADO,1,RCRH016503,IPSAR CONDOFURI - CORSO SERALE,CONDOFURI,REGGIO CALABRIA,CALABRIA,IST PROF PER I SERVIZI ALBERGHIERI E RISTORAZIONE,alberghiero_ristorazione,1,capacita_esaurita_o_oltre_max_km
202425,0.2,42,statale,SCUOLA SECONDARIA II GRADO,1,RERI01151N,"IPSIA ""L. NOBILI"" SERALE",REGGIO NELL'EMILIA,REGGIO EMILIA,EMILIA ROMAGNA,IST PROF INDUSTRIA E ARTIGIANATO,industria_artigianato,1,capacita_esaurita_o_oltre_max_km
202425,0.2,42,statale,SCUOLA SECONDARIA II GRADO,1,GERC006526,I.P.S.C.-J.RUFFINI/SERALE-,GENOVA,GENOVA,LIGURIA,IST PROF PER I SERVIZI COMMERCIALI,commerciale_turistico_professionale,3,capacita_esaurita_o_oltre_max_km
202425,0.2,42,statale,SCUOLA SECONDARIA II GRADO,1,MIRI07401R,I.P. - MARELLI DUDOVICH,MILANO,MILANO,LOMBARDIA,IST PROF INDUSTRIA E ARTIGIANATO,industria_artigianato,7,capacita_esaurita_o_oltre_max_km
202425,0.2,42,statale,SCUOLA SECONDARIA II GRADO,1,MOTD030507,BAROZZI,MODENA,MODENA,EMILIA ROMAGNA,ISTITUTO TECNICO COMMERCIALE,commerciale_economico_tecnico,1,capacita_esaurita_o_oltre_max_km
202425,0.2,42,statale,SCUOLA SECONDARIA II GRADO,1,PCRA002053,CASA CIRCONDARIALE,PIACENZA,PIACENZA,EMILIA ROMAGNA,IST PROF PER L'AGRICOLTURA E L'AMBIENTE,agricoltura,2,capacita_esaurita_o_oltre_max_km
202425,0.2,42,statale,SCUOLA SECONDARIA II GRADO,1,PVTD03002C,ITCG CASALE -SEDE CARCERARIA- VIGEVANO,VIGEVANO,PAVIA,LOMBARDIA,IST TEC COMMERCIALE E PER GEOMETRI,commerciale_economico_tecnico,1,capacita_esaurita_o_oltre_max_km
202425,0.2,42,statale,SCUOLA SECONDARIA II GRADO,1,RMTN07351B,"PERCORSO II LIV ""MARCO POLO""",ROMA,ROMA,LAZIO,ISTITUTO TECNICO PER IL TURISMO,turismo_tecnico,6,capacita_esaurita_o_oltre_max_km
202425,0.2,42,statale,SCUOLA SECONDARIA II GRADO,1,FETD00101Q,IST. TEC. ECON. E TECNOL.- PORTOMAGGIORE,PORTOMAGGIORE,FERRARA,EMILIA ROMAGNA,ISTITUTO TECNICO COMMERCIALE,commerciale_economico_tecnico,9,capacita_esaurita_o_oltre_max_km
202425,0.2,42,statale,SCUOLA SECONDARIA II GRADO,1,RNRH03050A,"""S.P. MALATESTA"" SERALE",RIMINI,RIMINI,EMILIA ROMAGNA,IST PROF PER I SERVIZI ALBERGHIERI E RISTORAZIONE,alberghiero_ristorazione,1,capacita_esaurita_o_oltre_max_km
202425,0.2,42,statale,SCUOLA SECONDARIA II GRADO,1,CSRA073014,I.P.S.S.A.S.R. -ISTITUTO PROFESSIONALE,SCIGLIANO,COSENZA,CALABRIA,IST PROF PER L'AGRICOLTURA E L'AMBIENTE,agricoltura,1,capacita_esaurita_o_oltre_max_km
202425,0.2,42,statale,SCUOLA SECONDARIA II GRADO,1,PSRI00401E,"IST. PROF.IND. E ART. ""G.CELLI""",CAGLI,PESARO E URBINO,MARCHE,IST PROF INDUSTRIA E ARTIGIANATO,industria_artigianato,3,capacita_esaurita_o_oltre_max_km
202425,0.2,42,statale,SCUOLA SECONDARIA II GRADO,1,TORC05251L,I.I.S. P. BOSELLI SERALE,TORINO,TORINO,PIEMONTE,IST PROF PER I SERVIZI COMMERCIALI E TURISTICI,commerciale_turistico_professionale,4,capacita_esaurita_o_oltre_max_km
202425,0.2,42,statale,SCUOLA SECONDARIA II GRADO,1,RGTD03002X,SEZ.STACCATA ITC BESTA RAGUSA,SANTA CROCE CAMERINA,RAGUSA,SICILIA,ISTITUTO TECNICO COMMERCIALE,commerciale_economico_tecnico,3,capacita_esaurita_o_oltre_max_km
202425,0.2,42,statale,SCUOLA SECONDARIA II GRADO,1,MORI002014,PRIMO LEVI,VIGNOLA,MODENA,EMILIA ROMAGNA,IST PROF INDUSTRIA E ARTIGIANATO,industria_artigianato,4,capacita_esaurita_o_oltre_max_km
202425,0.2,42,statale,SCUOLA SECONDARIA II GRADO,1,PVRI00701Q,IPSIA FARAVELLI - STRADELLA,STRADELLA,PAVIA,LOMBARDIA,IST PROF INDUSTRIA E ARTIGIANATO,industria_artigianato,1,capacita_esaurita_o_oltre_max_km
202425,0.2,42,statale,SCUOLA SECONDARIA II GRADO,1,GRRI00301L,"""L.DA VINCI"" ARCIDOSSO",ARCIDOSSO,GROSSETO,TOSCANA,IST PROF INDUSTRIA E ARTIGIANATO,industria_artigianato,2,capacita_esaurita_o_oltre_max_km
202425,0.2,42,statale,SCUOLA SECONDARIA II GRADO,1,MIRI072015,I.P. - SEVERI CORRENTI,MILANO,MILANO,LOMBARDIA,IST PROF INDUSTRIA E ARTIGIANATO,industria_artigianato,10,capacita_esaurita_o_oltre_max_km
202425,0.2,42,statale,SCUOLA SECONDARIA II GRADO,1,PORC00601V,IST. PROF. PER I SERV. COM. P. DAGOMARI,PRATO,PRATO,TOSCANA,IST PROF PER I SERVIZI COMMERCIALI,commerciale_turistico_professionale,6,capacita_esaurita_o_oltre_max_km
202425,0.2,42,statale,SCUOLA SECONDARIA II GRADO,1,ALRC00601L,G.MIGLIARA,ALESSANDRIA,ALESSANDRIA,PIEMONTE,IST PROF PER I SERVIZI COMMERCIALI,commerciale_turistico_professionale,3,capacita_esaurita_o_oltre_max_km
202425,0.2,42,statale,SCUOLA SECONDARIA II GRADO,1,VRRH020022,CASA CIRCONDARIALE DI VERONA,VERONA,VERONA,VENETO,IST PROF PER I SERVIZI ALBERGHIERI E RISTORAZIONE,alberghiero_ristorazione,1,capacita_esaurita_o_oltre_max_km
202425,0.2,42,statale,SCUOLA SECONDARIA II GRADO,1,FERI001015,I.P.S.I.A. ARGENTA,ARGENTA,FERRARA,EMILIA ROMAGNA,IST PROF INDUSTRIA E ARTIGIANATO,industria_artigianato,2,capacita_esaurita_o_oltre_max_km
202425,0.2,42,statale,SCUOLA SECONDARIA II GRADO,1,GORI01101C,IST. PROF. MANUTENZIONE ED ASS. TECNICA,MONFALCONE,GORIZIA,FRIULI-VENEZIA G.,IST PROF INDUSTRIA E ARTIGIANATO,industria_artigianato,1,capacita_esaurita_o_oltre_max_km
202425,0.2,42,statale,SCUOLA SECONDARIA II GRADO,1,MIRI10302L,I.P.I.A. DI CERNUSCO,CERNUSCO SUL NAVIGLIO,MILANO,LOMBARDIA,IST PROF INDUSTRIA E ARTIGIANATO,industria_artigianato,6,capacita_esaurita_o_oltre_max_km
202425,0.2,42,statale,SCUOLA SECONDARIA II GRADO,1,MCRI040026,"""RENZO FRAU""",TOLENTINO,MACERATA,MARCHE,IST PROF INDUSTRIA E ARTIGIANATO,industria_artigianato,4,capacita_esaurita_o_oltre_max_km
202425,0.2,42,statale,SCUOLA SECONDARIA II GRADO,1,GERI02000N,IPSIA A. ODERO,GENOVA,GENOVA,LIGURIA,IST PROF INDUSTRIA E ARTIGIANATO,industria_artigianato,6,capacita_esaurita_o_oltre_max_km
202425,0.2,42,statale,SCUOLA SECONDARIA II GRADO,1,LIPS001018,LICEO SCIENTIFICO C/O CASA CIRCONDARIALE,PORTO AZZURRO,LIVORNO,TOSCANA,LICEO SCIENTIFICO,liceo_scientifico,1,capacita_esaurita_o_oltre_max_km
202425,0.2,42,statale,SCUOLA SECONDARIA II GRADO,1,GORC01101Q,IST. PROF. PER I SERVIZI SOCIO SANITARI,MONFALCONE,GORIZIA,FRIULI-VENEZIA G.,IST PROF PER I SERVIZI COMMERCIALI E TURISTICI,commerciale_turistico_professionale,4,capacita_esaurita_o_oltre_max_km
202425,0.2,42,statale,SCUOLA SECONDARIA II GRADO,1,PVTD00701A,ITCG FARAVELLI - STRADELLA,STRADELLA,PAVIA,LOMBARDIA,IST TEC COMMERCIALE E PER GEOMETRI,commerciale_economico_tecnico,3,capacita_esaurita_o_oltre_max_km
202425,0.2,42,statale,SCUOLA SECONDARIA II GRADO,1,PGRC120003,GIANO DELL'UMBRIA,GIANO DELL'UMBRIA,PERUGIA,UMBRIA,IST PROF PER I SERVIZI COMMERCIALI,commerciale_turistico_professionale,1,capacita_esaurita_o_oltre_max_km
202425,0.2,42,statale,SCUOLA SECONDARIA II GRADO,1,POSD003019,"LICEO ARTISTICO ""BRUNELLESCHI""- C. LIVI-",MONTEMURLO,PRATO,TOSCANA,ISTITUTO D'ARTE,artistico,12,capacita_esaurita_o_oltre_max_km
202425,0.2,42,statale,SCUOLA SECONDARIA II GRADO,1,SIRI004018,G. MARCONI SIENA,SIENA,SIENA,TOSCANA,IST PROF INDUSTRIA E ARTIGIANATO,industria_artigianato,1,capacita_esaurita_o_oltre_max_km
202425,0.2,42,statale,SCUOLA SECONDARIA II GRADO,1,PVTF00701L,ITI FARAVELLI - STRADELLA,STRADELLA,PAVIA,LOMBARDIA,ISTITUTO TECNICO INDUSTRIALE,industriale_tecnico,6,capacita_esaurita_o_oltre_max_km
202425,0.2,42,statale,SCUOLA SECONDARIA II GRADO,1,MIRI094012,I.P. - L. V. BERTARELLI-FERRARIS (SUCC.),MILANO,MILANO,LOMBARDIA,IST PROF INDUSTRIA E ARTIGIANATO,industria_artigianato,3,capacita_esaurita_o_oltre_max_km
202425,0.2,42,statale,SCUOLA SECONDARIA II GRADO,1,PIRI02000G,IPSIA A.PACINOTTI,PONTEDERA,PISA,TOSCANA,IST PROF INDUSTRIA E ARTIGIANATO,industria_artigianato,10,capacita_esaurita_o_oltre_max_km
202425,0.2,42,statale,SCUOLA SECONDARIA II GRADO,1,SPRC007016,"""EINAUDI"" CARCERI",LA SPEZIA,LA SPEZIA,LIGURIA,IST PROF PER I SERVIZI COMMERCIALI E TURISTICI,commerciale_turistico_professionale,2,capacita_esaurita_o_oltre_max_km
202425,0.2,42,statale,SCUOLA SECONDARIA II GRADO,1,TVRI02601Q,I.P.S.I.A. PITTONI CONEGLIANO,CONEGLIANO,TREVISO,VENETO,IST PROF INDUSTRIA E ARTIGIANATO,industria_artigianato,4,capacita_esaurita_o_oltre_max_km
202425,0.2,42,statale,SCUOLA SECONDARIA II GRADO,1,BGRF00601L,"""G.B. RUBINI""",ROMANO DI LOMBARDIA,BERGAMO,LOMBARDIA,IST PROF PER I SERVIZI SOCIALI,sociale,5,capacita_esaurita_o_oltre_max_km
202425,0.2,42,statale,SCUOLA SECONDARIA II GRADO,1,GOTN011011,ISTITUTO TECNICO PER IL TURISMO,MONFALCONE,GORIZIA,FRIULI-VENEZIA G.,ISTITUTO TECNICO PER IL TURISMO,turismo_tecnico,2,capacita_esaurita_o_oltre_max_km
202425,0.2,42,statale,SCUOLA SECONDARIA II GRADO,1,POTD006027,IST. TECN. COM. P. DAGOMARI,PRATO,PRATO,TOSCANA,ISTITUTO TECNICO COMMERCIALE,commerciale_economico_tecnico,9,capacita_esaurita_o_oltre_max_km
202425,0.2,42,statale,SCUOLA SECONDARIA II GRADO,1,MNRC006012,I.I.S.S. G. GREGGIATI - IST. PROFESS.,OSTIGLIA,MANTOVA,LOMBARDIA,IST PROF PER I SERVIZI COMMERCIALI,commerciale_turistico_professionale,4,capacita_esaurita_o_oltre_max_km
202425,0.2,42,statale,SCUOLA SECONDARIA II GRADO,1,PCRI00601T,L.DA VINCI,PIACENZA,PIACENZA,EMILIA ROMAGNA,IST PROF INDUSTRIA E ARTIGIANATO,industria_artigianato,1,capacita_esaurita_o_oltre_max_km
202425,0.2,42,statale,SCUOLA SECONDARIA II GRADO,1,BORI01901G,I.P.I.A. ALDINI VALERIANI,BOLOGNA,BOLOGNA,EMILIA ROMAGNA,IST PROF INDUSTRIA E ARTIGIANATO,industria_artigianato,3,capacita_esaurita_o_oltre_max_km
202425,0.2,42,statale,SCUOLA SECONDARIA II GRADO,1,PORC004028,IST. PROF. ALBERGHIERO F. DATINI,PRATO,PRATO,TOSCANA,IST PROF PER I SERVIZI COMMERCIALI E TURISTICI,commerciale_turistico_professionale,13,capacita_esaurita_o_oltre_max_km
202425,0.2,42,statale,SCUOLA SECONDARIA II GRADO,1,PVRI01401V,IPSIA SANNAZZARO DE' BURGONDI,SANNAZZARO DE' BURGONDI,PAVIA,LOMBARDIA,IST PROF INDUSTRIA E ARTIGIANATO,industria_artigianato,1,capacita_esaurita_o_oltre_max_km
202425,0.2,42,statale,SCUOLA SECONDARIA II GRADO,1,IMTA006014,RUFFINI - AGRARIO,IMPERIA,IMPERIA,LIGURIA,ISTITUTO TECNICO AGRARIO,agricoltura,1,capacita_esaurita_o_oltre_max_km
202425,0.2,42,statale,SCUOLA SECONDARIA II GRADO,1,MTRI01801B,"I.P.IND.E ART. ""PITAGORA"" -POLICORO",POLICORO,MATERA,BASILICATA,IST PROF INDUSTRIA E ARTIGIANATO,industria_artigianato,3,capacita_esaurita_o_oltre_max_km
202425,0.2,42,statale,SCUOLA SECONDARIA II GRADO,1,MIRI01701L,I.P. - J. C. MAXWELL (SUCCURSALE),MILANO,MILANO,LOMBARDIA,IST PROF INDUSTRIA E ARTIGIANATO,industria_artigianato,8,capacita_esaurita_o_oltre_max_km
202425,0.2,42,statale,SCUOLA SECONDARIA II GRADO,1,FIRI003014,"IST. PROF. INDUS. ARTIGIAN. ""A.CHECCHI""",FUCECCHIO,FIRENZE,TOSCANA,IST PROF INDUSTRIA E ARTIGIANATO,industria_artigianato,3,capacita_esaurita_o_oltre_max_km
202425,0.2,42,statale,SCUOLA SECONDARIA II GRADO,1,PCRC001012,"ISTITUTO PROFESSIONALE ""A.VOLTA""",CASTEL SAN GIOVANNI,PIACENZA,EMILIA ROMAGNA,IST PROF PER I SERVIZI COMMERCIALI E TURISTICI,commerciale_turistico_professionale,3,capacita_esaurita_o_oltre_max_km
202425,0.2,42,statale,SCUOLA SECONDARIA II GRADO,1,BSRI006014,"(SEZ. ASS. I.S. ""CARLO BERETTA"")",GARDONE VAL TROMPIA,BRESCIA,LOMBARDIA,IST PROF INDUSTRIA E ARTIGIANATO,industria_artigianato,2,capacita_esaurita_o_oltre_max_km
202425,0.2,42,statale,SCUOLA SECONDARIA II GRADO,1,APRI02000Q,"""O. RICCI""",FERMO,FERMO,MARCHE,IST PROF INDUSTRIA E ARTIGIANATO,industria_artigianato,11,capacita_esaurita_o_oltre_max_km
202425,0.2,42,statale,SCUOLA SECONDARIA II GRADO,1,BOTF02602L,ITI MAJORANA SEDE COORDINATA,MONGHIDORO,BOLOGNA,EMILIA ROMAGNA,ISTITUTO TECNICO INDUSTRIALE,industriale_tecnico,2,capacita_esaurita_o_oltre_max_km
202425,0.2,42,statale,SCUOLA SECONDARIA II GRADO,1,TORC037015,L. LAGRANGE,TORINO,TORINO,PIEMONTE,IST PROF PER I SERVIZI COMMERCIALI,commerciale_turistico_professionale,5,capacita_esaurita_o_oltre_max_km
202425,0.2,42,statale,SCUOLA SECONDARIA II GRADO,1,VATF02050G,"I.T.I.S. ""RIVA"" SARONNO (CORSO SERALE)",SARONNO,VARESE,LOMBARDIA,ISTITUTO TECNICO INDUSTRIALE,industriale_tecnico,2,capacita_esaurita_o_oltre_max_km
202425,0.2,42,statale,SCUOLA SECONDARIA II GRADO,1,SPRC007027,IPSCT L.EINAUDI,LA SPEZIA,LA SPEZIA,LIGURIA,IST PROF PER I SERVIZI COMMERCIALI E TURISTICI,commerciale_turistico_professionale,1,capacita_esaurita_o_oltre_max_km
202425,0.2,42,statale,SCUOLA SECONDARIA II GRADO,1,PDTD18000R,I.T.C. ANNESSO ED.S.BENEDETTO,MONTAGNANA,PADOVA,VENETO,ISTITUTO TECNICO COMMERCIALE,commerciale_economico_tecnico,3,capacita_esaurita_o_oltre_max_km
202425,0.2,42,statale,SCUOLA SECONDARIA II GRADO,1,MIRC107016,I.P. - B. CAVALIERI-MARIGNONI,MILANO,MILANO,LOMBARDIA,IST PROF PER I SERVIZI COMMERCIALI,commerciale_turistico_professionale,4,capacita_esaurita_o_oltre_max_km
202425,0.2,42,statale,SCUOLA SECONDARIA II GRADO,1,TRRI030005,"I.O. TERNI ""IPSIA"" - C.P.I.A.",TERNI,TERNI,UMBRIA,IST PROF INDUSTRIA E ARTIGIANATO,industria_artigianato,3,capacita_esaurita_o_oltre_max_km
202425,0.2,42,statale,SCUOLA SECONDARIA II GRADO,1,IMRI00601X,RUFFINI - PROFESSIONALE,IMPERIA,IMPERIA,LIGURIA,IST PROF INDUSTRIA E ARTIGIANATO,industria_artigianato,5,capacita_esaurita_o_oltre_max_km
202425,0.2,42,statale,SCUOLA SECONDARIA II GRADO,1,RMRH06102R,PERCORSO II LIV SEZ CARC DOMIZIA LUCILLA,ROMA,ROMA,LAZIO,IST PROF PER I SERVIZI ALBERGHIERI E RISTORAZIONE,alberghiero_ristorazione,1,capacita_esaurita_o_oltre_max_km
202425,0.2,42,statale,SCUOLA SECONDARIA II GRADO,1,RMRC11101A,STENDHAL,ROMA,ROMA,LAZIO,IST PROF PER I SERVIZI TURISTICI,commerciale_turistico_professionale,1,capacita_esaurita_o_oltre_max_km
202425,0.2,42,statale,SCUOLA SECONDARIA II GRADO,1,FITF00601C,IST. TEC. TECN.CELLINI/TORNABUONI,FIRENZE,FIRENZE,TOSCANA,ISTITUTO TECNICO INDUSTRIALE,industriale_tecnico,5,capacita_esaurita_o_oltre_max_km
202425,0.2,42,statale,SCUOLA SECONDARIA II GRADO,1,BORI024013,"IST.PROF.LE ""MALPIGHI"" - ODONTOTECNICO",BOLOGNA,BOLOGNA,EMILIA ROMAGNA,IST PROF INDUSTRIA E ARTIGIANATO,industria_artigianato,2,capacita_esaurita_o_oltre_max_km
202425,0.2,42,statale,SCUOLA SECONDARIA II GRADO,1,VERI00401V,THOMAS A. EDISON - ALESSANDRO VOLTA,VENEZIA,VENEZIA,VENETO,IST PROF INDUSTRIA E ARTIGIANATO,industria_artigianato,1,capacita_esaurita_o_oltre_max_km
202425,0.2,42,statale,SCUOLA SECONDARIA II GRADO,1,BGRI15000D,"""CESARE PESENTI""",BERGAMO,BERGAMO,LOMBARDIA,IST PROF INDUSTRIA E ARTIGIANATO,industria_artigianato,6,capacita_esaurita_o_oltre_max_km
202425,0.2,42,statale,SCUOLA SECONDARIA II GRADO,1,FITD00301P,"IST. TECN. ECON./TECNOL. ""A.CHECCHI""",FUCECCHIO,FIRENZE,TOSCANA,ISTITUTO TECNICO COMMERCIALE,commerciale_economico_tecnico,2,capacita_esaurita_o_oltre_max_km
202425,0.2,42,statale,SCUOLA SECONDARIA II GRADO,1,LURI01601N,"""G.GIORGI""",LUCCA,LUCCA,TOSCANA,IST PROF INDUSTRIA E ARTIGIANATO,industria_artigianato,3,capacita_esaurita_o_oltre_max_km
202425,0.2,42,statale,SCUOLA SECONDARIA II GRADO,1,APTD00203X,"IST. TECN. ECONOMICO ""E. MEDI""",MONTEGIORGIO,FERMO,MARCHE,ISTITUTO TECNICO COMMERCIALE,commerciale_economico_tecnico,2,capacita_esaurita_o_oltre_max_km
202425,0.2,42,statale,SCUOLA SECONDARIA II GRADO,1,MNTD007015,ITC E. SANFELICE,VIADANA,MANTOVA,LOMBARDIA,ISTITUTO TECNICO COMMERCIALE,commerciale_economico_tecnico,1,capacita_esaurita_o_oltre_max_km
202425,0.2,42,statale,SCUOLA SECONDARIA II GRADO,1,TORC05401V,IST.PROF. SERV. COMM. E SOC. C.I. GIULIO,TORINO,TORINO,PIEMONTE,IST PROF PER I SERVIZI COMMERCIALI E TURISTICI,commerciale_turistico_professionale,2,capacita_esaurita_o_oltre_max_km
202425,0.2,42,statale,SCUOLA SECONDARIA II GRADO,1,FIRC02903N,"""SASSETTI - PERUZZI""",FIRENZE,FIRENZE,TOSCANA,IST PROF PER I SERVIZI COMMERCIALI,commerciale_turistico_professionale,5,capacita_esaurita_o_oltre_max_km
202425,0.2,42,statale,SCUOLA SECONDARIA II GRADO,1,PGRI011015,"ISTITUTO ISTR. SUP. ""CIUFFELLI-EINAUDI""",TODI,PERUGIA,UMBRIA,IST PROF INDUSTRIA E ARTIGIANATO,industria_artigianato,1,capacita_esaurita_o_oltre_max_km
202425,0.2,42,statale,SCUOLA SECONDARIA II GRADO,1,LORI00101P,I.P. AMBROSOLI - CODOGNO,CODOGNO,LODI,LOMBARDIA,IST PROF INDUSTRIA E ARTIGIANATO,industria_artigianato,4,capacita_esaurita_o_oltre_max_km
202425,0.2,42,statale,SCUOLA SECONDARIA II GRADO,1,CNRC026016,"MONDOVI' ""M.BELLISARIO""",MONDOVI',CUNEO,PIEMONTE,IST PROF PER I SERVIZI COMMERCIALI,commerciale_turistico_professionale,1,capacita_esaurita_o_oltre_max_km
202425,0.2,42,statale,SCUOLA SECONDARIA II GRADO,1,MIRC058016,"I.P. - P. FRISI - ""POLO DELL'OSPITALITA""",MILANO,MILANO,LOMBARDIA,IST PROF PER I SERVIZI COMMERCIALI E TURISTICI,commerciale_turistico_professionale,3,capacita_esaurita_o_oltre_max_km
202425,0.2,42,statale,SCUOLA SECONDARIA II GRADO,1,BSRI01701E,"ROVATO (SEZ.ASS.I.S.""GIGLI"")",ROVATO,BRESCIA,LOMBARDIA,IST PROF INDUSTRIA E ARTIGIANATO,industria_artigianato,4,capacita_esaurita_o_oltre_max_km
202425,0.2,42,statale,SCUOLA SECONDARIA II GRADO,1,MORI030007,G.VALLAURI,CARPI,MODENA,EMILIA ROMAGNA,IST PROF INDUSTRIA E ARTIGIANATO,industria_artigianato,9,capacita_esaurita_o_oltre_max_km
202425,0.2,42,statale,SCUOLA SECONDARIA II GRADO,1,MCRI010019,"""F. CORRIDONI""",CIVITANOVA MARCHE,MACERATA,MARCHE,IST PROF INDUSTRIA E ARTIGIANATO,industria_artigianato,1,capacita_esaurita_o_oltre_max_km
202425,0.2,42,statale,SCUOLA SECONDARIA II GRADO,1,PVRI01601E,IP CALVI,VOGHERA,PAVIA,LOMBARDIA,IST PROF INDUSTRIA E ARTIGIANATO,industria_artigianato,2,capacita_esaurita_o_oltre_max_km
202425,0.2,42,statale,SCUOLA SECONDARIA II GRADO,1,PSRH004013,"I.P.SER.ALBERG. ""G.CELLI""",PIOBBICO,PESARO E URBINO,MARCHE,IST PROF PER I SERVIZI ALBERGHIERI E RISTORAZIONE,alberghiero_ristorazione,1,capacita_esaurita_o_oltre_max_km
202425,0.2,42,statale,SCUOLA SECONDARIA II GRADO,1,PRRI010009,"""PRIMO LEVI""",PARMA,PARMA,EMILIA ROMAGNA,IST PROF INDUSTRIA E ARTIGIANATO,industria_artigianato,7,capacita_esaurita_o_oltre_max_km
202425,0.2,42,statale,SCUOLA SECONDARIA II GRADO,1,MTTF018018,"I.TEC.IND. ""PITAGORA"" -POLICORO",POLICORO,MATERA,BASILICATA,ISTITUTO TECNICO INDUSTRIALE,industriale_tecnico,2,capacita_esaurita_o_oltre_max_km
202425,0.2,42,statale,SCUOLA SECONDARIA II GRADO,1,PGRC00301D,"""SALVATORELLI-MONETA"" PROFESSIONALE",MARSCIANO,PERUGIA,UMBRIA,IST PROF PER I SERVIZI COMMERCIALI,commerciale_turistico_professionale,2,capacita_esaurita_o_oltre_max_km
202425,0.2,42,statale,SCUOLA SECONDARIA II GRADO,1,TETD001015,"I.T.E. ""C. ROSA""",NERETO,TERAMO,ABRUZZO,ISTITUTO TECNICO COMMERCIALE,commerciale_economico_tecnico,2,capacita_esaurita_o_oltre_max_km
202425,0.2,42,statale,SCUOLA SECONDARIA II GRADO,1,MIRC07701G,I.P. - G. GALILEI,MILANO,MILANO,LOMBARDIA,IST PROF PER I SERVIZI COMMERCIALI,commerciale_turistico_professionale,2,capacita_esaurita_o_oltre_max_km
202425,0.2,42,statale,SCUOLA SECONDARIA II GRADO,1,PVRI00201L,IPSIA RONCALLI - VIGEVANO,VIGEVANO,PAVIA,LOMBARDIA,IST PROF INDUSTRIA E ARTIGIANATO,industria_artigianato,1,capacita_esaurita_o_oltre_max_km
202425,0.2,42,statale,SCUOLA SECONDARIA II GRADO,1,RERF070015,IPSSI M CARRARA NOVELLARA,NOVELLARA,REGGIO EMILIA,EMILIA ROMAGNA,IST PROF PER I SERVIZI SOCIALI,sociale,2,capacita_esaurita_o_oltre_max_km
202425,0.2,42,statale,SCUOLA SECONDARIA II GRADO,1,SPRI00701V,"""CHIODO""",LA SPEZIA,LA SPEZIA,LIGURIA,IST PROF INDUSTRIA E ARTIGIANATO,industria_artigianato,1,capacita_esaurita_o_oltre_max_km
202425,0.2,42,statale,SCUOLA SECONDARIA II GRADO,1,MCRI010008,"""F. CORRIDONI""",CORRIDONIA,MACERATA,MARCHE,IST PROF INDUSTRIA E ARTIGIANATO,industria_artigianato,2,capacita_esaurita_o_oltre_max_km
202425,0.2,42,statale,SCUOLA SECONDARIA II GRADO,1,UDRI040009,"IPSIA ""G. CECONI"" UDINE",UDINE,UDINE,FRIULI-VENEZIA G.,IST PROF INDUSTRIA E ARTIGIANATO,industria_artigianato,4,capacita_esaurita_o_oltre_max_km
202425,0.2,42,statale,SCUOLA SECONDARIA II GRADO,1,BORI023017,ISTITUTO PROF.LE FIORAVANTI,BOLOGNA,BOLOGNA,EMILIA ROMAGNA,IST PROF INDUSTRIA E ARTIGIANATO,industria_artigianato,5,capacita_esaurita_o_oltre_max_km
202425,0.2,42,statale,SCUOLA SECONDARIA II GRADO,1,RARI007016,I.T.I.P. L. BUCCI - SEZ. PROF.LE,FAENZA,RAVENNA,EMILIA ROMAGNA,IST PROF INDUSTRIA E ARTIGIANATO,industria_artigianato,2,capacita_esaurita_o_oltre_max_km
202425,0.2,42,statale,SCUOLA SECONDARIA II GRADO,1,PCRC00301N,A. CASALI,PIACENZA,PIACENZA,EMILIA ROMAGNA,IST PROF PER I SERVIZI COMMERCIALI E TURISTICI,commerciale_turistico_professionale,8,capacita_esaurita_o_oltre_max_km
202425,0.2,42,statale,SCUOLA SECONDARIA II GRADO,1,BSRC00902X,LENO SERVIZI COMMERCIALI,LENO,BRESCIA,LOMBARDIA,IST PROF PER I SERVIZI COMMERCIALI E TURISTICI,commerciale_turistico_professionale,1,capacita_esaurita_o_oltre_max_km
202425,0.2,42,statale,SCUOLA SECONDARIA II GRADO,1,POTD00201V,J. M. KEYNES,PRATO,PRATO,TOSCANA,ISTITUTO TECNICO COMMERCIALE,commerciale_economico_tecnico,3,capacita_esaurita_o_oltre_max_km
202425,0.2,42,statale,SCUOLA SECONDARIA II GRADO,1,PSRI001013,"I.P.I.A. ""MONTEFELTRO""",SASSOCORVARO AUDITORE,PESARO E URBINO,MARCHE,IST PROF INDUSTRIA E ARTIGIANATO,industria_artigianato,1,capacita_esaurita_o_oltre_max_km
202425,0.2,42,statale,SCUOLA SECONDARIA II GRADO,1,PCTF00101G,"ISTITUTO TECNICO TECNOLOGICO ""A. VOLTA""",BORGONOVO VAL TIDONE,PIACENZA,EMILIA ROMAGNA,ISTITUTO TECNICO INDUSTRIALE,industriale_tecnico,2,capacita_esaurita_o_oltre_max_km
202425,0.2,42,statale,SCUOLA SECONDARIA II GRADO,1,BORF02701G,I.P. SERV. SOC. E PUBBLICITA' E. SIRANI,BOLOGNA,BOLOGNA,EMILIA ROMAGNA,IST PROF PER I SERVIZI SOCIALI,sociale,3,capacita_esaurita_o_oltre_max_km
202425,0.2,42,statale,SCUOLA SECONDARIA II GRADO,1,PRRC00401A,"ISTITUTO PROFESSIONALE ""PIETRO GIORDANI""",PARMA,PARMA,EMILIA ROMAGNA,IST PROF PER I SERVIZI COMMERCIALI E TURISTICI,commerciale_turistico_professionale,4,capacita_esaurita_o_oltre_max_km
202425,0.2,42,statale,SCUOLA SECONDARIA II GRADO,1,CHRC00602V,I.P.S.S.A.S.,ATESSA,CHIETI,ABRUZZO,IST PROF PER I SERVIZI COMMERCIALI,commerciale_turistico_professionale,2,capacita_esaurita_o_oltre_max_km
202425,0.2,42,statale,SCUOLA SECONDARIA II GRADO,1,GRTD003028,"""PADRE E.BALDUCCI"" SANTA FIORA",SANTA FIORA,GROSSETO,TOSCANA,ISTITUTO TECNICO COMMERCIALE,commerciale_economico_tecnico,1,capacita_esaurita_o_oltre_max_km
202425,0.2,42,statale,SCUOLA SECONDARIA II GRADO,1,PGTF01401D,"ISTITUTO TECNICO ""L. DA VINCI""",UMBERTIDE,PERUGIA,UMBRIA,ISTITUTO TECNICO INDUSTRIALE,industriale_tecnico,1,capacita_esaurita_o_oltre_max_km
202425,0.2,42,statale,SCUOLA SECONDARIA II GRADO,1,RGRC013506,CORSO SERALE SERVIZI ENOGRASTRONOMIA,RAGUSA,RAGUSA,SICILIA,IST PROF PER I SERVIZI COMMERCIALI E TURISTICI,commerciale_turistico_professionale,2,capacita_esaurita_o_oltre_max_km
202425,0.2,42,statale,SCUOLA SECONDARIA II GRADO,1,TPRC02101D,IST PROF PER I SERVIZI COMMERC. E TURIST,CASTELVETRANO,TRAPANI,SICILIA,IST PROF PER I SERVIZI COMMERCIALI E TURISTICI,commerciale_turistico_professionale,1,capacita_esaurita_o_oltre_max_km
202425,0.2,42,statale,SCUOLA SECONDARIA II GRADO,1,MORC00201B,PRIMO LEVI,VIGNOLA,MODENA,EMILIA ROMAGNA,IST PROF PER I SERVIZI COMMERCIALI,commerciale_turistico_professionale,2,capacita_esaurita_o_oltre_max_km
202425,0.2,42,statale,SCUOLA SECONDARIA II GRADO,1,RMRH06101Q,VIA CESARE LOMBROSO,ROMA,ROMA,LAZIO,IST PROF PER I SERVIZI ALBERGHIERI E RISTORAZIONE,alberghiero_ristorazione,2,capacita_esaurita_o_oltre_max_km
202425,0.2,42,statale,SCUOLA SECONDARIA II GRADO,1,PVRI01101B,IPSIA CREMONA - PAVIA,PAVIA,PAVIA,LOMBARDIA,IST PROF INDUSTRIA E ARTIGIANATO,industria_artigianato,5,capacita_esaurita_o_oltre_max_km
202425,0.2,42,statale,SCUOLA SECONDARIA II GRADO,1,PTRI002012,ISTITUTO A. PACINOTTI,PESCIA,PISTOIA,TOSCANA,IST PROF INDUSTRIA E ARTIGIANATO,industria_artigianato,2,capacita_esaurita_o_oltre_max_km
202425,0.2,42,statale,SCUOLA SECONDARIA II GRADO,1,RERC01000P,FILIPPO RE,REGGIO NELL'EMILIA,REGGIO EMILIA,EMILIA ROMAGNA,IST PROF PER I SERVIZI COMMERCIALI,commerciale_turistico_professionale,3,capacita_esaurita_o_oltre_max_km
202425,0.2,42,statale,SCUOLA SECONDARIA II GRADO,1,RNRH030001,"I.P.S.S.E.O.A. ""S.P. MALATESTA""",RIMINI,RIMINI,EMILIA ROMAGNA,IST PROF PER I SERVIZI ALBERGHIERI E RISTORAZIONE,alberghiero_ristorazione,5,capacita_esaurita_o_oltre_max_km
202425,0.2,42,statale,SCUOLA SECONDARIA II GRADO,1,BGRC01401T,"""LORENZO LOTTO""",TRESCORE BALNEARIO,BERGAMO,LOMBARDIA,IST PROF PER I SERVIZI COMMERCIALI,commerciale_turistico_professionale,2,capacita_esaurita_o_oltre_max_km
202425,0.2,42,statale,SCUOLA SECONDARIA II GRADO,1,MIRH010009,I.P. - A. VESPUCCI,MILANO,MILANO,LOMBARDIA,IST PROF PER I SERVIZI ALBERGHIERI E RISTORAZIONE,alberghiero_ristorazione,2,capacita_esaurita_o_oltre_max_km
202425,0.2,42,statale,SCUOLA SECONDARIA II GRADO,1,SATN02000X,ITT MONTESANO S/M,MONTESANO SULLA MARCELLANA,SALERNO,CAMPANIA,ISTITUTO TECNICO PER IL TURISMO,turismo_tecnico,1,capacita_esaurita_o_oltre_max_km
202425,0.2,42,statale,SCUOLA SECONDARIA II GRADO,1,RERI011018,"IPSIA ""L. NOBILI""",REGGIO NELL'EMILIA,REGGIO EMILIA,EMILIA ROMAGNA,IST PROF INDUSTRIA E ARTIGIANATO,industria_artigianato,2,capacita_esaurita_o_oltre_max_km
202425,0.2,42,statale,SCUOLA SECONDARIA II GRADO,1,MITD02301E,I.T. ECONOMICO E TECNOL. - G. CARDANO,MILANO,MILANO,LOMBARDIA,IST TEC COMMERCIALE E PER GEOMETRI,commerciale_economico_tecnico,1,capacita_esaurita_o_oltre_max_km
202425,0.2,42,statale,SCUOLA SECONDARIA II GRADO,1,ALTD00601X,LEONARDO DA VINCI,ALESSANDRIA,ALESSANDRIA,PIEMONTE,ISTITUTO TECNICO COMMERCIALE,commerciale_economico_tecnico,3,capacita_esaurita_o_oltre_max_km
202425,0.2,42,statale,SCUOLA SECONDARIA II GRADO,1,RGRI01301E,"I.P.S.I.A. ""G. FERRARIS""",RAGUSA,RAGUSA,SICILIA,IST PROF INDUSTRIA E ARTIGIANATO,industria_artigianato,2,capacita_esaurita_o_oltre_max_km
202425,0.2,42,statale,SCUOLA SECONDARIA II GRADO,1,BOTF02401X,I.T. MARCELLO MALPIGHI,CREVALCORE,BOLOGNA,EMILIA ROMAGNA,ISTITUTO TECNICO INDUSTRIALE,industriale_tecnico,1,capacita_esaurita_o_oltre_max_km
202425,0.2,42,statale,SCUOLA SECONDARIA II GRADO,1,PGRC004019,CITTA' DELLA PIEVE,CITTA' DELLA PIEVE,PERUGIA,UMBRIA,IST PROF PER I SERVIZI COMMERCIALI,commerciale_turistico_professionale,1,capacita_esaurita_o_oltre_max_km
202425,0.2,42,statale,SCUOLA SECONDARIA II GRADO,1,VETD01801B,FRANCESCO FOSCARI,VENEZIA,VENEZIA,VENETO,ISTITUTO TECNICO COMMERCIALE,commerciale_economico_tecnico,4,capacita_esaurita_o_oltre_max_km
202425,0.2,42,statale,SCUOLA SECONDARIA II GRADO,1,RERI090008,I P SERVIZI GALVANI IODI,REGGIO NELL'EMILIA,REGGIO EMILIA,EMILIA ROMAGNA,IST PROF INDUSTRIA E ARTIGIANATO,industria_artigianato,1,capacita_esaurita_o_oltre_max_km
202425,0.2,42,statale,SCUOLA SECONDARIA II GRADO,1,NARA063018,IP.AGR -S.GENNARO-,SAN GENNARO VESUVIANO,NAPOLI,CAMPANIA,IST PROF PER L'AGRICOLTURA E L'AMBIENTE,agricoltura,2,capacita_esaurita_o_oltre_max_km
202425,0.2,42,statale,SCUOLA SECONDARIA II GRADO,1,RARC07000X,"I.P.S. ""A.OLIVETTI - C. CALLEGARI""",RAVENNA,RAVENNA,EMILIA ROMAGNA,IST PROF PER I SERVIZI COMMERCIALI,commerciale_turistico_professionale,2,capacita_esaurita_o_oltre_max_km
202425,0.2,42,statale,SCUOLA SECONDARIA II GRADO,1,FITD03101V,PIERO CALAMANDREI,SESTO FIORENTINO,FIRENZE,TOSCANA,IST TEC COMMERCIALE E PER GEOMETRI,commerciale_economico_tecnico,4,capacita_esaurita_o_oltre_max_km
202425,0.2,42,statale,SCUOLA SECONDARIA II GRADO,1,SIRC00401G,G. CASELLI - SIENA,SIENA,SIENA,TOSCANA,IST PROF PER I SERVIZI COMMERCIALI E TURISTICI,commerciale_turistico_professionale,2,capacita_esaurita_o_oltre_max_km
202425,0.2,42,statale,SCUOLA SECONDARIA II GRADO,1,CNPS02201A,"ISTRUZIONE SUPERIORE ""ARIMONDI-EULA""",RACCONIGI,CUNEO,PIEMONTE,LICEO SCIENTIFICO,liceo_scientifico,1,capacita_esaurita_o_oltre_max_km
202425,0.2,42,statale,SCUOLA SECONDARIA II GRADO,1,GERI01301G,I.P.S.I.A. LICETI,RAPALLO,GENOVA,LIGURIA,IST PROF INDUSTRIA E ARTIGIANATO,industria_artigianato,1,capacita_esaurita_o_oltre_max_km
202425,0.2,42,statale,SCUOLA SECONDARIA II GRADO,1,FIRI01201V,"I.P.I.A ""FERRARIS.BRUNELLESCHI""",EMPOLI,FIRENZE,TOSCANA,IST PROF INDUSTRIA E ARTIGIANATO,industria_artigianato,1,capacita_esaurita_o_oltre_max_km
202425,0.2,42,statale,SCUOLA SECONDARIA II GRADO,1,TVRI024014,I.P.S.I.A. SCARPA,MONTEBELLUNA,TREVISO,VENETO,IST PROF INDUSTRIA E ARTIGIANATO,industria_artigianato,1,capacita_esaurita_o_oltre_max_km
202425,0.2,42,statale,SCUOLA SECONDARIA II GRADO,1,VARI04000E,"I.P.S.I.A. ""ANTONIO PARMA"" - SARONNO",SARONNO,VARESE,LOMBARDIA,IST PROF INDUSTRIA E ARTIGIANATO,industria_artigianato,1,capacita_esaurita_o_oltre_max_km
202425,0.2,42,statale,SCUOLA SECONDARIA II GRADO,1,TVRI02701G,I.P.S.I.A. GALILEI CASTELFRANCO VENETO,CASTELFRANCO VENETO,TREVISO,VENETO,IST PROF INDUSTRIA E ARTIGIANATO,industria_artigianato,1,capacita_esaurita_o_oltre_max_km
202425,0.2,42,statale,SCUOLA SECONDARIA II GRADO,1,MOTD006012,GIUSEPPE LUOSI,MIRANDOLA,MODENA,EMILIA ROMAGNA,ISTITUTO TECNICO COMMERCIALE,commerciale_economico_tecnico,1,capacita_esaurita_o_oltre_max_km
202425,0.2,42,statale,SCUOLA SECONDARIA II GRADO,1,MNTD008011,ITC ASOLA,ASOLA,MANTOVA,LOMBARDIA,ISTITUTO TECNICO COMMERCIALE,commerciale_economico_tecnico,3,capacita_esaurita_o_oltre_max_km
202425,0.2,42,statale,SCUOLA SECONDARIA II GRADO,1,FERI01201G,"I.P.S.I.A. ""E.I D'ESTE""",FERRARA,FERRARA,EMILIA ROMAGNA,IST PROF INDUSTRIA E ARTIGIANATO,industria_artigianato,1,capacita_esaurita_o_oltre_max_km
202425,0.2,42,statale,SCUOLA SECONDARIA II GRADO,1,PRTD001016,GINO ZAPPA,BORGO VAL DI TARO,PARMA,EMILIA ROMAGNA,ISTITUTO TECNICO COMMERCIALE,commerciale_economico_tecnico,1,capacita_esaurita_o_oltre_max_km
202425,0.2,42,statale,SCUOLA SECONDARIA II GRADO,1,VRRC009011,SANMICHELI SERVIZI COMMERCIALI-MODA-IFP,VERONA,VERONA,VENETO,IST PROF PER I SERVIZI COMMERCIALI,commerciale_turistico_professionale,2,capacita_esaurita_o_oltre_max_km
202425,0.2,42,statale,SCUOLA SECONDARIA II GRADO,1,PGRI24000T,"IST. PROFESSIONALE ""E. ORFINI""",FOLIGNO,PERUGIA,UMBRIA,IST PROF INDUSTRIA E ARTIGIANATO,industria_artigianato,2,capacita_esaurita_o_oltre_max_km
202425,0.2,42,statale,SCUOLA SECONDARIA II GRADO,1,MIRC12001L,I.P. - E. FALCK (SUCCURSALE),COLOGNO MONZESE,MILANO,LOMBARDIA,IST PROF PER I SERVIZI COMMERCIALI,commerciale_turistico_professionale,1,capacita_esaurita_o_oltre_max_km
202425,0.2,42,statale,SCUOLA SECONDARIA II GRADO,1,BORI024035,M. MALPIGHI - SCUOLA COORDINATA,SAN GIOVANNI IN PERSICETO,BOLOGNA,EMILIA ROMAGNA,IST PROF INDUSTRIA E ARTIGIANATO,industria_artigianato,1,capacita_esaurita_o_oltre_max_km
202425,0.2,42,statale,SCUOLA SECONDARIA II GRADO,1,ALTF00801T,"""GUGLIELMO MARCONI""",TORTONA,ALESSANDRIA,PIEMONTE,ISTITUTO TECNICO INDUSTRIALE,industriale_tecnico,4,capacita_esaurita_o_oltre_max_km
202425,0.2,42,statale,SCUOLA SECONDARIA II GRADO,1,FORI011018,"I.P.S.I.A. ""U. COMANDINI""",CESENA,FORLI'-CESENA,EMILIA ROMAGNA,IST PROF INDUSTRIA E ARTIGIANATO,industria_artigianato,3,capacita_esaurita_o_oltre_max_km
202425,0.2,42,statale,SCUOLA SECONDARIA II GRADO,1,AGTD02702B,"""FEDERICO II""",NARO,AGRIGENTO,SICILIA,ISTITUTO TECNICO COMMERCIALE,commerciale_economico_tecnico,1,capacita_esaurita_o_oltre_max_km
202425,0.2,42,statale,SCUOLA SECONDARIA II GRADO,1,ANRC01301A,"I.I.S. ""PODESTI - CALZECCHI ONESTI""",ANCONA,ANCONA,MARCHE,IST PROF PER I SERVIZI COMMERCIALI E TURISTICI,commerciale_turistico_professionale,1,capacita_esaurita_o_oltre_max_km
202425,0.2,42,statale,SCUOLA SECONDARIA II GRADO,1,ATRI007016,A. CASTIGLIANO,ASTI,ASTI,PIEMONTE,IST PROF INDUSTRIA E ARTIGIANATO,industria_artigianato,5,capacita_esaurita_o_oltre_max_km
202425,0.2,42,statale,SCUOLA SECONDARIA II GRADO,1,FITL01201X,F.BRUNELLESCHI,EMPOLI,FIRENZE,TOSCANA,ISTITUTO TECNICO PER GEOMETRI,geometri,1,capacita_esaurita_o_oltre_max_km
202425,0.2,42,statale,SCUOLA SECONDARIA II GRADO,1,PGRI02801E,"""A.BALDELLI""",CITTA' DI CASTELLO,PERUGIA,UMBRIA,IST PROF INDUSTRIA E ARTIGIANATO,industria_artigianato,1,capacita_esaurita_o_oltre_max_km
202425,0.2,42,statale,SCUOLA SECONDARIA II GRADO,1,PIRI008012,G. FASCETTI,PISA,PISA,TOSCANA,IST PROF INDUSTRIA E ARTIGIANATO,industria_artigianato,2,capacita_esaurita_o_oltre_max_km
202425,0.2,42,statale,SCUOLA SECONDARIA II GRADO,1,PSRI007012,"""DELLA ROVERE""",URBANIA,PESARO E URBINO,MARCHE,IST PROF INDUSTRIA E ARTIGIANATO,industria_artigianato,1,capacita_esaurita_o_oltre_max_km
202425,0.2,42,statale,SCUOLA SECONDARIA II GRADO,1,VRRI01000R,GIOVANNI GIORGI,VERONA,VERONA,VENETO,IST PROF INDUSTRIA E ARTIGIANATO,industria_artigianato,3,capacita_esaurita_o_oltre_max_km
202425,0.2,42,statale,SCUOLA SECONDARIA II GRADO,1,MIRI077018,I.P. - GALILEI LUXEMBURG (SUCCURSALE),MILANO,MILANO,LOMBARDIA,IST PROF INDUSTRIA E ARTIGIANATO,industria_artigianato,2,capacita_esaurita_o_oltre_max_km
202425,0.2,42,statale,SCUOLA SECONDARIA II GRADO,1,PVTD03000A,ITCG CASALE - VIGEVANO,VIGEVANO,PAVIA,LOMBARDIA,IST TEC COMMERCIALE E PER GEOMETRI,commerciale_economico_tecnico,3,capacita_esaurita_o_oltre_max_km
202425,0.2,42,statale,SCUOLA SECONDARIA II GRADO,1,PNRC00801T,ISTITUTO ISTRUZIONE SUPERIORE F. FLORA,PORDENONE,PORDENONE,FRIULI-VENEZIA G.,IST PROF PER I SERVIZI COMMERCIALI E TURISTICI,commerciale_turistico_professionale,1,capacita_esaurita_o_oltre_max_km
202425,0.2,42,statale,SCUOLA SECONDARIA II GRADO,1,MITL00401G,I.T. TECNOLOGICO - C. CATTANEO,MILANO,MILANO,LOMBARDIA,ISTITUTO TECNICO PER GEOMETRI,geometri,2,capacita_esaurita_o_oltre_max_km
202425,0.2,42,statale,SCUOLA SECONDARIA II GRADO,1,TRRI030016,IPSIA S. PERTINI - CASA CIRCONDARIALE,TERNI,TERNI,UMBRIA,IST PROF INDUSTRIA E ARTIGIANATO,industria_artigianato,2,capacita_esaurita_o_oltre_max_km
202425,0.2,42,statale,SCUOLA SECONDARIA II GRADO,1,BGTF023016,"""SERAFINO RIVA""",SARNICO,BERGAMO,LOMBARDIA,ISTITUTO TECNICO INDUSTRIALE,industriale_tecnico,1,capacita_esaurita_o_oltre_max_km
202425,0.2,42,statale,SCUOLA SECONDARIA II GRADO,1,IMTN00601C,RUFFINI - TURISTICO,IMPERIA,IMPERIA,LIGURIA,ISTITUTO TECNICO PER IL TURISMO,turismo_tecnico,1,capacita_esaurita_o_oltre_max_km
202425,0.2,42,statale,SCUOLA SECONDARIA II GRADO,1,TERI004012,IST. PROF. STAT. IND. E ARTIG. V.MORETTI,ROSETO DEGLI ABRUZZI,TERAMO,ABRUZZO,IST PROF INDUSTRIA E ARTIGIANATO,industria_artigianato,1,capacita_esaurita_o_oltre_max_km
202425,0.2,42,statale,SCUOLA SECONDARIA II GRADO,1,BSRI03201L,"""FORTUNY"" - BRESCIA",BRESCIA,BRESCIA,LOMBARDIA,IST PROF INDUSTRIA E ARTIGIANATO,industria_artigianato,3,capacita_esaurita_o_oltre_max_km
202425,0.2,42,statale,SCUOLA SECONDARIA II GRADO,1,FIRI00601G,IST. PROF. STATO CELLINI-TORNABUONI,FIRENZE,FIRENZE,TOSCANA,IST PROF INDUSTRIA E ARTIGIANATO,industria_artigianato,2,capacita_esaurita_o_oltre_max_km
202425,0.2,42,statale,SCUOLA SECONDARIA II GRADO,1,VCRC01301Q,"I.P. ""LANINO""",VERCELLI,VERCELLI,PIEMONTE,IST PROF PER I SERVIZI COMMERCIALI E TURISTICI,commerciale_turistico_professionale,1,capacita_esaurita_o_oltre_max_km
202425,0.2,42,statale,SCUOLA SECONDARIA II GRADO,1,RMTN12401N,CRISTOFORO COLOMBO,ROMA,ROMA,LAZIO,ISTITUTO TECNICO PER IL TURISMO,turismo_tecnico,1,capacita_esaurita_o_oltre_max_km
202425,0.2,42,statale,SCUOLA SECONDARIA II GRADO,1,CRRC00101N,"""G. ROMANI""",CASALMAGGIORE,CREMONA,LOMBARDIA,IST PROF PER I SERVIZI COMMERCIALI E TURISTICI,commerciale_turistico_professionale,1,capacita_esaurita_o_oltre_max_km
202425,0.2,42,statale,SCUOLA SECONDARIA II GRADO,1,VTTD00402R,"""FABIO BESTA"" - ORTE",ORTE,VITERBO,LAZIO,IST TEC COMMERCIALE E PER GEOMETRI,commerciale_economico_tecnico,1,capacita_esaurita_o_oltre_max_km
202425,0.2,42,statale,SCUOLA SECONDARIA II GRADO,1,ALRI006019,E.FERMI,ALESSANDRIA,ALESSANDRIA,PIEMONTE,IST PROF INDUSTRIA E ARTIGIANATO,industria_artigianato,1,capacita_esaurita_o_oltre_max_km
202425,0.2,42,statale,SCUOLA SECONDARIA II GRADO,1,GERC00602R,I.P.S. - J.RUFFINI -,GENOVA,GENOVA,LIGURIA,IST PROF PER I SERVIZI COMMERCIALI,commerciale_turistico_professionale,1,capacita_esaurita_o_oltre_max_km
202425,0.2,42,statale,SCUOLA SECONDARIA II GRADO,1,MCRI05001Q,E. ROSA,SAN SEVERINO MARCHE,MACERATA,MARCHE,IST PROF INDUSTRIA E ARTIGIANATO,industria_artigianato,1,capacita_esaurita_o_oltre_max_km
202425,0.2,42,statale,SCUOLA SECONDARIA II GRADO,1,MIRC059012,I.P. - B. ORIANI G. MAZZINI,MILANO,MILANO,LOMBARDIA,IST PROF PER I SERVIZI COMMERCIALI,commerciale_turistico_professionale,2,capacita_esaurita_o_oltre_max_km
202425,0.2,42,statale,SCUOLA SECONDARIA II GRADO,1,FERI014017,"I.P.S.I.A. ""F.LLI TADDIA""",CENTO,FERRARA,EMILIA ROMAGNA,IST PROF INDUSTRIA E ARTIGIANATO,industria_artigianato,2,capacita_esaurita_o_oltre_max_km
202425,0.2,42,statale,SCUOLA SECONDARIA II GRADO,1,FIRI017012,LEONARDO DA VINCI,FIRENZE,FIRENZE,TOSCANA,IST PROF INDUSTRIA E ARTIGIANATO,industria_artigianato,2,capacita_esaurita_o_oltre_max_km
202425,0.2,42,statale,SCUOLA SECONDARIA II GRADO,1,GETN00701R,I.T.E. - E.FIRPO -,GENOVA,GENOVA,LIGURIA,ISTITUTO TECNICO PER IL TURISMO,turismo_tecnico,1,capacita_esaurita_o_oltre_max_km
202425,0.2,42,statale,SCUOLA SECONDARIA II GRADO,1,RARC003016,POLO PROFESSIONALE DI LUGO,LUGO,RAVENNA,EMILIA ROMAGNA,IST PROF PER I SERVIZI COMMERCIALI E TURISTICI,commerciale_turistico_professionale,1,capacita_esaurita_o_oltre_max_km
202425,0.2,42,statale,SCUOLA SECONDARIA II GRADO,2,GERI020503,I.P.S.I.A. - A.ODERO /SERALE,GENOVA,GENOVA,LIGURIA,IST PROF INDUSTRIA E ARTIGIANATO,industria_artigianato,3,capacita_esaurita_o_oltre_max_km
202425,0.2,42,statale,SCUOLA SECONDARIA II GRADO,2,BGRI004519,"""ARCHIMEDE"" (CORSO SERALE)",TREVIGLIO,BERGAMO,LOMBARDIA,IST PROF INDUSTRIA E ARTIGIANATO,industria_artigianato,2,capacita_esaurita_o_oltre_max_km
202425,0.2,42,statale,SCUOLA SECONDARIA II GRADO,2,MIRI07401R,I.P. - MARELLI DUDOVICH,MILANO,MILANO,LOMBARDIA,IST PROF INDUSTRIA E ARTIGIANATO,industria_artigianato,9,capacita_esaurita_o_oltre_max_km
202425,0.2,42,statale,SCUOLA SECONDARIA II GRADO,2,BGTL020507,"""GIACOMO QUARENGHI"" (CORSO SERALE)",BERGAMO,BERGAMO,LOMBARDIA,ISTITUTO TECNICO PER GEOMETRI,geometri,2,capacita_esaurita_o_oltre_max_km
202425,0.2,42,statale,SCUOLA SECONDARIA II GRADO,2,MIRI072015,I.P. - SEVERI CORRENTI,MILANO,MILANO,LOMBARDIA,IST PROF INDUSTRIA E ARTIGIANATO,industria_artigianato,8,capacita_esaurita_o_oltre_max_km
202425,0.2,42,statale,SCUOLA SECONDARIA II GRADO,2,GERC00601Q,CASA CIRCONDARIALE PONTEX /RUFFINI,GENOVA,GENOVA,LIGURIA,IST PROF PER I SERVIZI COMMERCIALI E TURISTICI,commerciale_turistico_professionale,2,capacita_esaurita_o_oltre_max_km
202425,0.2,42,statale,SCUOLA SECONDARIA II GRADO,2,TVRI02351N,I.P.S.I.A. GIORGI SERALE TREVISO,TREVISO,TREVISO,VENETO,IST PROF INDUSTRIA E ARTIGIANATO,industria_artigianato,5,capacita_esaurita_o_oltre_max_km
202425,0.2,42,statale,SCUOLA SECONDARIA II GRADO,2,TORC03750D,I.I.S. SELLA-AALTO-LAGRANGE SERALE,TORINO,TORINO,PIEMONTE,IST PROF PER I SERVIZI COMMERCIALI,commerciale_turistico_professionale,6,capacita_esaurita_o_oltre_max_km
202425,0.2,42,statale,SCUOLA SECONDARIA II GRADO,2,RGTD03002X,SEZ.STACCATA ITC BESTA RAGUSA,SANTA CROCE CAMERINA,RAGUSA,SICILIA,ISTITUTO TECNICO COMMERCIALE,commerciale_economico_tecnico,2,capacita_esaurita_o_oltre_max_km
202425,0.2,42,statale,SCUOLA SECONDARIA II GRADO,2,PORC00452N,IST. F. DATINI-SERALE,PRATO,PRATO,TOSCANA,IST PROF PER I SERVIZI COMMERCIALI E TURISTICI,commerciale_turistico_professionale,2,capacita_esaurita_o_oltre_max_km
202425,0.2,42,statale,SCUOLA SECONDARIA II GRADO,2,BORI024013,"IST.PROF.LE ""MALPIGHI"" - ODONTOTECNICO",BOLOGNA,BOLOGNA,EMILIA ROMAGNA,IST PROF INDUSTRIA E ARTIGIANATO,industria_artigianato,7,capacita_esaurita_o_oltre_max_km
202425,0.2,42,statale,SCUOLA SECONDARIA II GRADO,2,NURA01802G,IPSAA SINISCOLA COLONIA PENALE MAMONE,SINISCOLA,NUORO,SARDEGNA,IST PROF PER L'AGRICOLTURA E L'AMBIENTE,agricoltura,2,capacita_esaurita_o_oltre_max_km
202425,0.2,42,statale,SCUOLA SECONDARIA II GRADO,2,BGRI023019,"""SERAFINO RIVA""",SARNICO,BERGAMO,LOMBARDIA,IST PROF INDUSTRIA E ARTIGIANATO,industria_artigianato,2,capacita_esaurita_o_oltre_max_km
202425,0.2,42,statale,SCUOLA SECONDARIA II GRADO,2,MIRI094012,I.P. - L. V. BERTARELLI-FERRARIS (SUCC.),MILANO,MILANO,LOMBARDIA,IST PROF INDUSTRIA E ARTIGIANATO,industria_artigianato,5,capacita_esaurita_o_oltre_max_km
202425,0.2,42,statale,SCUOLA SECONDARIA II GRADO,2,PDTD18000R,I.T.C. ANNESSO ED.S.BENEDETTO,MONTAGNANA,PADOVA,VENETO,ISTITUTO TECNICO COMMERCIALE,commerciale_economico_tecnico,3,capacita_esaurita_o_oltre_max_km
202425,0.2,42,statale,SCUOLA SECONDARIA II GRADO,2,TORC054518,I.I.S. C.I. GIULIO SERALE,TORINO,TORINO,PIEMONTE,IST PROF PER I SERVIZI COMMERCIALI E TURISTICI,commerciale_turistico_professionale,7,capacita_esaurita_o_oltre_max_km
202425,0.2,42,statale,SCUOLA SECONDARIA II GRADO,2,MIRC05851G,I.P. - P. FRISI (POLO I.D.A.),MILANO,MILANO,LOMBARDIA,IST PROF PER I SERVIZI COMMERCIALI E TURISTICI,commerciale_turistico_professionale,6,capacita_esaurita_o_oltre_max_km
202425,0.2,42,statale,SCUOLA SECONDARIA II GRADO,2,TOTL06851X,G. GUARINI SERALE,TORINO,TORINO,PIEMONTE,ISTITUTO TECNICO PER GEOMETRI,geometri,2,capacita_esaurita_o_oltre_max_km
202425,0.2,42,statale,SCUOLA SECONDARIA II GRADO,2,BGRF026506,"SERALE PROF.SOCIO SANITARIO ""MAMOLI""",BERGAMO,BERGAMO,LOMBARDIA,IST PROF PER I SERVIZI SOCIALI,sociale,3,capacita_esaurita_o_oltre_max_km
202425,0.2,42,statale,SCUOLA SECONDARIA II GRADO,2,SPRC007027,IPSCT L.EINAUDI,LA SPEZIA,LA SPEZIA,LIGURIA,IST PROF PER I SERVIZI COMMERCIALI E TURISTICI,commerciale_turistico_professionale,1,capacita_esaurita_o_oltre_max_km
202425,0.2,42,statale,SCUOLA SECONDARIA II GRADO,2,MIRC03750D,I.P.-PIERO DELLA FRANCESCA (SERALE-SUCC),SAN GIULIANO MILANESE,MILANO,LOMBARDIA,IST PROF PER I SERVIZI COMMERCIALI,commerciale_turistico_professionale,3,capacita_esaurita_o_oltre_max_km
202425,0.2,42,statale,SCUOLA SECONDARIA II GRADO,2,TVRI02801B,IPSIA MECCANICO OBICI ODERZO,ODERZO,TREVISO,VENETO,IST PROF INDUSTRIA E ARTIGIANATO,industria_artigianato,3,capacita_esaurita_o_oltre_max_km
202425,0.2,42,statale,SCUOLA SECONDARIA II GRADO,2,GERI02000N,IPSIA A. ODERO,GENOVA,GENOVA,LIGURIA,IST PROF INDUSTRIA E ARTIGIANATO,industria_artigianato,3,capacita_esaurita_o_oltre_max_km
202425,0.2,42,statale,SCUOLA SECONDARIA II GRADO,2,LITD030014,G. CERBONI - SEZ. CARCERARIA,PORTO AZZURRO,LIVORNO,TOSCANA,IST TEC COMMERCIALE E PER GEOMETRI,commerciale_economico_tecnico,1,capacita_esaurita_o_oltre_max_km
202425,0.2,42,statale,SCUOLA SECONDARIA II GRADO,2,TVRI026515,I.P.S.I.A. PITTONI SERALE,CONEGLIANO,TREVISO,VENETO,IST PROF INDUSTRIA E ARTIGIANATO,industria_artigianato,3,capacita_esaurita_o_oltre_max_km
202425,0.2,42,statale,SCUOLA SECONDARIA II GRADO,2,BGRH02050P,ISTR. PROF. SERALE - ENOGASTR. OSP. ALB.,NEMBRO,BERGAMO,LOMBARDIA,IST PROF PER I SERVIZI ALBERGHIERI E RISTORAZIONE,alberghiero_ristorazione,4,capacita_esaurita_o_oltre_max_km
202425,0.2,42,statale,SCUOLA SECONDARIA II GRADO,2,ATRI00750E,A. CASTIGLIANO SERALE,ASTI,ASTI,PIEMONTE,IST PROF INDUSTRIA E ARTIGIANATO,industria_artigianato,2,capacita_esaurita_o_oltre_max_km
202425,0.2,42,statale,SCUOLA SECONDARIA II GRADO,2,PCRI004016,IPSIA MATTEI,FIORENZUOLA D'ARDA,PIACENZA,EMILIA ROMAGNA,IST PROF INDUSTRIA E ARTIGIANATO,industria_artigianato,2,capacita_esaurita_o_oltre_max_km
202425,0.2,42,statale,SCUOLA SECONDARIA II GRADO,2,PVRI00701Q,IPSIA FARAVELLI - STRADELLA,STRADELLA,PAVIA,LOMBARDIA,IST PROF INDUSTRIA E ARTIGIANATO,industria_artigianato,3,capacita_esaurita_o_oltre_max_km
202425,0.2,42,statale,SCUOLA SECONDARIA II GRADO,2,PCRI00601T,L.DA VINCI,PIACENZA,PIACENZA,EMILIA ROMAGNA,IST PROF INDUSTRIA E ARTIGIANATO,industria_artigianato,4,capacita_esaurita_o_oltre_max_km
202425,0.2,42,statale,SCUOLA SECONDARIA II GRADO,2,PORC004017,IST. F. DATINI-CASA CIRCONDARIALE,PRATO,PRATO,TOSCANA,IST PROF PER I SERVIZI COMMERCIALI E TURISTICI,commerciale_turistico_professionale,2,capacita_esaurita_o_oltre_max_km
202425,0.2,42,statale,SCUOLA SECONDARIA II GRADO,2,TORC037015,L. LAGRANGE,TORINO,TORINO,PIEMONTE,IST PROF PER I SERVIZI COMMERCIALI,commerciale_turistico_professionale,5,capacita_esaurita_o_oltre_max_km
202425,0.2,42,statale,SCUOLA SECONDARIA II GRADO,2,FERC00701B,IST. PROF. STATALE SERVIZI COMM.LI,BONDENO,FERRARA,EMILIA ROMAGNA,IST PROF PER I SERVIZI COMMERCIALI E TURISTICI,commerciale_turistico_professionale,2,capacita_esaurita_o_oltre_max_km
202425,0.2,42,statale,SCUOLA SECONDARIA II GRADO,2,GORC01101Q,IST. PROF. PER I SERVIZI SOCIO SANITARI,MONFALCONE,GORIZIA,FRIULI-VENEZIA G.,IST PROF PER I SERVIZI COMMERCIALI E TURISTICI,commerciale_turistico_professionale,3,capacita_esaurita_o_oltre_max_km
202425,0.2,42,statale,SCUOLA SECONDARIA II GRADO,2,LERF016509,I.P.S.S. SERALE,ALESSANO,LECCE,PUGLIA,IST PROF PER I SERVIZI SOCIALI,sociale,1,capacita_esaurita_o_oltre_max_km
202425,0.2,42,statale,SCUOLA SECONDARIA II GRADO,2,RCRC034013,IPSCT SEZ. ASS. I.I.S. BOCCIONI/FERMI,REGGIO DI CALABRIA,REGGIO CALABRIA,CALABRIA,IST PROF PER I SERVIZI COMMERCIALI E TURISTICI,commerciale_turistico_professionale,2,capacita_esaurita_o_oltre_max_km
202425,0.2,42,statale,SCUOLA SECONDARIA II GRADO,2,RCSL030014,"""M.PRETI"" CASA CIRCONDARIALE ARGHILLA'",REGGIO DI CALABRIA,REGGIO CALABRIA,CALABRIA,LICEO ARTISTICO,artistico,1,capacita_esaurita_o_oltre_max_km
202425,0.2,42,statale,SCUOLA SECONDARIA II GRADO,2,MIRC107016,I.P. - B. CAVALIERI-MARIGNONI,MILANO,MILANO,LOMBARDIA,IST PROF PER I SERVIZI COMMERCIALI,commerciale_turistico_professionale,9,capacita_esaurita_o_oltre_max_km
202425,0.2,42,statale,SCUOLA SECONDARIA II GRADO,2,IMRC00201X,"""U.CALVI""",IMPERIA,IMPERIA,LIGURIA,IST PROF PER I SERVIZI COMMERCIALI E TURISTICI,commerciale_turistico_professionale,3,capacita_esaurita_o_oltre_max_km
202425,0.2,42,statale,SCUOLA SECONDARIA II GRADO,2,PORC00601V,IST. PROF. PER I SERV. COM. P. DAGOMARI,PRATO,PRATO,TOSCANA,IST PROF PER I SERVIZI COMMERCIALI,commerciale_turistico_professionale,3,capacita_esaurita_o_oltre_max_km
202425,0.2,42,statale,SCUOLA SECONDARIA II GRADO,2,MIRI01701L,I.P. - J. C. MAXWELL (SUCCURSALE),MILANO,MILANO,LOMBARDIA,IST PROF INDUSTRIA E ARTIGIANATO,industria_artigianato,5,capacita_esaurita_o_oltre_max_km
202425,0.2,42,statale,SCUOLA SECONDARIA II GRADO,2,MIRC058016,"I.P. - P. FRISI - ""POLO DELL'OSPITALITA""",MILANO,MILANO,LOMBARDIA,IST PROF PER I SERVIZI COMMERCIALI E TURISTICI,commerciale_turistico_professionale,2,capacita_esaurita_o_oltre_max_km
202425,0.2,42,statale,SCUOLA SECONDARIA II GRADO,2,POTD006027,IST. TECN. COM. P. DAGOMARI,PRATO,PRATO,TOSCANA,ISTITUTO TECNICO COMMERCIALE,commerciale_economico_tecnico,5,capacita_esaurita_o_oltre_max_km
202425,0.2,42,statale,SCUOLA SECONDARIA II GRADO,2,PDRI01401B,IPIA FORTUNY (S.A. NEWTON-PERTINI-CSP),CAMPOSAMPIERO,PADOVA,VENETO,IST PROF INDUSTRIA E ARTIGIANATO,industria_artigianato,1,capacita_esaurita_o_oltre_max_km
202425,0.2,42,statale,SCUOLA SECONDARIA II GRADO,2,VRRC009509,SANMICHELI SERALE SOCIO SANITARIO,VERONA,VERONA,VENETO,IST PROF PER I SERVIZI COMMERCIALI,commerciale_turistico_professionale,1,capacita_esaurita_o_oltre_max_km
202425,0.2,42,statale,SCUOLA SECONDARIA II GRADO,2,TORC05402X,IPSC GIULIO - SEZ. CARCERE,TORINO,TORINO,PIEMONTE,IST PROF PER I SERVIZI COMMERCIALI,commerciale_turistico_professionale,8,capacita_esaurita_o_oltre_max_km
202425,0.2,42,statale,SCUOLA SECONDARIA II GRADO,2,PRRI01050P,PRIMO LEVI SERALE,PARMA,PARMA,EMILIA ROMAGNA,IST PROF INDUSTRIA E ARTIGIANATO,industria_artigianato,3,capacita_esaurita_o_oltre_max_km
202425,0.2,42,statale,SCUOLA SECONDARIA II GRADO,2,ARRI02201N,IPSIA M.A.T. FOIANO CHIANA,FOIANO DELLA CHIANA,AREZZO,TOSCANA,IST PROF INDUSTRIA E ARTIGIANATO,industria_artigianato,2,capacita_esaurita_o_oltre_max_km
202425,0.2,42,statale,SCUOLA SECONDARIA II GRADO,2,RERF070015,IPSSI M CARRARA NOVELLARA,NOVELLARA,REGGIO EMILIA,EMILIA ROMAGNA,IST PROF PER I SERVIZI SOCIALI,sociale,2,capacita_esaurita_o_oltre_max_km
202425,0.2,42,statale,SCUOLA SECONDARIA II GRADO,2,BGRF00601L,"""G.B. RUBINI""",ROMANO DI LOMBARDIA,BERGAMO,LOMBARDIA,IST PROF PER I SERVIZI SOCIALI,sociale,1,capacita_esaurita_o_oltre_max_km
202425,0.2,42,statale,SCUOLA SECONDARIA II GRADO,2,MIRI10302L,I.P.I.A. DI CERNUSCO,CERNUSCO SUL NAVIGLIO,MILANO,LOMBARDIA,IST PROF INDUSTRIA E ARTIGIANATO,industria_artigianato,3,capacita_esaurita_o_oltre_max_km
202425,0.2,42,statale,SCUOLA SECONDARIA II GRADO,2,GORI01101C,IST. PROF. MANUTENZIONE ED ASS. TECNICA,MONFALCONE,GORIZIA,FRIULI-VENEZIA G.,IST PROF INDUSTRIA E ARTIGIANATO,industria_artigianato,1,capacita_esaurita_o_oltre_max_km
202425,0.2,42,statale,SCUOLA SECONDARIA II GRADO,2,MIRC02801A,I.P. - E. MONTALE,CINISELLO BALSAMO,MILANO,LOMBARDIA,IST PROF PER I SERVIZI COMMERCIALI E TURISTICI,commerciale_turistico_professionale,4,capacita_esaurita_o_oltre_max_km
202425,0.2,42,statale,SCUOLA SECONDARIA II GRADO,2,SIRI004018,G. MARCONI SIENA,SIENA,SIENA,TOSCANA,IST PROF INDUSTRIA E ARTIGIANATO,industria_artigianato,1,capacita_esaurita_o_oltre_max_km
202425,0.2,42,statale,SCUOLA SECONDARIA II GRADO,2,PGTD01301B,"ISTITUTO TECNICO ECONOMICO "" ROSSELLI""",CASTIGLIONE DEL LAGO,PERUGIA,UMBRIA,ISTITUTO TECNICO COMMERCIALE,commerciale_economico_tecnico,3,capacita_esaurita_o_oltre_max_km
202425,0.2,42,statale,SCUOLA SECONDARIA II GRADO,2,VIRI00701N,"IPSIA ""SILVIO CECCATO""",MONTECCHIO MAGGIORE,VICENZA,VENETO,IST PROF INDUSTRIA E ARTIGIANATO,industria_artigianato,2,capacita_esaurita_o_oltre_max_km
202425,0.2,42,statale,SCUOLA SECONDARIA II GRADO,2,VARI008515,"IPSIA ""PONTI""GALLARATE (SERALE)",GALLARATE,VARESE,LOMBARDIA,IST PROF INDUSTRIA E ARTIGIANATO,industria_artigianato,2,capacita_esaurita_o_oltre_max_km
202425,0.2,42,statale,SCUOLA SECONDARIA II GRADO,2,MORI002014,PRIMO LEVI,VIGNOLA,MODENA,EMILIA ROMAGNA,IST PROF INDUSTRIA E ARTIGIANATO,industria_artigianato,2,capacita_esaurita_o_oltre_max_km
202425,0.2,42,statale,SCUOLA SECONDARIA II GRADO,2,ARRI012013,ENRICO FERMI S.A. DI I.T.I.,BIBBIENA,AREZZO,TOSCANA,IST PROF INDUSTRIA E ARTIGIANATO,industria_artigianato,3,capacita_esaurita_o_oltre_max_km
202425,0.2,42,statale,SCUOLA SECONDARIA II GRADO,2,BSRI01701E,"ROVATO (SEZ.ASS.I.S.""GIGLI"")",ROVATO,BRESCIA,LOMBARDIA,IST PROF INDUSTRIA E ARTIGIANATO,industria_artigianato,6,capacita_esaurita_o_oltre_max_km
202425,0.2,42,statale,SCUOLA SECONDARIA II GRADO,2,BORI01901G,I.P.I.A. ALDINI VALERIANI,BOLOGNA,BOLOGNA,EMILIA ROMAGNA,IST PROF INDUSTRIA E ARTIGIANATO,industria_artigianato,6,capacita_esaurita_o_oltre_max_km
202425,0.2,42,statale,SCUOLA SECONDARIA II GRADO,2,PGRC120003,GIANO DELL'UMBRIA,GIANO DELL'UMBRIA,PERUGIA,UMBRIA,IST PROF PER I SERVIZI COMMERCIALI,commerciale_turistico_professionale,1,capacita_esaurita_o_oltre_max_km
202425,0.2,42,statale,SCUOLA SECONDARIA II GRADO,2,PGRI03401T,"""GATTAPONE""",GUBBIO,PERUGIA,UMBRIA,IST PROF INDUSTRIA E ARTIGIANATO,industria_artigianato,2,capacita_esaurita_o_oltre_max_km
202425,0.2,42,statale,SCUOLA SECONDARIA II GRADO,2,MORC00601P,CARLO CATTANEO,MIRANDOLA,MODENA,EMILIA ROMAGNA,IST PROF PER I SERVIZI COMMERCIALI E TURISTICI,commerciale_turistico_professionale,2,capacita_esaurita_o_oltre_max_km
202425,0.2,42,statale,SCUOLA SECONDARIA II GRADO,2,MTTF018018,"I.TEC.IND. ""PITAGORA"" -POLICORO",POLICORO,MATERA,BASILICATA,ISTITUTO TECNICO INDUSTRIALE,industriale_tecnico,2,capacita_esaurita_o_oltre_max_km
202425,0.2,42,statale,SCUOLA SECONDARIA II GRADO,2,GRRI00301L,"""L.DA VINCI"" ARCIDOSSO",ARCIDOSSO,GROSSETO,TOSCANA,IST PROF INDUSTRIA E ARTIGIANATO,industria_artigianato,1,capacita_esaurita_o_oltre_max_km
202425,0.2,42,statale,SCUOLA SECONDARIA II GRADO,2,SPRI00701V,"""CHIODO""",LA SPEZIA,LA SPEZIA,LIGURIA,IST PROF INDUSTRIA E ARTIGIANATO,industria_artigianato,4,capacita_esaurita_o_oltre_max_km
202425,0.2,42,statale,SCUOLA SECONDARIA II GRADO,2,PGRC01401X,UMBERTIDE,UMBERTIDE,PERUGIA,UMBRIA,IST PROF PER I SERVIZI COMMERCIALI E TURISTICI,commerciale_turistico_professionale,1,capacita_esaurita_o_oltre_max_km
202425,0.2,42,statale,SCUOLA SECONDARIA II GRADO,2,RMRF11301Q,I.P.SIBILLA ALERAMO,ROMA,ROMA,LAZIO,IST PROF PER I SERVIZI SOCIALI,sociale,1,capacita_esaurita_o_oltre_max_km
202425,0.2,42,statale,SCUOLA SECONDARIA II GRADO,2,PCRC001012,"ISTITUTO PROFESSIONALE ""A.VOLTA""",CASTEL SAN GIOVANNI,PIACENZA,EMILIA ROMAGNA,IST PROF PER I SERVIZI COMMERCIALI E TURISTICI,commerciale_turistico_professionale,2,capacita_esaurita_o_oltre_max_km
202425,0.2,42,statale,SCUOLA SECONDARIA II GRADO,2,BORI023017,ISTITUTO PROF.LE FIORAVANTI,BOLOGNA,BOLOGNA,EMILIA ROMAGNA,IST PROF INDUSTRIA E ARTIGIANATO,industria_artigianato,5,capacita_esaurita_o_oltre_max_km
202425,0.2,42,statale,SCUOLA SECONDARIA II GRADO,2,MIRC074014,I.P. - MARELLI DUDOVICH (SUCCURSALE),MILANO,MILANO,LOMBARDIA,IST PROF PER I SERVIZI COMMERCIALI,commerciale_turistico_professionale,3,capacita_esaurita_o_oltre_max_km
202425,0.2,42,statale,SCUOLA SECONDARIA II GRADO,2,PORC004028,IST. PROF. ALBERGHIERO F. DATINI,PRATO,PRATO,TOSCANA,IST PROF PER I SERVIZI COMMERCIALI E TURISTICI,commerciale_turistico_professionale,11,capacita_esaurita_o_oltre_max_km
202425,0.2,42,statale,SCUOLA SECONDARIA II GRADO,2,BGTD02301X,"""SERAFINO RIVA""",SARNICO,BERGAMO,LOMBARDIA,ISTITUTO TECNICO COMMERCIALE,commerciale_economico_tecnico,1,capacita_esaurita_o_oltre_max_km
202425,0.2,42,statale,SCUOLA SECONDARIA II GRADO,2,BORF02701G,I.P. SERV. SOC. E PUBBLICITA' E. SIRANI,BOLOGNA,BOLOGNA,EMILIA ROMAGNA,IST PROF PER I SERVIZI SOCIALI,sociale,2,capacita_esaurita_o_oltre_max_km
202425,0.2,42,statale,SCUOLA SECONDARIA II GRADO,2,TVRI02601Q,I.P.S.I.A. PITTONI CONEGLIANO,CONEGLIANO,TREVISO,VENETO,IST PROF INDUSTRIA E ARTIGIANATO,industria_artigianato,2,capacita_esaurita_o_oltre_max_km
202425,0.2,42,statale,SCUOLA SECONDARIA II GRADO,2,MORC00201B,PRIMO LEVI,VIGNOLA,MODENA,EMILIA ROMAGNA,IST PROF PER I SERVIZI COMMERCIALI,commerciale_turistico_professionale,2,capacita_esaurita_o_oltre_max_km
202425,0.2,42,statale,SCUOLA SECONDARIA II GRADO,2,BORI024035,M. MALPIGHI - SCUOLA COORDINATA,SAN GIOVANNI IN PERSICETO,BOLOGNA,EMILIA ROMAGNA,IST PROF INDUSTRIA E ARTIGIANATO,industria_artigianato,1,capacita_esaurita_o_oltre_max_km
202425,0.2,42,statale,SCUOLA SECONDARIA II GRADO,2,PRRI010009,"""PRIMO LEVI""",PARMA,PARMA,EMILIA ROMAGNA,IST PROF INDUSTRIA E ARTIGIANATO,industria_artigianato,10,capacita_esaurita_o_oltre_max_km
202425,0.2,42,statale,SCUOLA SECONDARIA II GRADO,2,PVTD00701A,ITCG FARAVELLI - STRADELLA,STRADELLA,PAVIA,LOMBARDIA,IST TEC COMMERCIALE E PER GEOMETRI,commerciale_economico_tecnico,1,capacita_esaurita_o_oltre_max_km
202425,0.2,42,statale,SCUOLA SECONDARIA II GRADO,2,POSD003019,"LICEO ARTISTICO ""BRUNELLESCHI""- C. LIVI-",MONTEMURLO,PRATO,TOSCANA,ISTITUTO D'ARTE,artistico,3,capacita_esaurita_o_oltre_max_km
202425,0.2,42,statale,SCUOLA SECONDARIA II GRADO,2,TETD001015,"I.T.E. ""C. ROSA""",NERETO,TERAMO,ABRUZZO,ISTITUTO TECNICO COMMERCIALE,commerciale_economico_tecnico,2,capacita_esaurita_o_oltre_max_km
202425,0.2,42,statale,SCUOLA SECONDARIA II GRADO,2,FERI001015,I.P.S.I.A. ARGENTA,ARGENTA,FERRARA,EMILIA ROMAGNA,IST PROF INDUSTRIA E ARTIGIANATO,industria_artigianato,1,capacita_esaurita_o_oltre_max_km
202425,0.2,42,statale,SCUOLA SECONDARIA II GRADO,2,BSRI006014,"(SEZ. ASS. I.S. ""CARLO BERETTA"")",GARDONE VAL TROMPIA,BRESCIA,LOMBARDIA,IST PROF INDUSTRIA E ARTIGIANATO,industria_artigianato,1,capacita_esaurita_o_oltre_max_km
202425,0.2,42,statale,SCUOLA SECONDARIA II GRADO,2,CNRI02901A,"MONDOVI' ""F. GARELLI""",MONDOVI',CUNEO,PIEMONTE,IST PROF INDUSTRIA E ARTIGIANATO,industria_artigianato,3,capacita_esaurita_o_oltre_max_km
202425,0.2,42,statale,SCUOLA SECONDARIA II GRADO,2,MERI01101A,I.P.S.I.A.,BARCELLONA POZZO DI GOTTO,MESSINA,SICILIA,IST PROF INDUSTRIA E ARTIGIANATO,industria_artigianato,1,capacita_esaurita_o_oltre_max_km
202425,0.2,42,statale,SCUOLA SECONDARIA II GRADO,2,MNRI01401N,IPSIA VINCI MANTOVA,MANTOVA,MANTOVA,LOMBARDIA,IST PROF INDUSTRIA E ARTIGIANATO,industria_artigianato,2,capacita_esaurita_o_oltre_max_km
202425,0.2,42,statale,SCUOLA SECONDARIA II GRADO,2,RNRH030012,S.P. MALATESTA-BELLARIA SEZ.ASSOCIATA,BELLARIA-IGEA-MARINA,RIMINI,EMILIA ROMAGNA,IST PROF PER I SERVIZI ALBERGHIERI E RISTORAZIONE,alberghiero_ristorazione,1,capacita_esaurita_o_oltre_max_km
202425,0.2,42,statale,SCUOLA SECONDARIA II GRADO,2,LCRI00301L,"""MARCO POLO""",COLICO,LECCO,LOMBARDIA,IST PROF INDUSTRIA E ARTIGIANATO,industria_artigianato,1,capacita_esaurita_o_oltre_max_km
202425,0.2,42,statale,SCUOLA SECONDARIA II GRADO,2,MNTF00701B,I.T.TECNOLOGICO VIADANA,VIADANA,MANTOVA,LOMBARDIA,ISTITUTO TECNICO INDUSTRIALE,industriale_tecnico,1,capacita_esaurita_o_oltre_max_km
202425,0.2,42,statale,SCUOLA SECONDARIA II GRADO,2,PGRI033012,"""CAVOUR-MARCONI""",PERUGIA,PERUGIA,UMBRIA,IST PROF INDUSTRIA E ARTIGIANATO,industria_artigianato,1,capacita_esaurita_o_oltre_max_km
202425,0.2,42,statale,SCUOLA SECONDARIA II GRADO,2,POTL002019,A. GRAMSCI,PRATO,PRATO,TOSCANA,ISTITUTO TECNICO PER GEOMETRI,geometri,2,capacita_esaurita_o_oltre_max_km
202425,0.2,42,statale,SCUOLA SECONDARIA II GRADO,2,TORC052017,PROF. COMM. E SOCIO-SANIT. PAOLO BOSELLI,TORINO,TORINO,PIEMONTE,IST PROF PER I SERVIZI COMMERCIALI E TURISTICI,commerciale_turistico_professionale,3,capacita_esaurita_o_oltre_max_km
202425,0.2,42,statale,SCUOLA SECONDARIA II GRADO,2,MITL00401G,I.T. TECNOLOGICO - C. CATTANEO,MILANO,MILANO,LOMBARDIA,ISTITUTO TECNICO PER GEOMETRI,geometri,3,capacita_esaurita_o_oltre_max_km
202425,0.2,42,statale,SCUOLA SECONDARIA II GRADO,2,PGTF01401D,"ISTITUTO TECNICO ""L. DA VINCI""",UMBERTIDE,PERUGIA,UMBRIA,ISTITUTO TECNICO INDUSTRIALE,industriale_tecnico,2,capacita_esaurita_o_oltre_max_km
202425,0.2,42,statale,SCUOLA SECONDARIA II GRADO,2,VTRC006014,"""G. COLASANTI"" CIVITA CASTELLANA",CIVITA CASTELLANA,VITERBO,LAZIO,IST PROF PER I SERVIZI COMMERCIALI E TURISTICI,commerciale_turistico_professionale,1,capacita_esaurita_o_oltre_max_km
202425,0.2,42,statale,SCUOLA SECONDARIA II GRADO,2,PSRI007012,"""DELLA ROVERE""",URBANIA,PESARO E URBINO,MARCHE,IST PROF INDUSTRIA E ARTIGIANATO,industria_artigianato,1,capacita_esaurita_o_oltre_max_km
202425,0.2,42,statale,SCUOLA SECONDARIA II GRADO,2,PCRC00301N,A. CASALI,PIACENZA,PIACENZA,EMILIA ROMAGNA,IST PROF PER I SERVIZI COMMERCIALI E TURISTICI,commerciale_turistico_professionale,2,capacita_esaurita_o_oltre_max_km
202425,0.2,42,statale,SCUOLA SECONDARIA II GRADO,2,PVRC00901P,IT TECN. E IP SERV. - MARAGLIANO,VOGHERA,PAVIA,LOMBARDIA,IST PROF PER I SERVIZI COMMERCIALI,commerciale_turistico_professionale,1,capacita_esaurita_o_oltre_max_km
202425,0.2,42,statale,SCUOLA SECONDARIA II GRADO,2,LURI01601N,"""G.GIORGI""",LUCCA,LUCCA,TOSCANA,IST PROF INDUSTRIA E ARTIGIANATO,industria_artigianato,1,capacita_esaurita_o_oltre_max_km
202425,0.2,42,statale,SCUOLA SECONDARIA II GRADO,2,CNRI00201A,"SAVIGLIANO ""G.MARCONI"" PMA",SAVIGLIANO,CUNEO,PIEMONTE,IST PROF INDUSTRIA E ARTIGIANATO,industria_artigianato,1,capacita_esaurita_o_oltre_max_km
202425,0.2,42,statale,SCUOLA SECONDARIA II GRADO,2,MCRI05002R,"IPSIA ""GILBERTO ERCOLI"" CAMERINO",CAMERINO,MACERATA,MARCHE,IST PROF INDUSTRIA E ARTIGIANATO,industria_artigianato,1,capacita_esaurita_o_oltre_max_km
202425,0.2,42,statale,SCUOLA SECONDARIA II GRADO,2,MIRC037015,I.P. -PIERO DELLA FRANCESCA (SUCCURSALE),MELEGNANO,MILANO,LOMBARDIA,IST PROF PER I SERVIZI COMMERCIALI,commerciale_turistico_professionale,2,capacita_esaurita_o_oltre_max_km
202425,0.2,42,statale,SCUOLA SECONDARIA II GRADO,2,PTRC01050L,LUIGI EINAUDI - CORSO SERALE -,PISTOIA,PISTOIA,TOSCANA,IST PROF PER I SERVIZI COMMERCIALI,commerciale_turistico_professionale,1,capacita_esaurita_o_oltre_max_km
202425,0.2,42,statale,SCUOLA SECONDARIA II GRADO,2,CERH01450N,IPSAR CASTEL VOLTURNO SERALE,CASTEL VOLTURNO,CASERTA,CAMPANIA,IST PROF PER I SERVIZI ALBERGHIERI E RISTORAZIONE,alberghiero_ristorazione,3,capacita_esaurita_o_oltre_max_km
202425,0.2,42,statale,SCUOLA SECONDARIA II GRADO,2,MORI030007,G.VALLAURI,CARPI,MODENA,EMILIA ROMAGNA,IST PROF INDUSTRIA E ARTIGIANATO,industria_artigianato,3,capacita_esaurita_o_oltre_max_km
202425,0.2,42,statale,SCUOLA SECONDARIA II GRADO,2,VERH04000D,ANDREA BARBARIGO,VENEZIA,VENEZIA,VENETO,IST PROF PER I SERVIZI ALBERGHIERI E RISTORAZIONE,alberghiero_ristorazione,2,capacita_esaurita_o_oltre_max_km
202425,0.2,42,statale,SCUOLA SECONDARIA II GRADO,2,RARC003016,POLO PROFESSIONALE DI LUGO,LUGO,RAVENNA,EMILIA ROMAGNA,IST PROF PER I SERVIZI COMMERCIALI E TURISTICI,commerciale_turistico_professionale,2,capacita_esaurita_o_oltre_max_km
202425,0.2,42,statale,SCUOLA SECONDARIA II GRADO,2,RNRH030001,"I.P.S.S.E.O.A. ""S.P. MALATESTA""",RIMINI,RIMINI,EMILIA ROMAGNA,IST PROF PER I SERVIZI ALBERGHIERI E RISTORAZIONE,alberghiero_ristorazione,2,capacita_esaurita_o_oltre_max_km
202425,0.2,42,statale,SCUOLA SECONDARIA II GRADO,2,BGRC033017,"""ZENALE E BUTINONE""",TREVIGLIO,BERGAMO,LOMBARDIA,IST PROF PER I SERVIZI COMMERCIALI E TURISTICI,commerciale_turistico_professionale,1,capacita_esaurita_o_oltre_max_km
202425,0.2,42,statale,SCUOLA SECONDARIA II GRADO,2,BORI024024,IP MARCELLO MALPIGHI,CREVALCORE,BOLOGNA,EMILIA ROMAGNA,IST PROF INDUSTRIA E ARTIGIANATO,industria_artigianato,1,capacita_esaurita_o_oltre_max_km
202425,0.2,42,statale,SCUOLA SECONDARIA II GRADO,2,LIRI00601L,E. SOLVAY,ROSIGNANO MARITTIMO,LIVORNO,TOSCANA,IST PROF INDUSTRIA E ARTIGIANATO,industria_artigianato,2,capacita_esaurita_o_oltre_max_km
202425,0.2,42,statale,SCUOLA SECONDARIA II GRADO,2,MORI008013,GALILEO GALILEI,MIRANDOLA,MODENA,EMILIA ROMAGNA,IST PROF INDUSTRIA E ARTIGIANATO,industria_artigianato,2,capacita_esaurita_o_oltre_max_km
202425,0.2,42,statale,SCUOLA SECONDARIA II GRADO,2,MSRI01103G,IST. PROF.LE PONTREMOLI,PONTREMOLI,MASSA-CARRARA,TOSCANA,IST PROF INDUSTRIA E ARTIGIANATO,industria_artigianato,1,capacita_esaurita_o_oltre_max_km
202425,0.2,42,statale,SCUOLA SECONDARIA II GRADO,2,SVRI00601D,"IST. PROF.LE ID. ART. ""L. DA VINCI""SV",SAVONA,SAVONA,LIGURIA,IST PROF INDUSTRIA E ARTIGIANATO,industria_artigianato,1,capacita_esaurita_o_oltre_max_km
202425,0.2,42,statale,SCUOLA SECONDARIA II GRADO,2,VRRC009011,SANMICHELI SERVIZI COMMERCIALI-MODA-IFP,VERONA,VERONA,VENETO,IST PROF PER I SERVIZI COMMERCIALI,commerciale_turistico_professionale,3,capacita_esaurita_o_oltre_max_km
202425,0.2,42,statale,SCUOLA SECONDARIA II GRADO,2,BORI003012,G.BRUNO - SCUOLA COORDINATA,MOLINELLA,BOLOGNA,EMILIA ROMAGNA,IST PROF INDUSTRIA E ARTIGIANATO,industria_artigianato,1,capacita_esaurita_o_oltre_max_km
202425,0.2,42,statale,SCUOLA SECONDARIA II GRADO,2,RMRC08701P,MARCO POLO,MONTEROTONDO,ROMA,LAZIO,IST PROF PER I SERVIZI COMMERCIALI E TURISTICI,commerciale_turistico_professionale,1,capacita_esaurita_o_oltre_max_km
202425,0.2,42,statale,SCUOLA SECONDARIA II GRADO,2,TRRI030005,"I.O. TERNI ""IPSIA"" - C.P.I.A.",TERNI,TERNI,UMBRIA,IST PROF INDUSTRIA E ARTIGIANATO,industria_artigianato,2,capacita_esaurita_o_oltre_max_km
202425,0.2,42,statale,SCUOLA SECONDARIA II GRADO,2,ATRI007016,A. CASTIGLIANO,ASTI,ASTI,PIEMONTE,IST PROF INDUSTRIA E ARTIGIANATO,industria_artigianato,2,capacita_esaurita_o_oltre_max_km
202425,0.2,42,statale,SCUOLA SECONDARIA II GRADO,2,ANRC01301A,"I.I.S. ""PODESTI - CALZECCHI ONESTI""",ANCONA,ANCONA,MARCHE,IST PROF PER I SERVIZI COMMERCIALI E TURISTICI,commerciale_turistico_professionale,2,capacita_esaurita_o_oltre_max_km
202425,0.2,42,statale,SCUOLA SECONDARIA II GRADO,2,RORC008018,"I.P. ""MARCO POLO"" - ROVIGO",ROVIGO,ROVIGO,VENETO,IST PROF PER I SERVIZI COMMERCIALI,commerciale_turistico_professionale,1,capacita_esaurita_o_oltre_max_km
202425,0.2,42,statale,SCUOLA SECONDARIA II GRADO,2,PGRI01301R,"""ROSSELLI""",CASTIGLIONE DEL LAGO,PERUGIA,UMBRIA,IST PROF INDUSTRIA E ARTIGIANATO,industria_artigianato,1,capacita_esaurita_o_oltre_max_km
202425,0.2,42,statale,SCUOLA SECONDARIA II GRADO,2,MBRI104018,"IPSIA ""ENZO ANSELMO FERRARI""",MONZA,MONZA E DELLA BRIANZA,LOMBARDIA,IST PROF INDUSTRIA E ARTIGIANATO,industria_artigianato,2,capacita_esaurita_o_oltre_max_km
202425,0.2,42,statale,SCUOLA SECONDARIA II GRADO,2,APRI02000Q,"""O. RICCI""",FERMO,FERMO,MARCHE,IST PROF INDUSTRIA E ARTIGIANATO,industria_artigianato,1,capacita_esaurita_o_oltre_max_km
202425,0.2,42,statale,SCUOLA SECONDARIA II GRADO,2,AQRI014014,IST. PROF.LE INDUSTRIA E ARTIGIANATO,AVEZZANO,L'AQUILA,ABRUZZO,IST PROF INDUSTRIA E ARTIGIANATO,industria_artigianato,1,capacita_esaurita_o_oltre_max_km
202425,0.2,42,statale,SCUOLA SECONDARIA II GRADO,2,GERI07000P,I.P.S. I.S. GASLINI/MEUCCI,GENOVA,GENOVA,LIGURIA,IST PROF INDUSTRIA E ARTIGIANATO,industria_artigianato,2,capacita_esaurita_o_oltre_max_km
202425,0.2,42,statale,SCUOLA SECONDARIA II GRADO,2,BORI01402D,IPIA F.ALBERGHETTI - SEZIONE ASSOCIATA,IMOLA,BOLOGNA,EMILIA ROMAGNA,IST PROF INDUSTRIA E ARTIGIANATO,industria_artigianato,1,capacita_esaurita_o_oltre_max_km
202425,0.2,42,statale,SCUOLA SECONDARIA II GRADO,2,CNRC026016,"MONDOVI' ""M.BELLISARIO""",MONDOVI',CUNEO,PIEMONTE,IST PROF PER I SERVIZI COMMERCIALI,commerciale_turistico_professionale,1,capacita_esaurita_o_oltre_max_km
202425,0.2,42,statale,SCUOLA SECONDARIA II GRADO,2,MIRH010009,I.P. - A. VESPUCCI,MILANO,MILANO,LOMBARDIA,IST PROF PER I SERVIZI ALBERGHIERI E RISTORAZIONE,alberghiero_ristorazione,1,capacita_esaurita_o_oltre_max_km
202425,0.2,42,statale,SCUOLA SECONDARIA II GRADO,2,BORC01601B,MANFREDI,BOLOGNA,BOLOGNA,EMILIA ROMAGNA,IST PROF PER I SERVIZI COMMERCIALI E TURISTICI,commerciale_turistico_professionale,2,capacita_esaurita_o_oltre_max_km
202425,0.2,42,statale,SCUOLA SECONDARIA II GRADO,2,TVRI023018,I.P.S.I.A. GIORGI,TREVISO,TREVISO,VENETO,IST PROF INDUSTRIA E ARTIGIANATO,industria_artigianato,1,capacita_esaurita_o_oltre_max_km
202425,0.2,42,statale,SCUOLA SECONDARIA II GRADO,2,MOTD006012,GIUSEPPE LUOSI,MIRANDOLA,MODENA,EMILIA ROMAGNA,ISTITUTO TECNICO COMMERCIALE,commerciale_economico_tecnico,2,capacita_esaurita_o_oltre_max_km
202425,0.2,42,statale,SCUOLA SECONDARIA II GRADO,2,MCRI010008,"""F. CORRIDONI""",CORRIDONIA,MACERATA,MARCHE,IST PROF INDUSTRIA E ARTIGIANATO,industria_artigianato,1,capacita_esaurita_o_oltre_max_km
202425,0.2,42,statale,SCUOLA SECONDARIA II GRADO,2,TORC053013,V. BOSSO - A. MONTI,TORINO,TORINO,PIEMONTE,IST PROF PER I SERVIZI COMMERCIALI E TURISTICI,commerciale_turistico_professionale,2,capacita_esaurita_o_oltre_max_km
202425,0.2,42,statale,SCUOLA SECONDARIA II GRADO,2,BORC03000L,IPSAS ALDROVANDI - RUBBIANI,BOLOGNA,BOLOGNA,EMILIA ROMAGNA,IST PROF PER I SERVIZI COMMERCIALI E TURISTICI,commerciale_turistico_professionale,1,capacita_esaurita_o_oltre_max_km
202425,0.2,42,statale,SCUOLA SECONDARIA II GRADO,2,LCRC01101V,"I.I.S.S. ""G.PARINI""",LECCO,LECCO,LOMBARDIA,IST PROF PER I SERVIZI COMMERCIALI,commerciale_turistico_professionale,1,capacita_esaurita_o_oltre_max_km
202425,0.2,42,statale,SCUOLA SECONDARIA II GRADO,2,RMTD087012,VIA 2 GIUGNO - FONTENUOVA,FONTE NUOVA,ROMA,LAZIO,ISTITUTO TECNICO COMMERCIALE,commerciale_economico_tecnico,1,capacita_esaurita_o_oltre_max_km
202425,0.2,42,statale,SCUOLA SECONDARIA II GRADO,2,PIRI02000G,IPSIA A.PACINOTTI,PONTEDERA,PISA,TOSCANA,IST PROF INDUSTRIA E ARTIGIANATO,industria_artigianato,2,capacita_esaurita_o_oltre_max_km
202425,0.2,42,statale,SCUOLA SECONDARIA II GRADO,3,COPM02000B,LICEO TERESA CICERI,COMO,COMO,LOMBARDIA,ISTITUTO MAGISTRALE,magistrale,34,capacita_esaurita_o_oltre_max_km
202425,0.2,42,statale,SCUOLA SECONDARIA II GRADO,3,PCRA002053,CASA CIRCONDARIALE,PIACENZA,PIACENZA,EMILIA ROMAGNA,IST PROF PER L'AGRICOLTURA E L'AMBIENTE,agricoltura,1,capacita_esaurita_o_oltre_max_km
202425,0.2,42,statale,SCUOLA SECONDARIA II GRADO,3,MIRI072015,I.P. - SEVERI CORRENTI,MILANO,MILANO,LOMBARDIA,IST PROF INDUSTRIA E ARTIGIANATO,industria_artigianato,8,capacita_esaurita_o_oltre_max_km
202425,0.2,42,statale,SCUOLA SECONDARIA II GRADO,3,RGRC00450B,IST. PROF. SERVIZI SERALE VERGA,MODICA,RAGUSA,SICILIA,IST PROF PER I SERVIZI COMMERCIALI E TURISTICI,commerciale_turistico_professionale,2,capacita_esaurita_o_oltre_max_km
202425,0.2,42,statale,SCUOLA SECONDARIA II GRADO,3,BORF02750X,SERVIZI SOCIALI SIRANI SERALE,BOLOGNA,BOLOGNA,EMILIA ROMAGNA,IST PROF PER I SERVIZI SOCIALI,sociale,1,capacita_esaurita_o_oltre_max_km
202425,0.2,42,statale,SCUOLA SECONDARIA II GRADO,3,MNRC006012,I.I.S.S. G. GREGGIATI - IST. PROFESS.,OSTIGLIA,MANTOVA,LOMBARDIA,IST PROF PER I SERVIZI COMMERCIALI,commerciale_turistico_professionale,5,capacita_esaurita_o_oltre_max_km
202425,0.2,42,statale,SCUOLA SECONDARIA II GRADO,3,MIRI094012,I.P. - L. V. BERTARELLI-FERRARIS (SUCC.),MILANO,MILANO,LOMBARDIA,IST PROF INDUSTRIA E ARTIGIANATO,industria_artigianato,7,capacita_esaurita_o_oltre_max_km
202425,0.2,42,statale,SCUOLA SECONDARIA II GRADO,3,MIRI07401R,I.P. - MARELLI DUDOVICH,MILANO,MILANO,LOMBARDIA,IST PROF INDUSTRIA E ARTIGIANATO,industria_artigianato,4,capacita_esaurita_o_oltre_max_km
202425,0.2,42,statale,SCUOLA SECONDARIA II GRADO,3,LURI016513,GIORGI,LUCCA,LUCCA,TOSCANA,IST PROF INDUSTRIA E ARTIGIANATO,industria_artigianato,5,capacita_esaurita_o_oltre_max_km
202425,0.2,42,statale,SCUOLA SECONDARIA II GRADO,3,BGRF00601L,"""G.B. RUBINI""",ROMANO DI LOMBARDIA,BERGAMO,LOMBARDIA,IST PROF PER I SERVIZI SOCIALI,sociale,3,capacita_esaurita_o_oltre_max_km
202425,0.2,42,statale,SCUOLA SECONDARIA II GRADO,3,MIRC02801A,I.P. - E. MONTALE,CINISELLO BALSAMO,MILANO,LOMBARDIA,IST PROF PER I SERVIZI COMMERCIALI E TURISTICI,commerciale_turistico_professionale,6,capacita_esaurita_o_oltre_max_km
202425,0.2,42,statale,SCUOLA SECONDARIA II GRADO,3,MIRC094019,I.P. - L. V. BERTARELLI - FERRARIS,MILANO,MILANO,LOMBARDIA,IST PROF PER I SERVIZI COMMERCIALI E TURISTICI,commerciale_turistico_professionale,1,capacita_esaurita_o_oltre_max_km
202425,0.2,42,statale,SCUOLA SECONDARIA II GRADO,3,PGRC120003,GIANO DELL'UMBRIA,GIANO DELL'UMBRIA,PERUGIA,UMBRIA,IST PROF PER I SERVIZI COMMERCIALI,commerciale_turistico_professionale,3,capacita_esaurita_o_oltre_max_km
202425,0.2,42,statale,SCUOLA SECONDARIA II GRADO,3,BSRI01701E,"ROVATO (SEZ.ASS.I.S.""GIGLI"")",ROVATO,BRESCIA,LOMBARDIA,IST PROF INDUSTRIA E ARTIGIANATO,industria_artigianato,10,capacita_esaurita_o_oltre_max_km
202425,0.2,42,statale,SCUOLA SECONDARIA II GRADO,3,PORC00601V,IST. PROF. PER I SERV. COM. P. DAGOMARI,PRATO,PRATO,TOSCANA,IST PROF PER I SERVIZI COMMERCIALI,commerciale_turistico_professionale,6,capacita_esaurita_o_oltre_max_km
202425,0.2,42,statale,SCUOLA SECONDARIA II GRADO,3,GERI020503,I.P.S.I.A. - A.ODERO /SERALE,GENOVA,GENOVA,LIGURIA,IST PROF INDUSTRIA E ARTIGIANATO,industria_artigianato,2,capacita_esaurita_o_oltre_max_km
202425,0.2,42,statale,SCUOLA SECONDARIA II GRADO,3,PCTL007514,ALESSIO TRAMELLO (SERALE),PIACENZA,PIACENZA,EMILIA ROMAGNA,ISTITUTO TECNICO PER GEOMETRI,geometri,1,capacita_esaurita_o_oltre_max_km
202425,0.2,42,statale,SCUOLA SECONDARIA II GRADO,3,RMTN07351B,"PERCORSO II LIV ""MARCO POLO""",ROMA,ROMA,LAZIO,ISTITUTO TECNICO PER IL TURISMO,turismo_tecnico,1,capacita_esaurita_o_oltre_max_km
202425,0.2,42,statale,SCUOLA SECONDARIA II GRADO,3,GORI01101C,IST. PROF. MANUTENZIONE ED ASS. TECNICA,MONFALCONE,GORIZIA,FRIULI-VENEZIA G.,IST PROF INDUSTRIA E ARTIGIANATO,industria_artigianato,2,capacita_esaurita_o_oltre_max_km
202425,0.2,42,statale,SCUOLA SECONDARIA II GRADO,3,PRRC00451Q,"ISTITUTO ""PIETRO GIORDANI"" SERALE",PARMA,PARMA,EMILIA ROMAGNA,IST PROF PER I SERVIZI COMMERCIALI E TURISTICI,commerciale_turistico_professionale,3,capacita_esaurita_o_oltre_max_km
202425,0.2,42,statale,SCUOLA SECONDARIA II GRADO,3,PCRI00601T,L.DA VINCI,PIACENZA,PIACENZA,EMILIA ROMAGNA,IST PROF INDUSTRIA E ARTIGIANATO,industria_artigianato,3,capacita_esaurita_o_oltre_max_km
202425,0.2,42,statale,SCUOLA SECONDARIA II GRADO,3,AVTA008505,MAFFUCCI,CALITRI,AVELLINO,CAMPANIA,ISTITUTO TECNICO AGRARIO,agricoltura,1,capacita_esaurita_o_oltre_max_km
202425,0.2,42,statale,SCUOLA SECONDARIA II GRADO,3,BSRA038508,SERVIZI SOCIO SANITARI SERALE,CHIARI,BRESCIA,LOMBARDIA,IST PROF PER L'AGRICOLTURA E L'AMBIENTE,agricoltura,1,capacita_esaurita_o_oltre_max_km
202425,0.2,42,statale,SCUOLA SECONDARIA II GRADO,3,FITD00301P,"IST. TECN. ECON./TECNOL. ""A.CHECCHI""",FUCECCHIO,FIRENZE,TOSCANA,ISTITUTO TECNICO COMMERCIALE,commerciale_economico_tecnico,2,capacita_esaurita_o_oltre_max_km
202425,0.2,42,statale,SCUOLA SECONDARIA II GRADO,3,PTRI00250A,"IST.PROF.IND. E ARTIG.""PACINOTTI"" SERALE",PESCIA,PISTOIA,TOSCANA,IST PROF INDUSTRIA E ARTIGIANATO,industria_artigianato,2,capacita_esaurita_o_oltre_max_km
202425,0.2,42,statale,SCUOLA SECONDARIA II GRADO,3,PVRI01601E,IP CALVI,VOGHERA,PAVIA,LOMBARDIA,IST PROF INDUSTRIA E ARTIGIANATO,industria_artigianato,4,capacita_esaurita_o_oltre_max_km
202425,0.2,42,statale,SCUOLA SECONDARIA II GRADO,3,VERI00401V,THOMAS A. EDISON - ALESSANDRO VOLTA,VENEZIA,VENEZIA,VENETO,IST PROF INDUSTRIA E ARTIGIANATO,industria_artigianato,2,capacita_esaurita_o_oltre_max_km
202425,0.2,42,statale,SCUOLA SECONDARIA II GRADO,3,GORC01101Q,IST. PROF. PER I SERVIZI SOCIO SANITARI,MONFALCONE,GORIZIA,FRIULI-VENEZIA G.,IST PROF PER I SERVIZI COMMERCIALI E TURISTICI,commerciale_turistico_professionale,2,capacita_esaurita_o_oltre_max_km
202425,0.2,42,statale,SCUOLA SECONDARIA II GRADO,3,VERC00451G,L. LUZZATTI - SERALE,VENEZIA,VENEZIA,VENETO,IST PROF PER I SERVIZI COMMERCIALI E TURISTICI,commerciale_turistico_professionale,2,capacita_esaurita_o_oltre_max_km
202425,0.2,42,statale,SCUOLA SECONDARIA II GRADO,3,GRRI00301L,"""L.DA VINCI"" ARCIDOSSO",ARCIDOSSO,GROSSETO,TOSCANA,IST PROF INDUSTRIA E ARTIGIANATO,industria_artigianato,2,capacita_esaurita_o_oltre_max_km
202425,0.2,42,statale,SCUOLA SECONDARIA II GRADO,3,MORI002014,PRIMO LEVI,VIGNOLA,MODENA,EMILIA ROMAGNA,IST PROF INDUSTRIA E ARTIGIANATO,industria_artigianato,1,capacita_esaurita_o_oltre_max_km
202425,0.2,42,statale,SCUOLA SECONDARIA II GRADO,3,RNRH030012,S.P. MALATESTA-BELLARIA SEZ.ASSOCIATA,BELLARIA-IGEA-MARINA,RIMINI,EMILIA ROMAGNA,IST PROF PER I SERVIZI ALBERGHIERI E RISTORAZIONE,alberghiero_ristorazione,1,capacita_esaurita_o_oltre_max_km
202425,0.2,42,statale,SCUOLA SECONDARIA II GRADO,3,MBRI02401L,I.I.S. FLORIANI - I.P.I.A VIMERCATE,VIMERCATE,MONZA E DELLA BRIANZA,LOMBARDIA,IST PROF INDUSTRIA E ARTIGIANATO,industria_artigianato,2,capacita_esaurita_o_oltre_max_km
202425,0.2,42,statale,SCUOLA SECONDARIA II GRADO,3,MIRC02851Q,I.P. E. MONTALE (SERALE),CINISELLO BALSAMO,MILANO,LOMBARDIA,IST PROF PER I SERVIZI COMMERCIALI E TURISTICI,commerciale_turistico_professionale,1,capacita_esaurita_o_oltre_max_km
202425,0.2,42,statale,SCUOLA SECONDARIA II GRADO,3,PVRI00701Q,IPSIA FARAVELLI - STRADELLA,STRADELLA,PAVIA,LOMBARDIA,IST PROF INDUSTRIA E ARTIGIANATO,industria_artigianato,1,capacita_esaurita_o_oltre_max_km
202425,0.2,42,statale,SCUOLA SECONDARIA II GRADO,3,MCRI010008,"""F. CORRIDONI""",CORRIDONIA,MACERATA,MARCHE,IST PROF INDUSTRIA E ARTIGIANATO,industria_artigianato,5,capacita_esaurita_o_oltre_max_km
202425,0.2,42,statale,SCUOLA SECONDARIA II GRADO,3,BORI023017,ISTITUTO PROF.LE FIORAVANTI,BOLOGNA,BOLOGNA,EMILIA ROMAGNA,IST PROF INDUSTRIA E ARTIGIANATO,industria_artigianato,5,capacita_esaurita_o_oltre_max_km
202425,0.2,42,statale,SCUOLA SECONDARIA II GRADO,3,MIRC09451P,I.P.-L. V. BERTARELLI-FERRARIS (SERALE),MILANO,MILANO,LOMBARDIA,IST PROF PER I SERVIZI COMMERCIALI E TURISTICI,commerciale_turistico_professionale,2,capacita_esaurita_o_oltre_max_km
202425,0.2,42,statale,SCUOLA SECONDARIA II GRADO,3,GERC00601Q,CASA CIRCONDARIALE PONTEX /RUFFINI,GENOVA,GENOVA,LIGURIA,IST PROF PER I SERVIZI COMMERCIALI E TURISTICI,commerciale_turistico_professionale,1,capacita_esaurita_o_oltre_max_km
202425,0.2,42,statale,SCUOLA SECONDARIA II GRADO,3,BSRC01201P,IPC MONTICHIARI,MONTICHIARI,BRESCIA,LOMBARDIA,IST PROF PER I SERVIZI COMMERCIALI,commerciale_turistico_professionale,3,capacita_esaurita_o_oltre_max_km
202425,0.2,42,statale,SCUOLA SECONDARIA II GRADO,3,PVTD00701A,ITCG FARAVELLI - STRADELLA,STRADELLA,PAVIA,LOMBARDIA,IST TEC COMMERCIALE E PER GEOMETRI,commerciale_economico_tecnico,4,capacita_esaurita_o_oltre_max_km
202425,0.2,42,statale,SCUOLA SECONDARIA II GRADO,3,MIRI10302L,I.P.I.A. DI CERNUSCO,CERNUSCO SUL NAVIGLIO,MILANO,LOMBARDIA,IST PROF INDUSTRIA E ARTIGIANATO,industria_artigianato,3,capacita_esaurita_o_oltre_max_km
202425,0.2,42,statale,SCUOLA SECONDARIA II GRADO,3,FRRH030019,IPSSEOA - CASA CIRCONDARIALE FROSINONE,FROSINONE,FROSINONE,LAZIO,IST PROF PER I SERVIZI ALBERGHIERI E RISTORAZIONE,alberghiero_ristorazione,1,capacita_esaurita_o_oltre_max_km
202425,0.2,42,statale,SCUOLA SECONDARIA II GRADO,3,PCRI004016,IPSIA MATTEI,FIORENZUOLA D'ARDA,PIACENZA,EMILIA ROMAGNA,IST PROF INDUSTRIA E ARTIGIANATO,industria_artigianato,1,capacita_esaurita_o_oltre_max_km
202425,0.2,42,statale,SCUOLA SECONDARIA II GRADO,3,LIRI00601L,E. SOLVAY,ROSIGNANO MARITTIMO,LIVORNO,TOSCANA,IST PROF INDUSTRIA E ARTIGIANATO,industria_artigianato,2,capacita_esaurita_o_oltre_max_km
202425,0.2,42,statale,SCUOLA SECONDARIA II GRADO,3,RGTD03002X,SEZ.STACCATA ITC BESTA RAGUSA,SANTA CROCE CAMERINA,RAGUSA,SICILIA,ISTITUTO TECNICO COMMERCIALE,commerciale_economico_tecnico,1,capacita_esaurita_o_oltre_max_km
202425,0.2,42,statale,SCUOLA SECONDARIA II GRADO,3,VITF020509,"ITI ""ROSSI ""- SERALE VICENZA",VICENZA,VICENZA,VENETO,ISTITUTO TECNICO INDUSTRIALE,industriale_tecnico,1,capacita_esaurita_o_oltre_max_km
202425,0.2,42,statale,SCUOLA SECONDARIA II GRADO,3,BSRI013017,"ORZINUOVI (SEZ.ASS.I.S.""COSSALI"")",ORZINUOVI,BRESCIA,LOMBARDIA,IST PROF INDUSTRIA E ARTIGIANATO,industria_artigianato,3,capacita_esaurita_o_oltre_max_km
202425,0.2,42,statale,SCUOLA SECONDARIA II GRADO,3,FERI001015,I.P.S.I.A. ARGENTA,ARGENTA,FERRARA,EMILIA ROMAGNA,IST PROF INDUSTRIA E ARTIGIANATO,industria_artigianato,2,capacita_esaurita_o_oltre_max_km
202425,0.2,42,statale,SCUOLA SECONDARIA II GRADO,3,FIRC02903N,"""SASSETTI - PERUZZI""",FIRENZE,FIRENZE,TOSCANA,IST PROF PER I SERVIZI COMMERCIALI,commerciale_turistico_professionale,7,capacita_esaurita_o_oltre_max_km
202425,0.2,42,statale,SCUOLA SECONDARIA II GRADO,3,TVRI02601Q,I.P.S.I.A. PITTONI CONEGLIANO,CONEGLIANO,TREVISO,VENETO,IST PROF INDUSTRIA E ARTIGIANATO,industria_artigianato,2,capacita_esaurita_o_oltre_max_km
202425,0.2,42,statale,SCUOLA SECONDARIA II GRADO,3,PRRI010009,"""PRIMO LEVI""",PARMA,PARMA,EMILIA ROMAGNA,IST PROF INDUSTRIA E ARTIGIANATO,industria_artigianato,4,capacita_esaurita_o_oltre_max_km
202425,0.2,42,statale,SCUOLA SECONDARIA II GRADO,3,ATTD00201N,N. PELLATI,NIZZA MONFERRATO,ASTI,PIEMONTE,ISTITUTO TECNICO COMMERCIALE,commerciale_economico_tecnico,1,capacita_esaurita_o_oltre_max_km
202425,0.2,42,statale,SCUOLA SECONDARIA II GRADO,3,ALRC008018,DOMENICO CARBONE,TORTONA,ALESSANDRIA,PIEMONTE,IST PROF PER I SERVIZI COMMERCIALI,commerciale_turistico_professionale,1,capacita_esaurita_o_oltre_max_km
202425,0.2,42,statale,SCUOLA SECONDARIA II GRADO,3,TETD001015,"I.T.E. ""C. ROSA""",NERETO,TERAMO,ABRUZZO,ISTITUTO TECNICO COMMERCIALE,commerciale_economico_tecnico,2,capacita_esaurita_o_oltre_max_km
202425,0.2,42,statale,SCUOLA SECONDARIA II GRADO,3,MORI008013,GALILEO GALILEI,MIRANDOLA,MODENA,EMILIA ROMAGNA,IST PROF INDUSTRIA E ARTIGIANATO,industria_artigianato,3,capacita_esaurita_o_oltre_max_km
202425,0.2,42,statale,SCUOLA SECONDARIA II GRADO,3,ALTD00801G,IST. TECN. COMM. TORTONA,TORTONA,ALESSANDRIA,PIEMONTE,ISTITUTO TECNICO COMMERCIALE,commerciale_economico_tecnico,1,capacita_esaurita_o_oltre_max_km
202425,0.2,42,statale,SCUOLA SECONDARIA II GRADO,3,BSRA03801X,EINAUDI AGRARIO,CHIARI,BRESCIA,LOMBARDIA,IST PROF PER L'AGRICOLTURA E L'AMBIENTE,agricoltura,4,capacita_esaurita_o_oltre_max_km
202425,0.2,42,statale,SCUOLA SECONDARIA II GRADO,3,FETD00101Q,IST. TEC. ECON. E TECNOL.- PORTOMAGGIORE,PORTOMAGGIORE,FERRARA,EMILIA ROMAGNA,ISTITUTO TECNICO COMMERCIALE,commerciale_economico_tecnico,2,capacita_esaurita_o_oltre_max_km
202425,0.2,42,statale,SCUOLA SECONDARIA II GRADO,3,PORC004028,IST. PROF. ALBERGHIERO F. DATINI,PRATO,PRATO,TOSCANA,IST PROF PER I SERVIZI COMMERCIALI E TURISTICI,commerciale_turistico_professionale,8,capacita_esaurita_o_oltre_max_km
202425,0.2,42,statale,SCUOLA SECONDARIA II GRADO,3,BGRI017023,"""ETTORE MAJORANA""",SERIATE,BERGAMO,LOMBARDIA,IST PROF INDUSTRIA E ARTIGIANATO,industria_artigianato,1,capacita_esaurita_o_oltre_max_km
202425,0.2,42,statale,SCUOLA SECONDARIA II GRADO,3,CARI03301Q,I.P.I.A.-SEZIONE CARCERARIA UTA,UTA,CAGLIARI,SARDEGNA,IST PROF INDUSTRIA E ARTIGIANATO,industria_artigianato,1,capacita_esaurita_o_oltre_max_km
202425,0.2,42,statale,SCUOLA SECONDARIA II GRADO,3,CNRC01401X,"SALUZZO ""S.PELLICO""",SALUZZO,CUNEO,PIEMONTE,IST PROF PER I SERVIZI COMMERCIALI E TURISTICI,commerciale_turistico_professionale,1,capacita_esaurita_o_oltre_max_km
202425,0.2,42,statale,SCUOLA SECONDARIA II GRADO,3,MORI00901V,GUGLIELMO MARCONI,PAVULLO NEL FRIGNANO,MODENA,EMILIA ROMAGNA,IST PROF INDUSTRIA E ARTIGIANATO,industria_artigianato,2,capacita_esaurita_o_oltre_max_km
202425,0.2,42,statale,SCUOLA SECONDARIA II GRADO,3,MORC00201B,PRIMO LEVI,VIGNOLA,MODENA,EMILIA ROMAGNA,IST PROF PER I SERVIZI COMMERCIALI,commerciale_turistico_professionale,2,capacita_esaurita_o_oltre_max_km
202425,0.2,42,statale,SCUOLA SECONDARIA II GRADO,3,BLTD00801C,"ITC ""A. COLOTTI""",FELTRE,BELLUNO,VENETO,ISTITUTO TECNICO COMMERCIALE,commerciale_economico_tecnico,3,capacita_esaurita_o_oltre_max_km
202425,0.2,42,statale,SCUOLA SECONDARIA II GRADO,3,BGRI15000D,"""CESARE PESENTI""",BERGAMO,BERGAMO,LOMBARDIA,IST PROF INDUSTRIA E ARTIGIANATO,industria_artigianato,5,capacita_esaurita_o_oltre_max_km
202425,0.2,42,statale,SCUOLA SECONDARIA II GRADO,3,IMRI00601X,RUFFINI - PROFESSIONALE,IMPERIA,IMPERIA,LIGURIA,IST PROF INDUSTRIA E ARTIGIANATO,industria_artigianato,1,capacita_esaurita_o_oltre_max_km
202425,0.2,42,statale,SCUOLA SECONDARIA II GRADO,3,BSRC016023,PRIMO LEVI SEZ. IST. PROF.LE SERVIZI,SAREZZO,BRESCIA,LOMBARDIA,IST PROF PER I SERVIZI COMMERCIALI E TURISTICI,commerciale_turistico_professionale,3,capacita_esaurita_o_oltre_max_km
202425,0.2,42,statale,SCUOLA SECONDARIA II GRADO,3,MIRC079017,I.P. - CATERINA DA SIENA,MILANO,MILANO,LOMBARDIA,IST PROF PER I SERVIZI COMMERCIALI,commerciale_turistico_professionale,5,capacita_esaurita_o_oltre_max_km
202425,0.2,42,statale,SCUOLA SECONDARIA II GRADO,3,POSD003019,"LICEO ARTISTICO ""BRUNELLESCHI""- C. LIVI-",MONTEMURLO,PRATO,TOSCANA,ISTITUTO D'ARTE,artistico,2,capacita_esaurita_o_oltre_max_km
202425,0.2,42,statale,SCUOLA SECONDARIA II GRADO,3,MITL00401G,I.T. TECNOLOGICO - C. CATTANEO,MILANO,MILANO,LOMBARDIA,ISTITUTO TECNICO PER GEOMETRI,geometri,3,capacita_esaurita_o_oltre_max_km
202425,0.2,42,statale,SCUOLA SECONDARIA II GRADO,3,PGRC033019,"""B. PASCAL""",PERUGIA,PERUGIA,UMBRIA,IST PROF PER I SERVIZI COMMERCIALI E TURISTICI,commerciale_turistico_professionale,2,capacita_esaurita_o_oltre_max_km
202425,0.2,42,statale,SCUOLA SECONDARIA II GRADO,3,CNRI02901A,"MONDOVI' ""F. GARELLI""",MONDOVI',CUNEO,PIEMONTE,IST PROF INDUSTRIA E ARTIGIANATO,industria_artigianato,3,capacita_esaurita_o_oltre_max_km
202425,0.2,42,statale,SCUOLA SECONDARIA II GRADO,3,IMRC00201X,"""U.CALVI""",IMPERIA,IMPERIA,LIGURIA,IST PROF PER I SERVIZI COMMERCIALI E TURISTICI,commerciale_turistico_professionale,3,capacita_esaurita_o_oltre_max_km
202425,0.2,42,statale,SCUOLA SECONDARIA II GRADO,3,FRRI026026,"IPSIA ""G. NICOLUCCI"" SORA",SORA,FROSINONE,LAZIO,IST PROF INDUSTRIA E ARTIGIANATO,industria_artigianato,1,capacita_esaurita_o_oltre_max_km
202425,0.2,42,statale,SCUOLA SECONDARIA II GRADO,3,MNRF00701G,IPSS VIADANA,VIADANA,MANTOVA,LOMBARDIA,IST PROF PER I SERVIZI SOCIALI,sociale,1,capacita_esaurita_o_oltre_max_km
202425,0.2,42,statale,SCUOLA SECONDARIA II GRADO,3,PVRI01101B,IPSIA CREMONA - PAVIA,PAVIA,PAVIA,LOMBARDIA,IST PROF INDUSTRIA E ARTIGIANATO,industria_artigianato,2,capacita_esaurita_o_oltre_max_km
202425,0.2,42,statale,SCUOLA SECONDARIA II GRADO,3,MNRI01401N,IPSIA VINCI MANTOVA,MANTOVA,MANTOVA,LOMBARDIA,IST PROF INDUSTRIA E ARTIGIANATO,industria_artigianato,1,capacita_esaurita_o_oltre_max_km
202425,0.2,42,statale,SCUOLA SECONDARIA II GRADO,3,SIRI004018,G. MARCONI SIENA,SIENA,SIENA,TOSCANA,IST PROF INDUSTRIA E ARTIGIANATO,industria_artigianato,1,capacita_esaurita_o_oltre_max_km
202425,0.2,42,statale,SCUOLA SECONDARIA II GRADO,3,LCRC01101V,"I.I.S.S. ""G.PARINI""",LECCO,LECCO,LOMBARDIA,IST PROF PER I SERVIZI COMMERCIALI,commerciale_turistico_professionale,1,capacita_esaurita_o_oltre_max_km
202425,0.2,42,statale,SCUOLA SECONDARIA II GRADO,3,BORI01402D,IPIA F.ALBERGHETTI - SEZIONE ASSOCIATA,IMOLA,BOLOGNA,EMILIA ROMAGNA,IST PROF INDUSTRIA E ARTIGIANATO,industria_artigianato,2,capacita_esaurita_o_oltre_max_km
202425,0.2,42,statale,SCUOLA SECONDARIA II GRADO,3,SPRI00701V,"""CHIODO""",LA SPEZIA,LA SPEZIA,LIGURIA,IST PROF INDUSTRIA E ARTIGIANATO,industria_artigianato,4,capacita_esaurita_o_oltre_max_km
202425,0.2,42,statale,SCUOLA SECONDARIA II GRADO,3,APRI02000Q,"""O. RICCI""",FERMO,FERMO,MARCHE,IST PROF INDUSTRIA E ARTIGIANATO,industria_artigianato,1,capacita_esaurita_o_oltre_max_km
202425,0.2,42,statale,SCUOLA SECONDARIA II GRADO,3,RARI007016,I.T.I.P. L. BUCCI - SEZ. PROF.LE,FAENZA,RAVENNA,EMILIA ROMAGNA,IST PROF INDUSTRIA E ARTIGIANATO,industria_artigianato,1,capacita_esaurita_o_oltre_max_km
202425,0.2,42,statale,SCUOLA SECONDARIA II GRADO,3,LURI01601N,"""G.GIORGI""",LUCCA,LUCCA,TOSCANA,IST PROF INDUSTRIA E ARTIGIANATO,industria_artigianato,2,capacita_esaurita_o_oltre_max_km
202425,0.2,42,statale,SCUOLA SECONDARIA II GRADO,3,LIRC002501,M.POLO (CORSO SERALE),CECINA,LIVORNO,TOSCANA,IST PROF PER I SERVIZI COMMERCIALI,commerciale_turistico_professionale,1,capacita_esaurita_o_oltre_max_km
202425,0.2,42,statale,SCUOLA SECONDARIA II GRADO,3,VRRC009011,SANMICHELI SERVIZI COMMERCIALI-MODA-IFP,VERONA,VERONA,VENETO,IST PROF PER I SERVIZI COMMERCIALI,commerciale_turistico_professionale,3,capacita_esaurita_o_oltre_max_km
202425,0.2,42,statale,SCUOLA SECONDARIA II GRADO,3,GRTF00301D,TECNOLOGICO ARCIDOSSO,ARCIDOSSO,GROSSETO,TOSCANA,ISTITUTO TECNICO INDUSTRIALE,industriale_tecnico,1,capacita_esaurita_o_oltre_max_km
202425,0.2,42,statale,SCUOLA SECONDARIA II GRADO,3,MNTD007015,ITC E. SANFELICE,VIADANA,MANTOVA,LOMBARDIA,ISTITUTO TECNICO COMMERCIALE,commerciale_economico_tecnico,1,capacita_esaurita_o_oltre_max_km
202425,0.2,42,statale,SCUOLA SECONDARIA II GRADO,3,VETL01901N,GIORGIO MASSARI,VENEZIA,VENEZIA,VENETO,ISTITUTO TECNICO PER GEOMETRI,geometri,1,capacita_esaurita_o_oltre_max_km
202425,0.2,42,statale,SCUOLA SECONDARIA II GRADO,3,PRTF008028,GADDA TECNICO SEDE DI LANGHIRANO,LANGHIRANO,PARMA,EMILIA ROMAGNA,ISTITUTO TECNICO INDUSTRIALE,industriale_tecnico,1,capacita_esaurita_o_oltre_max_km
202425,0.2,42,statale,SCUOLA SECONDARIA II GRADO,3,RMRC087514,"PERCORSO II LIV ""MARCO POLO""",MONTEROTONDO,ROMA,LAZIO,IST PROF PER I SERVIZI COMMERCIALI E TURISTICI,commerciale_turistico_professionale,1,capacita_esaurita_o_oltre_max_km
202425,0.2,42,statale,SCUOLA SECONDARIA II GRADO,3,RERF070015,IPSSI M CARRARA NOVELLARA,NOVELLARA,REGGIO EMILIA,EMILIA ROMAGNA,IST PROF PER I SERVIZI SOCIALI,sociale,2,capacita_esaurita_o_oltre_max_km
202425,0.2,42,statale,SCUOLA SECONDARIA II GRADO,3,MORC00601P,CARLO CATTANEO,MIRANDOLA,MODENA,EMILIA ROMAGNA,IST PROF PER I SERVIZI COMMERCIALI E TURISTICI,commerciale_turistico_professionale,1,capacita_esaurita_o_oltre_max_km
202425,0.2,42,statale,SCUOLA SECONDARIA II GRADO,3,VARI04000E,"I.P.S.I.A. ""ANTONIO PARMA"" - SARONNO",SARONNO,VARESE,LOMBARDIA,IST PROF INDUSTRIA E ARTIGIANATO,industria_artigianato,2,capacita_esaurita_o_oltre_max_km
202425,0.2,42,statale,SCUOLA SECONDARIA II GRADO,3,AQRI007011,"""LEONARDO DA VINCI""",L'AQUILA,L'AQUILA,ABRUZZO,IST PROF INDUSTRIA E ARTIGIANATO,industria_artigianato,1,capacita_esaurita_o_oltre_max_km
202425,0.2,42,statale,SCUOLA SECONDARIA II GRADO,3,RERI004026,PROFESSIONALE GRAFICO S. ILARIO,SANT'ILARIO D'ENZA,REGGIO EMILIA,EMILIA ROMAGNA,IST PROF INDUSTRIA E ARTIGIANATO,industria_artigianato,2,capacita_esaurita_o_oltre_max_km
202425,0.2,42,statale,SCUOLA SECONDARIA II GRADO,3,PGTL00201B,"""R. CASIMIRI""",GUALDO TADINO,PERUGIA,UMBRIA,ISTITUTO TECNICO PER GEOMETRI,geometri,1,capacita_esaurita_o_oltre_max_km
202425,0.2,42,statale,SCUOLA SECONDARIA II GRADO,3,PNRI00602X,"IPSIA ""DELLA VALENTINA"" SACILE",SACILE,PORDENONE,FRIULI-VENEZIA G.,IST PROF INDUSTRIA E ARTIGIANATO,industria_artigianato,1,capacita_esaurita_o_oltre_max_km
202425,0.2,42,statale,SCUOLA SECONDARIA II GRADO,3,MIRH010009,I.P. - A. VESPUCCI,MILANO,MILANO,LOMBARDIA,IST PROF PER I SERVIZI ALBERGHIERI E RISTORAZIONE,alberghiero_ristorazione,3,capacita_esaurita_o_oltre_max_km
202425,0.2,42,statale,SCUOLA SECONDARIA II GRADO,3,BSTF013014,"ORZINUOVI (SEZ.ASS.I.S.""COSSALI"")",ORZINUOVI,BRESCIA,LOMBARDIA,ISTITUTO TECNICO INDUSTRIALE,industriale_tecnico,1,capacita_esaurita_o_oltre_max_km
202425,0.2,42,statale,SCUOLA SECONDARIA II GRADO,3,RARC003016,POLO PROFESSIONALE DI LUGO,LUGO,RAVENNA,EMILIA ROMAGNA,IST PROF PER I SERVIZI COMMERCIALI E TURISTICI,commerciale_turistico_professionale,1,capacita_esaurita_o_oltre_max_km
202425,0.2,42,statale,SCUOLA SECONDARIA II GRADO,3,PTRI002012,ISTITUTO A. PACINOTTI,PESCIA,PISTOIA,TOSCANA,IST PROF INDUSTRIA E ARTIGIANATO,industria_artigianato,1,capacita_esaurita_o_oltre_max_km
202425,0.2,42,statale,SCUOLA SECONDARIA II GRADO,3,BSRI006014,"(SEZ. ASS. I.S. ""CARLO BERETTA"")",GARDONE VAL TROMPIA,BRESCIA,LOMBARDIA,IST PROF INDUSTRIA E ARTIGIANATO,industria_artigianato,1,capacita_esaurita_o_oltre_max_km
202425,0.2,42,statale,SCUOLA SECONDARIA II GRADO,3,BSRI001011,I.I.S. TASSARA - GHISLANDI,BRENO,BRESCIA,LOMBARDIA,IST PROF INDUSTRIA E ARTIGIANATO,industria_artigianato,1,capacita_esaurita_o_oltre_max_km
202425,0.2,42,statale,SCUOLA SECONDARIA II GRADO,3,TETF040001,ISTITUTO OMNIC. P.LEVI S.EGIDIO ANCARANO,SANT'EGIDIO ALLA VIBRATA,TERAMO,ABRUZZO,ISTITUTO TECNICO INDUSTRIALE,industriale_tecnico,1,capacita_esaurita_o_oltre_max_km
202425,0.2,42,statale,SCUOLA SECONDARIA II GRADO,3,MIRC059012,I.P. - B. ORIANI G. MAZZINI,MILANO,MILANO,LOMBARDIA,IST PROF PER I SERVIZI COMMERCIALI,commerciale_turistico_professionale,1,capacita_esaurita_o_oltre_max_km
202425,0.2,42,statale,SCUOLA SECONDARIA II GRADO,3,FIRI003014,"IST. PROF. INDUS. ARTIGIAN. ""A.CHECCHI""",FUCECCHIO,FIRENZE,TOSCANA,IST PROF INDUSTRIA E ARTIGIANATO,industria_artigianato,1,capacita_esaurita_o_oltre_max_km
202425,0.2,42,statale,SCUOLA SECONDARIA II GRADO,3,PVTD03000A,ITCG CASALE - VIGEVANO,VIGEVANO,PAVIA,LOMBARDIA,IST TEC COMMERCIALE E PER GEOMETRI,commerciale_economico_tecnico,1,capacita_esaurita_o_oltre_max_km
202425,0.2,42,statale,SCUOLA SECONDARIA II GRADO,4,COPM02000B,LICEO TERESA CICERI,COMO,COMO,LOMBARDIA,ISTITUTO MAGISTRALE,magistrale,51,capacita_esaurita_o_oltre_max_km
202425,0.2,42,statale,SCUOLA SECONDARIA II GRADO,4,CSRI310006,IPSIA BOCCHIGLIERO,BOCCHIGLIERO,COSENZA,CALABRIA,IST PROF INDUSTRIA E ARTIGIANATO,industria_artigianato,5,capacita_esaurita_o_oltre_max_km
202425,0.2,42,statale,SCUOLA SECONDARIA II GRADO,4,MIRI07401R,I.P. - MARELLI DUDOVICH,MILANO,MILANO,LOMBARDIA,IST PROF INDUSTRIA E ARTIGIANATO,industria_artigianato,4,capacita_esaurita_o_oltre_max_km
202425,0.2,42,statale,SCUOLA SECONDARIA II GRADO,4,RGTD03002X,SEZ.STACCATA ITC BESTA RAGUSA,SANTA CROCE CAMERINA,RAGUSA,SICILIA,ISTITUTO TECNICO COMMERCIALE,commerciale_economico_tecnico,2,capacita_esaurita_o_oltre_max_km
202425,0.2,42,statale,SCUOLA SECONDARIA II GRADO,4,PORC00601V,IST. PROF. PER I SERV. COM. P. DAGOMARI,PRATO,PRATO,TOSCANA,IST PROF PER I SERVIZI COMMERCIALI,commerciale_turistico_professionale,3,capacita_esaurita_o_oltre_max_km
202425,0.2,42,statale,SCUOLA SECONDARIA II GRADO,4,RMRC11150P,PERC. II LIV. STENDHAL,ROMA,ROMA,LAZIO,IST PROF PER I SERVIZI COMMERCIALI E TURISTICI,commerciale_turistico_professionale,1,capacita_esaurita_o_oltre_max_km
202425,0.2,42,statale,SCUOLA SECONDARIA II GRADO,4,MITN10701B,I.T. ECONOMICO - D. MARIGNONI-M. POLO,MILANO,MILANO,LOMBARDIA,ISTITUTO TECNICO PER IL TURISMO,turismo_tecnico,6,capacita_esaurita_o_oltre_max_km
202425,0.2,42,statale,SCUOLA SECONDARIA II GRADO,4,ANRC01351Q,"I.I.S. ""PODESTI - CALZECCHI ONESTI""",ANCONA,ANCONA,MARCHE,IST PROF PER I SERVIZI COMMERCIALI E TURISTICI,commerciale_turistico_professionale,5,capacita_esaurita_o_oltre_max_km
202425,0.2,42,statale,SCUOLA SECONDARIA II GRADO,4,VERH04050V,ANDREA BARBARIGO - CORSO SERALE,VENEZIA,VENEZIA,VENETO,IST PROF PER I SERVIZI ALBERGHIERI E RISTORAZIONE,alberghiero_ristorazione,1,capacita_esaurita_o_oltre_max_km
202425,0.2,42,statale,SCUOLA SECONDARIA II GRADO,4,MIRC09451P,I.P.-L. V. BERTARELLI-FERRARIS (SERALE),MILANO,MILANO,LOMBARDIA,IST PROF PER I SERVIZI COMMERCIALI E TURISTICI,commerciale_turistico_professionale,4,capacita_esaurita_o_oltre_max_km
202425,0.2,42,statale,SCUOLA SECONDARIA II GRADO,4,BORF02750X,SERVIZI SOCIALI SIRANI SERALE,BOLOGNA,BOLOGNA,EMILIA ROMAGNA,IST PROF PER I SERVIZI SOCIALI,sociale,3,capacita_esaurita_o_oltre_max_km
202425,0.2,42,statale,SCUOLA SECONDARIA II GRADO,4,CNRC026016,"MONDOVI' ""M.BELLISARIO""",MONDOVI',CUNEO,PIEMONTE,IST PROF PER I SERVIZI COMMERCIALI,commerciale_turistico_professionale,1,capacita_esaurita_o_oltre_max_km
202425,0.2,42,statale,SCUOLA SECONDARIA II GRADO,4,ALRC00601L,G.MIGLIARA,ALESSANDRIA,ALESSANDRIA,PIEMONTE,IST PROF PER I SERVIZI COMMERCIALI,commerciale_turistico_professionale,2,capacita_esaurita_o_oltre_max_km
202425,0.2,42,statale,SCUOLA SECONDARIA II GRADO,4,GERI020503,I.P.S.I.A. - A.ODERO /SERALE,GENOVA,GENOVA,LIGURIA,IST PROF INDUSTRIA E ARTIGIANATO,industria_artigianato,3,capacita_esaurita_o_oltre_max_km
202425,0.2,42,statale,SCUOLA SECONDARIA II GRADO,4,MORI00901V,GUGLIELMO MARCONI,PAVULLO NEL FRIGNANO,MODENA,EMILIA ROMAGNA,IST PROF INDUSTRIA E ARTIGIANATO,industria_artigianato,1,capacita_esaurita_o_oltre_max_km
202425,0.2,42,statale,SCUOLA SECONDARIA II GRADO,4,SIRI004018,G. MARCONI SIENA,SIENA,SIENA,TOSCANA,IST PROF INDUSTRIA E ARTIGIANATO,industria_artigianato,2,capacita_esaurita_o_oltre_max_km
202425,0.2,42,statale,SCUOLA SECONDARIA II GRADO,4,FETD00101Q,IST. TEC. ECON. E TECNOL.- PORTOMAGGIORE,PORTOMAGGIORE,FERRARA,EMILIA ROMAGNA,ISTITUTO TECNICO COMMERCIALE,commerciale_economico_tecnico,2,capacita_esaurita_o_oltre_max_km
202425,0.2,42,statale,SCUOLA SECONDARIA II GRADO,4,BORI02351L,FIORAVANTI - SERALE,BOLOGNA,BOLOGNA,EMILIA ROMAGNA,IST PROF INDUSTRIA E ARTIGIANATO,industria_artigianato,2,capacita_esaurita_o_oltre_max_km
202425,0.2,42,statale,SCUOLA SECONDARIA II GRADO,4,BGRF00601L,"""G.B. RUBINI""",ROMANO DI LOMBARDIA,BERGAMO,LOMBARDIA,IST PROF PER I SERVIZI SOCIALI,sociale,3,capacita_esaurita_o_oltre_max_km
202425,0.2,42,statale,SCUOLA SECONDARIA II GRADO,4,MORC004013,G. A. CAVAZZI,PAVULLO NEL FRIGNANO,MODENA,EMILIA ROMAGNA,IST PROF PER I SERVIZI COMMERCIALI,commerciale_turistico_professionale,1,capacita_esaurita_o_oltre_max_km
202425,0.2,42,statale,SCUOLA SECONDARIA II GRADO,4,IMRC00201X,"""U.CALVI""",IMPERIA,IMPERIA,LIGURIA,IST PROF PER I SERVIZI COMMERCIALI E TURISTICI,commerciale_turistico_professionale,1,capacita_esaurita_o_oltre_max_km
202425,0.2,42,statale,SCUOLA SECONDARIA II GRADO,4,MIRC02950E,I.P. -N. MACHIAVELLI (SERALE SUCCURSALE),PIOLTELLO,MILANO,LOMBARDIA,IST PROF PER I SERVIZI COMMERCIALI,commerciale_turistico_professionale,1,capacita_esaurita_o_oltre_max_km
202425,0.2,42,statale,SCUOLA SECONDARIA II GRADO,4,PVRI01601E,IP CALVI,VOGHERA,PAVIA,LOMBARDIA,IST PROF INDUSTRIA E ARTIGIANATO,industria_artigianato,3,capacita_esaurita_o_oltre_max_km
202425,0.2,42,statale,SCUOLA SECONDARIA II GRADO,4,MIRC107016,I.P. - B. CAVALIERI-MARIGNONI,MILANO,MILANO,LOMBARDIA,IST PROF PER I SERVIZI COMMERCIALI,commerciale_turistico_professionale,6,capacita_esaurita_o_oltre_max_km
202425,0.2,42,statale,SCUOLA SECONDARIA II GRADO,4,BGRI003014,"""BETTY AMBIVERI""",PRESEZZO,BERGAMO,LOMBARDIA,IST PROF INDUSTRIA E ARTIGIANATO,industria_artigianato,1,capacita_esaurita_o_oltre_max_km
202425,0.2,42,statale,SCUOLA SECONDARIA II GRADO,4,LORI00101P,I.P. AMBROSOLI - CODOGNO,CODOGNO,LODI,LOMBARDIA,IST PROF INDUSTRIA E ARTIGIANATO,industria_artigianato,3,capacita_esaurita_o_oltre_max_km
202425,0.2,42,statale,SCUOLA SECONDARIA II GRADO,4,MIRI10302L,I.P.I.A. DI CERNUSCO,CERNUSCO SUL NAVIGLIO,MILANO,LOMBARDIA,IST PROF INDUSTRIA E ARTIGIANATO,industria_artigianato,2,capacita_esaurita_o_oltre_max_km
202425,0.2,42,statale,SCUOLA SECONDARIA II GRADO,4,ALRC008018,DOMENICO CARBONE,TORTONA,ALESSANDRIA,PIEMONTE,IST PROF PER I SERVIZI COMMERCIALI,commerciale_turistico_professionale,1,capacita_esaurita_o_oltre_max_km
202425,0.2,42,statale,SCUOLA SECONDARIA II GRADO,4,BORI024024,IP MARCELLO MALPIGHI,CREVALCORE,BOLOGNA,EMILIA ROMAGNA,IST PROF INDUSTRIA E ARTIGIANATO,industria_artigianato,1,capacita_esaurita_o_oltre_max_km
202425,0.2,42,statale,SCUOLA SECONDARIA II GRADO,4,TETF040001,ISTITUTO OMNIC. P.LEVI S.EGIDIO ANCARANO,SANT'EGIDIO ALLA VIBRATA,TERAMO,ABRUZZO,ISTITUTO TECNICO INDUSTRIALE,industriale_tecnico,2,capacita_esaurita_o_oltre_max_km
202425,0.2,42,statale,SCUOLA SECONDARIA II GRADO,4,PGRC120003,GIANO DELL'UMBRIA,GIANO DELL'UMBRIA,PERUGIA,UMBRIA,IST PROF PER I SERVIZI COMMERCIALI,commerciale_turistico_professionale,1,capacita_esaurita_o_oltre_max_km
202425,0.2,42,statale,SCUOLA SECONDARIA II GRADO,4,PRRI010009,"""PRIMO LEVI""",PARMA,PARMA,EMILIA ROMAGNA,IST PROF INDUSTRIA E ARTIGIANATO,industria_artigianato,6,capacita_esaurita_o_oltre_max_km
202425,0.2,42,statale,SCUOLA SECONDARIA II GRADO,4,FETD001504,I.T. COMMERCIALE (SERALE) PORTOMAGGIORE,PORTOMAGGIORE,FERRARA,EMILIA ROMAGNA,ISTITUTO TECNICO COMMERCIALE,commerciale_economico_tecnico,1,capacita_esaurita_o_oltre_max_km
202425,0.2,42,statale,SCUOLA SECONDARIA II GRADO,4,VERI00401V,THOMAS A. EDISON - ALESSANDRO VOLTA,VENEZIA,VENEZIA,VENETO,IST PROF INDUSTRIA E ARTIGIANATO,industria_artigianato,3,capacita_esaurita_o_oltre_max_km
202425,0.2,42,statale,SCUOLA SECONDARIA II GRADO,4,MORI002014,PRIMO LEVI,VIGNOLA,MODENA,EMILIA ROMAGNA,IST PROF INDUSTRIA E ARTIGIANATO,industria_artigianato,1,capacita_esaurita_o_oltre_max_km
202425,0.2,42,statale,SCUOLA SECONDARIA II GRADO,4,MIRI01701L,I.P. - J. C. MAXWELL (SUCCURSALE),MILANO,MILANO,LOMBARDIA,IST PROF INDUSTRIA E ARTIGIANATO,industria_artigianato,1,capacita_esaurita_o_oltre_max_km
202425,0.2,42,statale,SCUOLA SECONDARIA II GRADO,4,PRRC00451Q,"ISTITUTO ""PIETRO GIORDANI"" SERALE",PARMA,PARMA,EMILIA ROMAGNA,IST PROF PER I SERVIZI COMMERCIALI E TURISTICI,commerciale_turistico_professionale,2,capacita_esaurita_o_oltre_max_km
202425,0.2,42,statale,SCUOLA SECONDARIA II GRADO,4,SIRI00450L,MARCONI SIENA - SERALE,SIENA,SIENA,TOSCANA,IST PROF INDUSTRIA E ARTIGIANATO,industria_artigianato,1,capacita_esaurita_o_oltre_max_km
202425,0.2,42,statale,SCUOLA SECONDARIA II GRADO,4,PVRI00701Q,IPSIA FARAVELLI - STRADELLA,STRADELLA,PAVIA,LOMBARDIA,IST PROF INDUSTRIA E ARTIGIANATO,industria_artigianato,2,capacita_esaurita_o_oltre_max_km
202425,0.2,42,statale,SCUOLA SECONDARIA II GRADO,4,GORC01101Q,IST. PROF. PER I SERVIZI SOCIO SANITARI,MONFALCONE,GORIZIA,FRIULI-VENEZIA G.,IST PROF PER I SERVIZI COMMERCIALI E TURISTICI,commerciale_turistico_professionale,1,capacita_esaurita_o_oltre_max_km
202425,0.2,42,statale,SCUOLA SECONDARIA II GRADO,4,MIRC079017,I.P. - CATERINA DA SIENA,MILANO,MILANO,LOMBARDIA,IST PROF PER I SERVIZI COMMERCIALI,commerciale_turistico_professionale,3,capacita_esaurita_o_oltre_max_km
202425,0.2,42,statale,SCUOLA SECONDARIA II GRADO,4,MIRC03750D,I.P.-PIERO DELLA FRANCESCA (SERALE-SUCC),SAN GIULIANO MILANESE,MILANO,LOMBARDIA,IST PROF PER I SERVIZI COMMERCIALI,commerciale_turistico_professionale,1,capacita_esaurita_o_oltre_max_km
202425,0.2,42,statale,SCUOLA SECONDARIA II GRADO,4,SPRI00701V,"""CHIODO""",LA SPEZIA,LA SPEZIA,LIGURIA,IST PROF INDUSTRIA E ARTIGIANATO,industria_artigianato,1,capacita_esaurita_o_oltre_max_km
202425,0.2,42,statale,SCUOLA SECONDARIA II GRADO,4,PGRC01401X,UMBERTIDE,UMBERTIDE,PERUGIA,UMBRIA,IST PROF PER I SERVIZI COMMERCIALI E TURISTICI,commerciale_turistico_professionale,1,capacita_esaurita_o_oltre_max_km
202425,0.2,42,statale,SCUOLA SECONDARIA II GRADO,4,FIRI01201V,"I.P.I.A ""FERRARIS.BRUNELLESCHI""",EMPOLI,FIRENZE,TOSCANA,IST PROF INDUSTRIA E ARTIGIANATO,industria_artigianato,1,capacita_esaurita_o_oltre_max_km
202425,0.2,42,statale,SCUOLA SECONDARIA II GRADO,4,CRRC00101N,"""G. ROMANI""",CASALMAGGIORE,CREMONA,LOMBARDIA,IST PROF PER I SERVIZI COMMERCIALI E TURISTICI,commerciale_turistico_professionale,1,capacita_esaurita_o_oltre_max_km
202425,0.2,42,statale,SCUOLA SECONDARIA II GRADO,4,BORI023017,ISTITUTO PROF.LE FIORAVANTI,BOLOGNA,BOLOGNA,EMILIA ROMAGNA,IST PROF INDUSTRIA E ARTIGIANATO,industria_artigianato,3,capacita_esaurita_o_oltre_max_km
202425,0.2,42,statale,SCUOLA SECONDARIA II GRADO,4,MIRC07701G,I.P. - G. GALILEI,MILANO,MILANO,LOMBARDIA,IST PROF PER I SERVIZI COMMERCIALI,commerciale_turistico_professionale,1,capacita_esaurita_o_oltre_max_km
202425,0.2,42,statale,SCUOLA SECONDARIA II GRADO,4,PRRC00401A,"ISTITUTO PROFESSIONALE ""PIETRO GIORDANI""",PARMA,PARMA,EMILIA ROMAGNA,IST PROF PER I SERVIZI COMMERCIALI E TURISTICI,commerciale_turistico_professionale,2,capacita_esaurita_o_oltre_max_km
202425,0.2,42,statale,SCUOLA SECONDARIA II GRADO,4,MIRI094012,I.P. - L. V. BERTARELLI-FERRARIS (SUCC.),MILANO,MILANO,LOMBARDIA,IST PROF INDUSTRIA E ARTIGIANATO,industria_artigianato,2,capacita_esaurita_o_oltre_max_km
202425,0.2,42,statale,SCUOLA SECONDARIA II GRADO,4,MORI008013,GALILEO GALILEI,MIRANDOLA,MODENA,EMILIA ROMAGNA,IST PROF INDUSTRIA E ARTIGIANATO,industria_artigianato,1,capacita_esaurita_o_oltre_max_km
202425,0.2,42,statale,SCUOLA SECONDARIA II GRADO,4,BORC03000L,IPSAS ALDROVANDI - RUBBIANI,BOLOGNA,BOLOGNA,EMILIA ROMAGNA,IST PROF PER I SERVIZI COMMERCIALI E TURISTICI,commerciale_turistico_professionale,2,capacita_esaurita_o_oltre_max_km
202425,0.2,42,statale,SCUOLA SECONDARIA II GRADO,4,PCRC00301N,A. CASALI,PIACENZA,PIACENZA,EMILIA ROMAGNA,IST PROF PER I SERVIZI COMMERCIALI E TURISTICI,commerciale_turistico_professionale,2,capacita_esaurita_o_oltre_max_km
202425,0.2,42,statale,SCUOLA SECONDARIA II GRADO,4,IMRC002508,I.P.S.C. ULISSE CALVI - SERALE,IMPERIA,IMPERIA,LIGURIA,IST PROF PER I SERVIZI COMMERCIALI,commerciale_turistico_professionale,1,capacita_esaurita_o_oltre_max_km
202425,0.2,42,statale,SCUOLA SECONDARIA II GRADO,4,SIRI00301C,CENNINO CENNINI,COLLE DI VAL D'ELSA,SIENA,TOSCANA,IST PROF INDUSTRIA E ARTIGIANATO,industria_artigianato,1,capacita_esaurita_o_oltre_max_km
202425,0.2,42,statale,SCUOLA SECONDARIA II GRADO,4,BORC01601B,MANFREDI,BOLOGNA,BOLOGNA,EMILIA ROMAGNA,IST PROF PER I SERVIZI COMMERCIALI E TURISTICI,commerciale_turistico_professionale,2,capacita_esaurita_o_oltre_max_km
202425,0.2,42,statale,SCUOLA SECONDARIA II GRADO,4,BORI01901G,I.P.I.A. ALDINI VALERIANI,BOLOGNA,BOLOGNA,EMILIA ROMAGNA,IST PROF INDUSTRIA E ARTIGIANATO,industria_artigianato,1,capacita_esaurita_o_oltre_max_km
202425,0.2,42,statale,SCUOLA SECONDARIA II GRADO,4,CARI03301Q,I.P.I.A.-SEZIONE CARCERARIA UTA,UTA,CAGLIARI,SARDEGNA,IST PROF INDUSTRIA E ARTIGIANATO,industria_artigianato,1,capacita_esaurita_o_oltre_max_km
202425,0.2,42,statale,SCUOLA SECONDARIA II GRADO,4,PCRI004016,IPSIA MATTEI,FIORENZUOLA D'ARDA,PIACENZA,EMILIA ROMAGNA,IST PROF INDUSTRIA E ARTIGIANATO,industria_artigianato,1,capacita_esaurita_o_oltre_max_km
202425,0.2,42,statale,SCUOLA SECONDARIA II GRADO,4,PRTF008028,GADDA TECNICO SEDE DI LANGHIRANO,LANGHIRANO,PARMA,EMILIA ROMAGNA,ISTITUTO TECNICO INDUSTRIALE,industriale_tecnico,2,capacita_esaurita_o_oltre_max_km
202425,0.2,42,statale,SCUOLA SECONDARIA II GRADO,4,PVTF00701L,ITI FARAVELLI - STRADELLA,STRADELLA,PAVIA,LOMBARDIA,ISTITUTO TECNICO INDUSTRIALE,industriale_tecnico,1,capacita_esaurita_o_oltre_max_km
202425,0.2,42,statale,SCUOLA SECONDARIA II GRADO,4,MITN03000E,ISTITUTO TECNICO E LICEO -A. GENTILESCHI,MILANO,MILANO,LOMBARDIA,ISTITUTO TECNICO PER IL TURISMO,turismo_tecnico,2,capacita_esaurita_o_oltre_max_km
202425,0.2,42,statale,SCUOLA SECONDARIA II GRADO,4,PGRI01301R,"""ROSSELLI""",CASTIGLIONE DEL LAGO,PERUGIA,UMBRIA,IST PROF INDUSTRIA E ARTIGIANATO,industria_artigianato,1,capacita_esaurita_o_oltre_max_km
202425,0.2,42,statale,SCUOLA SECONDARIA II GRADO,5,PGRC120003,GIANO DELL'UMBRIA,GIANO DELL'UMBRIA,PERUGIA,UMBRIA,IST PROF PER I SERVIZI COMMERCIALI,commerciale_turistico_professionale,1,capacita_esaurita_o_oltre_max_km
202425,0.2,42,statale,SCUOLA SECONDARIA II GRADO,5,BORI02451C,"I.P.I.A. ""MARCELLO"" - SERALE",SAN GIOVANNI IN PERSICETO,BOLOGNA,EMILIA ROMAGNA,IST PROF INDUSTRIA E ARTIGIANATO,industria_artigianato,2,capacita_esaurita_o_oltre_max_km
202425,0.2,42,statale,SCUOLA SECONDARIA II GRADO,5,TOSL01001D,CASA CIRCONDARIALE LORUSSO-COTUGNO,TORINO,TORINO,PIEMONTE,LICEO ARTISTICO,artistico,1,capacita_esaurita_o_oltre_max_km
202425,0.2,42,statale,SCUOLA SECONDARIA II GRADO,5,MIRI07401R,I.P. - MARELLI DUDOVICH,MILANO,MILANO,LOMBARDIA,IST PROF INDUSTRIA E ARTIGIANATO,industria_artigianato,4,capacita_esaurita_o_oltre_max_km
202425,0.2,42,statale,SCUOLA SECONDARIA II GRADO,5,PVTF00701L,ITI FARAVELLI - STRADELLA,STRADELLA,PAVIA,LOMBARDIA,ISTITUTO TECNICO INDUSTRIALE,industriale_tecnico,1,capacita_esaurita_o_oltre_max_km
202425,0.2,42,statale,SCUOLA SECONDARIA II GRADO,5,BSRI01701E,"ROVATO (SEZ.ASS.I.S.""GIGLI"")",ROVATO,BRESCIA,LOMBARDIA,IST PROF INDUSTRIA E ARTIGIANATO,industria_artigianato,2,capacita_esaurita_o_oltre_max_km
202425,0.2,42,statale,SCUOLA SECONDARIA II GRADO,5,BORI02351L,FIORAVANTI - SERALE,BOLOGNA,BOLOGNA,EMILIA ROMAGNA,IST PROF INDUSTRIA E ARTIGIANATO,industria_artigianato,2,capacita_esaurita_o_oltre_max_km
202425,0.2,42,statale,SCUOLA SECONDARIA II GRADO,5,PCRI004016,IPSIA MATTEI,FIORENZUOLA D'ARDA,PIACENZA,EMILIA ROMAGNA,IST PROF INDUSTRIA E ARTIGIANATO,industria_artigianato,1,capacita_esaurita_o_oltre_max_km
202425,0.2,42,statale,SCUOLA SECONDARIA II GRADO,5,RMRC11150P,PERC. II LIV. STENDHAL,ROMA,ROMA,LAZIO,IST PROF PER I SERVIZI COMMERCIALI E TURISTICI,commerciale_turistico_professionale,4,capacita_esaurita_o_oltre_max_km
202425,0.2,42,statale,SCUOLA SECONDARIA II GRADO,5,SPRC00752L,"""L.EINAUDI"" SERALE",LA SPEZIA,LA SPEZIA,LIGURIA,IST PROF PER I SERVIZI COMMERCIALI E TURISTICI,commerciale_turistico_professionale,1,capacita_esaurita_o_oltre_max_km
202425,0.2,42,statale,SCUOLA SECONDARIA II GRADO,5,MITN10701B,I.T. ECONOMICO - D. MARIGNONI-M. POLO,MILANO,MILANO,LOMBARDIA,ISTITUTO TECNICO PER IL TURISMO,turismo_tecnico,1,capacita_esaurita_o_oltre_max_km
202425,0.2,42,statale,SCUOLA SECONDARIA II GRADO,5,BGRF00601L,"""G.B. RUBINI""",ROMANO DI LOMBARDIA,BERGAMO,LOMBARDIA,IST PROF PER I SERVIZI SOCIALI,sociale,3,capacita_esaurita_o_oltre_max_km
202425,0.2,42,statale,SCUOLA SECONDARIA II GRADO,5,MORC00201B,PRIMO LEVI,VIGNOLA,MODENA,EMILIA ROMAGNA,IST PROF PER I SERVIZI COMMERCIALI,commerciale_turistico_professionale,1,capacita_esaurita_o_oltre_max_km
202425,0.2,42,statale,SCUOLA SECONDARIA II GRADO,5,PDTD18000R,I.T.C. ANNESSO ED.S.BENEDETTO,MONTAGNANA,PADOVA,VENETO,ISTITUTO TECNICO COMMERCIALE,commerciale_economico_tecnico,1,capacita_esaurita_o_oltre_max_km
202425,0.2,42,statale,SCUOLA SECONDARIA II GRADO,5,RGTD03002X,SEZ.STACCATA ITC BESTA RAGUSA,SANTA CROCE CAMERINA,RAGUSA,SICILIA,ISTITUTO TECNICO COMMERCIALE,commerciale_economico_tecnico,1,capacita_esaurita_o_oltre_max_km
202425,0.2,42,statale,SCUOLA SECONDARIA II GRADO,5,MIRC03750D,I.P.-PIERO DELLA FRANCESCA (SERALE-SUCC),SAN GIULIANO MILANESE,MILANO,LOMBARDIA,IST PROF PER I SERVIZI COMMERCIALI,commerciale_turistico_professionale,1,capacita_esaurita_o_oltre_max_km
202425,0.2,42,statale,SCUOLA SECONDARIA II GRADO,5,MORI008013,GALILEO GALILEI,MIRANDOLA,MODENA,EMILIA ROMAGNA,IST PROF INDUSTRIA E ARTIGIANATO,industria_artigianato,3,capacita_esaurita_o_oltre_max_km
202425,0.2,42,statale,SCUOLA SECONDARIA II GRADO,5,MCRI05001Q,E. ROSA,SAN SEVERINO MARCHE,MACERATA,MARCHE,IST PROF INDUSTRIA E ARTIGIANATO,industria_artigianato,1,capacita_esaurita_o_oltre_max_km
202425,0.2,42,statale,SCUOLA SECONDARIA II GRADO,5,PCRC001012,"ISTITUTO PROFESSIONALE ""A.VOLTA""",CASTEL SAN GIOVANNI,PIACENZA,EMILIA ROMAGNA,IST PROF PER I SERVIZI COMMERCIALI E TURISTICI,commerciale_turistico_professionale,1,capacita_esaurita_o_oltre_max_km
202425,0.2,42,statale,SCUOLA SECONDARIA II GRADO,5,ALRC008018,DOMENICO CARBONE,TORTONA,ALESSANDRIA,PIEMONTE,IST PROF PER I SERVIZI COMMERCIALI,commerciale_turistico_professionale,2,capacita_esaurita_o_oltre_max_km
202425,0.2,42,statale,SCUOLA SECONDARIA II GRADO,5,PVRI00701Q,IPSIA FARAVELLI - STRADELLA,STRADELLA,PAVIA,LOMBARDIA,IST PROF INDUSTRIA E ARTIGIANATO,industria_artigianato,2,capacita_esaurita_o_oltre_max_km
202425,0.2,42,statale,SCUOLA SECONDARIA II GRADO,5,BORI023017,ISTITUTO PROF.LE FIORAVANTI,BOLOGNA,BOLOGNA,EMILIA ROMAGNA,IST PROF INDUSTRIA E ARTIGIANATO,industria_artigianato,1,capacita_esaurita_o_oltre_max_km
202425,0.2,42,statale,SCUOLA SECONDARIA II GRADO,5,PCRI00601T,L.DA VINCI,PIACENZA,PIACENZA,EMILIA ROMAGNA,IST PROF INDUSTRIA E ARTIGIANATO,industria_artigianato,1,capacita_esaurita_o_oltre_max_km
202425,0.2,42,statale,SCUOLA SECONDARIA II GRADO,5,ALTD00701Q,I.T.C. OVADA,OVADA,ALESSANDRIA,PIEMONTE,ISTITUTO TECNICO COMMERCIALE,commerciale_economico_tecnico,1,capacita_esaurita_o_oltre_max_km
202425,0.2,42,statale,SCUOLA SECONDARIA II GRADO,5,PGRC01401X,UMBERTIDE,UMBERTIDE,PERUGIA,UMBRIA,IST PROF PER I SERVIZI COMMERCIALI E TURISTICI,commerciale_turistico_professionale,4,capacita_esaurita_o_oltre_max_km
202425,0.2,42,statale,SCUOLA SECONDARIA II GRADO,5,TVRI026515,I.P.S.I.A. PITTONI SERALE,CONEGLIANO,TREVISO,VENETO,IST PROF INDUSTRIA E ARTIGIANATO,industria_artigianato,1,capacita_esaurita_o_oltre_max_km
202425,0.2,42,statale,SCUOLA SECONDARIA II GRADO,5,ALRC00601L,G.MIGLIARA,ALESSANDRIA,ALESSANDRIA,PIEMONTE,IST PROF PER I SERVIZI COMMERCIALI,commerciale_turistico_professionale,1,capacita_esaurita_o_oltre_max_km
202425,0.2,42,statale,SCUOLA SECONDARIA II GRADO,5,MITL00401G,I.T. TECNOLOGICO - C. CATTANEO,MILANO,MILANO,LOMBARDIA,ISTITUTO TECNICO PER GEOMETRI,geometri,3,capacita_esaurita_o_oltre_max_km
202425,0.2,42,statale,SCUOLA SECONDARIA II GRADO,5,PVTD00701A,ITCG FARAVELLI - STRADELLA,STRADELLA,PAVIA,LOMBARDIA,IST TEC COMMERCIALE E PER GEOMETRI,commerciale_economico_tecnico,2,capacita_esaurita_o_oltre_max_km
202425,0.2,42,statale,SCUOLA SECONDARIA II GRADO,5,BORI003012,G.BRUNO - SCUOLA COORDINATA,MOLINELLA,BOLOGNA,EMILIA ROMAGNA,IST PROF INDUSTRIA E ARTIGIANATO,industria_artigianato,1,capacita_esaurita_o_oltre_max_km
202425,0.2,42,statale,SCUOLA SECONDARIA II GRADO,5,FERI001015,I.P.S.I.A. ARGENTA,ARGENTA,FERRARA,EMILIA ROMAGNA,IST PROF INDUSTRIA E ARTIGIANATO,industria_artigianato,2,capacita_esaurita_o_oltre_max_km
202425,0.2,42,statale,SCUOLA SECONDARIA II GRADO,5,MNTD007015,ITC E. SANFELICE,VIADANA,MANTOVA,LOMBARDIA,ISTITUTO TECNICO COMMERCIALE,commerciale_economico_tecnico,1,capacita_esaurita_o_oltre_max_km
202425,0.2,42,statale,SCUOLA SECONDARIA II GRADO,5,TVRI02601Q,I.P.S.I.A. PITTONI CONEGLIANO,CONEGLIANO,TREVISO,VENETO,IST PROF INDUSTRIA E ARTIGIANATO,industria_artigianato,1,capacita_esaurita_o_oltre_max_km
202425,0.2,42,statale,SCUOLA SECONDARIA II GRADO,5,FITD00201V,"SEZ.DIP. I.P.S.C.T.""ENRIQUES""",CASTELFIORENTINO,FIRENZE,TOSCANA,ISTITUTO TECNICO COMMERCIALE,commerciale_economico_tecnico,2,capacita_esaurita_o_oltre_max_km
202425,0.2,42,statale,SCUOLA SECONDARIA II GRADO,5,RMRC11101A,STENDHAL,ROMA,ROMA,LAZIO,IST PROF PER I SERVIZI TURISTICI,commerciale_turistico_professionale,1,capacita_esaurita_o_oltre_max_km
202425,0.2,42,statale,SCUOLA SECONDARIA II GRADO,5,PGTF01401D,"ISTITUTO TECNICO ""L. DA VINCI""",UMBERTIDE,PERUGIA,UMBRIA,ISTITUTO TECNICO INDUSTRIALE,industriale_tecnico,1,capacita_esaurita_o_oltre_max_km
202425,0.2,42,statale,SCUOLA SECONDARIA II GRADO,5,VERI00401V,THOMAS A. EDISON - ALESSANDRO VOLTA,VENEZIA,VENEZIA,VENETO,IST PROF INDUSTRIA E ARTIGIANATO,industria_artigianato,1,capacita_esaurita_o_oltre_max_km
202425,0.2,42,statale,SCUOLA SECONDARIA II GRADO,5,BGRH02301T,"""SERAFINO RIVA""",SARNICO,BERGAMO,LOMBARDIA,IST PROF PER I SERVIZI ALBERGHIERI E RISTORAZIONE,alberghiero_ristorazione,1,capacita_esaurita_o_oltre_max_km
202425,0.2,42,statale,SCUOLA SECONDARIA II GRADO,5,BORC01601B,MANFREDI,BOLOGNA,BOLOGNA,EMILIA ROMAGNA,IST PROF PER I SERVIZI COMMERCIALI E TURISTICI,commerciale_turistico_professionale,2,capacita_esaurita_o_oltre_max_km
202425,0.2,42,statale,SCUOLA SECONDARIA II GRADO,5,MITN02000X,ISTITUTO TECNICO E LICEO-P. P. PASOLINI,MILANO,MILANO,LOMBARDIA,ISTITUTO TECNICO PER IL TURISMO,turismo_tecnico,1,capacita_esaurita_o_oltre_max_km
202425,0.2,42,statale,SCUOLA SECONDARIA II GRADO,5,PGRI01301R,"""ROSSELLI""",CASTIGLIONE DEL LAGO,PERUGIA,UMBRIA,IST PROF INDUSTRIA E ARTIGIANATO,industria_artigianato,1,capacita_esaurita_o_oltre_max_km
202425,0.2,42,statale,SCUOLA SECONDARIA II GRADO,5,PRTD00301T,LUCA PACIOLO,FIDENZA,PARMA,EMILIA ROMAGNA,IST TEC COMMERCIALE E PER GEOMETRI,commerciale_economico_tecnico,1,capacita_esaurita_o_oltre_max_km
202425,0.2,42,statale,SCUOLA SECONDARIA II GRADO,5,FERI01451L,"I.P.S.I.A. ""F.LLI TADDIA"" (SERALE)",CENTO,FERRARA,EMILIA ROMAGNA,IST PROF INDUSTRIA E ARTIGIANATO,industria_artigianato,1,capacita_esaurita_o_oltre_max_km
202425,0.2,42,statale,SCUOLA SECONDARIA II GRADO,5,MORI002014,PRIMO LEVI,VIGNOLA,MODENA,EMILIA ROMAGNA,IST PROF INDUSTRIA E ARTIGIANATO,industria_artigianato,1,capacita_esaurita_o_oltre_max_km
202425,0.2,42,statale,SCUOLA SECONDARIA II GRADO,5,FERI014017,"I.P.S.I.A. ""F.LLI TADDIA""",CENTO,FERRARA,EMILIA ROMAGNA,IST PROF INDUSTRIA E ARTIGIANATO,industria_artigianato,2,capacita_esaurita_o_oltre_max_km
202425,0.2,42,statale,SCUOLA SECONDARIA II GRADO,5,PGRI033012,"""CAVOUR-MARCONI""",PERUGIA,PERUGIA,UMBRIA,IST PROF INDUSTRIA E ARTIGIANATO,industria_artigianato,2,capacita_esaurita_o_oltre_max_km
202425,0.2,42,statale,SCUOLA SECONDARIA II GRADO,5,BORC03000L,IPSAS ALDROVANDI - RUBBIANI,BOLOGNA,BOLOGNA,EMILIA ROMAGNA,IST PROF PER I SERVIZI COMMERCIALI E TURISTICI,commerciale_turistico_professionale,3,capacita_esaurita_o_oltre_max_km
202425,0.2,42,statale,SCUOLA SECONDARIA II GRADO,5,MIRI10302L,I.P.I.A. DI CERNUSCO,CERNUSCO SUL NAVIGLIO,MILANO,LOMBARDIA,IST PROF INDUSTRIA E ARTIGIANATO,industria_artigianato,1,capacita_esaurita_o_oltre_max_km
202425,0.2,42,statale,SCUOLA SECONDARIA II GRADO,5,RMRC08701P,MARCO POLO,MONTEROTONDO,ROMA,LAZIO,IST PROF PER I SERVIZI COMMERCIALI E TURISTICI,commerciale_turistico_professionale,1,capacita_esaurita_o_oltre_max_km
