anno_scolastico,quota_campione,seed,tipo_gestione,ordine_scuola,anno_corso,codice_scuola_origine,denominazione_origine,comune_origine,provincia_origine,regione_origine,tipo_scuola_anagrafe_origine,tipo_scuola_cluster_origine,n_studenti_non_riallocati,motivo
202425,1.0,42,paritaria,SCUOLA PRIMARIA,1,NA1E214001,SALVATORE BELLO SOCIETA' COOP. A R.L.,TRECASE,NAPOLI,CAMPANIA,SCUOLA PRIMARIA NON STATALE,,6,capacita_esaurita_o_oltre_max_km
202425,1.0,42,paritaria,SCUOLA PRIMARIA,1,PO1E00700X,SCUOLA PRIMARIA CUORE IMMACOLATO DI MARIA,PRATO,PRATO,TOSCANA,SCUOLA PRIMARIA NON STATALE,,3,capacita_esaurita_o_oltre_max_km
202425,1.0,42,paritaria,SCUOLA PRIMARIA,1,NA1E205006,PARILANDIA S.R.L. IMPRESA SOCIALE,PALMA CAMPANIA,NAPOLI,CAMPANIA,SCUOLA PRIMARIA NON STATALE,,4,capacita_esaurita_o_oltre_max_km
202425,1.0,42,paritaria,SCUOLA PRIMARIA,1,PO1E01700E,SCUOLA PRIMARIA SANTA CATERINA DE' RICCI,PRATO,PRATO,TOSCANA,SCUOLA PRIMARIA NON STATALE,,5,capacita_esaurita_o_oltre_max_km
202425,1.0,42,paritaria,SCUOLA PRIMARIA,1,AN1E00500L,NOSTRA CASA,OSIMO,ANCONA,MARCHE,SCUOLA PRIMARIA NON STATALE,,1,capacita_esaurita_o_oltre_max_km
202425,1.0,42,paritaria,SCUOLA PRIMARIA,1,TO1E047001,INTERNATIONAL SCHOOL OF TURIN,CHIERI,TORINO,PIEMONTE,SCUOLA PRIMARIA NON STATALE,,7,capacita_esaurita_o_oltre_max_km
202425,1.0,42,paritaria,SCUOLA PRIMARIA,1,PO1EHR500Z,PAOLO ARS GENIUS,PRATO,PRATO,TOSCANA,SCUOLA PRIMARIA NON STATALE,,7,capacita_esaurita_o_oltre_max_km
202425,1.0,42,paritaria,SCUOLA PRIMARIA,1,TR1E00100P,ISTITUTO LEONINO PRIMARIA,TERNI,TERNI,UMBRIA,SCUOLA PRIMARIA NON STATALE,,2,capacita_esaurita_o_oltre_max_km
202425,1.0,42,paritaria,SCUOLA PRIMARIA,1,VI1E01200N,SCUOLA PRIMARIA PARITARIA MADDALENA DI CANOSSA,SCHIO,VICENZA,VENETO,SCUOLA PRIMARIA NON STATALE,,2,capacita_esaurita_o_oltre_max_km
202425,1.0,42,paritaria,SCUOLA PRIMARIA,1,IM1E003001,ISTITUTO SANTA MARTA,VENTIMIGLIA,IMPERIA,LIGURIA,SCUOLA PRIMARIA NON STATALE,,1,capacita_esaurita_o_oltre_max_km
202425,1.0,42,paritaria,SCUOLA PRIMARIA,1,NA1E165001,ENTE RELIGIOSO S.TERESA FONDAZIONE S.COSTANZO,CAPRI,NAPOLI,CAMPANIA,SCUOLA PRIMARIA NON STATALE,,1,capacita_esaurita_o_oltre_max_km
202425,1.0,42,paritaria,SCUOLA PRIMARIA,1,PO1E00300L,CONSERVATORIO SAN NICCOLO',PRATO,PRATO,TOSCANA,SCUOLA PRIMARIA NON STATALE,,2,capacita_esaurita_o_oltre_max_km
202425,1.0,42,paritaria,SCUOLA PRIMARIA,1,PO1E00900G,SAN GIOVANNI BOSCO,PRATO,PRATO,TOSCANA,SCUOLA PRIMARIA NON STATALE,,1,capacita_esaurita_o_oltre_max_km
202425,1.0,42,paritaria,SCUOLA PRIMARIA,2,NA1E214001,SALVATORE BELLO SOCIETA' COOP. A R.L.,TRECASE,NAPOLI,CAMPANIA,SCUOLA PRIMARIA NON STATALE,,6,capacita_esaurita_o_oltre_max_km
202425,1.0,42,paritaria,SCUOLA PRIMARIA,2,PO1E00900G,SAN GIOVANNI BOSCO,PRATO,PRATO,TOSCANA,SCUOLA PRIMARIA NON STATALE,,7,capacita_esaurita_o_oltre_max_km
202425,1.0,42,paritaria,SCUOLA PRIMARIA,2,BT1E01100E,GIOVANNI XXIII,CANOSA DI PUGLIA,BARLETTA-ANDRIA-TRANI,PUGLIA,SCUOLA PRIMARIA NON STATALE,,3,capacita_esaurita_o_oltre_max_km
202425,1.0,42,paritaria,SCUOLA PRIMARIA,2,IM1E00600C,FONDAZIONE ALMERINI - DANTE ALIGHIERI,SANREMO,IMPERIA,LIGURIA,SCUOLA PRIMARIA NON STATALE,,3,capacita_esaurita_o_oltre_max_km
202425,1.0,42,paritaria,SCUOLA PRIMARIA,2,PV1E775009,SCUOLA PRIMARIA REGINA PACIS,MORTARA,PAVIA,LOMBARDIA,SCUOLA PRIMARIA NON STATALE,,2,capacita_esaurita_o_oltre_max_km
202425,1.0,42,paritaria,SCUOLA PRIMARIA,2,PO1E00300L,CONSERVATORIO SAN NICCOLO',PRATO,PRATO,TOSCANA,SCUOLA PRIMARIA NON STATALE,,1,capacita_esaurita_o_oltre_max_km
202425,1.0,42,paritaria,SCUOLA PRIMARIA,2,PO1E01700E,SCUOLA PRIMARIA SANTA CATERINA DE' RICCI,PRATO,PRATO,TOSCANA,SCUOLA PRIMARIA NON STATALE,,2,capacita_esaurita_o_oltre_max_km
202425,1.0,42,paritaria,SCUOLA PRIMARIA,2,PO1E00700X,SCUOLA PRIMARIA CUORE IMMACOLATO DI MARIA,PRATO,PRATO,TOSCANA,SCUOLA PRIMARIA NON STATALE,,2,capacita_esaurita_o_oltre_max_km
202425,1.0,42,paritaria,SCUOLA PRIMARIA,2,CE1E02700B,PADRE G. SEMERIA,SPARANISE,CASERTA,CAMPANIA,SCUOLA PRIMARIA NON STATALE,,1,capacita_esaurita_o_oltre_max_km
202425,1.0,42,paritaria,SCUOLA PRIMARIA,2,LU1ETH500S,EDUCA INTERNATIONAL SCHOOL VERSILIA S.R.L.,CAMAIORE,LUCCA,TOSCANA,SCUOLA PRIMARIA NON STATALE,,1,capacita_esaurita_o_oltre_max_km
202425,1.0,42,paritaria,SCUOLA PRIMARIA,3,PO1E01700E,SCUOLA PRIMARIA SANTA CATERINA DE' RICCI,PRATO,PRATO,TOSCANA,SCUOLA PRIMARIA NON STATALE,,7,capacita_esaurita_o_oltre_max_km
202425,1.0,42,paritaria,SCUOLA PRIMARIA,3,TO1E047001,INTERNATIONAL SCHOOL OF TURIN,CHIERI,TORINO,PIEMONTE,SCUOLA PRIMARIA NON STATALE,,5,capacita_esaurita_o_oltre_max_km
202425,1.0,42,paritaria,SCUOLA PRIMARIA,3,PO1EHR500Z,PAOLO ARS GENIUS,PRATO,PRATO,TOSCANA,SCUOLA PRIMARIA NON STATALE,,7,capacita_esaurita_o_oltre_max_km
202425,1.0,42,paritaria,SCUOLA PRIMARIA,3,CE1E036006,COOPERATIVA SOCIALE GRASSI,CASTEL VOLTURNO,CASERTA,CAMPANIA,SCUOLA PRIMARIA NON STATALE,,3,capacita_esaurita_o_oltre_max_km
202425,1.0,42,paritaria,SCUOLA PRIMARIA,3,PO1E00700X,SCUOLA PRIMARIA CUORE IMMACOLATO DI MARIA,PRATO,PRATO,TOSCANA,SCUOLA PRIMARIA NON STATALE,,2,capacita_esaurita_o_oltre_max_km
202425,1.0,42,paritaria,SCUOLA PRIMARIA,3,BG1E01700E,"ISTITUTO ""ANGELO CUSTODE""",PREDORE,BERGAMO,LOMBARDIA,SCUOLA PRIMARIA NON STATALE,,1,capacita_esaurita_o_oltre_max_km
202425,1.0,42,paritaria,SCUOLA PRIMARIA,3,PO1E00300L,CONSERVATORIO SAN NICCOLO',PRATO,PRATO,TOSCANA,SCUOLA PRIMARIA NON STATALE,,1,capacita_esaurita_o_oltre_max_km
202425,1.0,42,paritaria,SCUOLA PRIMARIA,3,PO1E006004,MARIA IMMACOLATA,PRATO,PRATO,TOSCANA,SCUOLA PRIMARIA NON STATALE,,1,capacita_esaurita_o_oltre_max_km
202425,1.0,42,paritaria,SCUOLA PRIMARIA,3,PO1E00900G,SAN GIOVANNI BOSCO,PRATO,PRATO,TOSCANA,SCUOLA PRIMARIA NON STATALE,,1,capacita_esaurita_o_oltre_max_km
202425,1.0,42,paritaria,SCUOLA PRIMARIA,4,PO1EHR500Z,PAOLO ARS GENIUS,PRATO,PRATO,TOSCANA,SCUOLA PRIMARIA NON STATALE,,7,capacita_esaurita_o_oltre_max_km
202425,1.0,42,paritaria,SCUOLA PRIMARIA,4,BG1E01700E,"ISTITUTO ""ANGELO CUSTODE""",PREDORE,BERGAMO,LOMBARDIA,SCUOLA PRIMARIA NON STATALE,,3,capacita_esaurita_o_oltre_max_km
202425,1.0,42,paritaria,SCUOLA PRIMARIA,4,TO1E047001,INTERNATIONAL SCHOOL OF TURIN,CHIERI,TORINO,PIEMONTE,SCUOLA PRIMARIA NON STATALE,,5,capacita_esaurita_o_oltre_max_km
202425,1.0,42,paritaria,SCUOLA PRIMARIA,4,CE1E036006,COOPERATIVA SOCIALE GRASSI,CASTEL VOLTURNO,CASERTA,CAMPANIA,SCUOLA PRIMARIA NON STATALE,,4,capacita_esaurita_o_oltre_max_km
202425,1.0,42,paritaria,SCUOLA PRIMARIA,4,PO1E01700E,SCUOLA PRIMARIA SANTA CATERINA DE' RICCI,PRATO,PRATO,TOSCANA,SCUOLA PRIMARIA NON STATALE,,5,capacita_esaurita_o_oltre_max_km
202425,1.0,42,paritaria,SCUOLA PRIMARIA,4,PO1E00700X,SCUOLA PRIMARIA CUORE IMMACOLATO DI MARIA,PRATO,PRATO,TOSCANA,SCUOLA PRIMARIA NON STATALE,,2,capacita_esaurita_o_oltre_max_km
202425,1.0,42,paritaria,SCUOLA PRIMARIA,4,KR1E002001,"SCUOLA ELEMENTARE PARITARIA ""ANTONIA MARIA VERNA""",ISOLA DI CAPO RIZZUTO,CROTONE,CALABRIA,SCUOLA PRIMARIA NON STATALE,,1,capacita_esaurita_o_oltre_max_km
202425,1.0,42,paritaria,SCUOLA PRIMARIA,4,TR1E00100P,ISTITUTO LEONINO PRIMARIA,TERNI,TERNI,UMBRIA,SCUOLA PRIMARIA NON STATALE,,1,capacita_esaurita_o_oltre_max_km
202425,1.0,42,paritaria,SCUOLA PRIMARIA,5,NA1E18100V,IINTERNATIONAL SCHOOL S.R.L. IMPRESA SOCIALE,GIUGLIANO IN CAMPANIA,NAPOLI,CAMPANIA,SCUOLA PRIMARIA NON STATALE,,11,capacita_esaurita_o_oltre_max_km
202425,1.0,42,paritaria,SCUOLA PRIMARIA,5,LU1ETH500S,EDUCA INTERNATIONAL SCHOOL VERSILIA S.R.L.,CAMAIORE,LUCCA,TOSCANA,SCUOLA PRIMARIA NON STATALE,,5,capacita_esaurita_o_oltre_max_km
202425,1.0,42,paritaria,SCUOLA PRIMARIA,5,NA1E214001,SALVATORE BELLO SOCIETA' COOP. A R.L.,TRECASE,NAPOLI,CAMPANIA,SCUOLA PRIMARIA NON STATALE,,2,capacita_esaurita_o_oltre_max_km
202425,1.0,42,paritaria,SCUOLA PRIMARIA,5,PO1E005008,DON BOSCO,PRATO,PRATO,TOSCANA,SCUOLA PRIMARIA NON STATALE,,2,capacita_esaurita_o_oltre_max_km
202425,1.0,42,paritaria,SCUOLA PRIMARIA,5,TO1E047001,INTERNATIONAL SCHOOL OF TURIN,CHIERI,TORINO,PIEMONTE,SCUOLA PRIMARIA NON STATALE,,1,capacita_esaurita_o_oltre_max_km
202425,1.0,42,paritaria,SCUOLA PRIMARIA,5,PO1EHR500Z,PAOLO ARS GENIUS,PRATO,PRATO,TOSCANA,SCUOLA PRIMARIA NON STATALE,,4,capacita_esaurita_o_oltre_max_km
202425,1.0,42,paritaria,SCUOLA PRIMARIA,5,BG1E01700E,"ISTITUTO ""ANGELO CUSTODE""",PREDORE,BERGAMO,LOMBARDIA,SCUOLA PRIMARIA NON STATALE,,3,capacita_esaurita_o_oltre_max_km
202425,1.0,42,paritaria,SCUOLA PRIMARIA,5,NA1E205006,PARILANDIA S.R.L. IMPRESA SOCIALE,PALMA CAMPANIA,NAPOLI,CAMPANIA,SCUOLA PRIMARIA NON STATALE,,2,capacita_esaurita_o_oltre_max_km
202425,1.0,42,paritaria,SCUOLA PRIMARIA,5,PO1E01700E,SCUOLA PRIMARIA SANTA CATERINA DE' RICCI,PRATO,PRATO,TOSCANA,SCUOLA PRIMARIA NON STATALE,,3,capacita_esaurita_o_oltre_max_km
202425,1.0,42,paritaria,SCUOLA PRIMARIA,5,CB1E002007,"SCUOLA ELEMENTARE PARIFICATA PARITARIA ""N.M.CAMPOLIETI""",TERMOLI,CAMPOBASSO,MOLISE,SCUOLA PRIMARIA NON STATALE,,1,capacita_esaurita_o_oltre_max_km
202425,1.0,42,paritaria,SCUOLA PRIMARIA,5,CZ1E00400N,"SCUOLA PRIMARIA ""MARIA IMMACOLATA""",CATANZARO,CATANZARO,CALABRIA,SCUOLA PRIMARIA NON STATALE,,1,capacita_esaurita_o_oltre_max_km
202425,1.0,42,paritaria,SCUOLA PRIMARIA,5,PO1E00900G,SAN GIOVANNI BOSCO,PRATO,PRATO,TOSCANA,SCUOLA PRIMARIA NON STATALE,,1,capacita_esaurita_o_oltre_max_km
202425,1.0,42,paritaria,SCUOLA PRIMARIA,5,PO1E00700X,SCUOLA PRIMARIA CUORE IMMACOLATO DI MARIA,PRATO,PRATO,TOSCANA,SCUOLA PRIMARIA NON STATALE,,2,capacita_esaurita_o_oltre_max_km
202425,1.0,42,paritaria,SCUOLA SECONDARIA I GRADO,1,CT1M011009,LIBERTINI RAFFAELE,GRAMMICHELE,CATANIA,SICILIA,SCUOLA SEC. PRIMO GRADO NON STATALE,,24,capacita_esaurita_o_oltre_max_km
202425,1.0,42,paritaria,SCUOLA SECONDARIA I GRADO,1,NA1M26500L,INTERNATIONAL SCHOOL OF LAGO PATRIA BY CHILDHOOD EDUCATION,GIUGLIANO IN CAMPANIA,NAPOLI,CAMPANIA,SCUOLA SEC. PRIMO GRADO NON STATALE,,7,capacita_esaurita_o_oltre_max_km
202425,1.0,42,paritaria,SCUOLA SECONDARIA I GRADO,1,LU1M8R500T,SCUOLA MEDIA INTERNAZIONALE,LUCCA,LUCCA,TOSCANA,SCUOLA SEC. PRIMO GRADO NON STATALE,,7,capacita_esaurita_o_oltre_max_km
202425,1.0,42,paritaria,SCUOLA SECONDARIA I GRADO,1,PG1M00500G,SCUOLA MEDIA M.ANTONIETTA PAOLINI,PERUGIA,PERUGIA,UMBRIA,SCUOLA SEC. PRIMO GRADO NON STATALE,,1,capacita_esaurita_o_oltre_max_km
202425,1.0,42,paritaria,SCUOLA SECONDARIA I GRADO,1,SA1M01100B,NEW KENNEDY,SARNO,SALERNO,CAMPANIA,SCUOLA SEC. PRIMO GRADO NON STATALE,,1,capacita_esaurita_o_oltre_max_km
202425,1.0,42,paritaria,SCUOLA SECONDARIA I GRADO,1,PV1M004002,"SCUOLA SECONDARIA DI PRIMO GRADO ""SACRA FAMIGLIA""",VOGHERA,PAVIA,LOMBARDIA,SCUOLA SEC. PRIMO GRADO NON STATALE,,1,capacita_esaurita_o_oltre_max_km
202425,1.0,42,paritaria,SCUOLA SECONDARIA I GRADO,1,NA1MR7500R,ISTITUTO TEODORO MONTICELLI,GIUGLIANO IN CAMPANIA,NAPOLI,CAMPANIA,SCUOLA SEC. PRIMO GRADO NON STATALE,,1,capacita_esaurita_o_oltre_max_km
202425,1.0,42,paritaria,SCUOLA SECONDARIA I GRADO,2,LT1MZZ500E,C.P.I.A. Lenola,LENOLA,LATINA,LAZIO,SCUOLA SEC. PRIMO GRADO NON STATALE,,11,capacita_esaurita_o_oltre_max_km
202425,1.0,42,paritaria,SCUOLA SECONDARIA I GRADO,2,NA1M26500L,INTERNATIONAL SCHOOL OF LAGO PATRIA BY CHILDHOOD EDUCATION,GIUGLIANO IN CAMPANIA,NAPOLI,CAMPANIA,SCUOLA SEC. PRIMO GRADO NON STATALE,,14,capacita_esaurita_o_oltre_max_km
202425,1.0,42,paritaria,SCUOLA SECONDARIA I GRADO,2,SA1M01100B,NEW KENNEDY,SARNO,SALERNO,CAMPANIA,SCUOLA SEC. PRIMO GRADO NON STATALE,,2,capacita_esaurita_o_oltre_max_km
202425,1.0,42,paritaria,SCUOLA SECONDARIA I GRADO,2,FI1M00500D,"""ISTITUTO CALASANZIO""",EMPOLI,FIRENZE,TOSCANA,SCUOLA SEC. PRIMO GRADO NON STATALE,,2,capacita_esaurita_o_oltre_max_km
202425,1.0,42,paritaria,SCUOLA SECONDARIA I GRADO,2,FI1M029002,"""BEATA GIOVANNA""",SIGNA,FIRENZE,TOSCANA,SCUOLA SEC. PRIMO GRADO NON STATALE,,7,capacita_esaurita_o_oltre_max_km
202425,1.0,42,paritaria,SCUOLA SECONDARIA I GRADO,2,IM1M00500T,MATER MISERICORDIAE,SANREMO,IMPERIA,LIGURIA,SCUOLA SEC. PRIMO GRADO NON STATALE,,2,capacita_esaurita_o_oltre_max_km
202425,1.0,42,paritaria,SCUOLA SECONDARIA I GRADO,2,NA1MR7500R,ISTITUTO TEODORO MONTICELLI,GIUGLIANO IN CAMPANIA,NAPOLI,CAMPANIA,SCUOLA SEC. PRIMO GRADO NON STATALE,,1,capacita_esaurita_o_oltre_max_km
202425,1.0,42,paritaria,SCUOLA SECONDARIA I GRADO,2,LU1M8R500T,SCUOLA MEDIA INTERNAZIONALE,LUCCA,LUCCA,TOSCANA,SCUOLA SEC. PRIMO GRADO NON STATALE,,3,capacita_esaurita_o_oltre_max_km
202425,1.0,42,paritaria,SCUOLA SECONDARIA I GRADO,2,LU1M7F5008,EDUCA INTERNATIONAL SCHOOL VERSILIA S.R.L.,CAMAIORE,LUCCA,TOSCANA,SCUOLA SEC. PRIMO GRADO NON STATALE,,1,capacita_esaurita_o_oltre_max_km
202425,1.0,42,paritaria,SCUOLA SECONDARIA I GRADO,3,NA1M26500L,INTERNATIONAL SCHOOL OF LAGO PATRIA BY CHILDHOOD EDUCATION,GIUGLIANO IN CAMPANIA,NAPOLI,CAMPANIA,SCUOLA SEC. PRIMO GRADO NON STATALE,,6,capacita_esaurita_o_oltre_max_km
202425,1.0,42,paritaria,SCUOLA SECONDARIA I GRADO,3,AP1MUQ500M,Scuola secondaria I grado Giovanni Paolo II,FERMO,FERMO,MARCHE,SCUOLA SEC. PRIMO GRADO NON STATALE,,2,capacita_esaurita_o_oltre_max_km
202425,1.0,42,paritaria,SCUOLA SECONDARIA I GRADO,3,NA1MT6500T,Parilandia,PALMA CAMPANIA,NAPOLI,CAMPANIA,SCUOLA SEC. PRIMO GRADO NON STATALE,,1,capacita_esaurita_o_oltre_max_km
202425,1.0,42,paritaria,SCUOLA SECONDARIA I GRADO,3,PI1M001001,ISTITUTO ARCIVESCOVILE SANTA CATERINA,PISA,PISA,TOSCANA,SCUOLA SEC. PRIMO GRADO NON STATALE,,1,capacita_esaurita_o_oltre_max_km
202425,1.0,42,paritaria,SCUOLA SECONDARIA II GRADO,1,AVTFV2500P,Bruno Amirante - Ist Tecnico-set Tecnologico-ind Meccanica Meccatronica Energia,ROTONDI,AVELLINO,CAMPANIA,SCUOLA SEC. SECONDO GRADO NON STATALE,,15,capacita_esaurita_o_oltre_max_km
202425,1.0,42,paritaria,SCUOLA SECONDARIA II GRADO,1,RGPL025009,LICEO LINGUISTICO PARITARIO LANZA,VITTORIA,RAGUSA,SICILIA,SCUOLA SEC. SECONDO GRADO NON STATALE,,8,capacita_esaurita_o_oltre_max_km
202425,1.0,42,paritaria,SCUOLA SECONDARIA II GRADO,1,MERHOV500E,ISTITUTO PROFESSIONALE PARITARIO,RODI' MILICI,MESSINA,SICILIA,SCUOLA SEC. SECONDO GRADO NON STATALE,,6,capacita_esaurita_o_oltre_max_km
202425,1.0,42,paritaria,SCUOLA SECONDARIA II GRADO,1,MCTD00500B,"ISTITUTO TECNICO COMMERCIALE""IRENEO ALEANDRI""",MACERATA,MACERATA,MARCHE,SCUOLA SEC. SECONDO GRADO NON STATALE,,2,capacita_esaurita_o_oltre_max_km
202425,1.0,42,paritaria,SCUOLA SECONDARIA II GRADO,1,LUPMRC5008,EDUCA INTERNATIONAL SCHOOL VERSILIA S.R.L.,CAMAIORE,LUCCA,TOSCANA,SCUOLA SEC. SECONDO GRADO NON STATALE,,4,capacita_esaurita_o_oltre_max_km
202425,1.0,42,paritaria,SCUOLA SECONDARIA II GRADO,1,RGTD105002,I.T.C. PARITARIO DANTE ALIGHIERI,RAGUSA,RAGUSA,SICILIA,SCUOLA SEC. SECONDO GRADO NON STATALE,,3,capacita_esaurita_o_oltre_max_km
202425,1.0,42,paritaria,SCUOLA SECONDARIA II GRADO,1,NAPS5M500T,INTERNATIONAL SCHOOL OF LAGO PATRIA,GIUGLIANO IN CAMPANIA,NAPOLI,CAMPANIA,SCUOLA SEC. SECONDO GRADO NON STATALE,,5,capacita_esaurita_o_oltre_max_km
202425,1.0,42,paritaria,SCUOLA SECONDARIA II GRADO,1,BATD665005,SAN GIOVANNI BATTISTA DE LA SALLE,SANTERAMO IN COLLE,BARI,PUGLIA,SCUOLA SEC. SECONDO GRADO NON STATALE,,1,capacita_esaurita_o_oltre_max_km
202425,1.0,42,paritaria,SCUOLA SECONDARIA II GRADO,1,MCPL0P500L,LICEO LINGUISTICO I.ALEANDRI,MACERATA,MACERATA,MARCHE,SCUOLA SEC. SECONDO GRADO NON STATALE,,1,capacita_esaurita_o_oltre_max_km
202425,1.0,42,paritaria,SCUOLA SECONDARIA II GRADO,1,MCPSL3500U,"L. SCIENTIFICO OPZ.SCIENZE APPLICATE ""ALEANDRI""",MACERATA,MACERATA,MARCHE,SCUOLA SEC. SECONDO GRADO NON STATALE,,1,capacita_esaurita_o_oltre_max_km
202425,1.0,42,paritaria,SCUOLA SECONDARIA II GRADO,1,CTSD015003,LICEO ARTISTICO REGIONALE,GRAMMICHELE,CATANIA,SICILIA,SCUOLA SEC. SECONDO GRADO NON STATALE,,11,capacita_esaurita_o_oltre_max_km
202425,1.0,42,paritaria,SCUOLA SECONDARIA II GRADO,1,APPCU15007,Liceo delle Scienze Umane opz.economico-sociale LO.VI.S.S.,FERMO,FERMO,MARCHE,SCUOLA SEC. SECONDO GRADO NON STATALE,,1,capacita_esaurita_o_oltre_max_km
202425,1.0,42,paritaria,SCUOLA SECONDARIA II GRADO,1,LUPS025006,LICEO SCIENTIFICO QUADRIENNALE INTERNAZIONALE,LUCCA,LUCCA,TOSCANA,SCUOLA SEC. SECONDO GRADO NON STATALE,,1,capacita_esaurita_o_oltre_max_km
202425,1.0,42,paritaria,SCUOLA SECONDARIA II GRADO,2,NAPS5M500T,INTERNATIONAL SCHOOL OF LAGO PATRIA,GIUGLIANO IN CAMPANIA,NAPOLI,CAMPANIA,SCUOLA SEC. SECONDO GRADO NON STATALE,,14,capacita_esaurita_o_oltre_max_km
202425,1.0,42,paritaria,SCUOLA SECONDARIA II GRADO,2,BNTFM4500B,"""New Montessori s.r.l. """,MONTESARCHIO,BENEVENTO,CAMPANIA,SCUOLA SEC. SECONDO GRADO NON STATALE,,2,capacita_esaurita_o_oltre_max_km
202425,1.0,42,paritaria,SCUOLA SECONDARIA II GRADO,2,CSTN015007,IST.TEC. PER IL TURISMO - COOPERATIVA TORRENAVE,TORTORA,COSENZA,CALABRIA,SCUOLA SEC. SECONDO GRADO NON STATALE,,2,capacita_esaurita_o_oltre_max_km
202425,1.0,42,paritaria,SCUOLA SECONDARIA II GRADO,2,POPS9T5004,ISTITUTO LEONARDO DA VINCI,PRATO,PRATO,TOSCANA,SCUOLA SEC. SECONDO GRADO NON STATALE,,5,capacita_esaurita_o_oltre_max_km
202425,1.0,42,paritaria,SCUOLA SECONDARIA II GRADO,2,ANTD02500V,LA NUOVA SECONDARIA,JESI,ANCONA,MARCHE,SCUOLA SEC. SECONDO GRADO NON STATALE,,3,capacita_esaurita_o_oltre_max_km
202425,1.0,42,paritaria,SCUOLA SECONDARIA II GRADO,2,RARI015004,IPSIA FOSCOLO,FAENZA,RAVENNA,EMILIA ROMAGNA,SCUOLA SEC. SECONDO GRADO NON STATALE,,1,capacita_esaurita_o_oltre_max_km
202425,1.0,42,paritaria,SCUOLA SECONDARIA II GRADO,2,RMPLCV500U,MORAVIA,GUIDONIA MONTECELIO,ROMA,LAZIO,SCUOLA SEC. SECONDO GRADO NON STATALE,,1,capacita_esaurita_o_oltre_max_km
202425,1.0,42,paritaria,SCUOLA SECONDARIA II GRADO,2,RNTL025002,MICHELANGELO,RIMINI,RIMINI,EMILIA ROMAGNA,SCUOLA SEC. SECONDO GRADO NON STATALE,,1,capacita_esaurita_o_oltre_max_km
202425,1.0,42,paritaria,SCUOLA SECONDARIA II GRADO,2,ANTD03500D,CAGGIARI,ANCONA,ANCONA,MARCHE,SCUOLA SEC. SECONDO GRADO NON STATALE,,1,capacita_esaurita_o_oltre_max_km
202425,1.0,42,paritaria,SCUOLA SECONDARIA II GRADO,2,PRTD02500N,"ECONOMICO AMM. FINANZE MARKETING ""SUOR M.LAURA MAINETTI""",TRAVERSETOLO,PARMA,EMILIA ROMAGNA,SCUOLA SEC. SECONDO GRADO NON STATALE,,1,capacita_esaurita_o_oltre_max_km
202425,1.0,42,paritaria,SCUOLA SECONDARIA II GRADO,2,RNRCCE500C,ISTRUZIONE PROFESSIONALE MAESTRE PIE - SERVIZI COMMERCIALI,RIMINI,RIMINI,EMILIA ROMAGNA,SCUOLA SEC. SECONDO GRADO NON STATALE,,2,capacita_esaurita_o_oltre_max_km
202425,1.0,42,paritaria,SCUOLA SECONDARIA II GRADO,2,METD065008,XXIV MAGGIO 1915,TAORMINA,MESSINA,SICILIA,SCUOLA SEC. SECONDO GRADO NON STATALE,,1,capacita_esaurita_o_oltre_max_km
202425,1.0,42,paritaria,SCUOLA SECONDARIA II GRADO,2,RGPS98500R,dante alighieri,RAGUSA,RAGUSA,SICILIA,SCUOLA SEC. SECONDO GRADO NON STATALE,,1,capacita_esaurita_o_oltre_max_km
202425,1.0,42,paritaria,SCUOLA SECONDARIA II GRADO,2,RGRHH6500Z,"IST.PROF.SERVIZI ENOGASTRONOMIA E OSPITALITA' ALBERGHIERA "" LA CULTURA""",COMISO,RAGUSA,SICILIA,SCUOLA SEC. SECONDO GRADO NON STATALE,,1,capacita_esaurita_o_oltre_max_km
202425,1.0,42,paritaria,SCUOLA SECONDARIA II GRADO,2,TOTB025006,LINDBERGH ACADEMY TURIN AIRPORT,CASELLE TORINESE,TORINO,PIEMONTE,SCUOLA SEC. SECONDO GRADO NON STATALE,,1,capacita_esaurita_o_oltre_max_km
202425,1.0,42,paritaria,SCUOLA SECONDARIA II GRADO,3,RNTL025002,MICHELANGELO,RIMINI,RIMINI,EMILIA ROMAGNA,SCUOLA SEC. SECONDO GRADO NON STATALE,,1,capacita_esaurita_o_oltre_max_km
202425,1.0,42,paritaria,SCUOLA SECONDARIA II GRADO,3,NAPS5M500T,INTERNATIONAL SCHOOL OF LAGO PATRIA,GIUGLIANO IN CAMPANIA,NAPOLI,CAMPANIA,SCUOLA SEC. SECONDO GRADO NON STATALE,,10,capacita_esaurita_o_oltre_max_km
202425,1.0,42,paritaria,SCUOLA SECONDARIA II GRADO,3,RNPM015006,LICEO DELLE SCIENZE UMANE PARITARIO MAESTRE PIE,RIMINI,RIMINI,EMILIA ROMAGNA,SCUOLA SEC. SECONDO GRADO NON STATALE,,5,capacita_esaurita_o_oltre_max_km
202425,1.0,42,paritaria,SCUOLA SECONDARIA II GRADO,3,POPS9T5004,ISTITUTO LEONARDO DA VINCI,PRATO,PRATO,TOSCANA,SCUOLA SEC. SECONDO GRADO NON STATALE,,1,capacita_esaurita_o_oltre_max_km
202425,1.0,42,paritaria,SCUOLA SECONDARIA II GRADO,3,MCPL0P500L,LICEO LINGUISTICO I.ALEANDRI,MACERATA,MACERATA,MARCHE,SCUOLA SEC. SECONDO GRADO NON STATALE,,1,capacita_esaurita_o_oltre_max_km
202425,1.0,42,paritaria,SCUOLA SECONDARIA II GRADO,3,RGRHL4500A,GESUALDO BUFALINO,COMISO,RAGUSA,SICILIA,SCUOLA SEC. SECONDO GRADO NON STATALE,,1,capacita_esaurita_o_oltre_max_km
202425,1.0,42,paritaria,SCUOLA SECONDARIA II GRADO,3,RNRCCE500C,ISTRUZIONE PROFESSIONALE MAESTRE PIE - SERVIZI COMMERCIALI,RIMINI,RIMINI,EMILIA ROMAGNA,SCUOLA SEC. SECONDO GRADO NON STATALE,,1,capacita_esaurita_o_oltre_max_km
202425,1.0,42,paritaria,SCUOLA SECONDARIA II GRADO,4,NAPS5M500T,INTERNATIONAL SCHOOL OF LAGO PATRIA,GIUGLIANO IN CAMPANIA,NAPOLI,CAMPANIA,SCUOLA SEC. SECONDO GRADO NON STATALE,,3,capacita_esaurita_o_oltre_max_km
202425,1.0,42,paritaria,SCUOLA SECONDARIA II GRADO,4,RGPL025009,LICEO LINGUISTICO PARITARIO LANZA,VITTORIA,RAGUSA,SICILIA,SCUOLA SEC. SECONDO GRADO NON STATALE,,2,capacita_esaurita_o_oltre_max_km
202425,1.0,42,paritaria,SCUOLA SECONDARIA II GRADO,4,MTTD01500D,VOLTA,POLICORO,MATERA,BASILICATA,SCUOLA SEC. SECONDO GRADO NON STATALE,,1,capacita_esaurita_o_oltre_max_km
202425,1.0,42,paritaria,SCUOLA SECONDARIA II GRADO,4,RNTL025002,MICHELANGELO,RIMINI,RIMINI,EMILIA ROMAGNA,SCUOLA SEC. SECONDO GRADO NON STATALE,,1,capacita_esaurita_o_oltre_max_km
202425,1.0,42,statale,SCUOLA PRIMARIA,1,SAEE87202C,S. PIETRO,POLLA,SALERNO,CAMPANIA,SCUOLA PRIMARIA,primaria,20,capacita_esaurita_o_oltre_max_km
202425,1.0,42,statale,SCUOLA PRIMARIA,1,GOEE80302R,E. TOTI,MONFALCONE,GORIZIA,FRIULI-VENEZIA G.,SCUOLA PRIMARIA,primaria,17,capacita_esaurita_o_oltre_max_km
202425,1.0,42,statale,SCUOLA PRIMARIA,1,ALEE809035,"""V.ALFIERI"" - STREVI",STREVI,ALESSANDRIA,PIEMONTE,SCUOLA PRIMARIA,primaria,8,capacita_esaurita_o_oltre_max_km
202425,1.0,42,statale,SCUOLA PRIMARIA,1,REEE82405R,COLLODI,REGGIO NELL'EMILIA,REGGIO EMILIA,EMILIA ROMAGNA,SCUOLA PRIMARIA,primaria,14,capacita_esaurita_o_oltre_max_km
202425,1.0,42,statale,SCUOLA PRIMARIA,1,GOEE80301Q,N. SAURO,MONFALCONE,GORIZIA,FRIULI-VENEZIA G.,SCUOLA PRIMARIA,primaria,26,capacita_esaurita_o_oltre_max_km
202425,1.0,42,statale,SCUOLA PRIMARIA,1,MTEE83503D,"""RODARI""-METAPONTO BERNALDA",BERNALDA,MATERA,BASILICATA,SCUOLA PRIMARIA,primaria,9,capacita_esaurita_o_oltre_max_km
202425,1.0,42,statale,SCUOLA PRIMARIA,1,GREE817084,POMONTE,SCANSANO,GROSSETO,TOSCANA,SCUOLA PRIMARIA,primaria,7,capacita_esaurita_o_oltre_max_km
202425,1.0,42,statale,SCUOLA PRIMARIA,1,IMEE81002V,SC. PRIM. T. LITTARDI,IMPERIA,IMPERIA,LIGURIA,SCUOLA PRIMARIA,primaria,27,capacita_esaurita_o_oltre_max_km
202425,1.0,42,statale,SCUOLA PRIMARIA,1,CREE80001R,SCUOLA PRIMARIA SORESINA,SORESINA,CREMONA,LOMBARDIA,SCUOLA PRIMARIA,primaria,45,capacita_esaurita_o_oltre_max_km
202425,1.0,42,statale,SCUOLA PRIMARIA,1,GOEE80401G,T.C. AMELIO CUZZI,MONFALCONE,GORIZIA,FRIULI-VENEZIA G.,SCUOLA PRIMARIA,primaria,22,capacita_esaurita_o_oltre_max_km
202425,1.0,42,statale,SCUOLA PRIMARIA,1,ALEE811068,"PONTESTURA ""C.PALAZZO""",PONTESTURA,ALESSANDRIA,PIEMONTE,SCUOLA PRIMARIA,primaria,6,capacita_esaurita_o_oltre_max_km
202425,1.0,42,statale,SCUOLA PRIMARIA,1,CHEE034023,CARPINETO SINELLO CAPOLUOGO,CARPINETO SINELLO,CHIETI,ABRUZZO,SCUOLA PRIMARIA,primaria,3,capacita_esaurita_o_oltre_max_km
202425,1.0,42,statale,SCUOLA PRIMARIA,1,CSEE85801X,CIVITA - CENTRO,CIVITA,COSENZA,CALABRIA,SCUOLA PRIMARIA,primaria,1,capacita_esaurita_o_oltre_max_km
202425,1.0,42,statale,SCUOLA PRIMARIA,1,VEEE87202R,SILVIO PELLICO-ALTOBELLO,VENEZIA,VENEZIA,VENETO,SCUOLA PRIMARIA,primaria,9,capacita_esaurita_o_oltre_max_km
202425,1.0,42,statale,SCUOLA PRIMARIA,1,BSEE881025,PRIMARIA UNGARETTI BRESCIA,BRESCIA,BRESCIA,LOMBARDIA,SCUOLA PRIMARIA,primaria,5,capacita_esaurita_o_oltre_max_km
202425,1.0,42,statale,SCUOLA PRIMARIA,1,VEEE87301G,LEONARDO DA VINCI,VENEZIA,VENEZIA,VENETO,SCUOLA PRIMARIA,primaria,12,capacita_esaurita_o_oltre_max_km
202425,1.0,42,statale,SCUOLA PRIMARIA,1,REEE84102B,DANTE ALIGHIERI,REGGIO NELL'EMILIA,REGGIO EMILIA,EMILIA ROMAGNA,SCUOLA PRIMARIA,primaria,12,capacita_esaurita_o_oltre_max_km
202425,1.0,42,statale,SCUOLA PRIMARIA,1,PCEE00301N,G.TAVERNA,PIACENZA,PIACENZA,EMILIA ROMAGNA,SCUOLA PRIMARIA,primaria,14,capacita_esaurita_o_oltre_max_km
202425,1.0,42,statale,SCUOLA PRIMARIA,1,REEE84703B,G. ZIBORDI,REGGIO NELL'EMILIA,REGGIO EMILIA,EMILIA ROMAGNA,SCUOLA PRIMARIA,primaria,21,capacita_esaurita_o_oltre_max_km
202425,1.0,42,statale,SCUOLA PRIMARIA,1,REEE84602E,ADA NEGRI,REGGIO NELL'EMILIA,REGGIO EMILIA,EMILIA ROMAGNA,SCUOLA PRIMARIA,primaria,11,capacita_esaurita_o_oltre_max_km
202425,1.0,42,statale,SCUOLA PRIMARIA,1,PNEE814014,"PASIANO-CAP. ""DANTE ALIGHIERI""",PASIANO DI PORDENONE,PORDENONE,FRIULI-VENEZIA G.,SCUOLA PRIMARIA,primaria,16,capacita_esaurita_o_oltre_max_km
202425,1.0,42,statale,SCUOLA PRIMARIA,1,ROEE81505E,DANTE ALIGHIERI - PAPOZZE,PAPOZZE,ROVIGO,VENETO,SCUOLA PRIMARIA,primaria,3,capacita_esaurita_o_oltre_max_km
202425,1.0,42,statale,SCUOLA PRIMARIA,1,GOEE80303T,DUCA D'AOSTA,MONFALCONE,GORIZIA,FRIULI-VENEZIA G.,SCUOLA PRIMARIA,primaria,39,capacita_esaurita_o_oltre_max_km
202425,1.0,42,statale,SCUOLA PRIMARIA,1,PVEE808085,ZEME,ZEME,PAVIA,LOMBARDIA,SCUOLA PRIMARIA,primaria,2,capacita_esaurita_o_oltre_max_km
202425,1.0,42,statale,SCUOLA PRIMARIA,1,RCEE82907R,DON TEODORO RIGITANO CAMINI,CAMINI,REGGIO CALABRIA,CALABRIA,SCUOLA PRIMARIA,primaria,4,capacita_esaurita_o_oltre_max_km
202425,1.0,42,statale,SCUOLA PRIMARIA,1,VEEE870025,M.L. VISINTINI-MARGHERA,VENEZIA,VENEZIA,VENETO,SCUOLA PRIMARIA,primaria,31,capacita_esaurita_o_oltre_max_km
202425,1.0,42,statale,SCUOLA PRIMARIA,1,TOEE8B802A,IC GABELLI - PESTALOZZI,TORINO,TORINO,PIEMONTE,SCUOLA PRIMARIA,primaria,32,capacita_esaurita_o_oltre_max_km
202425,1.0,42,statale,SCUOLA PRIMARIA,1,FEEE81406P,E.DE AMICIS-MASSAFISCAGLIA,FISCAGLIA,FERRARA,EMILIA ROMAGNA,SCUOLA PRIMARIA,primaria,8,capacita_esaurita_o_oltre_max_km
202425,1.0,42,statale,SCUOLA PRIMARIA,1,MOEE06003D,"""JACOPO BAROZZI"" VIGNOLA",VIGNOLA,MODENA,EMILIA ROMAGNA,SCUOLA PRIMARIA,primaria,12,capacita_esaurita_o_oltre_max_km
202425,1.0,42,statale,SCUOLA PRIMARIA,1,VEEE846017,F. QUERINI,VENEZIA,VENEZIA,VENETO,SCUOLA PRIMARIA,primaria,31,capacita_esaurita_o_oltre_max_km
202425,1.0,42,statale,SCUOLA PRIMARIA,1,PREE83801C,BRUNO FERRARI,LANGHIRANO,PARMA,EMILIA ROMAGNA,SCUOLA PRIMARIA,primaria,38,capacita_esaurita_o_oltre_max_km
202425,1.0,42,statale,SCUOLA PRIMARIA,1,BSEE816011,"BRESCIA ""MANZONI""",BRESCIA,BRESCIA,LOMBARDIA,SCUOLA PRIMARIA,primaria,7,capacita_esaurita_o_oltre_max_km
202425,1.0,42,statale,SCUOLA PRIMARIA,1,GEEE818033,S.EL.MALINVERNI ISOLA DEL C.,ISOLA DEL CANTONE,GENOVA,LIGURIA,SCUOLA PRIMARIA,primaria,4,capacita_esaurita_o_oltre_max_km
202425,1.0,42,statale,SCUOLA PRIMARIA,1,GREE82106N,CAPALBIO SCALO,CAPALBIO,GROSSETO,TOSCANA,SCUOLA PRIMARIA,primaria,2,capacita_esaurita_o_oltre_max_km
202425,1.0,42,statale,SCUOLA PRIMARIA,1,LIEE80702Q,SC. PRIMARIA LA VOCE DEL BOSCO,SASSETTA,LIVORNO,TOSCANA,SCUOLA PRIMARIA,primaria,2,capacita_esaurita_o_oltre_max_km
202425,1.0,42,statale,SCUOLA PRIMARIA,1,MNEE83101N,CICOGNARA,VIADANA,MANTOVA,LOMBARDIA,SCUOLA PRIMARIA,primaria,3,capacita_esaurita_o_oltre_max_km
202425,1.0,42,statale,SCUOLA PRIMARIA,1,RIEE807038,FRAZ. S. LUCIA,FIAMIGNANO,RIETI,LAZIO,SCUOLA PRIMARIA,primaria,2,capacita_esaurita_o_oltre_max_km
202425,1.0,42,statale,SCUOLA PRIMARIA,1,SAEE83902R,ANGELO PATRI - AVERSANA,BATTIPAGLIA,SALERNO,CAMPANIA,SCUOLA PRIMARIA,primaria,10,capacita_esaurita_o_oltre_max_km
202425,1.0,42,statale,SCUOLA PRIMARIA,1,VREE882023,LUDOVICO ARIOSTO-VR 11,VERONA,VERONA,VENETO,SCUOLA PRIMARIA,primaria,2,capacita_esaurita_o_oltre_max_km
202425,1.0,42,statale,SCUOLA PRIMARIA,1,BSEE88501B,PRIMARIA VOLTA BRESCIA,BRESCIA,BRESCIA,LOMBARDIA,SCUOLA PRIMARIA,primaria,8,capacita_esaurita_o_oltre_max_km
202425,1.0,42,statale,SCUOLA PRIMARIA,1,MIEE8AF024,PRIMARIA VIA A. GRAF 70,MILANO,MILANO,LOMBARDIA,SCUOLA PRIMARIA,primaria,4,capacita_esaurita_o_oltre_max_km
202425,1.0,42,statale,SCUOLA PRIMARIA,1,TOEE8BD023,I.C. ILARIA ALPI - DELEDDA,TORINO,TORINO,PIEMONTE,SCUOLA PRIMARIA,primaria,4,capacita_esaurita_o_oltre_max_km
202425,1.0,42,statale,SCUOLA PRIMARIA,1,FEEE824014,"""MARIA MONTESSORI"" - PORTOMAGGI",PORTOMAGGIORE,FERRARA,EMILIA ROMAGNA,SCUOLA PRIMARIA,primaria,35,capacita_esaurita_o_oltre_max_km
202425,1.0,42,statale,SCUOLA PRIMARIA,1,PCEE002096,G.MAZZINI,PIACENZA,PIACENZA,EMILIA ROMAGNA,SCUOLA PRIMARIA,primaria,24,capacita_esaurita_o_oltre_max_km
202425,1.0,42,statale,SCUOLA PRIMARIA,1,TOEE87802B,I.C. UMBERTO SABA -L. RADICE,TORINO,TORINO,PIEMONTE,SCUOLA PRIMARIA,primaria,7,capacita_esaurita_o_oltre_max_km
202425,1.0,42,statale,SCUOLA PRIMARIA,1,VEEE847035,S. BARBARA,VENEZIA,VENEZIA,VENETO,SCUOLA PRIMARIA,primaria,14,capacita_esaurita_o_oltre_max_km
202425,1.0,42,statale,SCUOLA PRIMARIA,1,PDEE882018,ANDREA MANTEGNA - PD,PADOVA,PADOVA,VENETO,SCUOLA PRIMARIA,primaria,30,capacita_esaurita_o_oltre_max_km
202425,1.0,42,statale,SCUOLA PRIMARIA,1,VTEE827014,"PRIMARIA ""SIRTO SACCHETTI""",ORTE,VITERBO,LAZIO,SCUOLA PRIMARIA,primaria,14,capacita_esaurita_o_oltre_max_km
202425,1.0,42,statale,SCUOLA PRIMARIA,1,ALEE82701L,ALESSANDRIA VIA SCLAVO,ALESSANDRIA,ALESSANDRIA,PIEMONTE,SCUOLA PRIMARIA,primaria,14,capacita_esaurita_o_oltre_max_km
202425,1.0,42,statale,SCUOLA PRIMARIA,1,ALEE82702N,"ALESSANDRIA ""E.DE AMICIS""",ALESSANDRIA,ALESSANDRIA,PIEMONTE,SCUOLA PRIMARIA,primaria,21,capacita_esaurita_o_oltre_max_km
202425,1.0,42,statale,SCUOLA PRIMARIA,1,BGEE83202B,CALCIO,CALCIO,BERGAMO,LOMBARDIA,SCUOLA PRIMARIA,primaria,5,capacita_esaurita_o_oltre_max_km
202425,1.0,42,statale,SCUOLA PRIMARIA,1,MOEE816018,"""L. CASOLARI"" SERRAMAZZONI",SERRAMAZZONI,MODENA,EMILIA ROMAGNA,SCUOLA PRIMARIA,primaria,4,capacita_esaurita_o_oltre_max_km
202425,1.0,42,statale,SCUOLA PRIMARIA,1,MTEE83405Q,ROTONDELLA-VALSINNI,ROTONDELLA,MATERA,BASILICATA,SCUOLA PRIMARIA,primaria,7,capacita_esaurita_o_oltre_max_km
202425,1.0,42,statale,SCUOLA PRIMARIA,1,NOEE82303R,""" DON PONZETTO """,NOVARA,NOVARA,PIEMONTE,SCUOLA PRIMARIA,primaria,8,capacita_esaurita_o_oltre_max_km
202425,1.0,42,statale,SCUOLA PRIMARIA,1,GEEE83703C,S.EL. - O.FOGLIETTA -,GENOVA,GENOVA,LIGURIA,SCUOLA PRIMARIA,primaria,8,capacita_esaurita_o_oltre_max_km
202425,1.0,42,statale,SCUOLA PRIMARIA,1,PCEE00402E,CADUTI SUL LAVORO,PIACENZA,PIACENZA,EMILIA ROMAGNA,SCUOLA PRIMARIA,primaria,30,capacita_esaurita_o_oltre_max_km
202425,1.0,42,statale,SCUOLA PRIMARIA,1,ALEE82805L,"ALESSANDRIA ""G.BOVIO""",ALESSANDRIA,ALESSANDRIA,PIEMONTE,SCUOLA PRIMARIA,primaria,18,capacita_esaurita_o_oltre_max_km
202425,1.0,42,statale,SCUOLA PRIMARIA,1,GEEE81403Q,SC.PRIMARIA DI ROSSIGLIONE,ROSSIGLIONE,GENOVA,LIGURIA,SCUOLA PRIMARIA,primaria,3,capacita_esaurita_o_oltre_max_km
202425,1.0,42,statale,SCUOLA PRIMARIA,1,NOEE81401X,BIANDRATE,BIANDRATE,NOVARA,PIEMONTE,SCUOLA PRIMARIA,primaria,6,capacita_esaurita_o_oltre_max_km
202425,1.0,42,statale,SCUOLA PRIMARIA,1,PVEE830024,VIDARI,VIGEVANO,PAVIA,LOMBARDIA,SCUOLA PRIMARIA,primaria,23,capacita_esaurita_o_oltre_max_km
202425,1.0,42,statale,SCUOLA PRIMARIA,1,MIEE8AZ01B,PRIMARIA G. ROVANI,SESTO SAN GIOVANNI,MILANO,LOMBARDIA,SCUOLA PRIMARIA,primaria,17,capacita_esaurita_o_oltre_max_km
202425,1.0,42,statale,SCUOLA PRIMARIA,1,PVEE808041,PALESTRO,PALESTRO,PAVIA,LOMBARDIA,SCUOLA PRIMARIA,primaria,9,capacita_esaurita_o_oltre_max_km
202425,1.0,42,statale,SCUOLA PRIMARIA,1,SVEE82205T,ALBENGA I - DON BARBERA,ALBENGA,SAVONA,LIGURIA,SCUOLA PRIMARIA,primaria,15,capacita_esaurita_o_oltre_max_km
202425,1.0,42,statale,SCUOLA PRIMARIA,1,ALEE80701B,"SERRAVALLE SCRIVIA ""G.MARCONI""",SERRAVALLE SCRIVIA,ALESSANDRIA,PIEMONTE,SCUOLA PRIMARIA,primaria,8,capacita_esaurita_o_oltre_max_km
202425,1.0,42,statale,SCUOLA PRIMARIA,1,CNEE813035,CEVA - CAPOLUOGO,CEVA,CUNEO,PIEMONTE,SCUOLA PRIMARIA,primaria,8,capacita_esaurita_o_oltre_max_km
202425,1.0,42,statale,SCUOLA PRIMARIA,1,FEEE80205B,"""B.BISI""-SCORTICHINO",BONDENO,FERRARA,EMILIA ROMAGNA,SCUOLA PRIMARIA,primaria,8,capacita_esaurita_o_oltre_max_km
202425,1.0,42,statale,SCUOLA PRIMARIA,1,PDEE882029,DELEDDA -PD-,PADOVA,PADOVA,VENETO,SCUOLA PRIMARIA,primaria,8,capacita_esaurita_o_oltre_max_km
202425,1.0,42,statale,SCUOLA PRIMARIA,1,RNEE812049,"S.AGATA F.""C.ELKAN"" (IC PENNAB)",SANT'AGATA FELTRIA,RIMINI,EMILIA ROMAGNA,SCUOLA PRIMARIA,primaria,4,capacita_esaurita_o_oltre_max_km
202425,1.0,42,statale,SCUOLA PRIMARIA,1,TOEE8BD034,I.C. ILARIA ALPI - D'ACQUISTO,TORINO,TORINO,PIEMONTE,SCUOLA PRIMARIA,primaria,15,capacita_esaurita_o_oltre_max_km
202425,1.0,42,statale,SCUOLA PRIMARIA,1,VEEE870014,F. GRIMANI-MARGHERA,VENEZIA,VENEZIA,VENETO,SCUOLA PRIMARIA,primaria,30,capacita_esaurita_o_oltre_max_km
202425,1.0,42,statale,SCUOLA PRIMARIA,1,PREE826016,MICHELI,PARMA,PARMA,EMILIA ROMAGNA,SCUOLA PRIMARIA,primaria,12,capacita_esaurita_o_oltre_max_km
202425,1.0,42,statale,SCUOLA PRIMARIA,1,ATEE81301Q,GIULIANI - CANELLI,CANELLI,ASTI,PIEMONTE,SCUOLA PRIMARIA,primaria,1,capacita_esaurita_o_oltre_max_km
202425,1.0,42,statale,SCUOLA PRIMARIA,1,MNEE80801L,CESARE BATTISTI,CASTIGLIONE DELLE STIVIERE,MANTOVA,LOMBARDIA,SCUOLA PRIMARIA,primaria,9,capacita_esaurita_o_oltre_max_km
202425,1.0,42,statale,SCUOLA PRIMARIA,1,ATEE809025,PRIMARIA ROCCHETTA TANARO CAP.,ROCCHETTA TANARO,ASTI,PIEMONTE,SCUOLA PRIMARIA,primaria,6,capacita_esaurita_o_oltre_max_km
202425,1.0,42,statale,SCUOLA PRIMARIA,1,NOEE82501A,"""I. CALVINO""",NOVARA,NOVARA,PIEMONTE,SCUOLA PRIMARIA,primaria,12,capacita_esaurita_o_oltre_max_km
202425,1.0,42,statale,SCUOLA PRIMARIA,1,LOEE81501V,PRIMARIA COLLODI - S. ANGELO L.,SANT'ANGELO LODIGIANO,LODI,LOMBARDIA,SCUOLA PRIMARIA,primaria,3,capacita_esaurita_o_oltre_max_km
202425,1.0,42,statale,SCUOLA PRIMARIA,1,VREE894018,VERONELLA,VERONELLA,VERONA,VENETO,SCUOLA PRIMARIA,primaria,5,capacita_esaurita_o_oltre_max_km
202425,1.0,42,statale,SCUOLA PRIMARIA,1,BSEE87803A,PRIMARIA RAFFAELLO SANZIO,BRESCIA,BRESCIA,LOMBARDIA,SCUOLA PRIMARIA,primaria,8,capacita_esaurita_o_oltre_max_km
202425,1.0,42,statale,SCUOLA PRIMARIA,1,ALEE837039,"""L. DA VINCI"" - MORSASCO",MORSASCO,ALESSANDRIA,PIEMONTE,SCUOLA PRIMARIA,primaria,1,capacita_esaurita_o_oltre_max_km
202425,1.0,42,statale,SCUOLA PRIMARIA,1,AVEE87703B,MONTEVERDE,MONTEVERDE,AVELLINO,CAMPANIA,SCUOLA PRIMARIA,primaria,1,capacita_esaurita_o_oltre_max_km
202425,1.0,42,statale,SCUOLA PRIMARIA,1,BGEE869033,SCUOLA PRIMARIA TALEGGIO-OLDA,TALEGGIO,BERGAMO,LOMBARDIA,SCUOLA PRIMARIA,primaria,3,capacita_esaurita_o_oltre_max_km
202425,1.0,42,statale,SCUOLA PRIMARIA,1,CNEE84504N,PRIMARIA LAGNASCO,LAGNASCO,CUNEO,PIEMONTE,SCUOLA PRIMARIA,primaria,3,capacita_esaurita_o_oltre_max_km
202425,1.0,42,statale,SCUOLA PRIMARIA,1,FOEE80306R,"SARSINA ""PAPA GIOVANNI XXIII""",SARSINA,FORLI'-CESENA,EMILIA ROMAGNA,SCUOLA PRIMARIA,primaria,3,capacita_esaurita_o_oltre_max_km
202425,1.0,42,statale,SCUOLA PRIMARIA,1,FOEE80903L,CIVITELLA FRANCESCHI PIGNOCCHI,CIVITELLA DI ROMAGNA,FORLI'-CESENA,EMILIA ROMAGNA,SCUOLA PRIMARIA,primaria,7,capacita_esaurita_o_oltre_max_km
202425,1.0,42,statale,SCUOLA PRIMARIA,1,MEEE81603T,FONDACHELLI FANTINA,FONDACHELLI-FANTINA,MESSINA,SICILIA,SCUOLA PRIMARIA,primaria,1,capacita_esaurita_o_oltre_max_km
202425,1.0,42,statale,SCUOLA PRIMARIA,1,MNEE82201V,SC.PRIMARIA DI SERMIDE,SERMIDE E FELONICA,MANTOVA,LOMBARDIA,SCUOLA PRIMARIA,primaria,18,capacita_esaurita_o_oltre_max_km
202425,1.0,42,statale,SCUOLA PRIMARIA,1,MNEE830041,SAN MATTEO DELLE CHIAVICHE,VIADANA,MANTOVA,LOMBARDIA,SCUOLA PRIMARIA,primaria,5,capacita_esaurita_o_oltre_max_km
202425,1.0,42,statale,SCUOLA PRIMARIA,1,PCEE80503A,BESENZONE-CAPOLUOGO,BESENZONE,PIACENZA,EMILIA ROMAGNA,SCUOLA PRIMARIA,primaria,3,capacita_esaurita_o_oltre_max_km
202425,1.0,42,statale,SCUOLA PRIMARIA,1,REEE819059,VIANO - S.GIOVANNI DI QUERCIOLA,VIANO,REGGIO EMILIA,EMILIA ROMAGNA,SCUOLA PRIMARIA,primaria,1,capacita_esaurita_o_oltre_max_km
202425,1.0,42,statale,SCUOLA PRIMARIA,1,ROEE81605A,PASINI GRISETTI - BARUCHELLA,GIACCIANO CON BARUCHELLA,ROVIGO,VENETO,SCUOLA PRIMARIA,primaria,5,capacita_esaurita_o_oltre_max_km
202425,1.0,42,statale,SCUOLA PRIMARIA,1,GEEE83601E,S.EL. - D.FERRERO -,GENOVA,GENOVA,LIGURIA,SCUOLA PRIMARIA,primaria,35,capacita_esaurita_o_oltre_max_km
202425,1.0,42,statale,SCUOLA PRIMARIA,1,LIEE82803T,PRIMARIA ALIGHIERI,PIOMBINO,LIVORNO,TOSCANA,SCUOLA PRIMARIA,primaria,9,capacita_esaurita_o_oltre_max_km
202425,1.0,42,statale,SCUOLA PRIMARIA,1,ALEE83404V,"""GIANNI RODARI"" - TORTONA",TORTONA,ALESSANDRIA,PIEMONTE,SCUOLA PRIMARIA,primaria,18,capacita_esaurita_o_oltre_max_km
202425,1.0,42,statale,SCUOLA PRIMARIA,1,RGEE824028,MARIA SCHININA',RAGUSA,RAGUSA,SICILIA,SCUOLA PRIMARIA,primaria,3,capacita_esaurita_o_oltre_max_km
202425,1.0,42,statale,SCUOLA PRIMARIA,1,GEEE86604D,SCUOLA PRIMARIA MARCONI,RAPALLO,GENOVA,LIGURIA,SCUOLA PRIMARIA,primaria,9,capacita_esaurita_o_oltre_max_km
202425,1.0,42,statale,SCUOLA PRIMARIA,1,GREE817073,"SCANSANO CAP. -""UMBERTO I""",SCANSANO,GROSSETO,TOSCANA,SCUOLA PRIMARIA,primaria,7,capacita_esaurita_o_oltre_max_km
202425,1.0,42,statale,SCUOLA PRIMARIA,1,GOEE80402L,C. BATTISTI,MONFALCONE,GORIZIA,FRIULI-VENEZIA G.,SCUOLA PRIMARIA,primaria,15,capacita_esaurita_o_oltre_max_km
202425,1.0,42,statale,SCUOLA PRIMARIA,1,MIEE82503X,PRIMARIA RICCARDO BAUER,CINISELLO BALSAMO,MILANO,LOMBARDIA,SCUOLA PRIMARIA,primaria,17,capacita_esaurita_o_oltre_max_km
202425,1.0,42,statale,SCUOLA PRIMARIA,1,BSEE87702D,PRIMARIA E. RINALDINI BRESCIA,BRESCIA,BRESCIA,LOMBARDIA,SCUOLA PRIMARIA,primaria,22,capacita_esaurita_o_oltre_max_km
202425,1.0,42,statale,SCUOLA PRIMARIA,1,BGEE839026,CASAZZA,CASAZZA,BERGAMO,LOMBARDIA,SCUOLA PRIMARIA,primaria,2,capacita_esaurita_o_oltre_max_km
202425,1.0,42,statale,SCUOLA PRIMARIA,1,CSEE83202R,SAN GIORGIO ALBANESE - CENTRO,SAN GIORGIO ALBANESE,COSENZA,CALABRIA,SCUOLA PRIMARIA,primaria,5,capacita_esaurita_o_oltre_max_km
202425,1.0,42,statale,SCUOLA PRIMARIA,1,BSEE816044,PRIMARIA CRISPI BRESCIA,BRESCIA,BRESCIA,LOMBARDIA,SCUOLA PRIMARIA,primaria,16,capacita_esaurita_o_oltre_max_km
202425,1.0,42,statale,SCUOLA PRIMARIA,1,VREE85704C,BONFERRARO-MARCONI G.,SORGA',VERONA,VENETO,SCUOLA PRIMARIA,primaria,8,capacita_esaurita_o_oltre_max_km
202425,1.0,42,statale,SCUOLA PRIMARIA,1,VREE88302V,LENOTTI TULLIO-VR 12 GOLOSINE,VERONA,VERONA,VENETO,SCUOLA PRIMARIA,primaria,8,capacita_esaurita_o_oltre_max_km
202425,1.0,42,statale,SCUOLA PRIMARIA,1,ALEE81303R,"""G. PASCOLI"" - ROCCHETTA L.",ROCCHETTA LIGURE,ALESSANDRIA,PIEMONTE,SCUOLA PRIMARIA,primaria,3,capacita_esaurita_o_oltre_max_km
202425,1.0,42,statale,SCUOLA PRIMARIA,1,APEE804037,"COSSIGNANO ""GAETANO PASSALI""",COSSIGNANO,ASCOLI PICENO,MARCHE,SCUOLA PRIMARIA,primaria,3,capacita_esaurita_o_oltre_max_km
202425,1.0,42,statale,SCUOLA PRIMARIA,1,ROEE811079,G. MAZZINI-VILLANOVA DEL GHEBBO,VILLANOVA DEL GHEBBO,ROVIGO,VENETO,SCUOLA PRIMARIA,primaria,2,capacita_esaurita_o_oltre_max_km
202425,1.0,42,statale,SCUOLA PRIMARIA,1,VEEE834055,RENATO FUCINI,VENEZIA,VENEZIA,VENETO,SCUOLA PRIMARIA,primaria,4,capacita_esaurita_o_oltre_max_km
202425,1.0,42,statale,SCUOLA PRIMARIA,1,ALEE825011,"ALESSANDRIA ""G.GALILEI""",ALESSANDRIA,ALESSANDRIA,PIEMONTE,SCUOLA PRIMARIA,primaria,20,capacita_esaurita_o_oltre_max_km
202425,1.0,42,statale,SCUOLA PRIMARIA,1,VREE8AB01Q,"""L. MILANI""",SAN BONIFACIO,VERONA,VENETO,SCUOLA PRIMARIA,primaria,12,capacita_esaurita_o_oltre_max_km
202425,1.0,42,statale,SCUOLA PRIMARIA,1,CREE81601A,"""G. MARCONI""(CASALMAGGIORE CAP)",CASALMAGGIORE,CREMONA,LOMBARDIA,SCUOLA PRIMARIA,primaria,25,capacita_esaurita_o_oltre_max_km
202425,1.0,42,statale,SCUOLA PRIMARIA,1,PVEE83101V,VIG.VIALE LIBERTA' - DE AMICIS,VIGEVANO,PAVIA,LOMBARDIA,SCUOLA PRIMARIA,primaria,23,capacita_esaurita_o_oltre_max_km
202425,1.0,42,statale,SCUOLA PRIMARIA,1,BOEE86301X,P. ZANETTI - BAZZANO,VALSAMOGGIA,BOLOGNA,EMILIA ROMAGNA,SCUOLA PRIMARIA,primaria,12,capacita_esaurita_o_oltre_max_km
202425,1.0,42,statale,SCUOLA PRIMARIA,1,POEE80802E,BORGONUOVO/BOCCHERINI,PRATO,PRATO,TOSCANA,SCUOLA PRIMARIA,primaria,13,capacita_esaurita_o_oltre_max_km
202425,1.0,42,statale,SCUOLA PRIMARIA,1,SAEE8AP053,PISCIOTTA CAP.P.P.,PISCIOTTA,SALERNO,CAMPANIA,SCUOLA PRIMARIA,primaria,6,capacita_esaurita_o_oltre_max_km
202425,1.0,42,statale,SCUOLA PRIMARIA,1,PREE83601R,PIETRO COCCONI,PARMA,PARMA,EMILIA ROMAGNA,SCUOLA PRIMARIA,primaria,16,capacita_esaurita_o_oltre_max_km
202425,1.0,42,statale,SCUOLA PRIMARIA,1,BSEE887013,PRIMARIA RODARI BRESCIA,BRESCIA,BRESCIA,LOMBARDIA,SCUOLA PRIMARIA,primaria,12,capacita_esaurita_o_oltre_max_km
202425,1.0,42,statale,SCUOLA PRIMARIA,1,BOEE80501X,DE AMICIS IC SAN P. IN CASALE,SAN PIETRO IN CASALE,BOLOGNA,EMILIA ROMAGNA,SCUOLA PRIMARIA,primaria,22,capacita_esaurita_o_oltre_max_km
202425,1.0,42,statale,SCUOLA PRIMARIA,1,RGEE81401L,SANTA CROCE CAMERINA,SANTA CROCE CAMERINA,RAGUSA,SICILIA,SCUOLA PRIMARIA,primaria,12,capacita_esaurita_o_oltre_max_km
202425,1.0,42,statale,SCUOLA PRIMARIA,1,MIEE8CF018,PRIMARIA C.CANTU',MILANO,MILANO,LOMBARDIA,SCUOLA PRIMARIA,primaria,12,capacita_esaurita_o_oltre_max_km
202425,1.0,42,statale,SCUOLA PRIMARIA,1,PDEE883036,MORANTE-PD,PADOVA,PADOVA,VENETO,SCUOLA PRIMARIA,primaria,15,capacita_esaurita_o_oltre_max_km
202425,1.0,42,statale,SCUOLA PRIMARIA,1,ALEE812042,"SAN SEBASTIANO CURONE- ""F.GIANI",SAN SEBASTIANO CURONE,ALESSANDRIA,PIEMONTE,SCUOLA PRIMARIA,primaria,4,capacita_esaurita_o_oltre_max_km
202425,1.0,42,statale,SCUOLA PRIMARIA,1,BOEE84005B,GIUSEPPE BONTA',VERGATO,BOLOGNA,EMILIA ROMAGNA,SCUOLA PRIMARIA,primaria,4,capacita_esaurita_o_oltre_max_km
202425,1.0,42,statale,SCUOLA PRIMARIA,1,PVEE83201P,VIG.VITT.VEN. REGINA MARGHERITA,VIGEVANO,PAVIA,LOMBARDIA,SCUOLA PRIMARIA,primaria,16,capacita_esaurita_o_oltre_max_km
202425,1.0,42,statale,SCUOLA PRIMARIA,1,MIEE8A5028,PRIMARIA B.ORIANI,SESTO SAN GIOVANNI,MILANO,LOMBARDIA,SCUOLA PRIMARIA,primaria,13,capacita_esaurita_o_oltre_max_km
202425,1.0,42,statale,SCUOLA PRIMARIA,1,BSEE83202X,SCUOLA PRIMARIA M. SENECI,LUMEZZANE,BRESCIA,LOMBARDIA,SCUOLA PRIMARIA,primaria,4,capacita_esaurita_o_oltre_max_km
202425,1.0,42,statale,SCUOLA PRIMARIA,1,PCEE005019,VITTORINO DA FELTRE,PIACENZA,PIACENZA,EMILIA ROMAGNA,SCUOLA PRIMARIA,primaria,34,capacita_esaurita_o_oltre_max_km
202425,1.0,42,statale,SCUOLA PRIMARIA,1,TOEE004041,ALLIEVO-FRANCHETTI,TORINO,TORINO,PIEMONTE,SCUOLA PRIMARIA,primaria,17,capacita_esaurita_o_oltre_max_km
202425,1.0,42,statale,SCUOLA PRIMARIA,1,LOEE814013,PRIMARIA RENZO PEZZANI - LODI,LODI,LODI,LOMBARDIA,SCUOLA PRIMARIA,primaria,2,capacita_esaurita_o_oltre_max_km
202425,1.0,42,statale,SCUOLA PRIMARIA,1,MIEE8CW015,PRIMARIA TITO SPERI,MILANO,MILANO,LOMBARDIA,SCUOLA PRIMARIA,primaria,3,capacita_esaurita_o_oltre_max_km
202425,1.0,42,statale,SCUOLA PRIMARIA,1,APEE83601L,P.S. ELPIDIO CAPOLUOGO,PORTO SANT'ELPIDIO,FERMO,MARCHE,SCUOLA PRIMARIA,primaria,12,capacita_esaurita_o_oltre_max_km
202425,1.0,42,statale,SCUOLA PRIMARIA,1,CNEE83602R,GARESSIO - SCUOLA PRIMARIA,GARESSIO,CUNEO,PIEMONTE,SCUOLA PRIMARIA,primaria,5,capacita_esaurita_o_oltre_max_km
202425,1.0,42,statale,SCUOLA PRIMARIA,1,GREE815037,MONTEROTONDO CAPOLUOGO,MONTEROTONDO MARITTIMO,GROSSETO,TOSCANA,SCUOLA PRIMARIA,primaria,5,capacita_esaurita_o_oltre_max_km
202425,1.0,42,statale,SCUOLA PRIMARIA,1,LTEE820014,ALBERTO CARLO BLANC,SAN FELICE CIRCEO,LATINA,LAZIO,SCUOLA PRIMARIA,primaria,3,capacita_esaurita_o_oltre_max_km
202425,1.0,42,statale,SCUOLA PRIMARIA,1,MNEE81204B,BUSCOLDO,CURTATONE,MANTOVA,LOMBARDIA,SCUOLA PRIMARIA,primaria,1,capacita_esaurita_o_oltre_max_km
202425,1.0,42,statale,SCUOLA PRIMARIA,1,MOEE04009E,"""G. PASCOLI"" - S.M. SPINO",MIRANDOLA,MODENA,EMILIA ROMAGNA,SCUOLA PRIMARIA,primaria,5,capacita_esaurita_o_oltre_max_km
202425,1.0,42,statale,SCUOLA PRIMARIA,1,PDEE87205T,MEGLIADINO SAN FIDENZIO,BORGO VENETO,PADOVA,VENETO,SCUOLA PRIMARIA,primaria,3,capacita_esaurita_o_oltre_max_km
202425,1.0,42,statale,SCUOLA PRIMARIA,1,BGEE84405R,"COVO ""A.LOCATELLI""",COVO,BERGAMO,LOMBARDIA,SCUOLA PRIMARIA,primaria,9,capacita_esaurita_o_oltre_max_km
202425,1.0,42,statale,SCUOLA PRIMARIA,1,MOEE845018,"""S. GIOVANNI BOSCO"" MODENA",MODENA,MODENA,EMILIA ROMAGNA,SCUOLA PRIMARIA,primaria,5,capacita_esaurita_o_oltre_max_km
202425,1.0,42,statale,SCUOLA PRIMARIA,1,VREE88503G,DORIGO,VERONA,VERONA,VENETO,SCUOLA PRIMARIA,primaria,4,capacita_esaurita_o_oltre_max_km
202425,1.0,42,statale,SCUOLA PRIMARIA,1,TOEE8CF029,I.C. BOBBIO - NOVARO - C.LEVI,TORINO,TORINO,PIEMONTE,SCUOLA PRIMARIA,primaria,11,capacita_esaurita_o_oltre_max_km
202425,1.0,42,statale,SCUOLA PRIMARIA,1,AQEE82101D,"""E. DE AMICIS"" - LUCO DEI MARSI",LUCO DEI MARSI,L'AQUILA,ABRUZZO,SCUOLA PRIMARIA,primaria,11,capacita_esaurita_o_oltre_max_km
202425,1.0,42,statale,SCUOLA PRIMARIA,1,MNEE839018,PRIMARIA CAMPITELLO,MARCARIA,MANTOVA,LOMBARDIA,SCUOLA PRIMARIA,primaria,5,capacita_esaurita_o_oltre_max_km
202425,1.0,42,statale,SCUOLA PRIMARIA,1,MIEE8AG02X,PRIMARIA GHERARDINI,MILANO,MILANO,LOMBARDIA,SCUOLA PRIMARIA,primaria,16,capacita_esaurita_o_oltre_max_km
202425,1.0,42,statale,SCUOLA PRIMARIA,1,TOEE8BD012,I.C. ILARIA ALPI - PEROTTI,TORINO,TORINO,PIEMONTE,SCUOLA PRIMARIA,primaria,32,capacita_esaurita_o_oltre_max_km
202425,1.0,42,statale,SCUOLA PRIMARIA,1,CREE80003V,SCUOLA PRIMARIA CASALMORANO,CASALMORANO,CREMONA,LOMBARDIA,SCUOLA PRIMARIA,primaria,6,capacita_esaurita_o_oltre_max_km
202425,1.0,42,statale,SCUOLA PRIMARIA,1,PREE826038,SAN LEONARDO,PARMA,PARMA,EMILIA ROMAGNA,SCUOLA PRIMARIA,primaria,17,capacita_esaurita_o_oltre_max_km
202425,1.0,42,statale,SCUOLA PRIMARIA,1,VREE88502E,SIMONI R.,VERONA,VERONA,VENETO,SCUOLA PRIMARIA,primaria,12,capacita_esaurita_o_oltre_max_km
202425,1.0,42,statale,SCUOLA PRIMARIA,1,BSEE843019,ROVATO CAP.,ROVATO,BRESCIA,LOMBARDIA,SCUOLA PRIMARIA,primaria,16,capacita_esaurita_o_oltre_max_km
202425,1.0,42,statale,SCUOLA PRIMARIA,1,BGEE85902B,SCUOLA PRIMARIA CAP,MARTINENGO,BERGAMO,LOMBARDIA,SCUOLA PRIMARIA,primaria,13,capacita_esaurita_o_oltre_max_km
202425,1.0,42,statale,SCUOLA PRIMARIA,1,VIEE885037,A. FOGAZZARO,ARZIGNANO,VICENZA,VENETO,SCUOLA PRIMARIA,primaria,10,capacita_esaurita_o_oltre_max_km
202425,1.0,42,statale,SCUOLA PRIMARIA,1,VREE84001X,"S.MARTINO B.A.""E.SALGARI""",SAN MARTINO BUON ALBERGO,VERONA,VENETO,SCUOLA PRIMARIA,primaria,9,capacita_esaurita_o_oltre_max_km
202425,1.0,42,statale,SCUOLA PRIMARIA,1,VREE882012,"""BUSTI ANGELA""",VERONA,VERONA,VENETO,SCUOLA PRIMARIA,primaria,12,capacita_esaurita_o_oltre_max_km
202425,1.0,42,statale,SCUOLA PRIMARIA,1,PVEE821029,BRONI - PAOLO BAFFI,BRONI,PAVIA,LOMBARDIA,SCUOLA PRIMARIA,primaria,21,capacita_esaurita_o_oltre_max_km
202425,1.0,42,statale,SCUOLA PRIMARIA,1,PREE820039,ROMAGNOSI,SALSOMAGGIORE TERME,PARMA,EMILIA ROMAGNA,SCUOLA PRIMARIA,primaria,13,capacita_esaurita_o_oltre_max_km
202425,1.0,42,statale,SCUOLA PRIMARIA,1,BSEE881014,PRIMARIA A.DIAZ BRESCIA,BRESCIA,BRESCIA,LOMBARDIA,SCUOLA PRIMARIA,primaria,7,capacita_esaurita_o_oltre_max_km
202425,1.0,42,statale,SCUOLA PRIMARIA,1,VREE844017,"""BRUNO ANZOLIN"" MONTEFORTE",MONTEFORTE D'ALPONE,VERONA,VENETO,SCUOLA PRIMARIA,primaria,10,capacita_esaurita_o_oltre_max_km
202425,1.0,42,statale,SCUOLA PRIMARIA,1,PCEE00403G,DUE GIUGNO,PIACENZA,PIACENZA,EMILIA ROMAGNA,SCUOLA PRIMARIA,primaria,21,capacita_esaurita_o_oltre_max_km
202425,1.0,42,statale,SCUOLA PRIMARIA,1,REEE82901Q,FABBRICO CAP.,FABBRICO,REGGIO EMILIA,EMILIA ROMAGNA,SCUOLA PRIMARIA,primaria,21,capacita_esaurita_o_oltre_max_km
202425,1.0,42,statale,SCUOLA PRIMARIA,1,BOEE832018,G. FORNASINI IC PORRETTA TERME,ALTO RENO TERME,BOLOGNA,EMILIA ROMAGNA,SCUOLA PRIMARIA,primaria,6,capacita_esaurita_o_oltre_max_km
202425,1.0,42,statale,SCUOLA PRIMARIA,1,BSEE88502C,PRIMARIA DIV. ACQUI BRESCIA,BRESCIA,BRESCIA,LOMBARDIA,SCUOLA PRIMARIA,primaria,8,capacita_esaurita_o_oltre_max_km
202425,1.0,42,statale,SCUOLA PRIMARIA,1,MIEE809021,MI/BOGNETTI AGGR. SMS HEINE,MILANO,MILANO,LOMBARDIA,SCUOLA PRIMARIA,primaria,3,capacita_esaurita_o_oltre_max_km
202425,1.0,42,statale,SCUOLA PRIMARIA,1,VREE857019,"NOGARA ""DON G. CALABRIA""",NOGARA,VERONA,VENETO,SCUOLA PRIMARIA,primaria,16,capacita_esaurita_o_oltre_max_km
202425,1.0,42,statale,SCUOLA PRIMARIA,1,SPEE81403A,LA SPEZIA FOSSITERMI A.REVERE,LA SPEZIA,LA SPEZIA,LIGURIA,SCUOLA PRIMARIA,primaria,10,capacita_esaurita_o_oltre_max_km
202425,1.0,42,statale,SCUOLA PRIMARIA,1,LTEE85701P,ISTITUTO COMPRENSIVO ASPRI,FONDI,LATINA,LAZIO,SCUOLA PRIMARIA,primaria,14,capacita_esaurita_o_oltre_max_km
202425,1.0,42,statale,SCUOLA PRIMARIA,1,GEEE84201T,S.EL. DI VIA TEGLIA,GENOVA,GENOVA,LIGURIA,SCUOLA PRIMARIA,primaria,8,capacita_esaurita_o_oltre_max_km
202425,1.0,42,statale,SCUOLA PRIMARIA,1,PVEE814015,"BELGIOIOSO ""C. LAURENTI""",BELGIOIOSO,PAVIA,LOMBARDIA,SCUOLA PRIMARIA,primaria,14,capacita_esaurita_o_oltre_max_km
202425,1.0,42,statale,SCUOLA PRIMARIA,1,ALEE83403T,"""C.SO ROMITA"" - TORTONA",TORTONA,ALESSANDRIA,PIEMONTE,SCUOLA PRIMARIA,primaria,17,capacita_esaurita_o_oltre_max_km
202425,1.0,42,statale,SCUOLA PRIMARIA,1,FIEE87701X,CAPOLUOGO- CARDUCCI,FUCECCHIO,FIRENZE,TOSCANA,SCUOLA PRIMARIA,primaria,17,capacita_esaurita_o_oltre_max_km
202425,1.0,42,statale,SCUOLA PRIMARIA,1,BOEE868013,I.C. MOLINELLA CAPOLUOGO,MOLINELLA,BOLOGNA,EMILIA ROMAGNA,SCUOLA PRIMARIA,primaria,12,capacita_esaurita_o_oltre_max_km
202425,1.0,42,statale,SCUOLA PRIMARIA,1,MNEE83801C,VIADANA,VIADANA,MANTOVA,LOMBARDIA,SCUOLA PRIMARIA,primaria,16,capacita_esaurita_o_oltre_max_km
202425,1.0,42,statale,SCUOLA PRIMARIA,1,NOEE80901C,DON CARLO FELICE SAINO,CERANO,NOVARA,PIEMONTE,SCUOLA PRIMARIA,primaria,17,capacita_esaurita_o_oltre_max_km
202425,1.0,42,statale,SCUOLA PRIMARIA,1,ALEE817056,PRIMARIA PRATO SAN GIULIANO V:,ALESSANDRIA,ALESSANDRIA,PIEMONTE,SCUOLA PRIMARIA,primaria,2,capacita_esaurita_o_oltre_max_km
202425,1.0,42,statale,SCUOLA PRIMARIA,1,ALEE81906V,"""E. DE AMICIS"" - PONTECURONE",PONTECURONE,ALESSANDRIA,PIEMONTE,SCUOLA PRIMARIA,primaria,1,capacita_esaurita_o_oltre_max_km
202425,1.0,42,statale,SCUOLA PRIMARIA,1,ALEE823019,"""F.MEZZADRA"" - VIGNALE",VIGNALE MONFERRATO,ALESSANDRIA,PIEMONTE,SCUOLA PRIMARIA,primaria,2,capacita_esaurita_o_oltre_max_km
202425,1.0,42,statale,SCUOLA PRIMARIA,1,AQEE82705L,ROCCA DI MEZZO,ROCCA DI MEZZO,L'AQUILA,ABRUZZO,SCUOLA PRIMARIA,primaria,1,capacita_esaurita_o_oltre_max_km
202425,1.0,42,statale,SCUOLA PRIMARIA,1,AQEE83502C,CAMPO DI GIOVE CAP.,CAMPO DI GIOVE,L'AQUILA,ABRUZZO,SCUOLA PRIMARIA,primaria,2,capacita_esaurita_o_oltre_max_km
202425,1.0,42,statale,SCUOLA PRIMARIA,1,ATEE80502T,CINAGLIO,CINAGLIO,ASTI,PIEMONTE,SCUOLA PRIMARIA,primaria,1,capacita_esaurita_o_oltre_max_km
202425,1.0,42,statale,SCUOLA PRIMARIA,1,BOEE809028,C. ZAVOLI I.C. BORGO TOSSIGNANO,BORGO TOSSIGNANO,BOLOGNA,EMILIA ROMAGNA,SCUOLA PRIMARIA,primaria,6,capacita_esaurita_o_oltre_max_km
202425,1.0,42,statale,SCUOLA PRIMARIA,1,BOEE809039,GIUSEPPE VERDI,CASTEL DEL RIO,BOLOGNA,EMILIA ROMAGNA,SCUOLA PRIMARIA,primaria,2,capacita_esaurita_o_oltre_max_km
202425,1.0,42,statale,SCUOLA PRIMARIA,1,BSEE886039,PRIMARIA G.MAMELI BRESCIA,BRESCIA,BRESCIA,LOMBARDIA,SCUOLA PRIMARIA,primaria,3,capacita_esaurita_o_oltre_max_km
202425,1.0,42,statale,SCUOLA PRIMARIA,1,CHEE03616A,S.VINCENZO,GUARDIAGRELE,CHIETI,ABRUZZO,SCUOLA PRIMARIA,primaria,1,capacita_esaurita_o_oltre_max_km
202425,1.0,42,statale,SCUOLA PRIMARIA,1,COEE84804T,CAMPIONE D'ITALIA,CAMPIONE D'ITALIA,COMO,LOMBARDIA,SCUOLA PRIMARIA,primaria,3,capacita_esaurita_o_oltre_max_km
202425,1.0,42,statale,SCUOLA PRIMARIA,1,CREE811028,GALLIGNANO,SONCINO,CREMONA,LOMBARDIA,SCUOLA PRIMARIA,primaria,3,capacita_esaurita_o_oltre_max_km
202425,1.0,42,statale,SCUOLA PRIMARIA,1,CSEE823044,VILLAPIANA - PLATACI CENTRO,PLATACI,COSENZA,CALABRIA,SCUOLA PRIMARIA,primaria,1,capacita_esaurita_o_oltre_max_km
202425,1.0,42,statale,SCUOLA PRIMARIA,1,CSEE83203T,VACCARIZZO ALBANESE CENTRO,VACCARIZZO ALBANESE,COSENZA,CALABRIA,SCUOLA PRIMARIA,primaria,3,capacita_esaurita_o_oltre_max_km
202425,1.0,42,statale,SCUOLA PRIMARIA,1,FGEE87003E,LOCAL.SEGEZIA,FOGGIA,FOGGIA,PUGLIA,SCUOLA PRIMARIA,primaria,2,capacita_esaurita_o_oltre_max_km
202425,1.0,42,statale,SCUOLA PRIMARIA,1,FOEE813038,"PREMILCUORE ""ALDO SPALLICCI""",PREMILCUORE,FORLI'-CESENA,EMILIA ROMAGNA,SCUOLA PRIMARIA,primaria,1,capacita_esaurita_o_oltre_max_km
202425,1.0,42,statale,SCUOLA PRIMARIA,1,FREE807034,TREVI NEL LAZIO CAPOLUOGO,TREVI NEL LAZIO,FROSINONE,LAZIO,SCUOLA PRIMARIA,primaria,3,capacita_esaurita_o_oltre_max_km
202425,1.0,42,statale,SCUOLA PRIMARIA,1,GEEE80501V,S.EL.-G.TRAVERSONE-REZZOAGLIO,REZZOAGLIO,GENOVA,LIGURIA,SCUOLA PRIMARIA,primaria,2,capacita_esaurita_o_oltre_max_km
202425,1.0,42,statale,SCUOLA PRIMARIA,1,GEEE805031,S.EL. DI BORZONASCA,BORZONASCA,GENOVA,LIGURIA,SCUOLA PRIMARIA,primaria,2,capacita_esaurita_o_oltre_max_km
202425,1.0,42,statale,SCUOLA PRIMARIA,1,GREE817062,MONTICELLO AMIATA PRIMARIA,CINIGIANO,GROSSETO,TOSCANA,SCUOLA PRIMARIA,primaria,2,capacita_esaurita_o_oltre_max_km
202425,1.0,42,statale,SCUOLA PRIMARIA,1,IMEE81601R,SCUOLA PRIMARIA AIROLE,AIROLE,IMPERIA,LIGURIA,SCUOLA PRIMARIA,primaria,2,capacita_esaurita_o_oltre_max_km
202425,1.0,42,statale,SCUOLA PRIMARIA,1,LIEE813012,CAPRAIA ISOLA,CAPRAIA ISOLA,LIVORNO,TOSCANA,SCUOLA PRIMARIA,primaria,1,capacita_esaurita_o_oltre_max_km
202425,1.0,42,statale,SCUOLA PRIMARIA,1,LIEE82903N,NORMA PARENTI POPULONIA,PIOMBINO,LIVORNO,TOSCANA,SCUOLA PRIMARIA,primaria,1,capacita_esaurita_o_oltre_max_km
202425,1.0,42,statale,SCUOLA PRIMARIA,1,LOEE80902L,PRIMARIA F. BONACCORSI - ZORLES,CASALPUSTERLENGO,LODI,LOMBARDIA,SCUOLA PRIMARIA,primaria,3,capacita_esaurita_o_oltre_max_km
202425,1.0,42,statale,SCUOLA PRIMARIA,1,LOEE81101G,PRIMARIA S. F. CABRINI - LODI,LODI,LODI,LOMBARDIA,SCUOLA PRIMARIA,primaria,6,capacita_esaurita_o_oltre_max_km
202425,1.0,42,statale,SCUOLA PRIMARIA,1,MEEE87810D,BASICO' CENTRO,BASICO',MESSINA,SICILIA,SCUOLA PRIMARIA,primaria,1,capacita_esaurita_o_oltre_max_km
202425,1.0,42,statale,SCUOLA PRIMARIA,1,MIEE8DQ02G,PRIMARIA LOCATELLI,MILANO,MILANO,LOMBARDIA,SCUOLA PRIMARIA,primaria,7,capacita_esaurita_o_oltre_max_km
202425,1.0,42,statale,SCUOLA PRIMARIA,1,MNEE821046,SCUOLA PRIMARIA QUINGENTOLE,QUINGENTOLE,MANTOVA,LOMBARDIA,SCUOLA PRIMARIA,primaria,2,capacita_esaurita_o_oltre_max_km
202425,1.0,42,statale,SCUOLA PRIMARIA,1,MNEE82202X,SC.PRIMARIA DI CARBONARA DI PO,BORGOCARBONARA,MANTOVA,LOMBARDIA,SCUOLA PRIMARIA,primaria,6,capacita_esaurita_o_oltre_max_km
202425,1.0,42,statale,SCUOLA PRIMARIA,1,NOEE82901N,"""GIANNI RODARI""",TRECATE,NOVARA,PIEMONTE,SCUOLA PRIMARIA,primaria,30,capacita_esaurita_o_oltre_max_km
202425,1.0,42,statale,SCUOLA PRIMARIA,1,PGEE83103P,SCOPOLI - VERCHIANO - CASENOVE,FOLIGNO,PERUGIA,UMBRIA,SCUOLA PRIMARIA,primaria,1,capacita_esaurita_o_oltre_max_km
202425,1.0,42,statale,SCUOLA PRIMARIA,1,POEE012016,"CONVITTO NAZIONALE ""CICOGNINI""",PRATO,PRATO,TOSCANA,SCUOLA PRIMARIA,primaria,4,capacita_esaurita_o_oltre_max_km
202425,1.0,42,statale,SCUOLA PRIMARIA,1,PREE07501C,DE AMICIS,FIDENZA,PARMA,EMILIA ROMAGNA,SCUOLA PRIMARIA,primaria,18,capacita_esaurita_o_oltre_max_km
202425,1.0,42,statale,SCUOLA PRIMARIA,1,PREE833019,"""RENZO PEZZANI""",PARMA,PARMA,EMILIA ROMAGNA,SCUOLA PRIMARIA,primaria,13,capacita_esaurita_o_oltre_max_km
202425,1.0,42,statale,SCUOLA PRIMARIA,1,PVEE80803X,CONFIENZA,CONFIENZA,PAVIA,LOMBARDIA,SCUOLA PRIMARIA,primaria,2,capacita_esaurita_o_oltre_max_km
202425,1.0,42,statale,SCUOLA PRIMARIA,1,PVEE813019,VILLANTERIO,VILLANTERIO,PAVIA,LOMBARDIA,SCUOLA PRIMARIA,primaria,7,capacita_esaurita_o_oltre_max_km
202425,1.0,42,statale,SCUOLA PRIMARIA,1,REEE82302T,GATTATICO PRATICELLO,GATTATICO,REGGIO EMILIA,EMILIA ROMAGNA,SCUOLA PRIMARIA,primaria,3,capacita_esaurita_o_oltre_max_km
202425,1.0,42,statale,SCUOLA PRIMARIA,1,SAEE83006E,BELLOSGUARDO CAP. P.P.,BELLOSGUARDO,SALERNO,CAMPANIA,SCUOLA PRIMARIA,primaria,1,capacita_esaurita_o_oltre_max_km
202425,1.0,42,statale,SCUOLA PRIMARIA,1,SIEE81204L,VIA MARTIRI MONTEMAGGIO,CASTELLINA IN CHIANTI,SIENA,TOSCANA,SCUOLA PRIMARIA,primaria,7,capacita_esaurita_o_oltre_max_km
202425,1.0,42,statale,SCUOLA PRIMARIA,1,SREE80102C,II I.C. FALCONE-BORSELLINO SR,SIRACUSA,SIRACUSA,SICILIA,SCUOLA PRIMARIA,primaria,2,capacita_esaurita_o_oltre_max_km
202425,1.0,42,statale,SCUOLA PRIMARIA,1,SREE86405P,PRIMARIA CASSARO,CASSARO,SIRACUSA,SICILIA,SCUOLA PRIMARIA,primaria,1,capacita_esaurita_o_oltre_max_km
202425,1.0,42,statale,SCUOLA PRIMARIA,1,SVEE80206N,PRIMARIA DI CENGIO COLOMBARDO,CENGIO,SAVONA,LIGURIA,SCUOLA PRIMARIA,primaria,6,capacita_esaurita_o_oltre_max_km
202425,1.0,42,statale,SCUOLA PRIMARIA,1,SVEE805043,ANDORA - STELLANELLO F.BRUNO,STELLANELLO,SAVONA,LIGURIA,SCUOLA PRIMARIA,primaria,1,capacita_esaurita_o_oltre_max_km
202425,1.0,42,statale,SCUOLA PRIMARIA,1,TOEE137089,D.D.OULX - SALBERTRAND,SALBERTRAND,TORINO,PIEMONTE,SCUOLA PRIMARIA,primaria,2,capacita_esaurita_o_oltre_max_km
202425,1.0,42,statale,SCUOLA PRIMARIA,1,TOEE8BE02V,I.C. TORINO II-AURORA,TORINO,TORINO,PIEMONTE,SCUOLA PRIMARIA,primaria,13,capacita_esaurita_o_oltre_max_km
202425,1.0,42,statale,SCUOLA PRIMARIA,1,VCEE80307A,FORMIGLIANA,FORMIGLIANA,VERCELLI,PIEMONTE,SCUOLA PRIMARIA,primaria,2,capacita_esaurita_o_oltre_max_km
202425,1.0,42,statale,SCUOLA PRIMARIA,1,VIEE84604N,IC ALTISSIMO- CRESPADORO,CRESPADORO,VICENZA,VENETO,SCUOLA PRIMARIA,primaria,3,capacita_esaurita_o_oltre_max_km
202425,1.0,42,statale,SCUOLA PRIMARIA,1,VREE87702G,FRATTINI P.,VERONA,VERONA,VENETO,SCUOLA PRIMARIA,primaria,5,capacita_esaurita_o_oltre_max_km
202425,1.0,42,statale,SCUOLA PRIMARIA,1,MIEE8CC01R,PRIMARIA QUINT. DI VONA,CASSANO D'ADDA,MILANO,LOMBARDIA,SCUOLA PRIMARIA,primaria,9,capacita_esaurita_o_oltre_max_km
202425,1.0,42,statale,SCUOLA PRIMARIA,1,VIEE86202D,IC VICENZA 9 L. ZECCHETTO,VICENZA,VICENZA,VENETO,SCUOLA PRIMARIA,primaria,9,capacita_esaurita_o_oltre_max_km
202425,1.0,42,statale,SCUOLA PRIMARIA,1,VIEE83903D,IC VICENZA 2 E 4 - G.B. TIEPOLO,VICENZA,VICENZA,VENETO,SCUOLA PRIMARIA,primaria,2,capacita_esaurita_o_oltre_max_km
202425,1.0,42,statale,SCUOLA PRIMARIA,1,MIEE8DU028,PRIMARIA VIALE PUGLIE,MILANO,MILANO,LOMBARDIA,SCUOLA PRIMARIA,primaria,17,capacita_esaurita_o_oltre_max_km
202425,1.0,42,statale,SCUOLA PRIMARIA,1,MIEE8DR01A,PRIMARIA P.SOTTOCORNO,MILANO,MILANO,LOMBARDIA,SCUOLA PRIMARIA,primaria,17,capacita_esaurita_o_oltre_max_km
202425,1.0,42,statale,SCUOLA PRIMARIA,1,MNEE805015,GOITO,GOITO,MANTOVA,LOMBARDIA,SCUOLA PRIMARIA,primaria,13,capacita_esaurita_o_oltre_max_km
202425,1.0,42,statale,SCUOLA PRIMARIA,1,BSEE8AN048,"MONTICHIARI ""G. B. ALBERTI""",MONTICHIARI,BRESCIA,LOMBARDIA,SCUOLA PRIMARIA,primaria,3,capacita_esaurita_o_oltre_max_km
202425,1.0,42,statale,SCUOLA PRIMARIA,1,VREE882034,GIULIARI BARTOLOMEO-VR 10,VERONA,VERONA,VENETO,SCUOLA PRIMARIA,primaria,11,capacita_esaurita_o_oltre_max_km
202425,1.0,42,statale,SCUOLA PRIMARIA,1,BGEE84902R,GORLAGO,GORLAGO,BERGAMO,LOMBARDIA,SCUOLA PRIMARIA,primaria,5,capacita_esaurita_o_oltre_max_km
202425,1.0,42,statale,SCUOLA PRIMARIA,1,MIEE8BL027,PRIMARIA FALCONE-BORSELLINO,PIOLTELLO,MILANO,LOMBARDIA,SCUOLA PRIMARIA,primaria,4,capacita_esaurita_o_oltre_max_km
202425,1.0,42,statale,SCUOLA PRIMARIA,1,MIEE8FP021,PRIMARIA VIA BODIO,MILANO,MILANO,LOMBARDIA,SCUOLA PRIMARIA,primaria,20,capacita_esaurita_o_oltre_max_km
202425,1.0,42,statale,SCUOLA PRIMARIA,1,ALEE839053,"ALESSANDRIA ""A.MORBELLI""",ALESSANDRIA,ALESSANDRIA,PIEMONTE,SCUOLA PRIMARIA,primaria,10,capacita_esaurita_o_oltre_max_km
202425,1.0,42,statale,SCUOLA PRIMARIA,1,MOEE81903T,"""P.GIANNONE"" CAMPOSANTO",CAMPOSANTO,MODENA,EMILIA ROMAGNA,SCUOLA PRIMARIA,primaria,9,capacita_esaurita_o_oltre_max_km
202425,1.0,42,statale,SCUOLA PRIMARIA,1,PCEE81702G,"""TINA PESARO""",CASTEL SAN GIOVANNI,PIACENZA,EMILIA ROMAGNA,SCUOLA PRIMARIA,primaria,31,capacita_esaurita_o_oltre_max_km
202425,1.0,42,statale,SCUOLA PRIMARIA,1,MOEE81801X,"""G. MARCONI"" SPILAMBERTO",SPILAMBERTO,MODENA,EMILIA ROMAGNA,SCUOLA PRIMARIA,primaria,16,capacita_esaurita_o_oltre_max_km
202425,1.0,42,statale,SCUOLA PRIMARIA,1,TOEE879016,I.C. VIVALDI-MURIALDO,TORINO,TORINO,PIEMONTE,SCUOLA PRIMARIA,primaria,15,capacita_esaurita_o_oltre_max_km
202425,1.0,42,statale,SCUOLA PRIMARIA,1,BGEE8AE01L,"TREVIGLIO ""DE AMICIS""",TREVIGLIO,BERGAMO,LOMBARDIA,SCUOLA PRIMARIA,primaria,13,capacita_esaurita_o_oltre_max_km
202425,1.0,42,statale,SCUOLA PRIMARIA,1,RAEE80601L,"""QUADRI LUIGI""",MASSA LOMBARDA,RAVENNA,EMILIA ROMAGNA,SCUOLA PRIMARIA,primaria,12,capacita_esaurita_o_oltre_max_km
202425,1.0,42,statale,SCUOLA PRIMARIA,1,BSEE815026,PRIMARIA G. DELEDDA BRESCIA,BRESCIA,BRESCIA,LOMBARDIA,SCUOLA PRIMARIA,primaria,4,capacita_esaurita_o_oltre_max_km
202425,1.0,42,statale,SCUOLA PRIMARIA,1,PIEE817024,GUERRAZZI,CASTELFRANCO DI SOTTO,PISA,TOSCANA,SCUOLA PRIMARIA,primaria,8,capacita_esaurita_o_oltre_max_km
202425,1.0,42,statale,SCUOLA PRIMARIA,1,IMEE810063,"SCUOLA PRIMARIA ""A. MAGLIANO""",IMPERIA,IMPERIA,LIGURIA,SCUOLA PRIMARIA,primaria,3,capacita_esaurita_o_oltre_max_km
202425,1.0,42,statale,SCUOLA PRIMARIA,1,MNEE820017,"OSTIGLIA ""C.COLLODI""",OSTIGLIA,MANTOVA,LOMBARDIA,SCUOLA PRIMARIA,primaria,16,capacita_esaurita_o_oltre_max_km
202425,1.0,42,statale,SCUOLA PRIMARIA,1,REEE847019,CARDUCCI G.,REGGIO NELL'EMILIA,REGGIO EMILIA,EMILIA ROMAGNA,SCUOLA PRIMARIA,primaria,16,capacita_esaurita_o_oltre_max_km
202425,1.0,42,statale,SCUOLA PRIMARIA,1,VEEE82506B,PAOLA E ANGELA RAMPULLA,ANNONE VENETO,VENEZIA,VENETO,SCUOLA PRIMARIA,primaria,4,capacita_esaurita_o_oltre_max_km
202425,1.0,42,statale,SCUOLA PRIMARIA,1,MOEE84801Q,"""ANTONIO GRAMSCI"" MODENA",MODENA,MODENA,EMILIA ROMAGNA,SCUOLA PRIMARIA,primaria,16,capacita_esaurita_o_oltre_max_km
202425,1.0,42,statale,SCUOLA PRIMARIA,1,BSEE886028,PRIMARIA DON VENDER BRESCIA,BRESCIA,BRESCIA,LOMBARDIA,SCUOLA PRIMARIA,primaria,5,capacita_esaurita_o_oltre_max_km
202425,1.0,42,statale,SCUOLA PRIMARIA,1,MIEE8FP01X,PRIMARIA VIA GUICCIARDI,MILANO,MILANO,LOMBARDIA,SCUOLA PRIMARIA,primaria,19,capacita_esaurita_o_oltre_max_km
202425,1.0,42,statale,SCUOLA PRIMARIA,1,NOEE82301P,"""RIGUTINI""",NOVARA,NOVARA,PIEMONTE,SCUOLA PRIMARIA,primaria,15,capacita_esaurita_o_oltre_max_km
202425,1.0,42,statale,SCUOLA PRIMARIA,1,RGEE81402N,FALCONE BORSELLINO,SANTA CROCE CAMERINA,RAGUSA,SICILIA,SCUOLA PRIMARIA,primaria,15,capacita_esaurita_o_oltre_max_km
202425,1.0,42,statale,SCUOLA PRIMARIA,1,NOEE83103Q,"""CARLO LEVI""",NOVARA,NOVARA,PIEMONTE,SCUOLA PRIMARIA,primaria,9,capacita_esaurita_o_oltre_max_km
202425,1.0,42,statale,SCUOLA PRIMARIA,1,BGEE89602A,"ROMANO DI LOMBARDIA ""MOTTINI""",ROMANO DI LOMBARDIA,BERGAMO,LOMBARDIA,SCUOLA PRIMARIA,primaria,16,capacita_esaurita_o_oltre_max_km
202425,1.0,42,statale,SCUOLA PRIMARIA,1,BSEE88504E,PRIMARIA TORRICELLA BRESCIA,BRESCIA,BRESCIA,LOMBARDIA,SCUOLA PRIMARIA,primaria,12,capacita_esaurita_o_oltre_max_km
202425,1.0,42,statale,SCUOLA PRIMARIA,1,ALEE817012,PRIMARIA CARETTA SPINETTA,ALESSANDRIA,ALESSANDRIA,PIEMONTE,SCUOLA PRIMARIA,primaria,2,capacita_esaurita_o_oltre_max_km
202425,1.0,42,statale,SCUOLA PRIMARIA,1,BGEE825028,SCUOLA PRIMARIA BARIANO,BARIANO,BERGAMO,LOMBARDIA,SCUOLA PRIMARIA,primaria,7,capacita_esaurita_o_oltre_max_km
202425,1.0,42,statale,SCUOLA PRIMARIA,1,BSEE829013,"CALCINATO ""G.FERRABOSCHI""",CALCINATO,BRESCIA,LOMBARDIA,SCUOLA PRIMARIA,primaria,7,capacita_esaurita_o_oltre_max_km
202425,1.0,42,statale,SCUOLA PRIMARIA,1,GEEE840016,S.EL. - L.ARIOSTO -,GENOVA,GENOVA,LIGURIA,SCUOLA PRIMARIA,primaria,12,capacita_esaurita_o_oltre_max_km
202425,1.0,42,statale,SCUOLA PRIMARIA,1,AQEE82503V,SCUOLA PRIMARIA LECCE NEI MARSI,LECCE NEI MARSI,L'AQUILA,ABRUZZO,SCUOLA PRIMARIA,primaria,2,capacita_esaurita_o_oltre_max_km
202425,1.0,42,statale,SCUOLA PRIMARIA,1,FEEE825043,VIA.L.BENETTI-RO FERRARESE,RIVA DEL PO,FERRARA,EMILIA ROMAGNA,SCUOLA PRIMARIA,primaria,4,capacita_esaurita_o_oltre_max_km
202425,1.0,42,statale,SCUOLA PRIMARIA,1,MNEE81004Q,PRIMARIA BORGOFORTE,BORGO VIRGILIO,MANTOVA,LOMBARDIA,SCUOLA PRIMARIA,primaria,4,capacita_esaurita_o_oltre_max_km
202425,1.0,42,statale,SCUOLA PRIMARIA,1,POEE811019,CARLO E MARIA TERESA ARMELLINI,VERNIO,PRATO,TOSCANA,SCUOLA PRIMARIA,primaria,8,capacita_esaurita_o_oltre_max_km
202425,1.0,42,statale,SCUOLA PRIMARIA,1,RAEE82201E,"""TOLOSANO A.""",FAENZA,RAVENNA,EMILIA ROMAGNA,SCUOLA PRIMARIA,primaria,12,capacita_esaurita_o_oltre_max_km
202425,1.0,42,statale,SCUOLA PRIMARIA,1,AREE82801V,"""LUIGI GORI""",BIBBIENA,AREZZO,TOSCANA,SCUOLA PRIMARIA,primaria,5,capacita_esaurita_o_oltre_max_km
202425,1.0,42,statale,SCUOLA PRIMARIA,1,MNEE800012,CASALMORO,CASALMORO,MANTOVA,LOMBARDIA,SCUOLA PRIMARIA,primaria,1,capacita_esaurita_o_oltre_max_km
202425,1.0,42,statale,SCUOLA PRIMARIA,1,MOEE81402N,"""ANNA FRANK "" FORMICA",SAVIGNANO SUL PANARO,MODENA,EMILIA ROMAGNA,SCUOLA PRIMARIA,primaria,6,capacita_esaurita_o_oltre_max_km
202425,1.0,42,statale,SCUOLA PRIMARIA,1,PSEE81101X,MACERATA F. - R.SANZIO - CAP.GO,MACERATA FELTRIA,PESARO E URBINO,MARCHE,SCUOLA PRIMARIA,primaria,2,capacita_esaurita_o_oltre_max_km
202425,1.0,42,statale,SCUOLA PRIMARIA,1,PVEE80901N,SANNAZZARO SAN FRANCESCO,SANNAZZARO DE' BURGONDI,PAVIA,LOMBARDIA,SCUOLA PRIMARIA,primaria,9,capacita_esaurita_o_oltre_max_km
202425,1.0,42,statale,SCUOLA PRIMARIA,1,RGEE80202B,LEONARDO SCIASCIA,VITTORIA,RAGUSA,SICILIA,SCUOLA PRIMARIA,primaria,12,capacita_esaurita_o_oltre_max_km
202425,1.0,42,statale,SCUOLA PRIMARIA,1,UDEE84804A,VIA ROSSINI TEMPO PIENO,MANZANO,UDINE,FRIULI-VENEZIA G.,SCUOLA PRIMARIA,primaria,2,capacita_esaurita_o_oltre_max_km
202425,1.0,42,statale,SCUOLA PRIMARIA,1,PREE835011,"""P. RACAGNI""",PARMA,PARMA,EMILIA ROMAGNA,SCUOLA PRIMARIA,primaria,15,capacita_esaurita_o_oltre_max_km
202425,1.0,42,statale,SCUOLA PRIMARIA,1,IMEE81202E,SC. ELEM. LARGO GHIGLIA,IMPERIA,IMPERIA,LIGURIA,SCUOLA PRIMARIA,primaria,10,capacita_esaurita_o_oltre_max_km
202425,1.0,42,statale,SCUOLA PRIMARIA,1,RAEE81802X,"""GINNASI ALESSANDRO""",CASTEL BOLOGNESE,RAVENNA,EMILIA ROMAGNA,SCUOLA PRIMARIA,primaria,9,capacita_esaurita_o_oltre_max_km
202425,1.0,42,statale,SCUOLA PRIMARIA,1,PVEE81701L,MORTARA,MORTARA,PAVIA,LOMBARDIA,SCUOLA PRIMARIA,primaria,28,capacita_esaurita_o_oltre_max_km
202425,1.0,42,statale,SCUOLA PRIMARIA,1,MOEE06001B,"""G.MAZZINI"" VIGNOLA",VIGNOLA,MODENA,EMILIA ROMAGNA,SCUOLA PRIMARIA,primaria,14,capacita_esaurita_o_oltre_max_km
202425,1.0,42,statale,SCUOLA PRIMARIA,1,PVEE800017,SC. PRIM. S. MARIA DELLA VERSA,SANTA MARIA DELLA VERSA,PAVIA,LOMBARDIA,SCUOLA PRIMARIA,primaria,6,capacita_esaurita_o_oltre_max_km
202425,1.0,42,statale,SCUOLA PRIMARIA,1,BGEE883028,PRIMARIA TRESCORE BALNEARIO,TRESCORE BALNEARIO,BERGAMO,LOMBARDIA,SCUOLA PRIMARIA,primaria,16,capacita_esaurita_o_oltre_max_km
202425,1.0,42,statale,SCUOLA PRIMARIA,1,BSEE8AN015,"MONTICHIARI FRAZ. ""VIGHIZZOLO""",MONTICHIARI,BRESCIA,LOMBARDIA,SCUOLA PRIMARIA,primaria,5,capacita_esaurita_o_oltre_max_km
202425,1.0,42,statale,SCUOLA PRIMARIA,1,CNEE83705Q,SCUOLA PRIMARIA MANGO,MANGO,CUNEO,PIEMONTE,SCUOLA PRIMARIA,primaria,1,capacita_esaurita_o_oltre_max_km
202425,1.0,42,statale,SCUOLA PRIMARIA,1,CREE820045,"""A. MANZONI""",CREMONA,CREMONA,LOMBARDIA,SCUOLA PRIMARIA,primaria,7,capacita_esaurita_o_oltre_max_km
202425,1.0,42,statale,SCUOLA PRIMARIA,1,FGEE83802N,BEATO PIER GIORGIO FRASSATI,ORDONA,FOGGIA,PUGLIA,SCUOLA PRIMARIA,primaria,8,capacita_esaurita_o_oltre_max_km
202425,1.0,42,statale,SCUOLA PRIMARIA,1,LOEE81603R,PRIMARIA R. MORZENTI - S.ANGELO,SANT'ANGELO LODIGIANO,LODI,LOMBARDIA,SCUOLA PRIMARIA,primaria,7,capacita_esaurita_o_oltre_max_km
202425,1.0,42,statale,SCUOLA PRIMARIA,1,MIEE8C8032,PRIMARIA MARZABOTTO,SESTO SAN GIOVANNI,MILANO,LOMBARDIA,SCUOLA PRIMARIA,primaria,8,capacita_esaurita_o_oltre_max_km
202425,1.0,42,statale,SCUOLA PRIMARIA,1,MNEE82004A,"REVERE ""DON B. GRAZIOLI""",BORGO MANTOVANO,MANTOVA,LOMBARDIA,SCUOLA PRIMARIA,primaria,3,capacita_esaurita_o_oltre_max_km
202425,1.0,42,statale,SCUOLA PRIMARIA,1,ROEE80003P,PANZACCHI ENRICO - CASTELMASSA,CASTELMASSA,ROVIGO,VENETO,SCUOLA PRIMARIA,primaria,8,capacita_esaurita_o_oltre_max_km
202425,1.0,42,statale,SCUOLA PRIMARIA,1,TVEE86602D,"""GIANNI RODARI"" - PARE'",CONEGLIANO,TREVISO,VENETO,SCUOLA PRIMARIA,primaria,1,capacita_esaurita_o_oltre_max_km
202425,1.0,42,statale,SCUOLA PRIMARIA,1,VEEE84402L,E. TOTI,VENEZIA,VENEZIA,VENETO,SCUOLA PRIMARIA,primaria,15,capacita_esaurita_o_oltre_max_km
202425,1.0,42,statale,SCUOLA PRIMARIA,1,PREE839018,FORNOVO CPL,FORNOVO DI TARO,PARMA,EMILIA ROMAGNA,SCUOLA PRIMARIA,primaria,1,capacita_esaurita_o_oltre_max_km
202425,1.0,42,statale,SCUOLA PRIMARIA,1,RGEE82204P,C.BATTISTI,RAGUSA,RAGUSA,SICILIA,SCUOLA PRIMARIA,primaria,7,capacita_esaurita_o_oltre_max_km
202425,1.0,42,statale,SCUOLA PRIMARIA,1,VREE89806R,"TERRANEGRA ""G.UNGARETTI""",LEGNAGO,VERONA,VENETO,SCUOLA PRIMARIA,primaria,3,capacita_esaurita_o_oltre_max_km
202425,1.0,42,statale,SCUOLA PRIMARIA,1,GEEE82301C,S.PRIMARIA- D.ALIGHIERI -,GENOVA,GENOVA,LIGURIA,SCUOLA PRIMARIA,primaria,16,capacita_esaurita_o_oltre_max_km
202425,1.0,42,statale,SCUOLA PRIMARIA,1,CREE81501E,PIEVE S.GIACOMO CAP.,PIEVE SAN GIACOMO,CREMONA,LOMBARDIA,SCUOLA PRIMARIA,primaria,1,capacita_esaurita_o_oltre_max_km
202425,1.0,42,statale,SCUOLA PRIMARIA,1,GREE81901C,SCUOLA PRIMARIA ROCCASTRADA,ROCCASTRADA,GROSSETO,TOSCANA,SCUOLA PRIMARIA,primaria,5,capacita_esaurita_o_oltre_max_km
202425,1.0,42,statale,SCUOLA PRIMARIA,1,REEE848015,CA' BIANCA,REGGIO NELL'EMILIA,REGGIO EMILIA,EMILIA ROMAGNA,SCUOLA PRIMARIA,primaria,5,capacita_esaurita_o_oltre_max_km
202425,1.0,42,statale,SCUOLA PRIMARIA,1,MOEE846025,"""G.LEOPARDI"" MODENA",MODENA,MODENA,EMILIA ROMAGNA,SCUOLA PRIMARIA,primaria,7,capacita_esaurita_o_oltre_max_km
202425,1.0,42,statale,SCUOLA PRIMARIA,1,APEE827074,ORTEZZANO/MONTERINALDO,ORTEZZANO,FERMO,MARCHE,SCUOLA PRIMARIA,primaria,1,capacita_esaurita_o_oltre_max_km
202425,1.0,42,statale,SCUOLA PRIMARIA,1,BOEE87701T,DE AMICIS - I.C. N. 18 BOLOGNA,BOLOGNA,BOLOGNA,EMILIA ROMAGNA,SCUOLA PRIMARIA,primaria,10,capacita_esaurita_o_oltre_max_km
202425,1.0,42,statale,SCUOLA PRIMARIA,1,CSEE823033,VILLAPIANA-VILLAGGIO-,VILLAPIANA,COSENZA,CALABRIA,SCUOLA PRIMARIA,primaria,2,capacita_esaurita_o_oltre_max_km
202425,1.0,42,statale,SCUOLA PRIMARIA,1,LIEE819022,"""S.LEGA""",ROSIGNANO MARITTIMO,LIVORNO,TOSCANA,SCUOLA PRIMARIA,primaria,2,capacita_esaurita_o_oltre_max_km
202425,1.0,42,statale,SCUOLA PRIMARIA,1,MIEE81903L,PRIMARIA VIA CARNOVALI,MILANO,MILANO,LOMBARDIA,SCUOLA PRIMARIA,primaria,4,capacita_esaurita_o_oltre_max_km
202425,1.0,42,statale,SCUOLA PRIMARIA,1,MIEE8AG01V,PRIMARIA VIA VAL LAGARINA,MILANO,MILANO,LOMBARDIA,SCUOLA PRIMARIA,primaria,13,capacita_esaurita_o_oltre_max_km
202425,1.0,42,statale,SCUOLA PRIMARIA,1,MNEE820028,"SERRAVALLE PO ""G. GUARESCHI""",SERRAVALLE A PO,MANTOVA,LOMBARDIA,SCUOLA PRIMARIA,primaria,2,capacita_esaurita_o_oltre_max_km
202425,1.0,42,statale,SCUOLA PRIMARIA,1,MNEE827012,CASTELLUCCHIO,CASTELLUCCHIO,MANTOVA,LOMBARDIA,SCUOLA PRIMARIA,primaria,8,capacita_esaurita_o_oltre_max_km
202425,1.0,42,statale,SCUOLA PRIMARIA,1,PDEE888039,ROSMINI (EX IV IC),PADOVA,PADOVA,VENETO,SCUOLA PRIMARIA,primaria,4,capacita_esaurita_o_oltre_max_km
202425,1.0,42,statale,SCUOLA PRIMARIA,1,PREE82904R,MARTIRI DI CEFALONIA,PARMA,PARMA,EMILIA ROMAGNA,SCUOLA PRIMARIA,primaria,8,capacita_esaurita_o_oltre_max_km
202425,1.0,42,statale,SCUOLA PRIMARIA,1,PSEE81505B,PIANDIMELETO - BELFORTE ALL'IS.,BELFORTE ALL'ISAURO,PESARO E URBINO,MARCHE,SCUOLA PRIMARIA,primaria,2,capacita_esaurita_o_oltre_max_km
202425,1.0,42,statale,SCUOLA PRIMARIA,1,PVEE80009G,SC. PRIM. PIETRA DE' GIORGI,PIETRA DE' GIORGI,PAVIA,LOMBARDIA,SCUOLA PRIMARIA,primaria,2,capacita_esaurita_o_oltre_max_km
202425,1.0,42,statale,SCUOLA PRIMARIA,1,PVEE80905T,OTTOBIANO,OTTOBIANO,PAVIA,LOMBARDIA,SCUOLA PRIMARIA,primaria,2,capacita_esaurita_o_oltre_max_km
202425,1.0,42,statale,SCUOLA PRIMARIA,1,TOEE8CF018,I.C. BOBBIO - NOVARO,TORINO,TORINO,PIEMONTE,SCUOLA PRIMARIA,primaria,6,capacita_esaurita_o_oltre_max_km
202425,1.0,42,statale,SCUOLA PRIMARIA,1,PCEE80801Q,BORGONOVO - CAPOLUOGO,BORGONOVO VAL TIDONE,PIACENZA,EMILIA ROMAGNA,SCUOLA PRIMARIA,primaria,16,capacita_esaurita_o_oltre_max_km
202425,1.0,42,statale,SCUOLA PRIMARIA,1,TVEE88004T,FRANCESCO DALL'ONGARO - MANSUE',MANSUE',TREVISO,VENETO,SCUOLA PRIMARIA,primaria,2,capacita_esaurita_o_oltre_max_km
202425,1.0,42,statale,SCUOLA PRIMARIA,1,FEEE80001G,"""C.DELLA SALA""-PONTELAGOSCURO",FERRARA,FERRARA,EMILIA ROMAGNA,SCUOLA PRIMARIA,primaria,5,capacita_esaurita_o_oltre_max_km
202425,1.0,42,statale,SCUOLA PRIMARIA,1,BSEE87701C,PRIMARIA UGOLINI BRESCIA,BRESCIA,BRESCIA,LOMBARDIA,SCUOLA PRIMARIA,primaria,14,capacita_esaurita_o_oltre_max_km
202425,1.0,42,statale,SCUOLA PRIMARIA,1,BGEE898022,"ROMANO DI LOMBARDIA ""G.PASCOLI""",ROMANO DI LOMBARDIA,BERGAMO,LOMBARDIA,SCUOLA PRIMARIA,primaria,9,capacita_esaurita_o_oltre_max_km
202425,1.0,42,statale,SCUOLA PRIMARIA,1,BGEE838019,CASTELLI CALEPIO - CIVIDINO,CASTELLI CALEPIO,BERGAMO,LOMBARDIA,SCUOLA PRIMARIA,primaria,2,capacita_esaurita_o_oltre_max_km
202425,1.0,42,statale,SCUOLA PRIMARIA,1,MNEE80206V,PRIMARIA - PIUBEGA,PIUBEGA,MANTOVA,LOMBARDIA,SCUOLA PRIMARIA,primaria,4,capacita_esaurita_o_oltre_max_km
202425,1.0,42,statale,SCUOLA PRIMARIA,1,PDEE883025,DAVILA-PD,PADOVA,PADOVA,VENETO,SCUOLA PRIMARIA,primaria,3,capacita_esaurita_o_oltre_max_km
202425,1.0,42,statale,SCUOLA PRIMARIA,1,REEE84601D,BERGONZI A.,REGGIO NELL'EMILIA,REGGIO EMILIA,EMILIA ROMAGNA,SCUOLA PRIMARIA,primaria,6,capacita_esaurita_o_oltre_max_km
202425,1.0,42,statale,SCUOLA PRIMARIA,1,RGEE82203N,PAOLO VETRI,RAGUSA,RAGUSA,SICILIA,SCUOLA PRIMARIA,primaria,7,capacita_esaurita_o_oltre_max_km
202425,1.0,42,statale,SCUOLA PRIMARIA,1,TOEE137012,D.D. OULX - CAP.,OULX,TORINO,PIEMONTE,SCUOLA PRIMARIA,primaria,4,capacita_esaurita_o_oltre_max_km
202425,1.0,42,statale,SCUOLA PRIMARIA,1,MIEE8AU02C,PRIMARIA ITALO CALVINO,COLOGNO MONZESE,MILANO,LOMBARDIA,SCUOLA PRIMARIA,primaria,4,capacita_esaurita_o_oltre_max_km
202425,1.0,42,statale,SCUOLA PRIMARIA,1,PIEE81003A,PASCOLI,SANTA CROCE SULL'ARNO,PISA,TOSCANA,SCUOLA PRIMARIA,primaria,8,capacita_esaurita_o_oltre_max_km
202425,1.0,42,statale,SCUOLA PRIMARIA,1,POEE81601C,CLAUDIO PUDDU - LOC.MALISETI,PRATO,PRATO,TOSCANA,SCUOLA PRIMARIA,primaria,1,capacita_esaurita_o_oltre_max_km
202425,1.0,42,statale,SCUOLA PRIMARIA,1,ALEE83602C,"ACQUI TERME ""G.SARACCO""",ACQUI TERME,ALESSANDRIA,PIEMONTE,SCUOLA PRIMARIA,primaria,9,capacita_esaurita_o_oltre_max_km
202425,1.0,42,statale,SCUOLA PRIMARIA,1,ANEE81801C,"ANCONA ""MARINELLI""",ANCONA,ANCONA,MARCHE,SCUOLA PRIMARIA,primaria,3,capacita_esaurita_o_oltre_max_km
202425,1.0,42,statale,SCUOLA PRIMARIA,1,BSEE894016,PAVONE DEL MELLA CAP.,PAVONE DEL MELLA,BRESCIA,LOMBARDIA,SCUOLA PRIMARIA,primaria,2,capacita_esaurita_o_oltre_max_km
202425,1.0,42,statale,SCUOLA PRIMARIA,1,MIEE8C401L,PRIMARIA M.L. KING,MILANO,MILANO,LOMBARDIA,SCUOLA PRIMARIA,primaria,5,capacita_esaurita_o_oltre_max_km
202425,1.0,42,statale,SCUOLA PRIMARIA,1,PREE82201V,BUSSETO CPL,BUSSETO,PARMA,EMILIA ROMAGNA,SCUOLA PRIMARIA,primaria,9,capacita_esaurita_o_oltre_max_km
202425,1.0,42,statale,SCUOLA PRIMARIA,1,PREE822031,POLESINE - ZIBELLO,POLESINE ZIBELLO,PARMA,EMILIA ROMAGNA,SCUOLA PRIMARIA,primaria,5,capacita_esaurita_o_oltre_max_km
202425,1.0,42,statale,SCUOLA PRIMARIA,1,MOEE83502P,"""C.A. DALLA CHIESA "" MASSA FIN.",FINALE EMILIA,MODENA,EMILIA ROMAGNA,SCUOLA PRIMARIA,primaria,6,capacita_esaurita_o_oltre_max_km
202425,1.0,42,statale,SCUOLA PRIMARIA,1,VEEE827052,D.A.MUNARETTO-CIPRESSINA,VENEZIA,VENEZIA,VENETO,SCUOLA PRIMARIA,primaria,6,capacita_esaurita_o_oltre_max_km
202425,1.0,42,statale,SCUOLA PRIMARIA,1,GREE81101T,"CASTELDELPIANO CAP.""L.SANTUCCI""",CASTEL DEL PIANO,GROSSETO,TOSCANA,SCUOLA PRIMARIA,primaria,7,capacita_esaurita_o_oltre_max_km
202425,1.0,42,statale,SCUOLA PRIMARIA,1,IMEE815044,"VIA GALILEI BORGO ""G. RODARI""",SANREMO,IMPERIA,LIGURIA,SCUOLA PRIMARIA,primaria,7,capacita_esaurita_o_oltre_max_km
202425,1.0,42,statale,SCUOLA PRIMARIA,1,NOEE82505E,"""C.E.BUSCAGLIA""",NOVARA,NOVARA,PIEMONTE,SCUOLA PRIMARIA,primaria,9,capacita_esaurita_o_oltre_max_km
202425,1.0,42,statale,SCUOLA PRIMARIA,1,BSEE816022,"BRESCIA ""CALINI""",BRESCIA,BRESCIA,LOMBARDIA,SCUOLA PRIMARIA,primaria,11,capacita_esaurita_o_oltre_max_km
202425,1.0,42,statale,SCUOLA PRIMARIA,1,MOEE81901Q,"""L.A. MURATORI "" SAN FELICE S/P",SAN FELICE SUL PANARO,MODENA,EMILIA ROMAGNA,SCUOLA PRIMARIA,primaria,10,capacita_esaurita_o_oltre_max_km
202425,1.0,42,statale,SCUOLA PRIMARIA,1,ALEE816049,"SCUOLA PRIMARIA ""PIO BOGGIANI""",BOSCO MARENGO,ALESSANDRIA,PIEMONTE,SCUOLA PRIMARIA,primaria,1,capacita_esaurita_o_oltre_max_km
202425,1.0,42,statale,SCUOLA PRIMARIA,1,BGEE891027,GANDOSSO,GANDOSSO,BERGAMO,LOMBARDIA,SCUOLA PRIMARIA,primaria,2,capacita_esaurita_o_oltre_max_km
202425,1.0,42,statale,SCUOLA PRIMARIA,1,BOEE811017,TIZIANO TERZANI - MARANO,GAGGIO MONTANO,BOLOGNA,EMILIA ROMAGNA,SCUOLA PRIMARIA,primaria,2,capacita_esaurita_o_oltre_max_km
202425,1.0,42,statale,SCUOLA PRIMARIA,1,BSEE84304C,ROVATO - FRAZ.LODETTO -,ROVATO,BRESCIA,LOMBARDIA,SCUOLA PRIMARIA,primaria,3,capacita_esaurita_o_oltre_max_km
202425,1.0,42,statale,SCUOLA PRIMARIA,1,FEEE817044,SC.PRIMARIA 'G.STRADA-T.SARTI',CENTO,FERRARA,EMILIA ROMAGNA,SCUOLA PRIMARIA,primaria,3,capacita_esaurita_o_oltre_max_km
202425,1.0,42,statale,SCUOLA PRIMARIA,1,GREE81701R,C.PAGANICO,CIVITELLA PAGANICO,GROSSETO,TOSCANA,SCUOLA PRIMARIA,primaria,2,capacita_esaurita_o_oltre_max_km
202425,1.0,42,statale,SCUOLA PRIMARIA,1,LTEE82803R,LA FIORA,TERRACINA,LATINA,LAZIO,SCUOLA PRIMARIA,primaria,2,capacita_esaurita_o_oltre_max_km
202425,1.0,42,statale,SCUOLA PRIMARIA,1,MNEE818039,"CASTELBELFORTE ""M. DI BELFIORE""",CASTELBELFORTE,MANTOVA,LOMBARDIA,SCUOLA PRIMARIA,primaria,7,capacita_esaurita_o_oltre_max_km
202425,1.0,42,statale,SCUOLA PRIMARIA,1,PVEE80401E,LOMELLO CATERINA ASSANDRA,LOMELLO,PAVIA,LOMBARDIA,SCUOLA PRIMARIA,primaria,2,capacita_esaurita_o_oltre_max_km
202425,1.0,42,statale,SCUOLA PRIMARIA,1,RCEE82616Q,PLACANICA CAPOLUOGO,PLACANICA,REGGIO CALABRIA,CALABRIA,SCUOLA PRIMARIA,primaria,2,capacita_esaurita_o_oltre_max_km
202425,1.0,42,statale,SCUOLA PRIMARIA,1,SIEE828024,VIA MARCONI,RADICONDOLI,SIENA,TOSCANA,SCUOLA PRIMARIA,primaria,2,capacita_esaurita_o_oltre_max_km
202425,1.0,42,statale,SCUOLA PRIMARIA,1,TVEE88103L,S. PIO X - MEDUNA DI L.,MEDUNA DI LIVENZA,TREVISO,VENETO,SCUOLA PRIMARIA,primaria,5,capacita_esaurita_o_oltre_max_km
202425,1.0,42,statale,SCUOLA PRIMARIA,1,GEEE85203E,S.EL. - G.MAZZINI -,GENOVA,GENOVA,LIGURIA,SCUOLA PRIMARIA,primaria,13,capacita_esaurita_o_oltre_max_km
202425,1.0,42,statale,SCUOLA PRIMARIA,1,POEE81501L,CILIANI,PRATO,PRATO,TOSCANA,SCUOLA PRIMARIA,primaria,19,capacita_esaurita_o_oltre_max_km
202425,1.0,42,statale,SCUOLA PRIMARIA,1,BSEE858013,DARFO BOARIO TERME CAP.,DARFO BOARIO TERME,BRESCIA,LOMBARDIA,SCUOLA PRIMARIA,primaria,1,capacita_esaurita_o_oltre_max_km
202425,1.0,42,statale,SCUOLA PRIMARIA,1,MIEE8CT01X,PRIMARIA VITTORIO LOCCHI,MILANO,MILANO,LOMBARDIA,SCUOLA PRIMARIA,primaria,9,capacita_esaurita_o_oltre_max_km
202425,1.0,42,statale,SCUOLA PRIMARIA,1,LOEE80901G,PRIMARIA F. SCOTTI - CASALPUST.,CASALPUSTERLENGO,LODI,LOMBARDIA,SCUOLA PRIMARIA,primaria,12,capacita_esaurita_o_oltre_max_km
202425,1.0,42,statale,SCUOLA PRIMARIA,1,PTEE824015,CAPOLUOGO SIMONETTI,PESCIA,PISTOIA,TOSCANA,SCUOLA PRIMARIA,primaria,5,capacita_esaurita_o_oltre_max_km
202425,1.0,42,statale,SCUOLA PRIMARIA,1,BGEE85802G,MISANO GERA D'ADDA,MISANO DI GERA D'ADDA,BERGAMO,LOMBARDIA,SCUOLA PRIMARIA,primaria,4,capacita_esaurita_o_oltre_max_km
202425,1.0,42,statale,SCUOLA PRIMARIA,1,REEE82406T,LORIS MALAGUZZI,REGGIO NELL'EMILIA,REGGIO EMILIA,EMILIA ROMAGNA,SCUOLA PRIMARIA,primaria,4,capacita_esaurita_o_oltre_max_km
202425,1.0,42,statale,SCUOLA PRIMARIA,1,UDEE84203A,"""LUIGI GARZONI"" - VIA RONCHI",UDINE,UDINE,FRIULI-VENEZIA G.,SCUOLA PRIMARIA,primaria,2,capacita_esaurita_o_oltre_max_km
202425,1.0,42,statale,SCUOLA PRIMARIA,1,BOEE82701R,R. BONFIGLIOLI - I.C. MINERBIO,MINERBIO,BOLOGNA,EMILIA ROMAGNA,SCUOLA PRIMARIA,primaria,9,capacita_esaurita_o_oltre_max_km
202425,1.0,42,statale,SCUOLA PRIMARIA,1,MIEE8DU017,PRIMARIA VIA MARTINENGO,MILANO,MILANO,LOMBARDIA,SCUOLA PRIMARIA,primaria,14,capacita_esaurita_o_oltre_max_km
202425,1.0,42,statale,SCUOLA PRIMARIA,1,BOEE854037,GIUSEPPE GARIBALDI,BOLOGNA,BOLOGNA,EMILIA ROMAGNA,SCUOLA PRIMARIA,primaria,1,capacita_esaurita_o_oltre_max_km
202425,1.0,42,statale,SCUOLA PRIMARIA,1,MOEE80501T,"""ANNA FRANK"" NOVI DI MODENA",NOVI DI MODENA,MODENA,EMILIA ROMAGNA,SCUOLA PRIMARIA,primaria,8,capacita_esaurita_o_oltre_max_km
202425,1.0,42,statale,SCUOLA PRIMARIA,1,BOEE81106C,GIOVANNI XXIII,LIZZANO IN BELVEDERE,BOLOGNA,EMILIA ROMAGNA,SCUOLA PRIMARIA,primaria,2,capacita_esaurita_o_oltre_max_km
202425,1.0,42,statale,SCUOLA PRIMARIA,1,BSEE8AM02A,"PRIMARIA ""D. LORENZO MILANI""",PALAZZOLO SULL'OGLIO,BRESCIA,LOMBARDIA,SCUOLA PRIMARIA,primaria,4,capacita_esaurita_o_oltre_max_km
202425,1.0,42,statale,SCUOLA PRIMARIA,1,SAEE8BM09A,CORLETO MONFORTE CAP. P.P.,CORLETO MONFORTE,SALERNO,CAMPANIA,SCUOLA PRIMARIA,primaria,2,capacita_esaurita_o_oltre_max_km
202425,1.0,42,statale,SCUOLA PRIMARIA,1,SVEE80201C,PRIMARIA DI MILLESIMO CAPOLUOGO,MILLESIMO,SAVONA,LIGURIA,SCUOLA PRIMARIA,primaria,6,capacita_esaurita_o_oltre_max_km
202425,1.0,42,statale,SCUOLA PRIMARIA,1,ROEE817012,BACCARI F. - LENDINARA,LENDINARA,ROVIGO,VENETO,SCUOLA PRIMARIA,primaria,5,capacita_esaurita_o_oltre_max_km
202425,1.0,42,statale,SCUOLA PRIMARIA,1,VEEE87101X,C. BASEGGIO,VENEZIA,VENEZIA,VENETO,SCUOLA PRIMARIA,primaria,5,capacita_esaurita_o_oltre_max_km
202425,1.0,42,statale,SCUOLA PRIMARIA,1,LOEE807054,PRIMARIA - SALVO D'ACQUISTO,OSPEDALETTO LODIGIANO,LODI,LOMBARDIA,SCUOLA PRIMARIA,primaria,3,capacita_esaurita_o_oltre_max_km
202425,1.0,42,statale,SCUOLA PRIMARIA,1,PCEE81101G,"""PIERA BAIARDI""",PIANELLO VAL TIDONE,PIACENZA,EMILIA ROMAGNA,SCUOLA PRIMARIA,primaria,3,capacita_esaurita_o_oltre_max_km
202425,1.0,42,statale,SCUOLA PRIMARIA,1,BGEE87803T,"SOVERE ""SUOR G. ZANUTTI""",SOVERE,BERGAMO,LOMBARDIA,SCUOLA PRIMARIA,primaria,3,capacita_esaurita_o_oltre_max_km
202425,1.0,42,statale,SCUOLA PRIMARIA,1,MIEE8EN02P,PRIMARIA XXV APRILE,CORMANO,MILANO,LOMBARDIA,SCUOLA PRIMARIA,primaria,7,capacita_esaurita_o_oltre_max_km
202425,1.0,42,statale,SCUOLA PRIMARIA,1,FEEE82603T,"""G.GONELLI""-MIRABELLO",TERRE DEL RENO,FERRARA,EMILIA ROMAGNA,SCUOLA PRIMARIA,primaria,3,capacita_esaurita_o_oltre_max_km
202425,1.0,42,statale,SCUOLA PRIMARIA,1,IMEE81001T,SC. PRIM. VIA DEGLI ULIVI,IMPERIA,IMPERIA,LIGURIA,SCUOLA PRIMARIA,primaria,4,capacita_esaurita_o_oltre_max_km
202425,1.0,42,statale,SCUOLA PRIMARIA,1,MIEE8AU01E,PRIMARIA EUGENIO MONTALE,COLOGNO MONZESE,MILANO,LOMBARDIA,SCUOLA PRIMARIA,primaria,4,capacita_esaurita_o_oltre_max_km
202425,1.0,42,statale,SCUOLA PRIMARIA,1,PGEE871068,MASSA MARTANA VIALE EUROPA,MASSA MARTANA,PERUGIA,UMBRIA,SCUOLA PRIMARIA,primaria,4,capacita_esaurita_o_oltre_max_km
202425,1.0,42,statale,SCUOLA PRIMARIA,1,VREE87803C,G. UBERTI,VERONA,VERONA,VENETO,SCUOLA PRIMARIA,primaria,2,capacita_esaurita_o_oltre_max_km
202425,1.0,42,statale,SCUOLA PRIMARIA,1,BGEE83503X,"PRIMARIA ""MERISI""",CARAVAGGIO,BERGAMO,LOMBARDIA,SCUOLA PRIMARIA,primaria,13,capacita_esaurita_o_oltre_max_km
202425,1.0,42,statale,SCUOLA PRIMARIA,1,VEEE834077,G. PASCOLI,VENEZIA,VENEZIA,VENETO,SCUOLA PRIMARIA,primaria,5,capacita_esaurita_o_oltre_max_km
202425,1.0,42,statale,SCUOLA PRIMARIA,1,PDEE888028,MURATORI,PADOVA,PADOVA,VENETO,SCUOLA PRIMARIA,primaria,5,capacita_esaurita_o_oltre_max_km
202425,1.0,42,statale,SCUOLA PRIMARIA,1,PVEE801035,PIEVE PORTO MORONE,PIEVE PORTO MORONE,PAVIA,LOMBARDIA,SCUOLA PRIMARIA,primaria,5,capacita_esaurita_o_oltre_max_km
202425,1.0,42,statale,SCUOLA PRIMARIA,1,CNEE833018,BARGE-CAPOLUOGO,BARGE,CUNEO,PIEMONTE,SCUOLA PRIMARIA,primaria,2,capacita_esaurita_o_oltre_max_km
202425,1.0,42,statale,SCUOLA PRIMARIA,1,PREE82905T,GIANNI RODARI,PARMA,PARMA,EMILIA ROMAGNA,SCUOLA PRIMARIA,primaria,7,capacita_esaurita_o_oltre_max_km
202425,1.0,42,statale,SCUOLA PRIMARIA,1,PTEE82201D,"""GIOVANNI PASCOLI""",MONTECATINI-TERME,PISTOIA,TOSCANA,SCUOLA PRIMARIA,primaria,4,capacita_esaurita_o_oltre_max_km
202425,1.0,42,statale,SCUOLA PRIMARIA,1,PCEE80901G,FRAZ. ROVELETO,CADEO,PIACENZA,EMILIA ROMAGNA,SCUOLA PRIMARIA,primaria,8,capacita_esaurita_o_oltre_max_km
202425,1.0,42,statale,SCUOLA PRIMARIA,1,GEEE839012,SCUOLA PRIMARIA G. CARDUCCI,GENOVA,GENOVA,LIGURIA,SCUOLA PRIMARIA,primaria,12,capacita_esaurita_o_oltre_max_km
202425,1.0,42,statale,SCUOLA PRIMARIA,1,TOEE8B201A,I.C. FRASSATI - GOZZANO,TORINO,TORINO,PIEMONTE,SCUOLA PRIMARIA,primaria,12,capacita_esaurita_o_oltre_max_km
202425,1.0,42,statale,SCUOLA PRIMARIA,1,MCEE82901L,A.GRAMSCI - G.MATTEOTTI,PORTO RECANATI,MACERATA,MARCHE,SCUOLA PRIMARIA,primaria,1,capacita_esaurita_o_oltre_max_km
202425,1.0,42,statale,SCUOLA PRIMARIA,1,ALEE81004A,"""P.SPINGARDI"" - SPIGNO M.TO",SPIGNO MONFERRATO,ALESSANDRIA,PIEMONTE,SCUOLA PRIMARIA,primaria,1,capacita_esaurita_o_oltre_max_km
202425,1.0,42,statale,SCUOLA PRIMARIA,1,ALEE816038,"SCUOLA PRIMARIA ""E. DE AMICIS""",BERGAMASCO,ALESSANDRIA,PIEMONTE,SCUOLA PRIMARIA,primaria,1,capacita_esaurita_o_oltre_max_km
202425,1.0,42,statale,SCUOLA PRIMARIA,1,APEE82703X,"MONTOTTONE ""BRECCIA/FRATADOCCHI",MONTOTTONE,FERMO,MARCHE,SCUOLA PRIMARIA,primaria,1,capacita_esaurita_o_oltre_max_km
202425,1.0,42,statale,SCUOLA PRIMARIA,1,ATEE81005C,SCUOLA PRIMARIA VILLAFRANCA,VILLAFRANCA D'ASTI,ASTI,PIEMONTE,SCUOLA PRIMARIA,primaria,3,capacita_esaurita_o_oltre_max_km
202425,1.0,42,statale,SCUOLA PRIMARIA,1,ATEE81404P,'GRAMSCI' ASTI,ASTI,ASTI,PIEMONTE,SCUOLA PRIMARIA,primaria,1,capacita_esaurita_o_oltre_max_km
202425,1.0,42,statale,SCUOLA PRIMARIA,1,BGEE85105X,VALBONDIONE - CAP.,VALBONDIONE,BERGAMO,LOMBARDIA,SCUOLA PRIMARIA,primaria,1,capacita_esaurita_o_oltre_max_km
202425,1.0,42,statale,SCUOLA PRIMARIA,1,BOEE85105T,XXI APRILE - I.C. N. 8 BOLOGNA,BOLOGNA,BOLOGNA,EMILIA ROMAGNA,SCUOLA PRIMARIA,primaria,5,capacita_esaurita_o_oltre_max_km
202425,1.0,42,statale,SCUOLA PRIMARIA,1,BSEE808034,PIAN CAMUNO CAP.,PIAN CAMUNO,BRESCIA,LOMBARDIA,SCUOLA PRIMARIA,primaria,2,capacita_esaurita_o_oltre_max_km
202425,1.0,42,statale,SCUOLA PRIMARIA,1,BSEE894049,SENIGA.CAP,SENIGA,BRESCIA,LOMBARDIA,SCUOLA PRIMARIA,primaria,3,capacita_esaurita_o_oltre_max_km
202425,1.0,42,statale,SCUOLA PRIMARIA,1,CBEE82503Q,"""CAMPODIPIETRA CAPOLUOGO""",CAMPODIPIETRA,CAMPOBASSO,MOLISE,SCUOLA PRIMARIA,primaria,2,capacita_esaurita_o_oltre_max_km
202425,1.0,42,statale,SCUOLA PRIMARIA,1,CNEE81609V,"SALICETO - CAPOLUOGO ""A. MUZIO""",SALICETO,CUNEO,PIEMONTE,SCUOLA PRIMARIA,primaria,2,capacita_esaurita_o_oltre_max_km
202425,1.0,42,statale,SCUOLA PRIMARIA,1,CNEE85102V,SAVIGLIANO - FRAZ. LEVALDIGI,SAVIGLIANO,CUNEO,PIEMONTE,SCUOLA PRIMARIA,primaria,2,capacita_esaurita_o_oltre_max_km
202425,1.0,42,statale,SCUOLA PRIMARIA,1,CSEE84602P,PALUDI CENTRO,PALUDI,COSENZA,CALABRIA,SCUOLA PRIMARIA,primaria,1,capacita_esaurita_o_oltre_max_km
202425,1.0,42,statale,SCUOLA PRIMARIA,1,FEEE81502A,"""MARIO CAPUZZO""-PONTELANGORINO",CODIGORO,FERRARA,EMILIA ROMAGNA,SCUOLA PRIMARIA,primaria,3,capacita_esaurita_o_oltre_max_km
202425,1.0,42,statale,SCUOLA PRIMARIA,1,LOEE813017,PRIMARIA P.C.M. BARZAGHI - LODI,LODI,LODI,LOMBARDIA,SCUOLA PRIMARIA,primaria,4,capacita_esaurita_o_oltre_max_km
202425,1.0,42,statale,SCUOLA PRIMARIA,1,LOEE813028,PRIMARIA GIOVANNI AGNELLI-RIOLO,LODI,LODI,LOMBARDIA,SCUOLA PRIMARIA,primaria,1,capacita_esaurita_o_oltre_max_km
202425,1.0,42,statale,SCUOLA PRIMARIA,1,LUEE84307E,PRIMARIA POLO MARGHERITA HACK,PESCAGLIA,LUCCA,TOSCANA,SCUOLA PRIMARIA,primaria,2,capacita_esaurita_o_oltre_max_km
202425,1.0,42,statale,SCUOLA PRIMARIA,1,MCEE80202N,VIA DANTE ALIGHIERI,FIUMINATA,MACERATA,MARCHE,SCUOLA PRIMARIA,primaria,1,capacita_esaurita_o_oltre_max_km
202425,1.0,42,statale,SCUOLA PRIMARIA,1,MCEE820038,DE AMICIS,PIEVE TORINA,MACERATA,MARCHE,SCUOLA PRIMARIA,primaria,2,capacita_esaurita_o_oltre_max_km
202425,1.0,42,statale,SCUOLA PRIMARIA,1,MNEE82402G,SCUOLA PRIMARIA FOCHESSATI,MOTTEGGIANA,MANTOVA,LOMBARDIA,SCUOLA PRIMARIA,primaria,4,capacita_esaurita_o_oltre_max_km
202425,1.0,42,statale,SCUOLA PRIMARIA,1,MNEE82503C,"SCUOLA PRIMARIA ""L. GONELLA""",SUZZARA,MANTOVA,LOMBARDIA,SCUOLA PRIMARIA,primaria,13,capacita_esaurita_o_oltre_max_km
202425,1.0,42,statale,SCUOLA PRIMARIA,1,MNEE827067,RIVALTA PRIMARIA A.M.GUASTALLA,RODIGO,MANTOVA,LOMBARDIA,SCUOLA PRIMARIA,primaria,3,capacita_esaurita_o_oltre_max_km
202425,1.0,42,statale,SCUOLA PRIMARIA,1,NOEE80703V,FARA NOVARESE,FARA NOVARESE,NOVARA,PIEMONTE,SCUOLA PRIMARIA,primaria,2,capacita_esaurita_o_oltre_max_km
202425,1.0,42,statale,SCUOLA PRIMARIA,1,PCEE81102L,"""IGNOTO MILITE""",ALTA VAL TIDONE,PIACENZA,EMILIA ROMAGNA,SCUOLA PRIMARIA,primaria,1,capacita_esaurita_o_oltre_max_km
202425,1.0,42,statale,SCUOLA PRIMARIA,1,PCEE81801A,FIORENZUOLA - CAPOLUOGO,FIORENZUOLA D'ARDA,PIACENZA,EMILIA ROMAGNA,SCUOLA PRIMARIA,primaria,17,capacita_esaurita_o_oltre_max_km
202425,1.0,42,statale,SCUOLA PRIMARIA,1,PGEE026027,PRIMARIA LA TINA,CITTA' DI CASTELLO,PERUGIA,UMBRIA,SCUOLA PRIMARIA,primaria,2,capacita_esaurita_o_oltre_max_km
202425,1.0,42,statale,SCUOLA PRIMARIA,1,PREE805015,"""ELSA MORANTE"" LOC. TRECASALI",SISSA TRECASALI,PARMA,EMILIA ROMAGNA,SCUOLA PRIMARIA,primaria,4,capacita_esaurita_o_oltre_max_km
202425,1.0,42,statale,SCUOLA PRIMARIA,1,PTEE80604P,"""MATTEO VITELLI"" - MARLIANA",MARLIANA,PISTOIA,TOSCANA,SCUOLA PRIMARIA,primaria,2,capacita_esaurita_o_oltre_max_km
202425,1.0,42,statale,SCUOLA PRIMARIA,1,PVEE823065,BASTIDA PANCARANA CASTELLETTO,BASTIDA PANCARANA,PAVIA,LOMBARDIA,SCUOLA PRIMARIA,primaria,2,capacita_esaurita_o_oltre_max_km
202425,1.0,42,statale,SCUOLA PRIMARIA,1,SIEE80503C,L. BONAZIA,SINALUNGA,SIENA,TOSCANA,SCUOLA PRIMARIA,primaria,3,capacita_esaurita_o_oltre_max_km
202425,1.0,42,statale,SCUOLA PRIMARIA,1,SPEE82502Q,"SC. ELEM. STAT. ""E.VENTURINI""",LA SPEZIA,LA SPEZIA,LIGURIA,SCUOLA PRIMARIA,primaria,4,capacita_esaurita_o_oltre_max_km
202425,1.0,42,statale,SCUOLA PRIMARIA,1,SSEE83801D,FRAZ PALMADULA,SASSARI,SASSARI,SARDEGNA,SCUOLA PRIMARIA,primaria,1,capacita_esaurita_o_oltre_max_km
202425,1.0,42,statale,SCUOLA PRIMARIA,1,SVEE803029,PRIMARIA ALTARE- ALDO CAPASSO,ALTARE,SAVONA,LIGURIA,SCUOLA PRIMARIA,primaria,2,capacita_esaurita_o_oltre_max_km
202425,1.0,42,statale,SCUOLA PRIMARIA,1,TOEE8B5041,SCUOLA PRIMARIA CARDUCCI,TORINO,TORINO,PIEMONTE,SCUOLA PRIMARIA,primaria,1,capacita_esaurita_o_oltre_max_km
202425,1.0,42,statale,SCUOLA PRIMARIA,1,VREE84902B,BRENTINO B. VALLAGARINA,BRENTINO BELLUNO,VERONA,VENETO,SCUOLA PRIMARIA,primaria,3,capacita_esaurita_o_oltre_max_km
202425,1.0,42,statale,SCUOLA PRIMARIA,1,VREE89701Q,ETTORE RIELLO PORTO-LEGNAGO 2,LEGNAGO,VERONA,VENETO,SCUOLA PRIMARIA,primaria,5,capacita_esaurita_o_oltre_max_km
202425,1.0,42,statale,SCUOLA PRIMARIA,1,VREE8AB02R,"""G. SANDRI""",SAN BONIFACIO,VERONA,VENETO,SCUOLA PRIMARIA,primaria,11,capacita_esaurita_o_oltre_max_km
202425,1.0,42,statale,SCUOLA PRIMARIA,1,PVEE83102X,BOTTO,VIGEVANO,PAVIA,LOMBARDIA,SCUOLA PRIMARIA,primaria,6,capacita_esaurita_o_oltre_max_km
202425,1.0,42,statale,SCUOLA PRIMARIA,1,TOEE81702X,I.C. PACINOTTI - DE FILIPPO,TORINO,TORINO,PIEMONTE,SCUOLA PRIMARIA,primaria,7,capacita_esaurita_o_oltre_max_km
202425,1.0,42,statale,SCUOLA PRIMARIA,1,ANEE81603V,"ANCONA ""FAIANI""",ANCONA,ANCONA,MARCHE,SCUOLA PRIMARIA,primaria,6,capacita_esaurita_o_oltre_max_km
202425,1.0,42,statale,SCUOLA PRIMARIA,1,REEE82902R,ROLO CAP.,ROLO,REGGIO EMILIA,EMILIA ROMAGNA,SCUOLA PRIMARIA,primaria,6,capacita_esaurita_o_oltre_max_km
202425,1.0,42,statale,SCUOLA PRIMARIA,1,TOEE808058,E. GIACHINO,TORINO,TORINO,PIEMONTE,SCUOLA PRIMARIA,primaria,6,capacita_esaurita_o_oltre_max_km
202425,1.0,42,statale,SCUOLA PRIMARIA,1,PNEE82601A,"SPILIMBERGO ""G.B.CAVEDALIS""",SPILIMBERGO,PORDENONE,FRIULI-VENEZIA G.,SCUOLA PRIMARIA,primaria,9,capacita_esaurita_o_oltre_max_km
202425,1.0,42,statale,SCUOLA PRIMARIA,1,TOEE8B101E,I.C. ALERAMO - CAP,TORINO,TORINO,PIEMONTE,SCUOLA PRIMARIA,primaria,12,capacita_esaurita_o_oltre_max_km
202425,1.0,42,statale,SCUOLA PRIMARIA,1,VREE87802B,MONSIGNOR CHIOT,VERONA,VERONA,VENETO,SCUOLA PRIMARIA,primaria,4,capacita_esaurita_o_oltre_max_km
202425,1.0,42,statale,SCUOLA PRIMARIA,1,BSEE878018,PRIMARIA S.M. BAMBINA BRESCIA,BRESCIA,BRESCIA,LOMBARDIA,SCUOLA PRIMARIA,primaria,3,capacita_esaurita_o_oltre_max_km
202425,1.0,42,statale,SCUOLA PRIMARIA,1,LIEE80802G,"""MARGHERITA HACK""",CASTAGNETO CARDUCCI,LIVORNO,TOSCANA,SCUOLA PRIMARIA,primaria,6,capacita_esaurita_o_oltre_max_km
202425,1.0,42,statale,SCUOLA PRIMARIA,1,REEE850026,MIRABELLO (DALL'AGLIO P.),REGGIO NELL'EMILIA,REGGIO EMILIA,EMILIA ROMAGNA,SCUOLA PRIMARIA,primaria,6,capacita_esaurita_o_oltre_max_km
202425,1.0,42,statale,SCUOLA PRIMARIA,1,BGEE891038,VILLONGO,VILLONGO,BERGAMO,LOMBARDIA,SCUOLA PRIMARIA,primaria,3,capacita_esaurita_o_oltre_max_km
202425,1.0,42,statale,SCUOLA PRIMARIA,1,BSEE8AL04L,"MONTICHIARI ""G. FALCONE""",MONTICHIARI,BRESCIA,LOMBARDIA,SCUOLA PRIMARIA,primaria,12,capacita_esaurita_o_oltre_max_km
202425,1.0,42,statale,SCUOLA PRIMARIA,1,PDEE846037,"CADONEGHE ""GALILEO GALILEI""",CADONEGHE,PADOVA,VENETO,SCUOLA PRIMARIA,primaria,1,capacita_esaurita_o_oltre_max_km
202425,1.0,42,statale,SCUOLA PRIMARIA,1,RMEE86602N,CAMPAGNANO,CAMPAGNANO DI ROMA,ROMA,LAZIO,SCUOLA PRIMARIA,primaria,7,capacita_esaurita_o_oltre_max_km
202425,1.0,42,statale,SCUOLA PRIMARIA,1,VREE8AC01G,"""CANGRANDE""-S.GIOV.LUPATOTO1",SAN GIOVANNI LUPATOTO,VERONA,VENETO,SCUOLA PRIMARIA,primaria,5,capacita_esaurita_o_oltre_max_km
202425,1.0,42,statale,SCUOLA PRIMARIA,1,POEE82101X,SANTA GONDA,PRATO,PRATO,TOSCANA,SCUOLA PRIMARIA,primaria,4,capacita_esaurita_o_oltre_max_km
202425,1.0,42,statale,SCUOLA PRIMARIA,1,VEEE87402C,T. VECELLIO,VENEZIA,VENEZIA,VENETO,SCUOLA PRIMARIA,primaria,9,capacita_esaurita_o_oltre_max_km
202425,1.0,42,statale,SCUOLA PRIMARIA,1,POEE813011,DON LORENZO MILANI -SAN GIUSTO,PRATO,PRATO,TOSCANA,SCUOLA PRIMARIA,primaria,7,capacita_esaurita_o_oltre_max_km
202425,1.0,42,statale,SCUOLA PRIMARIA,1,AREE822021,"SCUOLA PRIMARIA ""EMMA PERODI""",BIBBIENA,AREZZO,TOSCANA,SCUOLA PRIMARIA,primaria,4,capacita_esaurita_o_oltre_max_km
202425,1.0,42,statale,SCUOLA PRIMARIA,1,CREE81401P,"""MARIO LODI"" (PIADENA)",PIADENA DRIZZONA,CREMONA,LOMBARDIA,SCUOLA PRIMARIA,primaria,2,capacita_esaurita_o_oltre_max_km
202425,1.0,42,statale,SCUOLA PRIMARIA,1,CREE82402A,""" L. BISSOLATI """,CREMONA,CREMONA,LOMBARDIA,SCUOLA PRIMARIA,primaria,1,capacita_esaurita_o_oltre_max_km
202425,1.0,42,statale,SCUOLA PRIMARIA,1,IMEE810052,"SCUOLA PRIMARIA ""R.VERCESI""",IMPERIA,IMPERIA,LIGURIA,SCUOLA PRIMARIA,primaria,2,capacita_esaurita_o_oltre_max_km
202425,1.0,42,statale,SCUOLA PRIMARIA,1,PCEE002052,SAN LAZZARO ALBERONI,PIACENZA,PIACENZA,EMILIA ROMAGNA,SCUOLA PRIMARIA,primaria,5,capacita_esaurita_o_oltre_max_km
202425,1.0,42,statale,SCUOLA PRIMARIA,1,TOEE810036,"I.C. ""D.M. TUROLDO"" - COSTA",TORINO,TORINO,PIEMONTE,SCUOLA PRIMARIA,primaria,5,capacita_esaurita_o_oltre_max_km
202425,1.0,42,statale,SCUOLA PRIMARIA,1,TOEE8B103L,I.C. ALERAMO A. ANGELINI,TORINO,TORINO,PIEMONTE,SCUOLA PRIMARIA,primaria,2,capacita_esaurita_o_oltre_max_km
202425,1.0,42,statale,SCUOLA PRIMARIA,1,MIEE8C6018,PRIMARIA MAGREGLIO,MILANO,MILANO,LOMBARDIA,SCUOLA PRIMARIA,primaria,4,capacita_esaurita_o_oltre_max_km
202425,1.0,42,statale,SCUOLA PRIMARIA,1,BSEE849018,SCUOLA PRIMARIA CAPOLUOGO,CARPENEDOLO,BRESCIA,LOMBARDIA,SCUOLA PRIMARIA,primaria,13,capacita_esaurita_o_oltre_max_km
202425,1.0,42,statale,SCUOLA PRIMARIA,1,ATEE81003A,SCUOLA PRIMARIA MONALE,MONALE,ASTI,PIEMONTE,SCUOLA PRIMARIA,primaria,3,capacita_esaurita_o_oltre_max_km
202425,1.0,42,statale,SCUOLA PRIMARIA,1,BOEE813031,SILVANI,BOLOGNA,BOLOGNA,EMILIA ROMAGNA,SCUOLA PRIMARIA,primaria,3,capacita_esaurita_o_oltre_max_km
202425,1.0,42,statale,SCUOLA PRIMARIA,1,CREE82102V,"""S. AMBROGIO""",CREMONA,CREMONA,LOMBARDIA,SCUOLA PRIMARIA,primaria,3,capacita_esaurita_o_oltre_max_km
202425,1.0,42,statale,SCUOLA PRIMARIA,1,PREE82305V,"CALESTANO ""VERTI-OLLARI""",CALESTANO,PARMA,EMILIA ROMAGNA,SCUOLA PRIMARIA,primaria,3,capacita_esaurita_o_oltre_max_km
202425,1.0,42,statale,SCUOLA PRIMARIA,1,LOEE80301L,PRIMARIA ADA NEGRI - LODI VECCH,LODI VECCHIO,LODI,LOMBARDIA,SCUOLA PRIMARIA,primaria,9,capacita_esaurita_o_oltre_max_km
202425,1.0,42,statale,SCUOLA PRIMARIA,1,ANEE81302A,"ANCONA ""DE AMICIS""",ANCONA,ANCONA,MARCHE,SCUOLA PRIMARIA,primaria,7,capacita_esaurita_o_oltre_max_km
202425,1.0,42,statale,SCUOLA PRIMARIA,1,PREE805037,"""GUGLIELMO MARCONI"" - LOC. SIS",SISSA TRECASALI,PARMA,EMILIA ROMAGNA,SCUOLA PRIMARIA,primaria,5,capacita_esaurita_o_oltre_max_km
202425,1.0,42,statale,SCUOLA PRIMARIA,1,ALEE83901V,"ALESSANDRIA ""C.ZANZI""",ALESSANDRIA,ALESSANDRIA,PIEMONTE,SCUOLA PRIMARIA,primaria,4,capacita_esaurita_o_oltre_max_km
202425,1.0,42,statale,SCUOLA PRIMARIA,1,BGEE898011,"ROMANO DI LOMBARDIA ""DE AMICIS""",ROMANO DI LOMBARDIA,BERGAMO,LOMBARDIA,SCUOLA PRIMARIA,primaria,4,capacita_esaurita_o_oltre_max_km
202425,1.0,42,statale,SCUOLA PRIMARIA,1,BSEE82401X,"LONATO CAP. ""DON L. MILANI""",LONATO DEL GARDA,BRESCIA,LOMBARDIA,SCUOLA PRIMARIA,primaria,9,capacita_esaurita_o_oltre_max_km
202425,1.0,42,statale,SCUOLA PRIMARIA,1,BSEE895034,ALFIANELLO,ALFIANELLO,BRESCIA,LOMBARDIA,SCUOLA PRIMARIA,primaria,2,capacita_esaurita_o_oltre_max_km
202425,1.0,42,statale,SCUOLA PRIMARIA,1,CREE81404T,"""DON PRIMO MAZZOLARI"" TORRE P.",TORRE DE' PICENARDI,CREMONA,LOMBARDIA,SCUOLA PRIMARIA,primaria,2,capacita_esaurita_o_oltre_max_km
202425,1.0,42,statale,SCUOLA PRIMARIA,1,FGEE83801L,VIA VERDI,STORNARELLA,FOGGIA,PUGLIA,SCUOLA PRIMARIA,primaria,8,capacita_esaurita_o_oltre_max_km
202425,1.0,42,statale,SCUOLA PRIMARIA,1,GEEE84203X,S.EL. - VILLA SANGUINETI -,GENOVA,GENOVA,LIGURIA,SCUOLA PRIMARIA,primaria,2,capacita_esaurita_o_oltre_max_km
202425,1.0,42,statale,SCUOLA PRIMARIA,1,IMEE81201D,SC. ELEM. PIAZZA ULISSE CALVI,IMPERIA,IMPERIA,LIGURIA,SCUOLA PRIMARIA,primaria,5,capacita_esaurita_o_oltre_max_km
202425,1.0,42,statale,SCUOLA PRIMARIA,1,IMEE816051,SCUOLA PRIMARIA TORRI,VENTIMIGLIA,IMPERIA,LIGURIA,SCUOLA PRIMARIA,primaria,1,capacita_esaurita_o_oltre_max_km
202425,1.0,42,statale,SCUOLA PRIMARIA,1,MIEE82201A,PRIMARIA VIA A. MANZONI,COLOGNO MONZESE,MILANO,LOMBARDIA,SCUOLA PRIMARIA,primaria,4,capacita_esaurita_o_oltre_max_km
202425,1.0,42,statale,SCUOLA PRIMARIA,1,MIEE8CZ02N,PRIMARIA VIA U. PISA,MILANO,MILANO,LOMBARDIA,SCUOLA PRIMARIA,primaria,10,capacita_esaurita_o_oltre_max_km
202425,1.0,42,statale,SCUOLA PRIMARIA,1,MNEE80101T,ACQUANEGRA SUL CHIESE V. LOCCHI,ACQUANEGRA SUL CHIESE,MANTOVA,LOMBARDIA,SCUOLA PRIMARIA,primaria,2,capacita_esaurita_o_oltre_max_km
202425,1.0,42,statale,SCUOLA PRIMARIA,1,MNEE819035,MAGNACAVALLO,MAGNACAVALLO,MANTOVA,LOMBARDIA,SCUOLA PRIMARIA,primaria,1,capacita_esaurita_o_oltre_max_km
202425,1.0,42,statale,SCUOLA PRIMARIA,1,NOEE80702T,CASALEGGIO,CASALEGGIO NOVARA,NOVARA,PIEMONTE,SCUOLA PRIMARIA,primaria,1,capacita_esaurita_o_oltre_max_km
202425,1.0,42,statale,SCUOLA PRIMARIA,1,PCEE81103N,"""PIETRO BUSCARINI""",ALTA VAL TIDONE,PIACENZA,EMILIA ROMAGNA,SCUOLA PRIMARIA,primaria,1,capacita_esaurita_o_oltre_max_km
202425,1.0,42,statale,SCUOLA PRIMARIA,1,REEE834017,DON LORENZO MILANI,REGGIO NELL'EMILIA,REGGIO EMILIA,EMILIA ROMAGNA,SCUOLA PRIMARIA,primaria,2,capacita_esaurita_o_oltre_max_km
202425,1.0,42,statale,SCUOLA PRIMARIA,1,ROEE80005R,FLEMING A.- CASTELNOVO BARIANO,CASTELNOVO BARIANO,ROVIGO,VENETO,SCUOLA PRIMARIA,primaria,3,capacita_esaurita_o_oltre_max_km
202425,1.0,42,statale,SCUOLA PRIMARIA,1,SIEE819029,EDMONDO DE AMICIS,CHIANCIANO TERME,SIENA,TOSCANA,SCUOLA PRIMARIA,primaria,1,capacita_esaurita_o_oltre_max_km
202425,1.0,42,statale,SCUOLA PRIMARIA,1,SPEE81904E,LA SPEZIA CANALETTO G. CARDUCCI,LA SPEZIA,LA SPEZIA,LIGURIA,SCUOLA PRIMARIA,primaria,6,capacita_esaurita_o_oltre_max_km
202425,1.0,42,statale,SCUOLA PRIMARIA,1,TOEE87701E,I.C. REGIO PARCO- LESSONA,TORINO,TORINO,PIEMONTE,SCUOLA PRIMARIA,primaria,5,capacita_esaurita_o_oltre_max_km
202425,1.0,42,statale,SCUOLA PRIMARIA,1,UDEE848017,VIA LIBERTA' TEMPO MODULARE,MANZANO,UDINE,FRIULI-VENEZIA G.,SCUOLA PRIMARIA,primaria,1,capacita_esaurita_o_oltre_max_km
202425,1.0,42,statale,SCUOLA PRIMARIA,1,VREE84601V,"""EDERLE C.""-VILLABARTOLOMEA",VILLA BARTOLOMEA,VERONA,VENETO,SCUOLA PRIMARIA,primaria,4,capacita_esaurita_o_oltre_max_km
202425,1.0,42,statale,SCUOLA PRIMARIA,1,BOEE81301V,BOTTEGO - I.C. N. 3 BOLOGNA,BOLOGNA,BOLOGNA,EMILIA ROMAGNA,SCUOLA PRIMARIA,primaria,7,capacita_esaurita_o_oltre_max_km
202425,1.0,42,statale,SCUOLA PRIMARIA,1,MIEE8D001X,PRIMARIA VIA VITERBO,MILANO,MILANO,LOMBARDIA,SCUOLA PRIMARIA,primaria,6,capacita_esaurita_o_oltre_max_km
202425,1.0,42,statale,SCUOLA PRIMARIA,1,VCEE80002N,TRINO CAPOLUOGO,TRINO,VERCELLI,PIEMONTE,SCUOLA PRIMARIA,primaria,5,capacita_esaurita_o_oltre_max_km
202425,1.0,42,statale,SCUOLA PRIMARIA,1,CNEE80701Q,BENE VAGIENNA-CAPOLUOGO,BENE VAGIENNA,CUNEO,PIEMONTE,SCUOLA PRIMARIA,primaria,3,capacita_esaurita_o_oltre_max_km
202425,1.0,42,statale,SCUOLA PRIMARIA,1,CREE81001B,CASALBUTTANO CAP.,CASALBUTTANO ED UNITI,CREMONA,LOMBARDIA,SCUOLA PRIMARIA,primaria,3,capacita_esaurita_o_oltre_max_km
202425,1.0,42,statale,SCUOLA PRIMARIA,1,MNEE80205T,"SC. PRIMARIA ""MART. BELFIORE""",GAZOLDO DEGLI IPPOLITI,MANTOVA,LOMBARDIA,SCUOLA PRIMARIA,primaria,3,capacita_esaurita_o_oltre_max_km
202425,1.0,42,statale,SCUOLA PRIMARIA,1,PVEE827017,DANTE ALIGHIERI - VOGHERA,VOGHERA,PAVIA,LOMBARDIA,SCUOLA PRIMARIA,primaria,3,capacita_esaurita_o_oltre_max_km
202425,1.0,42,statale,SCUOLA PRIMARIA,1,BOEE86001C,G. LODI - I.C. CREVALCORE,CREVALCORE,BOLOGNA,EMILIA ROMAGNA,SCUOLA PRIMARIA,primaria,1,capacita_esaurita_o_oltre_max_km
202425,1.0,42,statale,SCUOLA PRIMARIA,1,BGEE83702E,ARZAGO D'ADDA,ARZAGO D'ADDA,BERGAMO,LOMBARDIA,SCUOLA PRIMARIA,primaria,1,capacita_esaurita_o_oltre_max_km
202425,1.0,42,statale,SCUOLA PRIMARIA,1,BSEE880029,PRIMARIA MARCONI S.EUFEMIA BS,BRESCIA,BRESCIA,LOMBARDIA,SCUOLA PRIMARIA,primaria,2,capacita_esaurita_o_oltre_max_km
202425,1.0,42,statale,SCUOLA PRIMARIA,1,FEEE82605X,VIA RISORGIMENTO-S.CARLO,TERRE DEL RENO,FERRARA,EMILIA ROMAGNA,SCUOLA PRIMARIA,primaria,2,capacita_esaurita_o_oltre_max_km
202425,1.0,42,statale,SCUOLA PRIMARIA,1,FGEE84601G,LOCAL.TRESSANTI,CERIGNOLA,FOGGIA,PUGLIA,SCUOLA PRIMARIA,primaria,2,capacita_esaurita_o_oltre_max_km
202425,1.0,42,statale,SCUOLA PRIMARIA,1,MNEE834026,"MOGLIA -PRIMARIA ""A. MARTINI""",MOGLIA,MANTOVA,LOMBARDIA,SCUOLA PRIMARIA,primaria,4,capacita_esaurita_o_oltre_max_km
202425,1.0,42,statale,SCUOLA PRIMARIA,1,PREE82803X,FRAZ. S. PROSPERO,PARMA,PARMA,EMILIA ROMAGNA,SCUOLA PRIMARIA,primaria,2,capacita_esaurita_o_oltre_max_km
202425,1.0,42,statale,SCUOLA PRIMARIA,1,RAEE82101P,LUIGI BATTAGLIA,FUSIGNANO,RAVENNA,EMILIA ROMAGNA,SCUOLA PRIMARIA,primaria,6,capacita_esaurita_o_oltre_max_km
202425,1.0,42,statale,SCUOLA PRIMARIA,1,ATEE81802X,BARACCA - ASTI,ASTI,ASTI,PIEMONTE,SCUOLA PRIMARIA,primaria,3,capacita_esaurita_o_oltre_max_km
202425,1.0,42,statale,SCUOLA PRIMARIA,1,BGEE83204D,CIVIDATE AL PIANO,CIVIDATE AL PIANO,BERGAMO,LOMBARDIA,SCUOLA PRIMARIA,primaria,3,capacita_esaurita_o_oltre_max_km
202425,1.0,42,statale,SCUOLA PRIMARIA,1,BSEE88201X,PRIMARIA TITO SPERI - BRESCIA,BRESCIA,BRESCIA,LOMBARDIA,SCUOLA PRIMARIA,primaria,3,capacita_esaurita_o_oltre_max_km
202425,1.0,42,statale,SCUOLA PRIMARIA,1,BOEE805043,MAZZACURATI,GALLIERA,BOLOGNA,EMILIA ROMAGNA,SCUOLA PRIMARIA,primaria,2,capacita_esaurita_o_oltre_max_km
202425,1.0,42,statale,SCUOLA PRIMARIA,1,MNEE806011,"PRIMARIA GUIDIZZOLO ""DE AMICIS""",GUIDIZZOLO,MANTOVA,LOMBARDIA,SCUOLA PRIMARIA,primaria,4,capacita_esaurita_o_oltre_max_km
202425,1.0,42,statale,SCUOLA PRIMARIA,1,FGEE83701R,STORNARA,STORNARA,FOGGIA,PUGLIA,SCUOLA PRIMARIA,primaria,6,capacita_esaurita_o_oltre_max_km
202425,1.0,42,statale,SCUOLA PRIMARIA,1,AQEE837035,FILIPPO CORRIDONI - ATELETA,ATELETA,L'AQUILA,ABRUZZO,SCUOLA PRIMARIA,primaria,1,capacita_esaurita_o_oltre_max_km
202425,1.0,42,statale,SCUOLA PRIMARIA,1,ATEE81506L,SCUOLA PRIMAR CASTEL BOGLIONE,CASTEL BOGLIONE,ASTI,PIEMONTE,SCUOLA PRIMARIA,primaria,1,capacita_esaurita_o_oltre_max_km
202425,1.0,42,statale,SCUOLA PRIMARIA,1,BGEE835041,PRIMARIA VIDALENGO,CARAVAGGIO,BERGAMO,LOMBARDIA,SCUOLA PRIMARIA,primaria,1,capacita_esaurita_o_oltre_max_km
202425,1.0,42,statale,SCUOLA PRIMARIA,1,BOEE812035,DE VIGRI,BOLOGNA,BOLOGNA,EMILIA ROMAGNA,SCUOLA PRIMARIA,primaria,2,capacita_esaurita_o_oltre_max_km
202425,1.0,42,statale,SCUOLA PRIMARIA,1,BSEE894027,"SCUOLA PRIMARIA ""M.VALORSI""",CIGOLE,BRESCIA,LOMBARDIA,SCUOLA PRIMARIA,primaria,2,capacita_esaurita_o_oltre_max_km
202425,1.0,42,statale,SCUOLA PRIMARIA,1,CREE813031,SCANDOLARA RAVARA,SCANDOLARA RAVARA,CREMONA,LOMBARDIA,SCUOLA PRIMARIA,primaria,1,capacita_esaurita_o_oltre_max_km
202425,1.0,42,statale,SCUOLA PRIMARIA,1,CSEE84907B,CAMPANA IC,CAMPANA,COSENZA,CALABRIA,SCUOLA PRIMARIA,primaria,1,capacita_esaurita_o_oltre_max_km
202425,1.0,42,statale,SCUOLA PRIMARIA,1,MIEE89301C,PRIMARIA GIOVANNI XXIII,SAN GIULIANO MILANESE,MILANO,LOMBARDIA,SCUOLA PRIMARIA,primaria,1,capacita_esaurita_o_oltre_max_km
202425,1.0,42,statale,SCUOLA PRIMARIA,1,PDEE846048,"""M.BOSCHETTI ALBERTI""LOC.CASTAG",CADONEGHE,PADOVA,VENETO,SCUOLA PRIMARIA,primaria,1,capacita_esaurita_o_oltre_max_km
202425,1.0,42,statale,SCUOLA PRIMARIA,1,PGEE05703X,PRIMARIA PIERANTONIO,UMBERTIDE,PERUGIA,UMBRIA,SCUOLA PRIMARIA,primaria,1,capacita_esaurita_o_oltre_max_km
202425,1.0,42,statale,SCUOLA PRIMARIA,1,SIEE807012,"""DINA FERRI""",CHIUSDINO,SIENA,TOSCANA,SCUOLA PRIMARIA,primaria,1,capacita_esaurita_o_oltre_max_km
202425,1.0,42,statale,SCUOLA PRIMARIA,1,SIEE81202E,I. CALVINO,CASTELNUOVO BERARDENGA,SIENA,TOSCANA,SCUOLA PRIMARIA,primaria,2,capacita_esaurita_o_oltre_max_km
202425,1.0,42,statale,SCUOLA PRIMARIA,1,BOEE818023,PRIMARIA SCANDELLARA,BOLOGNA,BOLOGNA,EMILIA ROMAGNA,SCUOLA PRIMARIA,primaria,4,capacita_esaurita_o_oltre_max_km
202425,1.0,42,statale,SCUOLA PRIMARIA,1,VREE87502X,GIOVANNI SOLINAS,VERONA,VERONA,VENETO,SCUOLA PRIMARIA,primaria,5,capacita_esaurita_o_oltre_max_km
202425,1.0,42,statale,SCUOLA PRIMARIA,1,FIEE871033,S.VERDIANA-TILLI,CASTELFIORENTINO,FIRENZE,TOSCANA,SCUOLA PRIMARIA,primaria,1,capacita_esaurita_o_oltre_max_km
202425,1.0,42,statale,SCUOLA PRIMARIA,1,MIEE8AP02C,PRIMARIA A. MANZONI,CINISELLO BALSAMO,MILANO,LOMBARDIA,SCUOLA PRIMARIA,primaria,6,capacita_esaurita_o_oltre_max_km
202425,1.0,42,statale,SCUOLA PRIMARIA,1,TOEE87801A,I.C. UMBERTO SABA - GALIMBERTI,TORINO,TORINO,PIEMONTE,SCUOLA PRIMARIA,primaria,6,capacita_esaurita_o_oltre_max_km
202425,1.0,42,statale,SCUOLA PRIMARIA,1,CREE824019,"""CLAUDIO MONTEVERDI""",CREMONA,CREMONA,LOMBARDIA,SCUOLA PRIMARIA,primaria,5,capacita_esaurita_o_oltre_max_km
202425,1.0,42,statale,SCUOLA PRIMARIA,1,PCEE805018,CORTEMAGGIORE - CAPOLUOGO,CORTEMAGGIORE,PIACENZA,EMILIA ROMAGNA,SCUOLA PRIMARIA,primaria,5,capacita_esaurita_o_oltre_max_km
202425,1.0,42,statale,SCUOLA PRIMARIA,1,MIEE8A5017,PRIMARIA MARTIRI DELLA LIBERTA',SESTO SAN GIOVANNI,MILANO,LOMBARDIA,SCUOLA PRIMARIA,primaria,6,capacita_esaurita_o_oltre_max_km
202425,1.0,42,statale,SCUOLA PRIMARIA,1,ATEE810018,SCUOLA PRIMARIA BALDICHIERI,BALDICHIERI D'ASTI,ASTI,PIEMONTE,SCUOLA PRIMARIA,primaria,2,capacita_esaurita_o_oltre_max_km
202425,1.0,42,statale,SCUOLA PRIMARIA,1,GREE829024,"ROSELLE - ""M.VERGARI""",GROSSETO,GROSSETO,TOSCANA,SCUOLA PRIMARIA,primaria,2,capacita_esaurita_o_oltre_max_km
202425,1.0,42,statale,SCUOLA PRIMARIA,1,MIEE8DZ02B,PRIMARIA TRE CASTELLI,MILANO,MILANO,LOMBARDIA,SCUOLA PRIMARIA,primaria,3,capacita_esaurita_o_oltre_max_km
202425,1.0,42,statale,SCUOLA PRIMARIA,1,MIEE8FW036,PRIMARIA VIA FERABOLI,MILANO,MILANO,LOMBARDIA,SCUOLA PRIMARIA,primaria,4,capacita_esaurita_o_oltre_max_km
202425,1.0,42,statale,SCUOLA PRIMARIA,1,MIEE8FX021,PRIMARIA VIA DELLE FOPPETTE,MILANO,MILANO,LOMBARDIA,SCUOLA PRIMARIA,primaria,3,capacita_esaurita_o_oltre_max_km
202425,1.0,42,statale,SCUOLA PRIMARIA,1,REEE834039,S.GIOVANNI BOSCO,REGGIO NELL'EMILIA,REGGIO EMILIA,EMILIA ROMAGNA,SCUOLA PRIMARIA,primaria,6,capacita_esaurita_o_oltre_max_km
202425,1.0,42,statale,SCUOLA PRIMARIA,1,PCEE00305T,PIETRO GIORDANI,PIACENZA,PIACENZA,EMILIA ROMAGNA,SCUOLA PRIMARIA,primaria,7,capacita_esaurita_o_oltre_max_km
202425,1.0,42,statale,SCUOLA PRIMARIA,1,MIEE8CR04B,PRIMARIA VIA GABBRO,MILANO,MILANO,LOMBARDIA,SCUOLA PRIMARIA,primaria,4,capacita_esaurita_o_oltre_max_km
202425,1.0,42,statale,SCUOLA PRIMARIA,1,PTEE82205N,"""DON GIULIO FACIBENI""",MONTECATINI-TERME,PISTOIA,TOSCANA,SCUOLA PRIMARIA,primaria,4,capacita_esaurita_o_oltre_max_km
202425,1.0,42,statale,SCUOLA PRIMARIA,1,VREE88401N,ROMAGNOLI B.- VR 14 SAN MASSIMO,VERONA,VERONA,VENETO,SCUOLA PRIMARIA,primaria,1,capacita_esaurita_o_oltre_max_km
202425,1.0,42,statale,SCUOLA PRIMARIA,1,MNEE81504V,VILLIMPENTA,VILLIMPENTA,MANTOVA,LOMBARDIA,SCUOLA PRIMARIA,primaria,2,capacita_esaurita_o_oltre_max_km
202425,1.0,42,statale,SCUOLA PRIMARIA,1,MNEE81505X,"CASTELDARIO ""G. CARDUCCI""",CASTEL D'ARIO,MANTOVA,LOMBARDIA,SCUOLA PRIMARIA,primaria,3,capacita_esaurita_o_oltre_max_km
202425,1.0,42,statale,SCUOLA PRIMARIA,1,TOEE81401B,I.C. PONT C.SE CADUTI LIBERTA',PONT-CANAVESE,TORINO,PIEMONTE,SCUOLA PRIMARIA,primaria,2,capacita_esaurita_o_oltre_max_km
202425,1.0,42,statale,SCUOLA PRIMARIA,1,VREE88301T,SCUOLA DEI CILIEGI,VERONA,VERONA,VENETO,SCUOLA PRIMARIA,primaria,4,capacita_esaurita_o_oltre_max_km
202425,1.0,42,statale,SCUOLA PRIMARIA,1,VTEE805028,PESCIA ROMANA,MONTALTO DI CASTRO,VITERBO,LAZIO,SCUOLA PRIMARIA,primaria,2,capacita_esaurita_o_oltre_max_km
202425,1.0,42,statale,SCUOLA PRIMARIA,1,RAEE808018,"""FORESTI F.""",CONSELICE,RAVENNA,EMILIA ROMAGNA,SCUOLA PRIMARIA,primaria,5,capacita_esaurita_o_oltre_max_km
202425,1.0,42,statale,SCUOLA PRIMARIA,1,MNEE80701R,SAN PIETRO,CASTIGLIONE DELLE STIVIERE,MANTOVA,LOMBARDIA,SCUOLA PRIMARIA,primaria,4,capacita_esaurita_o_oltre_max_km
202425,1.0,42,statale,SCUOLA PRIMARIA,1,MIEE8C7014,PRIMARIA LUCIANO MANARA,MILANO,MILANO,LOMBARDIA,SCUOLA PRIMARIA,primaria,3,capacita_esaurita_o_oltre_max_km
202425,1.0,42,statale,SCUOLA PRIMARIA,1,PNEE835026,SCUOLA PRIMARIA E.DE AMICIS,SAN GIORGIO DELLA RICHINVELDA,PORDENONE,FRIULI-VENEZIA G.,SCUOLA PRIMARIA,primaria,3,capacita_esaurita_o_oltre_max_km
202425,1.0,42,statale,SCUOLA PRIMARIA,1,VEEE87403D,G. LEOPARDI,VENEZIA,VENEZIA,VENETO,SCUOLA PRIMARIA,primaria,3,capacita_esaurita_o_oltre_max_km
202425,1.0,42,statale,SCUOLA PRIMARIA,1,VEEE87303N,VIA VIRGILIO,VENEZIA,VENEZIA,VENETO,SCUOLA PRIMARIA,primaria,3,capacita_esaurita_o_oltre_max_km
202425,1.0,42,statale,SCUOLA PRIMARIA,1,VREE8AA032,"""BENIAMINO BURATO"" ARCOLE",ARCOLE,VERONA,VENETO,SCUOLA PRIMARIA,primaria,3,capacita_esaurita_o_oltre_max_km
202425,1.0,42,statale,SCUOLA PRIMARIA,1,MIEE8AR02G,PRIMARIA C.VILLA,CINISELLO BALSAMO,MILANO,LOMBARDIA,SCUOLA PRIMARIA,primaria,2,capacita_esaurita_o_oltre_max_km
202425,1.0,42,statale,SCUOLA PRIMARIA,1,PCEE00401D,E.DE AMICIS,PIACENZA,PIACENZA,EMILIA ROMAGNA,SCUOLA PRIMARIA,primaria,5,capacita_esaurita_o_oltre_max_km
202425,1.0,42,statale,SCUOLA PRIMARIA,1,SAEE81901E,CIOFFI,EBOLI,SALERNO,CAMPANIA,SCUOLA PRIMARIA,primaria,2,capacita_esaurita_o_oltre_max_km
202425,1.0,42,statale,SCUOLA PRIMARIA,1,FEEE802017,"""C.BATTISTI""-BONDENO",BONDENO,FERRARA,EMILIA ROMAGNA,SCUOLA PRIMARIA,primaria,5,capacita_esaurita_o_oltre_max_km
202425,1.0,42,statale,SCUOLA PRIMARIA,1,PVEE83203R,MARAZZANI,VIGEVANO,PAVIA,LOMBARDIA,SCUOLA PRIMARIA,primaria,2,capacita_esaurita_o_oltre_max_km
202425,1.0,42,statale,SCUOLA PRIMARIA,1,AREE82004B,"""G. MAZZINI""",MONTEVARCHI,AREZZO,TOSCANA,SCUOLA PRIMARIA,primaria,1,capacita_esaurita_o_oltre_max_km
202425,1.0,42,statale,SCUOLA PRIMARIA,1,BGEE8AA019,PRIMARIA D. STURZO DI URGNANO,URGNANO,BERGAMO,LOMBARDIA,SCUOLA PRIMARIA,primaria,3,capacita_esaurita_o_oltre_max_km
202425,1.0,42,statale,SCUOLA PRIMARIA,1,SIEE80501A,PIEVE,SINALUNGA,SIENA,TOSCANA,SCUOLA PRIMARIA,primaria,3,capacita_esaurita_o_oltre_max_km
202425,1.0,42,statale,SCUOLA PRIMARIA,1,PDEE83601E,CARMIGNANO DI BRENTA DE AMICIS,CARMIGNANO DI BRENTA,PADOVA,VENETO,SCUOLA PRIMARIA,primaria,2,capacita_esaurita_o_oltre_max_km
202425,1.0,42,statale,SCUOLA PRIMARIA,1,REEE84101A,GINO BARTALI,REGGIO NELL'EMILIA,REGGIO EMILIA,EMILIA ROMAGNA,SCUOLA PRIMARIA,primaria,3,capacita_esaurita_o_oltre_max_km
202425,1.0,42,statale,SCUOLA PRIMARIA,1,CREE804036,BECCADELLO,CASTELLEONE,CREMONA,LOMBARDIA,SCUOLA PRIMARIA,primaria,1,capacita_esaurita_o_oltre_max_km
202425,1.0,42,statale,SCUOLA PRIMARIA,1,ANEE81602T,"ANCONA ""C. ANTOGNINI""",ANCONA,ANCONA,MARCHE,SCUOLA PRIMARIA,primaria,3,capacita_esaurita_o_oltre_max_km
202425,1.0,42,statale,SCUOLA PRIMARIA,1,POEE812037,ALBERTO MANZI,PRATO,PRATO,TOSCANA,SCUOLA PRIMARIA,primaria,3,capacita_esaurita_o_oltre_max_km
202425,1.0,42,statale,SCUOLA PRIMARIA,1,REEE83101Q,PRIMARIA DON MILANI - NOVELLARA,NOVELLARA,REGGIO EMILIA,EMILIA ROMAGNA,SCUOLA PRIMARIA,primaria,6,capacita_esaurita_o_oltre_max_km
202425,1.0,42,statale,SCUOLA PRIMARIA,1,PCEE806036,"""L.TONCINI""",CAORSO,PIACENZA,EMILIA ROMAGNA,SCUOLA PRIMARIA,primaria,3,capacita_esaurita_o_oltre_max_km
202425,1.0,42,statale,SCUOLA PRIMARIA,1,MIEE8F1011,PRIMARIA F.S.CABRINI,MILANO,MILANO,LOMBARDIA,SCUOLA PRIMARIA,primaria,6,capacita_esaurita_o_oltre_max_km
202425,1.0,42,statale,SCUOLA PRIMARIA,1,ALEE80604P,VOLTAGGIO DOTT. C. ANFOSSO,VOLTAGGIO,ALESSANDRIA,PIEMONTE,SCUOLA PRIMARIA,primaria,1,capacita_esaurita_o_oltre_max_km
202425,1.0,42,statale,SCUOLA PRIMARIA,1,ALEE812064,GARBAGNA-G.PASCOLI,GARBAGNA,ALESSANDRIA,PIEMONTE,SCUOLA PRIMARIA,primaria,1,capacita_esaurita_o_oltre_max_km
202425,1.0,42,statale,SCUOLA PRIMARIA,1,ALEE82204L,"""GREPPI ALFIERI"" - FRASSINETO",FRASSINETO PO,ALESSANDRIA,PIEMONTE,SCUOLA PRIMARIA,primaria,1,capacita_esaurita_o_oltre_max_km
202425,1.0,42,statale,SCUOLA PRIMARIA,1,APEE80906D,ROTELLA,ROTELLA,ASCOLI PICENO,MARCHE,SCUOLA PRIMARIA,primaria,1,capacita_esaurita_o_oltre_max_km
202425,1.0,42,statale,SCUOLA PRIMARIA,1,AQEE831036,PRIMARIA VILLAVALLELONGA,VILLAVALLELONGA,L'AQUILA,ABRUZZO,SCUOLA PRIMARIA,primaria,1,capacita_esaurita_o_oltre_max_km
202425,1.0,42,statale,SCUOLA PRIMARIA,1,AREE814022,"""FRATELLI BIMBI""",BADIA TEDALDA,AREZZO,TOSCANA,SCUOLA PRIMARIA,primaria,1,capacita_esaurita_o_oltre_max_km
202425,1.0,42,statale,SCUOLA PRIMARIA,1,ATEE81801V,FERRARIS - ASTI,ASTI,ASTI,PIEMONTE,SCUOLA PRIMARIA,primaria,4,capacita_esaurita_o_oltre_max_km
202425,1.0,42,statale,SCUOLA PRIMARIA,1,BGEE843051,ROGNO CAP.,ROGNO,BERGAMO,LOMBARDIA,SCUOLA PRIMARIA,primaria,1,capacita_esaurita_o_oltre_max_km
202425,1.0,42,statale,SCUOLA PRIMARIA,1,BGEE87303P,CREDARO,CREDARO,BERGAMO,LOMBARDIA,SCUOLA PRIMARIA,primaria,2,capacita_esaurita_o_oltre_max_km
202425,1.0,42,statale,SCUOLA PRIMARIA,1,BLEE81803R,SAN VITO DI CADORE,SAN VITO DI CADORE,BELLUNO,VENETO,SCUOLA PRIMARIA,primaria,1,capacita_esaurita_o_oltre_max_km
202425,1.0,42,statale,SCUOLA PRIMARIA,1,BOEE80904A,GRAZIA DELEDDA,CASALFIUMANESE,BOLOGNA,EMILIA ROMAGNA,SCUOLA PRIMARIA,primaria,1,capacita_esaurita_o_oltre_max_km
202425,1.0,42,statale,SCUOLA PRIMARIA,1,BOEE82404C,V. FABI-CAMUGNANO EE,CAMUGNANO,BOLOGNA,EMILIA ROMAGNA,SCUOLA PRIMARIA,primaria,1,capacita_esaurita_o_oltre_max_km
202425,1.0,42,statale,SCUOLA PRIMARIA,1,BOEE86602C,VIA NASICA,CASTENASO,BOLOGNA,EMILIA ROMAGNA,SCUOLA PRIMARIA,primaria,1,capacita_esaurita_o_oltre_max_km
202425,1.0,42,statale,SCUOLA PRIMARIA,1,BSEE8AF022,"""E.PINTOSSI""SAREZZO FRAZ.ZANANO",SAREZZO,BRESCIA,LOMBARDIA,SCUOLA PRIMARIA,primaria,2,capacita_esaurita_o_oltre_max_km
202425,1.0,42,statale,SCUOLA PRIMARIA,1,CBEE82502P,TORO CAPOLUOGO,TORO,CAMPOBASSO,MOLISE,SCUOLA PRIMARIA,primaria,1,capacita_esaurita_o_oltre_max_km
202425,1.0,42,statale,SCUOLA PRIMARIA,1,CBEE85303X,GUARDIALFIERA CAPOLUOGO,GUARDIALFIERA,CAMPOBASSO,MOLISE,SCUOLA PRIMARIA,primaria,1,capacita_esaurita_o_oltre_max_km
202425,1.0,42,statale,SCUOLA PRIMARIA,1,CEEE8AX02G,PRESENZANO CENTRO -V.P.-,PRESENZANO,CASERTA,CAMPANIA,SCUOLA PRIMARIA,primaria,1,capacita_esaurita_o_oltre_max_km
202425,1.0,42,statale,SCUOLA PRIMARIA,1,CNEE80305L,PRIMARIA DI VINADIO / AISONE,VINADIO,CUNEO,PIEMONTE,SCUOLA PRIMARIA,primaria,1,capacita_esaurita_o_oltre_max_km
202425,1.0,42,statale,SCUOLA PRIMARIA,1,CNEE81607R,"MONESIGLIO - CAPOL. ""T. BALOCCO",MONESIGLIO,CUNEO,PIEMONTE,SCUOLA PRIMARIA,primaria,1,capacita_esaurita_o_oltre_max_km
202425,1.0,42,statale,SCUOLA PRIMARIA,1,CNEE83107V,INTERCOMUNALE POLONGHERA-FAULE,FAULE,CUNEO,PIEMONTE,SCUOLA PRIMARIA,primaria,1,capacita_esaurita_o_oltre_max_km
202425,1.0,42,statale,SCUOLA PRIMARIA,1,CNEE834025,REVELLO - CAPOLUOGO,REVELLO,CUNEO,PIEMONTE,SCUOLA PRIMARIA,primaria,2,capacita_esaurita_o_oltre_max_km
202425,1.0,42,statale,SCUOLA PRIMARIA,1,CREE804025,"MED.ORO ""L.BERTOLOTTI""(TRIGOLO)",TRIGOLO,CREMONA,LOMBARDIA,SCUOLA PRIMARIA,primaria,1,capacita_esaurita_o_oltre_max_km
202425,1.0,42,statale,SCUOLA PRIMARIA,1,CTEE80902V,I..C. G. FALCONE,SAN CONO,CATANIA,SICILIA,SCUOLA PRIMARIA,primaria,1,capacita_esaurita_o_oltre_max_km
202425,1.0,42,statale,SCUOLA PRIMARIA,1,FEEE808016,VIA MASI-S.BARTOLOMEO IN B.,FERRARA,FERRARA,EMILIA ROMAGNA,SCUOLA PRIMARIA,primaria,1,capacita_esaurita_o_oltre_max_km
202425,1.0,42,statale,SCUOLA PRIMARIA,1,FGEE82002C,SC PRIMARIA ALBERONA,ALBERONA,FOGGIA,PUGLIA,SCUOLA PRIMARIA,primaria,1,capacita_esaurita_o_oltre_max_km
202425,1.0,42,statale,SCUOLA PRIMARIA,1,FIEE81403V,"DICOMANO ""PASCOLI""",DICOMANO,FIRENZE,TOSCANA,SCUOLA PRIMARIA,primaria,1,capacita_esaurita_o_oltre_max_km
202425,1.0,42,statale,SCUOLA PRIMARIA,1,FOEE806068,VERGHERETO BALZE,VERGHERETO,FORLI'-CESENA,EMILIA ROMAGNA,SCUOLA PRIMARIA,primaria,1,capacita_esaurita_o_oltre_max_km
202425,1.0,42,statale,SCUOLA PRIMARIA,1,FREE84504X,I.C. 2 ANAGNI SGURGOLA PRIM.,SGURGOLA,FROSINONE,LAZIO,SCUOLA PRIMARIA,primaria,1,capacita_esaurita_o_oltre_max_km
202425,1.0,42,statale,SCUOLA PRIMARIA,1,GREE817051,"CINIGIANO CAP. - ""G.ALFIERI""",CINIGIANO,GROSSETO,TOSCANA,SCUOLA PRIMARIA,primaria,1,capacita_esaurita_o_oltre_max_km
202425,1.0,42,statale,SCUOLA PRIMARIA,1,IMEE81705R,SCUOLA PRIMARIA G. NATTA,CERIANA,IMPERIA,LIGURIA,SCUOLA PRIMARIA,primaria,1,capacita_esaurita_o_oltre_max_km
202425,1.0,42,statale,SCUOLA PRIMARIA,1,ISEE829047,POGGIO SANNITA CAPOLUOGO,POGGIO SANNITA,ISERNIA,MOLISE,SCUOLA PRIMARIA,primaria,1,capacita_esaurita_o_oltre_max_km
202425,1.0,42,statale,SCUOLA PRIMARIA,1,MCEE80203P,P.ZZA DANTE ALIGHIERI,PIORACO,MACERATA,MARCHE,SCUOLA PRIMARIA,primaria,1,capacita_esaurita_o_oltre_max_km
202425,1.0,42,statale,SCUOLA PRIMARIA,1,MCEE82006B,DE AMICIS,MUCCIA,MACERATA,MARCHE,SCUOLA PRIMARIA,primaria,1,capacita_esaurita_o_oltre_max_km
202425,1.0,42,statale,SCUOLA PRIMARIA,1,MIEE8C6029,PRIMARIA PARETO,MILANO,MILANO,LOMBARDIA,SCUOLA PRIMARIA,primaria,2,capacita_esaurita_o_oltre_max_km
202425,1.0,42,statale,SCUOLA PRIMARIA,1,MNEE822031,SC.PRIMARIA DI FELONICA,SERMIDE E FELONICA,MANTOVA,LOMBARDIA,SCUOLA PRIMARIA,primaria,1,capacita_esaurita_o_oltre_max_km
202425,1.0,42,statale,SCUOLA PRIMARIA,1,MNEE827078,RODIGO PRIMARIA I. NIEVO,RODIGO,MANTOVA,LOMBARDIA,SCUOLA PRIMARIA,primaria,1,capacita_esaurita_o_oltre_max_km
202425,1.0,42,statale,SCUOLA PRIMARIA,1,MOEE803027,"""P.PERINI "" POLINAGO",POLINAGO,MODENA,EMILIA ROMAGNA,SCUOLA PRIMARIA,primaria,1,capacita_esaurita_o_oltre_max_km
202425,1.0,42,statale,SCUOLA PRIMARIA,1,MOEE824028,"""DON ANDREOLI"" SAN POSSIDONIO",SAN POSSIDONIO,MODENA,EMILIA ROMAGNA,SCUOLA PRIMARIA,primaria,2,capacita_esaurita_o_oltre_max_km
202425,1.0,42,statale,SCUOLA PRIMARIA,1,MSEE810043,PRIMARIA LICCIANA (I.C. COCCHI),LICCIANA NARDI,MASSA-CARRARA,TOSCANA,SCUOLA PRIMARIA,primaria,1,capacita_esaurita_o_oltre_max_km
202425,1.0,42,statale,SCUOLA PRIMARIA,1,MSEE824041,PRIMARIA PODENZANA,PODENZANA,MASSA-CARRARA,TOSCANA,SCUOLA PRIMARIA,primaria,1,capacita_esaurita_o_oltre_max_km
202425,1.0,42,statale,SCUOLA PRIMARIA,1,PGEE02302Q,MARTIRI D.LIBERTA'- C. CASTELLO,CITTA' DI CASTELLO,PERUGIA,UMBRIA,SCUOLA PRIMARIA,primaria,2,capacita_esaurita_o_oltre_max_km
202425,1.0,42,statale,SCUOLA PRIMARIA,1,PNEE81205L,"CLAUT ""G. MARCONI""",CLAUT,PORDENONE,FRIULI-VENEZIA G.,SCUOLA PRIMARIA,primaria,1,capacita_esaurita_o_oltre_max_km
202425,1.0,42,statale,SCUOLA PRIMARIA,1,PREE813047,FRAZ. PONTE TARO,FONTEVIVO,PARMA,EMILIA ROMAGNA,SCUOLA PRIMARIA,primaria,2,capacita_esaurita_o_oltre_max_km
202425,1.0,42,statale,SCUOLA PRIMARIA,1,PREE83003X,ROCCABIANCA CPL.,ROCCABIANCA,PARMA,EMILIA ROMAGNA,SCUOLA PRIMARIA,primaria,1,capacita_esaurita_o_oltre_max_km
202425,1.0,42,statale,SCUOLA PRIMARIA,1,PREE83906D,FRAZ. SELVACASTELLO,TERENZO,PARMA,EMILIA ROMAGNA,SCUOLA PRIMARIA,primaria,1,capacita_esaurita_o_oltre_max_km
202425,1.0,42,statale,SCUOLA PRIMARIA,1,PTEE816027,GIANNI RODARI,SAN MARCELLO PITEGLIO,PISTOIA,TOSCANA,SCUOLA PRIMARIA,primaria,1,capacita_esaurita_o_oltre_max_km
202425,1.0,42,statale,SCUOLA PRIMARIA,1,PTEE81605A,A. DE GASPERI,ABETONE CUTIGLIANO,PISTOIA,TOSCANA,SCUOLA PRIMARIA,primaria,1,capacita_esaurita_o_oltre_max_km
202425,1.0,42,statale,SCUOLA PRIMARIA,1,PVEE814026,"LINAROLO ""G. CORDONE""",LINAROLO,PAVIA,LOMBARDIA,SCUOLA PRIMARIA,primaria,1,capacita_esaurita_o_oltre_max_km
202425,1.0,42,statale,SCUOLA PRIMARIA,1,PVEE82606L,CORANA,CORANA,PAVIA,LOMBARDIA,SCUOLA PRIMARIA,primaria,1,capacita_esaurita_o_oltre_max_km
202425,1.0,42,statale,SCUOLA PRIMARIA,1,REEE81601N,BUSANA CAP.,VENTASSO,REGGIO EMILIA,EMILIA ROMAGNA,SCUOLA PRIMARIA,primaria,1,capacita_esaurita_o_oltre_max_km
202425,1.0,42,statale,SCUOLA PRIMARIA,1,RIEE807016,PETRELLA SALTO,PETRELLA SALTO,RIETI,LAZIO,SCUOLA PRIMARIA,primaria,1,capacita_esaurita_o_oltre_max_km
202425,1.0,42,statale,SCUOLA PRIMARIA,1,ROEE80004Q,MANZONI ALESSANDRO - BERGANTINO,BERGANTINO,ROVIGO,VENETO,SCUOLA PRIMARIA,primaria,1,capacita_esaurita_o_oltre_max_km
202425,1.0,42,statale,SCUOLA PRIMARIA,1,SIEE821018,EDMONDO DE AMICIS,MONTEPULCIANO,SIENA,TOSCANA,SCUOLA PRIMARIA,primaria,2,capacita_esaurita_o_oltre_max_km
202425,1.0,42,statale,SCUOLA PRIMARIA,1,SPEE802089,BORGHETTO VARA CAPOLUOGO,BORGHETTO DI VARA,LA SPEZIA,LIGURIA,SCUOLA PRIMARIA,primaria,1,capacita_esaurita_o_oltre_max_km
202425,1.0,42,statale,SCUOLA PRIMARIA,1,SPEE82104E,LA SPEZIA LA PIANTA,LA SPEZIA,LA SPEZIA,LIGURIA,SCUOLA PRIMARIA,primaria,2,capacita_esaurita_o_oltre_max_km
202425,1.0,42,statale,SCUOLA PRIMARIA,1,SVEE82201N,ALBENGA I - CAMPOCHIESA,ALBENGA,SAVONA,LIGURIA,SCUOLA PRIMARIA,primaria,1,capacita_esaurita_o_oltre_max_km
202425,1.0,42,statale,SCUOLA PRIMARIA,1,TOEE80705C,I.C.PEROSA ARG.-ROURE,ROURE,TORINO,PIEMONTE,SCUOLA PRIMARIA,primaria,1,capacita_esaurita_o_oltre_max_km
202425,1.0,42,statale,SCUOLA PRIMARIA,1,TREE82102P,CALVI (I.C. NARNI CENTRO),CALVI DELL'UMBRIA,TERNI,UMBRIA,SCUOLA PRIMARIA,primaria,1,capacita_esaurita_o_oltre_max_km
202425,1.0,42,statale,SCUOLA PRIMARIA,1,UDEE830045,ARMANDO DIAZ - TAIPANA,TAIPANA,UDINE,FRIULI-VENEZIA G.,SCUOLA PRIMARIA,primaria,1,capacita_esaurita_o_oltre_max_km
202425,1.0,42,statale,SCUOLA PRIMARIA,1,VCEE805083,"PRIMARIA ""G. ALLIEVO""",SAN GERMANO VERCELLESE,VERCELLI,PIEMONTE,SCUOLA PRIMARIA,primaria,1,capacita_esaurita_o_oltre_max_km
202425,1.0,42,statale,SCUOLA PRIMARIA,1,VREE84201G,ROVERCHIARA-PASCOLI G.,ROVERCHIARA,VERONA,VENETO,SCUOLA PRIMARIA,primaria,1,capacita_esaurita_o_oltre_max_km
202425,1.0,42,statale,SCUOLA PRIMARIA,1,VREE89801G,"""G. COTTA""-LEGNAGO 1",LEGNAGO,VERONA,VENETO,SCUOLA PRIMARIA,primaria,2,capacita_esaurita_o_oltre_max_km
202425,1.0,42,statale,SCUOLA PRIMARIA,1,MIEE8DD017,PRIMARIA CASA DEL SOLE,MILANO,MILANO,LOMBARDIA,SCUOLA PRIMARIA,primaria,5,capacita_esaurita_o_oltre_max_km
202425,1.0,42,statale,SCUOLA PRIMARIA,1,PREE80701R,COLORNO,COLORNO,PARMA,EMILIA ROMAGNA,SCUOLA PRIMARIA,primaria,4,capacita_esaurita_o_oltre_max_km
202425,1.0,42,statale,SCUOLA PRIMARIA,1,PREE84001C,"""COLLODI""",FIDENZA,PARMA,EMILIA ROMAGNA,SCUOLA PRIMARIA,primaria,3,capacita_esaurita_o_oltre_max_km
202425,1.0,42,statale,SCUOLA PRIMARIA,1,SPEE81601X,LA SPEZIA P.ZZA VERDI GARIBALDI,LA SPEZIA,LA SPEZIA,LIGURIA,SCUOLA PRIMARIA,primaria,1,capacita_esaurita_o_oltre_max_km
202425,1.0,42,statale,SCUOLA PRIMARIA,1,BSEE83301P,CAPRIOLO - VIA GORIZIA,CAPRIOLO,BRESCIA,LOMBARDIA,SCUOLA PRIMARIA,primaria,3,capacita_esaurita_o_oltre_max_km
202425,1.0,42,statale,SCUOLA PRIMARIA,1,CNEE83802C,CAVALLERMAGGIORE - CAPOLUOGO,CAVALLERMAGGIORE,CUNEO,PIEMONTE,SCUOLA PRIMARIA,primaria,3,capacita_esaurita_o_oltre_max_km
202425,1.0,42,statale,SCUOLA PRIMARIA,1,BGEE83102G,"S.PRIMARIA ""SUOR VITAROSA ZORZA",PALOSCO,BERGAMO,LOMBARDIA,SCUOLA PRIMARIA,primaria,3,capacita_esaurita_o_oltre_max_km
202425,1.0,42,statale,SCUOLA PRIMARIA,1,FOEE80801P,CASTROCARO DOTT. S. SERRI PINI,CASTROCARO TERME E TERRA DEL S,FORLI'-CESENA,EMILIA ROMAGNA,SCUOLA PRIMARIA,primaria,3,capacita_esaurita_o_oltre_max_km
202425,1.0,42,statale,SCUOLA PRIMARIA,1,BOEE825026,PRIMARIA BRUNO MUNARI BARICELLA,BARICELLA,BOLOGNA,EMILIA ROMAGNA,SCUOLA PRIMARIA,primaria,2,capacita_esaurita_o_oltre_max_km
202425,1.0,42,statale,SCUOLA PRIMARIA,1,BSEE886017,PRIMARIA TIBONI BRESCIA,BRESCIA,BRESCIA,LOMBARDIA,SCUOLA PRIMARIA,primaria,2,capacita_esaurita_o_oltre_max_km
202425,1.0,42,statale,SCUOLA PRIMARIA,1,BOEE87201P,CASARALTA - I.C. N. 15 BOLOGNA,BOLOGNA,BOLOGNA,EMILIA ROMAGNA,SCUOLA PRIMARIA,primaria,2,capacita_esaurita_o_oltre_max_km
202425,1.0,42,statale,SCUOLA PRIMARIA,1,VTEE805017,MONTALTO DI CASTRO,MONTALTO DI CASTRO,VITERBO,LAZIO,SCUOLA PRIMARIA,primaria,2,capacita_esaurita_o_oltre_max_km
202425,1.0,42,statale,SCUOLA PRIMARIA,1,FEEE815019,"""B.BIOLCATI""-CODIGORO",CODIGORO,FERRARA,EMILIA ROMAGNA,SCUOLA PRIMARIA,primaria,2,capacita_esaurita_o_oltre_max_km
202425,1.0,42,statale,SCUOLA PRIMARIA,1,FEEE82604V,V.LE EUROPA - SANT'AGOSTINO,TERRE DEL RENO,FERRARA,EMILIA ROMAGNA,SCUOLA PRIMARIA,primaria,1,capacita_esaurita_o_oltre_max_km
202425,1.0,42,statale,SCUOLA PRIMARIA,1,MCEE819012,LUCA SERI,MOGLIANO,MACERATA,MARCHE,SCUOLA PRIMARIA,primaria,1,capacita_esaurita_o_oltre_max_km
202425,1.0,42,statale,SCUOLA PRIMARIA,1,MNEE80204R,"CASALOLDO ""DANTE ALIGHIERI""",CASALOLDO,MANTOVA,LOMBARDIA,SCUOLA PRIMARIA,primaria,1,capacita_esaurita_o_oltre_max_km
202425,1.0,42,statale,SCUOLA PRIMARIA,1,VEEE847013,C. COLOMBO-CHIRIGNAGO,VENEZIA,VENEZIA,VENETO,SCUOLA PRIMARIA,primaria,2,capacita_esaurita_o_oltre_max_km
202425,1.0,42,statale,SCUOLA PRIMARIA,1,BSEE84201D,PONTOGLIO- AI CADUTI,PONTOGLIO,BRESCIA,LOMBARDIA,SCUOLA PRIMARIA,primaria,2,capacita_esaurita_o_oltre_max_km
202425,1.0,42,statale,SCUOLA PRIMARIA,1,GREE81902D,PRIMARIA RIBOLLA,ROCCASTRADA,GROSSETO,TOSCANA,SCUOLA PRIMARIA,primaria,1,capacita_esaurita_o_oltre_max_km
202425,1.0,42,statale,SCUOLA PRIMARIA,1,BSEE89801D,SCUOLA PRIMARIA STATALE,MANERBIO,BRESCIA,LOMBARDIA,SCUOLA PRIMARIA,primaria,1,capacita_esaurita_o_oltre_max_km
202425,1.0,42,statale,SCUOLA PRIMARIA,1,BOEE87202Q,DOZZA,BOLOGNA,BOLOGNA,EMILIA ROMAGNA,SCUOLA PRIMARIA,primaria,1,capacita_esaurita_o_oltre_max_km
202425,1.0,42,statale,SCUOLA PRIMARIA,1,MIEE836018,RITA LEVI-MONTALCINI,TURBIGO,MILANO,LOMBARDIA,SCUOLA PRIMARIA,primaria,2,capacita_esaurita_o_oltre_max_km
202425,1.0,42,statale,SCUOLA PRIMARIA,1,PREE818017,"SAN POLO ""GIUSEPPE VERDI""",TORRILE,PARMA,EMILIA ROMAGNA,SCUOLA PRIMARIA,primaria,2,capacita_esaurita_o_oltre_max_km
202425,1.0,42,statale,SCUOLA PRIMARIA,1,PVEE822014,STRADELLA,STRADELLA,PAVIA,LOMBARDIA,SCUOLA PRIMARIA,primaria,1,capacita_esaurita_o_oltre_max_km
202425,1.0,42,statale,SCUOLA PRIMARIA,1,BSEE86405E,DARFO BOARIO T.FRAZ.MONTECCHIO,DARFO BOARIO TERME,BRESCIA,LOMBARDIA,SCUOLA PRIMARIA,primaria,1,capacita_esaurita_o_oltre_max_km
202425,1.0,42,statale,SCUOLA PRIMARIA,1,MIEE8D102R,PRIMARIA DANTE ALIGHIERI,MILANO,MILANO,LOMBARDIA,SCUOLA PRIMARIA,primaria,2,capacita_esaurita_o_oltre_max_km
202425,1.0,42,statale,SCUOLA PRIMARIA,1,TOEE8B9015,IC MATTEOTTI - PELLICO CAP.,TORINO,TORINO,PIEMONTE,SCUOLA PRIMARIA,primaria,2,capacita_esaurita_o_oltre_max_km
202425,1.0,42,statale,SCUOLA PRIMARIA,1,VREE84102R,CASTELLETTO - CASTELLO,BRENZONE SUL GARDA,VERONA,VENETO,SCUOLA PRIMARIA,primaria,1,capacita_esaurita_o_oltre_max_km
202425,1.0,42,statale,SCUOLA PRIMARIA,1,TOEE81901E,I.C. MANZONI - RAYNERI,TORINO,TORINO,PIEMONTE,SCUOLA PRIMARIA,primaria,2,capacita_esaurita_o_oltre_max_km
202425,1.0,42,statale,SCUOLA PRIMARIA,1,MIEE815028,PRIMARIA VIA SCROSATI,MILANO,MILANO,LOMBARDIA,SCUOLA PRIMARIA,primaria,2,capacita_esaurita_o_oltre_max_km
202425,1.0,42,statale,SCUOLA PRIMARIA,1,ALEE81305V,"""C. CAVOUR"" VIGNOLE B.RA",VIGNOLE BORBERA,ALESSANDRIA,PIEMONTE,SCUOLA PRIMARIA,primaria,1,capacita_esaurita_o_oltre_max_km
202425,1.0,42,statale,SCUOLA PRIMARIA,1,BGEE839037,ENDINE GAIANO CAP.M.LIBERTA',ENDINE GAIANO,BERGAMO,LOMBARDIA,SCUOLA PRIMARIA,primaria,1,capacita_esaurita_o_oltre_max_km
202425,1.0,42,statale,SCUOLA PRIMARIA,1,GOEE815056,D. ALIGHIERI,GRADO,GORIZIA,FRIULI-VENEZIA G.,SCUOLA PRIMARIA,primaria,1,capacita_esaurita_o_oltre_max_km
202425,1.0,42,statale,SCUOLA PRIMARIA,1,LOEE81003T,PRIMARIA -ADA NEGRI,GUARDAMIGLIO,LODI,LOMBARDIA,SCUOLA PRIMARIA,primaria,1,capacita_esaurita_o_oltre_max_km
202425,1.0,42,statale,SCUOLA PRIMARIA,1,MNEE818017,ROVERBELLA,ROVERBELLA,MANTOVA,LOMBARDIA,SCUOLA PRIMARIA,primaria,2,capacita_esaurita_o_oltre_max_km
202425,1.0,42,statale,SCUOLA PRIMARIA,1,MNEE835022,PEGOGNAGA SCUOLA PRIMARIA,PEGOGNAGA,MANTOVA,LOMBARDIA,SCUOLA PRIMARIA,primaria,2,capacita_esaurita_o_oltre_max_km
202425,1.0,42,statale,SCUOLA PRIMARIA,1,NOEE82401E,DON LORENZO MILANI,NOVARA,NOVARA,PIEMONTE,SCUOLA PRIMARIA,primaria,1,capacita_esaurita_o_oltre_max_km
202425,1.0,42,statale,SCUOLA PRIMARIA,1,SVEE81902V,SAVONA II - VALLORIA,SAVONA,SAVONA,LIGURIA,SCUOLA PRIMARIA,primaria,1,capacita_esaurita_o_oltre_max_km
202425,1.0,42,statale,SCUOLA PRIMARIA,1,BSEE89601T,LENO CAP.,LENO,BRESCIA,LOMBARDIA,SCUOLA PRIMARIA,primaria,2,capacita_esaurita_o_oltre_max_km
202425,1.0,42,statale,SCUOLA PRIMARIA,1,MNEE82401E,SCUOLA PRIMARIA COLLODI,SUZZARA,MANTOVA,LOMBARDIA,SCUOLA PRIMARIA,primaria,2,capacita_esaurita_o_oltre_max_km
202425,1.0,42,statale,SCUOLA PRIMARIA,1,PREE820017,"SALSOMAGGIORE ""D'ANNUNZIO""",SALSOMAGGIORE TERME,PARMA,EMILIA ROMAGNA,SCUOLA PRIMARIA,primaria,2,capacita_esaurita_o_oltre_max_km
202425,1.0,42,statale,SCUOLA PRIMARIA,1,FOEE80302L,"MERCATO SARACENO ""A. RICCHI""",MERCATO SARACENO,FORLI'-CESENA,EMILIA ROMAGNA,SCUOLA PRIMARIA,primaria,1,capacita_esaurita_o_oltre_max_km
202425,1.0,42,statale,SCUOLA PRIMARIA,1,IMEE80015V,SC. PRIM. PONTEDASSIO,PONTEDASSIO,IMPERIA,LIGURIA,SCUOLA PRIMARIA,primaria,1,capacita_esaurita_o_oltre_max_km
202425,1.0,42,statale,SCUOLA PRIMARIA,1,PVEE80404N,MEDE,MEDE,PAVIA,LOMBARDIA,SCUOLA PRIMARIA,primaria,1,capacita_esaurita_o_oltre_max_km
202425,1.0,42,statale,SCUOLA PRIMARIA,1,ROEE81606B,E. DE AMICIS - TRECENTA,TRECENTA,ROVIGO,VENETO,SCUOLA PRIMARIA,primaria,1,capacita_esaurita_o_oltre_max_km
202425,1.0,42,statale,SCUOLA PRIMARIA,1,VREE87703L,SALGARI E.,VERONA,VERONA,VENETO,SCUOLA PRIMARIA,primaria,1,capacita_esaurita_o_oltre_max_km
202425,1.0,42,statale,SCUOLA PRIMARIA,1,BOEE81601A,FEDERZONI - I.C. N. 5 BOLOGNA,BOLOGNA,BOLOGNA,EMILIA ROMAGNA,SCUOLA PRIMARIA,primaria,1,capacita_esaurita_o_oltre_max_km
202425,1.0,42,statale,SCUOLA PRIMARIA,1,CREE820034,"""A.STRADIVARI""",CREMONA,CREMONA,LOMBARDIA,SCUOLA PRIMARIA,primaria,1,capacita_esaurita_o_oltre_max_km
202425,1.0,42,statale,SCUOLA PRIMARIA,1,SIEE807056,BALDASSARRE PERUZZI - SOVICILLE,SOVICILLE,SIENA,TOSCANA,SCUOLA PRIMARIA,primaria,1,capacita_esaurita_o_oltre_max_km
202425,1.0,42,statale,SCUOLA PRIMARIA,1,MIEE8CF029,PRIMARIA ANNA FRANK,MILANO,MILANO,LOMBARDIA,SCUOLA PRIMARIA,primaria,1,capacita_esaurita_o_oltre_max_km
202425,1.0,42,statale,SCUOLA PRIMARIA,1,TOEE808036,ANNA FRANK,TORINO,TORINO,PIEMONTE,SCUOLA PRIMARIA,primaria,1,capacita_esaurita_o_oltre_max_km
202425,1.0,42,statale,SCUOLA PRIMARIA,1,BOEE840039,TOLE',VERGATO,BOLOGNA,EMILIA ROMAGNA,SCUOLA PRIMARIA,primaria,1,capacita_esaurita_o_oltre_max_km
202425,1.0,42,statale,SCUOLA PRIMARIA,1,BSEE823036,"BARBARIGA ""A.MANZONI""",BARBARIGA,BRESCIA,LOMBARDIA,SCUOLA PRIMARIA,primaria,1,capacita_esaurita_o_oltre_max_km
202425,1.0,42,statale,SCUOLA PRIMARIA,1,BSEE845011,"SAN ZENO NAVIGLIO ""A.CANOSSI""",SAN ZENO NAVIGLIO,BRESCIA,LOMBARDIA,SCUOLA PRIMARIA,primaria,1,capacita_esaurita_o_oltre_max_km
202425,1.0,42,statale,SCUOLA PRIMARIA,1,CREE81301V,""" A. MINA "" (GUSSOLA)",GUSSOLA,CREMONA,LOMBARDIA,SCUOLA PRIMARIA,primaria,1,capacita_esaurita_o_oltre_max_km
202425,1.0,42,statale,SCUOLA PRIMARIA,1,PREE813036,FONTEVIVO CPL,FONTEVIVO,PARMA,EMILIA ROMAGNA,SCUOLA PRIMARIA,primaria,1,capacita_esaurita_o_oltre_max_km
202425,1.0,42,statale,SCUOLA PRIMARIA,1,PTEE82203G,"""PAOLO CASCIANI""",MONTECATINI-TERME,PISTOIA,TOSCANA,SCUOLA PRIMARIA,primaria,1,capacita_esaurita_o_oltre_max_km
202425,1.0,42,statale,SCUOLA PRIMARIA,1,SSEE80804R,SCUOLA PRIMARIA,TRINITA' D'AGULTU E VIGNOLA,SASSARI,SARDEGNA,SCUOLA PRIMARIA,primaria,1,capacita_esaurita_o_oltre_max_km
202425,1.0,42,statale,SCUOLA PRIMARIA,1,PREE82801T,ALBERTELLI,PARMA,PARMA,EMILIA ROMAGNA,SCUOLA PRIMARIA,primaria,1,capacita_esaurita_o_oltre_max_km
202425,1.0,42,statale,SCUOLA PRIMARIA,1,BSEE8AN037,"MONTICHIARI LOC. ""BORGOSOTTO""",MONTICHIARI,BRESCIA,LOMBARDIA,SCUOLA PRIMARIA,primaria,1,capacita_esaurita_o_oltre_max_km
202425,1.0,42,statale,SCUOLA PRIMARIA,1,CREE81402Q,"""EUROPA"" (CALVATONE)",CALVATONE,CREMONA,LOMBARDIA,SCUOLA PRIMARIA,primaria,1,capacita_esaurita_o_oltre_max_km
202425,1.0,42,statale,SCUOLA PRIMARIA,1,REEE83803L,BORETTO CAP.,BORETTO,REGGIO EMILIA,EMILIA ROMAGNA,SCUOLA PRIMARIA,primaria,1,capacita_esaurita_o_oltre_max_km
202425,1.0,42,statale,SCUOLA PRIMARIA,1,AQEE82807E,IQBAL MASIH S.BENEDETTO MARSI,SAN BENEDETTO DEI MARSI,L'AQUILA,ABRUZZO,SCUOLA PRIMARIA,primaria,1,capacita_esaurita_o_oltre_max_km
202425,1.0,42,statale,SCUOLA PRIMARIA,1,BGEE8AD02T,"TREVIGLIO "" MOZZI """,TREVIGLIO,BERGAMO,LOMBARDIA,SCUOLA PRIMARIA,primaria,1,capacita_esaurita_o_oltre_max_km
202425,1.0,42,statale,SCUOLA PRIMARIA,1,LOEE814035,PRIMARIA ARCOBALENO - LODI,LODI,LODI,LOMBARDIA,SCUOLA PRIMARIA,primaria,1,capacita_esaurita_o_oltre_max_km
202425,1.0,42,statale,SCUOLA PRIMARIA,1,VREE853012,"BELFIORE ""D.ALIGHIERI""",BELFIORE,VERONA,VENETO,SCUOLA PRIMARIA,primaria,1,capacita_esaurita_o_oltre_max_km
202425,1.0,42,statale,SCUOLA PRIMARIA,1,MIEE8GF01P,PRIMARIA PAPA GIOVANNI XXIII,BRESSO,MILANO,LOMBARDIA,SCUOLA PRIMARIA,primaria,1,capacita_esaurita_o_oltre_max_km
202425,1.0,42,statale,SCUOLA PRIMARIA,2,CREE81002C,BORDOLANO-CORTE C. CON CIGNONE,BORDOLANO,CREMONA,LOMBARDIA,SCUOLA PRIMARIA,primaria,11,capacita_esaurita_o_oltre_max_km
202425,1.0,42,statale,SCUOLA PRIMARIA,2,SAEE87206L,AULETTA CAP.,AULETTA,SALERNO,CAMPANIA,SCUOLA PRIMARIA,primaria,10,capacita_esaurita_o_oltre_max_km
202425,1.0,42,statale,SCUOLA PRIMARIA,2,PCEE00201T,GIULIO ALBERONI,PIACENZA,PIACENZA,EMILIA ROMAGNA,SCUOLA PRIMARIA,primaria,6,capacita_esaurita_o_oltre_max_km
202425,1.0,42,statale,SCUOLA PRIMARIA,2,VEEE87201Q,C. BATTISTI,VENEZIA,VENEZIA,VENETO,SCUOLA PRIMARIA,primaria,10,capacita_esaurita_o_oltre_max_km
202425,1.0,42,statale,SCUOLA PRIMARIA,2,GOEE80302R,E. TOTI,MONFALCONE,GORIZIA,FRIULI-VENEZIA G.,SCUOLA PRIMARIA,primaria,42,capacita_esaurita_o_oltre_max_km
202425,1.0,42,statale,SCUOLA PRIMARIA,2,PVEE80403L,SARTIRANA,SARTIRANA LOMELLINA,PAVIA,LOMBARDIA,SCUOLA PRIMARIA,primaria,5,capacita_esaurita_o_oltre_max_km
202425,1.0,42,statale,SCUOLA PRIMARIA,2,RCEE82907R,DON TEODORO RIGITANO CAMINI,CAMINI,REGGIO CALABRIA,CALABRIA,SCUOLA PRIMARIA,primaria,6,capacita_esaurita_o_oltre_max_km
202425,1.0,42,statale,SCUOLA PRIMARIA,2,VEEE846017,F. QUERINI,VENEZIA,VENEZIA,VENETO,SCUOLA PRIMARIA,primaria,47,capacita_esaurita_o_oltre_max_km
202425,1.0,42,statale,SCUOLA PRIMARIA,2,ANEE82405X,"FALCONARA ""LEOPARDI""",FALCONARA MARITTIMA,ANCONA,MARCHE,SCUOLA PRIMARIA,primaria,6,capacita_esaurita_o_oltre_max_km
202425,1.0,42,statale,SCUOLA PRIMARIA,2,GREE81702T,CIV.MARITTIMA,CIVITELLA PAGANICO,GROSSETO,TOSCANA,SCUOLA PRIMARIA,primaria,4,capacita_esaurita_o_oltre_max_km
202425,1.0,42,statale,SCUOLA PRIMARIA,2,COEE80603P,SCUOLA PRIMARIA DI NESSO,NESSO,COMO,LOMBARDIA,SCUOLA PRIMARIA,primaria,2,capacita_esaurita_o_oltre_max_km
202425,1.0,42,statale,SCUOLA PRIMARIA,2,CSEE823044,VILLAPIANA - PLATACI CENTRO,PLATACI,COSENZA,CALABRIA,SCUOLA PRIMARIA,primaria,3,capacita_esaurita_o_oltre_max_km
202425,1.0,42,statale,SCUOLA PRIMARIA,2,CSEE84807G,BOCCHIGLIERO - CENTRO,BOCCHIGLIERO,COSENZA,CALABRIA,SCUOLA PRIMARIA,primaria,3,capacita_esaurita_o_oltre_max_km
202425,1.0,42,statale,SCUOLA PRIMARIA,2,TOEE137089,D.D.OULX - SALBERTRAND,SALBERTRAND,TORINO,PIEMONTE,SCUOLA PRIMARIA,primaria,3,capacita_esaurita_o_oltre_max_km
202425,1.0,42,statale,SCUOLA PRIMARIA,2,MIEE8D202L,PRIMARIA CAPPELLINI,MILANO,MILANO,LOMBARDIA,SCUOLA PRIMARIA,primaria,13,capacita_esaurita_o_oltre_max_km
202425,1.0,42,statale,SCUOLA PRIMARIA,2,MOEE06003D,"""JACOPO BAROZZI"" VIGNOLA",VIGNOLA,MODENA,EMILIA ROMAGNA,SCUOLA PRIMARIA,primaria,24,capacita_esaurita_o_oltre_max_km
202425,1.0,42,statale,SCUOLA PRIMARIA,2,PVEE83201P,VIG.VITT.VEN. REGINA MARGHERITA,VIGEVANO,PAVIA,LOMBARDIA,SCUOLA PRIMARIA,primaria,14,capacita_esaurita_o_oltre_max_km
202425,1.0,42,statale,SCUOLA PRIMARIA,2,TOEE8BD034,I.C. ILARIA ALPI - D'ACQUISTO,TORINO,TORINO,PIEMONTE,SCUOLA PRIMARIA,primaria,10,capacita_esaurita_o_oltre_max_km
202425,1.0,42,statale,SCUOLA PRIMARIA,2,VEEE827052,D.A.MUNARETTO-CIPRESSINA,VENEZIA,VENEZIA,VENETO,SCUOLA PRIMARIA,primaria,3,capacita_esaurita_o_oltre_max_km
202425,1.0,42,statale,SCUOLA PRIMARIA,2,SAEE83902R,ANGELO PATRI - AVERSANA,BATTIPAGLIA,SALERNO,CAMPANIA,SCUOLA PRIMARIA,primaria,12,capacita_esaurita_o_oltre_max_km
202425,1.0,42,statale,SCUOLA PRIMARIA,2,REEE82405R,COLLODI,REGGIO NELL'EMILIA,REGGIO EMILIA,EMILIA ROMAGNA,SCUOLA PRIMARIA,primaria,8,capacita_esaurita_o_oltre_max_km
202425,1.0,42,statale,SCUOLA PRIMARIA,2,GOEE80401G,T.C. AMELIO CUZZI,MONFALCONE,GORIZIA,FRIULI-VENEZIA G.,SCUOLA PRIMARIA,primaria,36,capacita_esaurita_o_oltre_max_km
202425,1.0,42,statale,SCUOLA PRIMARIA,2,POEE804016,C.COLLODI,PRATO,PRATO,TOSCANA,SCUOLA PRIMARIA,primaria,14,capacita_esaurita_o_oltre_max_km
202425,1.0,42,statale,SCUOLA PRIMARIA,2,LOEE81501V,PRIMARIA COLLODI - S. ANGELO L.,SANT'ANGELO LODIGIANO,LODI,LOMBARDIA,SCUOLA PRIMARIA,primaria,13,capacita_esaurita_o_oltre_max_km
202425,1.0,42,statale,SCUOLA PRIMARIA,2,ALEE82805L,"ALESSANDRIA ""G.BOVIO""",ALESSANDRIA,ALESSANDRIA,PIEMONTE,SCUOLA PRIMARIA,primaria,10,capacita_esaurita_o_oltre_max_km
202425,1.0,42,statale,SCUOLA PRIMARIA,2,PREE83801C,BRUNO FERRARI,LANGHIRANO,PARMA,EMILIA ROMAGNA,SCUOLA PRIMARIA,primaria,34,capacita_esaurita_o_oltre_max_km
202425,1.0,42,statale,SCUOLA PRIMARIA,2,BSEE816011,"BRESCIA ""MANZONI""",BRESCIA,BRESCIA,LOMBARDIA,SCUOLA PRIMARIA,primaria,3,capacita_esaurita_o_oltre_max_km
202425,1.0,42,statale,SCUOLA PRIMARIA,2,LIEE80702Q,SC. PRIMARIA LA VOCE DEL BOSCO,SASSETTA,LIVORNO,TOSCANA,SCUOLA PRIMARIA,primaria,2,capacita_esaurita_o_oltre_max_km
202425,1.0,42,statale,SCUOLA PRIMARIA,2,MOEE83603G,LA CARRUCOLA,GUIGLIA,MODENA,EMILIA ROMAGNA,SCUOLA PRIMARIA,primaria,6,capacita_esaurita_o_oltre_max_km
202425,1.0,42,statale,SCUOLA PRIMARIA,2,PIEE810018,CARDUCCI,SANTA CROCE SULL'ARNO,PISA,TOSCANA,SCUOLA PRIMARIA,primaria,16,capacita_esaurita_o_oltre_max_km
202425,1.0,42,statale,SCUOLA PRIMARIA,2,VEEE87202R,SILVIO PELLICO-ALTOBELLO,VENEZIA,VENEZIA,VENETO,SCUOLA PRIMARIA,primaria,13,capacita_esaurita_o_oltre_max_km
202425,1.0,42,statale,SCUOLA PRIMARIA,2,GOEE80303T,DUCA D'AOSTA,MONFALCONE,GORIZIA,FRIULI-VENEZIA G.,SCUOLA PRIMARIA,primaria,39,capacita_esaurita_o_oltre_max_km
202425,1.0,42,statale,SCUOLA PRIMARIA,2,TOEE8B701D,"IC C.SO VERCELLI ""A. SABIN""",TORINO,TORINO,PIEMONTE,SCUOLA PRIMARIA,primaria,65,capacita_esaurita_o_oltre_max_km
202425,1.0,42,statale,SCUOLA PRIMARIA,2,MNEE80801L,CESARE BATTISTI,CASTIGLIONE DELLE STIVIERE,MANTOVA,LOMBARDIA,SCUOLA PRIMARIA,primaria,5,capacita_esaurita_o_oltre_max_km
202425,1.0,42,statale,SCUOLA PRIMARIA,2,PVEE801057,CORTEOLONA E GENZONE,CORTEOLONA E GENZONE,PAVIA,LOMBARDIA,SCUOLA PRIMARIA,primaria,12,capacita_esaurita_o_oltre_max_km
202425,1.0,42,statale,SCUOLA PRIMARIA,2,CREE80001R,SCUOLA PRIMARIA SORESINA,SORESINA,CREMONA,LOMBARDIA,SCUOLA PRIMARIA,primaria,43,capacita_esaurita_o_oltre_max_km
202425,1.0,42,statale,SCUOLA PRIMARIA,2,VEEE870014,F. GRIMANI-MARGHERA,VENEZIA,VENEZIA,VENETO,SCUOLA PRIMARIA,primaria,32,capacita_esaurita_o_oltre_max_km
202425,1.0,42,statale,SCUOLA PRIMARIA,2,POEE80802E,BORGONUOVO/BOCCHERINI,PRATO,PRATO,TOSCANA,SCUOLA PRIMARIA,primaria,20,capacita_esaurita_o_oltre_max_km
202425,1.0,42,statale,SCUOLA PRIMARIA,2,NOEE82505E,"""C.E.BUSCAGLIA""",NOVARA,NOVARA,PIEMONTE,SCUOLA PRIMARIA,primaria,8,capacita_esaurita_o_oltre_max_km
202425,1.0,42,statale,SCUOLA PRIMARIA,2,MTEE83405Q,ROTONDELLA-VALSINNI,ROTONDELLA,MATERA,BASILICATA,SCUOLA PRIMARIA,primaria,8,capacita_esaurita_o_oltre_max_km
202425,1.0,42,statale,SCUOLA PRIMARIA,2,ANEE81802D,"ANCONA ""ELIA""",ANCONA,ANCONA,MARCHE,SCUOLA PRIMARIA,primaria,9,capacita_esaurita_o_oltre_max_km
202425,1.0,42,statale,SCUOLA PRIMARIA,2,SIEE807045,PRIMARIA MONTICIANO,MONTICIANO,SIENA,TOSCANA,SCUOLA PRIMARIA,primaria,9,capacita_esaurita_o_oltre_max_km
202425,1.0,42,statale,SCUOLA PRIMARIA,2,BSEE88501B,PRIMARIA VOLTA BRESCIA,BRESCIA,BRESCIA,LOMBARDIA,SCUOLA PRIMARIA,primaria,5,capacita_esaurita_o_oltre_max_km
202425,1.0,42,statale,SCUOLA PRIMARIA,2,ALEE83901V,"ALESSANDRIA ""C.ZANZI""",ALESSANDRIA,ALESSANDRIA,PIEMONTE,SCUOLA PRIMARIA,primaria,18,capacita_esaurita_o_oltre_max_km
202425,1.0,42,statale,SCUOLA PRIMARIA,2,ATEE81506L,SCUOLA PRIMAR CASTEL BOGLIONE,CASTEL BOGLIONE,ASTI,PIEMONTE,SCUOLA PRIMARIA,primaria,1,capacita_esaurita_o_oltre_max_km
202425,1.0,42,statale,SCUOLA PRIMARIA,2,BOEE86002D,UGO PIZZOLI,CREVALCORE,BOLOGNA,EMILIA ROMAGNA,SCUOLA PRIMARIA,primaria,3,capacita_esaurita_o_oltre_max_km
202425,1.0,42,statale,SCUOLA PRIMARIA,2,CBEE85303X,GUARDIALFIERA CAPOLUOGO,GUARDIALFIERA,CAMPOBASSO,MOLISE,SCUOLA PRIMARIA,primaria,2,capacita_esaurita_o_oltre_max_km
202425,1.0,42,statale,SCUOLA PRIMARIA,2,CNEE813035,CEVA - CAPOLUOGO,CEVA,CUNEO,PIEMONTE,SCUOLA PRIMARIA,primaria,14,capacita_esaurita_o_oltre_max_km
202425,1.0,42,statale,SCUOLA PRIMARIA,2,FOEE80804T,PORTICO DI R. - A.TRAVERSARI,PORTICO E SAN BENEDETTO,FORLI'-CESENA,EMILIA ROMAGNA,SCUOLA PRIMARIA,primaria,2,capacita_esaurita_o_oltre_max_km
202425,1.0,42,statale,SCUOLA PRIMARIA,2,IMEE80009G,CHIUSANICO,CHIUSANICO,IMPERIA,LIGURIA,SCUOLA PRIMARIA,primaria,1,capacita_esaurita_o_oltre_max_km
202425,1.0,42,statale,SCUOLA PRIMARIA,2,MOEE80601N,"""DON B. FERRARI ""PIEVEPELAGO",PIEVEPELAGO,MODENA,EMILIA ROMAGNA,SCUOLA PRIMARIA,primaria,3,capacita_esaurita_o_oltre_max_km
202425,1.0,42,statale,SCUOLA PRIMARIA,2,MTEE83503D,"""RODARI""-METAPONTO BERNALDA",BERNALDA,MATERA,BASILICATA,SCUOLA PRIMARIA,primaria,5,capacita_esaurita_o_oltre_max_km
202425,1.0,42,statale,SCUOLA PRIMARIA,2,PREE826016,MICHELI,PARMA,PARMA,EMILIA ROMAGNA,SCUOLA PRIMARIA,primaria,22,capacita_esaurita_o_oltre_max_km
202425,1.0,42,statale,SCUOLA PRIMARIA,2,PZEE874086,"ROCCANOVA ""ZANOTTI BIANCO""",ROCCANOVA,POTENZA,BASILICATA,SCUOLA PRIMARIA,primaria,2,capacita_esaurita_o_oltre_max_km
202425,1.0,42,statale,SCUOLA PRIMARIA,2,SVEE80205L,PRIMARIA DI OSIGLIA,OSIGLIA,SAVONA,LIGURIA,SCUOLA PRIMARIA,primaria,2,capacita_esaurita_o_oltre_max_km
202425,1.0,42,statale,SCUOLA PRIMARIA,2,VIEE85202V,IC ARSIERO -PEDEMONTE,PEDEMONTE,VICENZA,VENETO,SCUOLA PRIMARIA,primaria,2,capacita_esaurita_o_oltre_max_km
202425,1.0,42,statale,SCUOLA PRIMARIA,2,VREE88303X,D'AZEGLIO MASSIMO,VERONA,VERONA,VENETO,SCUOLA PRIMARIA,primaria,1,capacita_esaurita_o_oltre_max_km
202425,1.0,42,statale,SCUOLA PRIMARIA,2,MOEE82303D,GIOTTO - AREA CROTTI,CARPI,MODENA,EMILIA ROMAGNA,SCUOLA PRIMARIA,primaria,15,capacita_esaurita_o_oltre_max_km
202425,1.0,42,statale,SCUOLA PRIMARIA,2,PNEE814014,"PASIANO-CAP. ""DANTE ALIGHIERI""",PASIANO DI PORDENONE,PORDENONE,FRIULI-VENEZIA G.,SCUOLA PRIMARIA,primaria,17,capacita_esaurita_o_oltre_max_km
202425,1.0,42,statale,SCUOLA PRIMARIA,2,BSEE88304V,PRIMARIA CORRIDONI BRESCIA,BRESCIA,BRESCIA,LOMBARDIA,SCUOLA PRIMARIA,primaria,2,capacita_esaurita_o_oltre_max_km
202425,1.0,42,statale,SCUOLA PRIMARIA,2,PCEE00301N,G.TAVERNA,PIACENZA,PIACENZA,EMILIA ROMAGNA,SCUOLA PRIMARIA,primaria,10,capacita_esaurita_o_oltre_max_km
202425,1.0,42,statale,SCUOLA PRIMARIA,2,PREE827023,ULISSE ADORNI,PARMA,PARMA,EMILIA ROMAGNA,SCUOLA PRIMARIA,primaria,20,capacita_esaurita_o_oltre_max_km
202425,1.0,42,statale,SCUOLA PRIMARIA,2,PCEE00403G,DUE GIUGNO,PIACENZA,PIACENZA,EMILIA ROMAGNA,SCUOLA PRIMARIA,primaria,37,capacita_esaurita_o_oltre_max_km
202425,1.0,42,statale,SCUOLA PRIMARIA,2,BGEE83203C,PUMENENGO,PUMENENGO,BERGAMO,LOMBARDIA,SCUOLA PRIMARIA,primaria,3,capacita_esaurita_o_oltre_max_km
202425,1.0,42,statale,SCUOLA PRIMARIA,2,VCEE805083,"PRIMARIA ""G. ALLIEVO""",SAN GERMANO VERCELLESE,VERCELLI,PIEMONTE,SCUOLA PRIMARIA,primaria,7,capacita_esaurita_o_oltre_max_km
202425,1.0,42,statale,SCUOLA PRIMARIA,2,AQEE84601T,"""FRANCESCO ROSSI"" - PAGANICA",L'AQUILA,L'AQUILA,ABRUZZO,SCUOLA PRIMARIA,primaria,4,capacita_esaurita_o_oltre_max_km
202425,1.0,42,statale,SCUOLA PRIMARIA,2,VREE87802B,MONSIGNOR CHIOT,VERONA,VERONA,VENETO,SCUOLA PRIMARIA,primaria,11,capacita_esaurita_o_oltre_max_km
202425,1.0,42,statale,SCUOLA PRIMARIA,2,ALEE82601R,"ALESSANDRIA ""G.CARDUCCI""",ALESSANDRIA,ALESSANDRIA,PIEMONTE,SCUOLA PRIMARIA,primaria,26,capacita_esaurita_o_oltre_max_km
202425,1.0,42,statale,SCUOLA PRIMARIA,2,VEEE847035,S. BARBARA,VENEZIA,VENEZIA,VENETO,SCUOLA PRIMARIA,primaria,16,capacita_esaurita_o_oltre_max_km
202425,1.0,42,statale,SCUOLA PRIMARIA,2,GOEE80402L,C. BATTISTI,MONFALCONE,GORIZIA,FRIULI-VENEZIA G.,SCUOLA PRIMARIA,primaria,5,capacita_esaurita_o_oltre_max_km
202425,1.0,42,statale,SCUOLA PRIMARIA,2,BGEE898011,"ROMANO DI LOMBARDIA ""DE AMICIS""",ROMANO DI LOMBARDIA,BERGAMO,LOMBARDIA,SCUOLA PRIMARIA,primaria,13,capacita_esaurita_o_oltre_max_km
202425,1.0,42,statale,SCUOLA PRIMARIA,2,PSEE811065,MACERATA F. - MONTE GRIMANO,MONTE GRIMANO TERME,PESARO E URBINO,MARCHE,SCUOLA PRIMARIA,primaria,4,capacita_esaurita_o_oltre_max_km
202425,1.0,42,statale,SCUOLA PRIMARIA,2,ROEE81505E,DANTE ALIGHIERI - PAPOZZE,PAPOZZE,ROVIGO,VENETO,SCUOLA PRIMARIA,primaria,8,capacita_esaurita_o_oltre_max_km
202425,1.0,42,statale,SCUOLA PRIMARIA,2,PREE835011,"""P. RACAGNI""",PARMA,PARMA,EMILIA ROMAGNA,SCUOLA PRIMARIA,primaria,27,capacita_esaurita_o_oltre_max_km
202425,1.0,42,statale,SCUOLA PRIMARIA,2,PDEE888017,GIACOMO LEOPARDI - PD,PADOVA,PADOVA,VENETO,SCUOLA PRIMARIA,primaria,16,capacita_esaurita_o_oltre_max_km
202425,1.0,42,statale,SCUOLA PRIMARIA,2,ALEE83403T,"""C.SO ROMITA"" - TORTONA",TORTONA,ALESSANDRIA,PIEMONTE,SCUOLA PRIMARIA,primaria,10,capacita_esaurita_o_oltre_max_km
202425,1.0,42,statale,SCUOLA PRIMARIA,2,BSEE83202X,SCUOLA PRIMARIA M. SENECI,LUMEZZANE,BRESCIA,LOMBARDIA,SCUOLA PRIMARIA,primaria,9,capacita_esaurita_o_oltre_max_km
202425,1.0,42,statale,SCUOLA PRIMARIA,2,BSEE87704G,PRIMARIA CANOSSI BRESCIA,BRESCIA,BRESCIA,LOMBARDIA,SCUOLA PRIMARIA,primaria,5,capacita_esaurita_o_oltre_max_km
202425,1.0,42,statale,SCUOLA PRIMARIA,2,BSEE88302R,PRIMARIA BATTISTI BRESCIA,BRESCIA,BRESCIA,LOMBARDIA,SCUOLA PRIMARIA,primaria,4,capacita_esaurita_o_oltre_max_km
202425,1.0,42,statale,SCUOLA PRIMARIA,2,CREE81401P,"""MARIO LODI"" (PIADENA)",PIADENA DRIZZONA,CREMONA,LOMBARDIA,SCUOLA PRIMARIA,primaria,10,capacita_esaurita_o_oltre_max_km
202425,1.0,42,statale,SCUOLA PRIMARIA,2,REEE84102B,DANTE ALIGHIERI,REGGIO NELL'EMILIA,REGGIO EMILIA,EMILIA ROMAGNA,SCUOLA PRIMARIA,primaria,17,capacita_esaurita_o_oltre_max_km
202425,1.0,42,statale,SCUOLA PRIMARIA,2,TOEE8BE01T,I.C. TORINO II -PARINI,TORINO,TORINO,PIEMONTE,SCUOLA PRIMARIA,primaria,25,capacita_esaurita_o_oltre_max_km
202425,1.0,42,statale,SCUOLA PRIMARIA,2,SPEE815036,"""DON ANTONIO MORI"" - 2 GIUGNO",LA SPEZIA,LA SPEZIA,LIGURIA,SCUOLA PRIMARIA,primaria,8,capacita_esaurita_o_oltre_max_km
202425,1.0,42,statale,SCUOLA PRIMARIA,2,VEEE870025,M.L. VISINTINI-MARGHERA,VENEZIA,VENEZIA,VENETO,SCUOLA PRIMARIA,primaria,28,capacita_esaurita_o_oltre_max_km
202425,1.0,42,statale,SCUOLA PRIMARIA,2,TOEE8CF018,I.C. BOBBIO - NOVARO,TORINO,TORINO,PIEMONTE,SCUOLA PRIMARIA,primaria,4,capacita_esaurita_o_oltre_max_km
202425,1.0,42,statale,SCUOLA PRIMARIA,2,MIEE8C6018,PRIMARIA MAGREGLIO,MILANO,MILANO,LOMBARDIA,SCUOLA PRIMARIA,primaria,15,capacita_esaurita_o_oltre_max_km
202425,1.0,42,statale,SCUOLA PRIMARIA,2,VREE87803C,G. UBERTI,VERONA,VERONA,VENETO,SCUOLA PRIMARIA,primaria,10,capacita_esaurita_o_oltre_max_km
202425,1.0,42,statale,SCUOLA PRIMARIA,2,ALEE809035,"""V.ALFIERI"" - STREVI",STREVI,ALESSANDRIA,PIEMONTE,SCUOLA PRIMARIA,primaria,1,capacita_esaurita_o_oltre_max_km
202425,1.0,42,statale,SCUOLA PRIMARIA,2,ALEE81303R,"""G. PASCOLI"" - ROCCHETTA L.",ROCCHETTA LIGURE,ALESSANDRIA,PIEMONTE,SCUOLA PRIMARIA,primaria,3,capacita_esaurita_o_oltre_max_km
202425,1.0,42,statale,SCUOLA PRIMARIA,2,ALEE81803X,"""G.POGGIO"" MASIO",MASIO,ALESSANDRIA,PIEMONTE,SCUOLA PRIMARIA,primaria,3,capacita_esaurita_o_oltre_max_km
202425,1.0,42,statale,SCUOLA PRIMARIA,2,ATEE81501B,SCUOLA PRIMARIA DI MOMBARUZZO,MOMBARUZZO,ASTI,PIEMONTE,SCUOLA PRIMARIA,primaria,5,capacita_esaurita_o_oltre_max_km
202425,1.0,42,statale,SCUOLA PRIMARIA,2,ATEE81509Q,SCUOLA PRIMARIA DI VESIME,VESIME,ASTI,PIEMONTE,SCUOLA PRIMARIA,primaria,3,capacita_esaurita_o_oltre_max_km
202425,1.0,42,statale,SCUOLA PRIMARIA,2,IMEE80005B,PORNASSIO - CASTELLO -,PORNASSIO,IMPERIA,LIGURIA,SCUOLA PRIMARIA,primaria,3,capacita_esaurita_o_oltre_max_km
202425,1.0,42,statale,SCUOLA PRIMARIA,2,MIEE82503X,PRIMARIA RICCARDO BAUER,CINISELLO BALSAMO,MILANO,LOMBARDIA,SCUOLA PRIMARIA,primaria,15,capacita_esaurita_o_oltre_max_km
202425,1.0,42,statale,SCUOLA PRIMARIA,2,NOEE814043,CASALVOLONE,CASALVOLONE,NOVARA,PIEMONTE,SCUOLA PRIMARIA,primaria,1,capacita_esaurita_o_oltre_max_km
202425,1.0,42,statale,SCUOLA PRIMARIA,2,ROEE80001L,PIAZZA MARCONI G. - CENESELLI,CENESELLI,ROVIGO,VENETO,SCUOLA PRIMARIA,primaria,5,capacita_esaurita_o_oltre_max_km
202425,1.0,42,statale,SCUOLA PRIMARIA,2,SIEE80902P,VIA CASABIANCA,GAIOLE IN CHIANTI,SIENA,TOSCANA,SCUOLA PRIMARIA,primaria,7,capacita_esaurita_o_oltre_max_km
202425,1.0,42,statale,SCUOLA PRIMARIA,2,SVEE82205T,ALBENGA I - DON BARBERA,ALBENGA,SAVONA,LIGURIA,SCUOLA PRIMARIA,primaria,20,capacita_esaurita_o_oltre_max_km
202425,1.0,42,statale,SCUOLA PRIMARIA,2,VREE882023,LUDOVICO ARIOSTO-VR 11,VERONA,VERONA,VENETO,SCUOLA PRIMARIA,primaria,9,capacita_esaurita_o_oltre_max_km
202425,1.0,42,statale,SCUOLA PRIMARIA,2,MIEE8BL027,PRIMARIA FALCONE-BORSELLINO,PIOLTELLO,MILANO,LOMBARDIA,SCUOLA PRIMARIA,primaria,11,capacita_esaurita_o_oltre_max_km
202425,1.0,42,statale,SCUOLA PRIMARIA,2,NOEE82901N,"""GIANNI RODARI""",TRECATE,NOVARA,PIEMONTE,SCUOLA PRIMARIA,primaria,15,capacita_esaurita_o_oltre_max_km
202425,1.0,42,statale,SCUOLA PRIMARIA,2,PVEE801035,PIEVE PORTO MORONE,PIEVE PORTO MORONE,PAVIA,LOMBARDIA,SCUOLA PRIMARIA,primaria,12,capacita_esaurita_o_oltre_max_km
202425,1.0,42,statale,SCUOLA PRIMARIA,2,LTEE85701P,ISTITUTO COMPRENSIVO ASPRI,FONDI,LATINA,LAZIO,SCUOLA PRIMARIA,primaria,11,capacita_esaurita_o_oltre_max_km
202425,1.0,42,statale,SCUOLA PRIMARIA,2,PCEE81702G,"""TINA PESARO""",CASTEL SAN GIOVANNI,PIACENZA,EMILIA ROMAGNA,SCUOLA PRIMARIA,primaria,46,capacita_esaurita_o_oltre_max_km
202425,1.0,42,statale,SCUOLA PRIMARIA,2,VEEE834055,RENATO FUCINI,VENEZIA,VENEZIA,VENETO,SCUOLA PRIMARIA,primaria,10,capacita_esaurita_o_oltre_max_km
202425,1.0,42,statale,SCUOLA PRIMARIA,2,PREE82904R,MARTIRI DI CEFALONIA,PARMA,PARMA,EMILIA ROMAGNA,SCUOLA PRIMARIA,primaria,18,capacita_esaurita_o_oltre_max_km
202425,1.0,42,statale,SCUOLA PRIMARIA,2,CREE809028,GRONTARDO CAP.,GRONTARDO,CREMONA,LOMBARDIA,SCUOLA PRIMARIA,primaria,5,capacita_esaurita_o_oltre_max_km
202425,1.0,42,statale,SCUOLA PRIMARIA,2,IMEE800039,PIEVE DI TECO,PIEVE DI TECO,IMPERIA,LIGURIA,SCUOLA PRIMARIA,primaria,7,capacita_esaurita_o_oltre_max_km
202425,1.0,42,statale,SCUOLA PRIMARIA,2,MIEE8D4017,"PRIMARIA ""E. FERMI""",MILANO,MILANO,LOMBARDIA,SCUOLA PRIMARIA,primaria,21,capacita_esaurita_o_oltre_max_km
202425,1.0,42,statale,SCUOLA PRIMARIA,2,ALEE80701B,"SERRAVALLE SCRIVIA ""G.MARCONI""",SERRAVALLE SCRIVIA,ALESSANDRIA,PIEMONTE,SCUOLA PRIMARIA,primaria,1,capacita_esaurita_o_oltre_max_km
202425,1.0,42,statale,SCUOLA PRIMARIA,2,APEE826067,PRIMARIA FRANCAVILLA D'ETE,FRANCAVILLA D'ETE,FERMO,MARCHE,SCUOLA PRIMARIA,primaria,2,capacita_esaurita_o_oltre_max_km
202425,1.0,42,statale,SCUOLA PRIMARIA,2,GEEE84201T,S.EL. DI VIA TEGLIA,GENOVA,GENOVA,LIGURIA,SCUOLA PRIMARIA,primaria,16,capacita_esaurita_o_oltre_max_km
202425,1.0,42,statale,SCUOLA PRIMARIA,2,PVEE830024,VIDARI,VIGEVANO,PAVIA,LOMBARDIA,SCUOLA PRIMARIA,primaria,35,capacita_esaurita_o_oltre_max_km
202425,1.0,42,statale,SCUOLA PRIMARIA,2,VREE882012,"""BUSTI ANGELA""",VERONA,VERONA,VENETO,SCUOLA PRIMARIA,primaria,18,capacita_esaurita_o_oltre_max_km
202425,1.0,42,statale,SCUOLA PRIMARIA,2,BGEE85902B,SCUOLA PRIMARIA CAP,MARTINENGO,BERGAMO,LOMBARDIA,SCUOLA PRIMARIA,primaria,36,capacita_esaurita_o_oltre_max_km
202425,1.0,42,statale,SCUOLA PRIMARIA,2,BSEE87702D,PRIMARIA E. RINALDINI BRESCIA,BRESCIA,BRESCIA,LOMBARDIA,SCUOLA PRIMARIA,primaria,22,capacita_esaurita_o_oltre_max_km
202425,1.0,42,statale,SCUOLA PRIMARIA,2,GREE817073,"SCANSANO CAP. -""UMBERTO I""",SCANSANO,GROSSETO,TOSCANA,SCUOLA PRIMARIA,primaria,8,capacita_esaurita_o_oltre_max_km
202425,1.0,42,statale,SCUOLA PRIMARIA,2,ALEE82701L,ALESSANDRIA VIA SCLAVO,ALESSANDRIA,ALESSANDRIA,PIEMONTE,SCUOLA PRIMARIA,primaria,13,capacita_esaurita_o_oltre_max_km
202425,1.0,42,statale,SCUOLA PRIMARIA,2,ALEE82702N,"ALESSANDRIA ""E.DE AMICIS""",ALESSANDRIA,ALESSANDRIA,PIEMONTE,SCUOLA PRIMARIA,primaria,17,capacita_esaurita_o_oltre_max_km
202425,1.0,42,statale,SCUOLA PRIMARIA,2,ATEE81901P,DANTE ALIGHIERI -ASTI,ASTI,ASTI,PIEMONTE,SCUOLA PRIMARIA,primaria,6,capacita_esaurita_o_oltre_max_km
202425,1.0,42,statale,SCUOLA PRIMARIA,2,FEEE80502Q,SILVIA BENFENATI GALLO,POGGIO RENATICO,FERRARA,EMILIA ROMAGNA,SCUOLA PRIMARIA,primaria,3,capacita_esaurita_o_oltre_max_km
202425,1.0,42,statale,SCUOLA PRIMARIA,2,IMEE80006C,RANZO - BACELEGA -,RANZO,IMPERIA,LIGURIA,SCUOLA PRIMARIA,primaria,3,capacita_esaurita_o_oltre_max_km
202425,1.0,42,statale,SCUOLA PRIMARIA,2,PCEE814035,SCUOLA PRIMARIA GROPPARELLO,GROPPARELLO,PIACENZA,EMILIA ROMAGNA,SCUOLA PRIMARIA,primaria,3,capacita_esaurita_o_oltre_max_km
202425,1.0,42,statale,SCUOLA PRIMARIA,2,PVEE80803X,CONFIENZA,CONFIENZA,PAVIA,LOMBARDIA,SCUOLA PRIMARIA,primaria,1,capacita_esaurita_o_oltre_max_km
202425,1.0,42,statale,SCUOLA PRIMARIA,2,REEE82406T,LORIS MALAGUZZI,REGGIO NELL'EMILIA,REGGIO EMILIA,EMILIA ROMAGNA,SCUOLA PRIMARIA,primaria,9,capacita_esaurita_o_oltre_max_km
202425,1.0,42,statale,SCUOLA PRIMARIA,2,REEE842027,MINOZZO,VILLA MINOZZO,REGGIO EMILIA,EMILIA ROMAGNA,SCUOLA PRIMARIA,primaria,3,capacita_esaurita_o_oltre_max_km
202425,1.0,42,statale,SCUOLA PRIMARIA,2,TVEE861019,"SCUOLA PRIMARIA ""A. MORO""",PONTE DI PIAVE,TREVISO,VENETO,SCUOLA PRIMARIA,primaria,4,capacita_esaurita_o_oltre_max_km
202425,1.0,42,statale,SCUOLA PRIMARIA,2,LOEE81603R,PRIMARIA R. MORZENTI - S.ANGELO,SANT'ANGELO LODIGIANO,LODI,LOMBARDIA,SCUOLA PRIMARIA,primaria,22,capacita_esaurita_o_oltre_max_km
202425,1.0,42,statale,SCUOLA PRIMARIA,2,PVEE83102X,BOTTO,VIGEVANO,PAVIA,LOMBARDIA,SCUOLA PRIMARIA,primaria,19,capacita_esaurita_o_oltre_max_km
202425,1.0,42,statale,SCUOLA PRIMARIA,2,ATEE81301Q,GIULIANI - CANELLI,CANELLI,ASTI,PIEMONTE,SCUOLA PRIMARIA,primaria,6,capacita_esaurita_o_oltre_max_km
202425,1.0,42,statale,SCUOLA PRIMARIA,2,FEEE824014,"""MARIA MONTESSORI"" - PORTOMAGGI",PORTOMAGGIORE,FERRARA,EMILIA ROMAGNA,SCUOLA PRIMARIA,primaria,27,capacita_esaurita_o_oltre_max_km
202425,1.0,42,statale,SCUOLA PRIMARIA,2,NOEE83103Q,"""CARLO LEVI""",NOVARA,NOVARA,PIEMONTE,SCUOLA PRIMARIA,primaria,12,capacita_esaurita_o_oltre_max_km
202425,1.0,42,statale,SCUOLA PRIMARIA,2,BSEE89303C,SCUOLA PRIMARIA POMPIANO,POMPIANO,BRESCIA,LOMBARDIA,SCUOLA PRIMARIA,primaria,3,capacita_esaurita_o_oltre_max_km
202425,1.0,42,statale,SCUOLA PRIMARIA,2,FIEE826046,"""DOMENICO GIULIOTTI"" -CAPOLUOGO",GREVE IN CHIANTI,FIRENZE,TOSCANA,SCUOLA PRIMARIA,primaria,19,capacita_esaurita_o_oltre_max_km
202425,1.0,42,statale,SCUOLA PRIMARIA,2,REEE84703B,G. ZIBORDI,REGGIO NELL'EMILIA,REGGIO EMILIA,EMILIA ROMAGNA,SCUOLA PRIMARIA,primaria,13,capacita_esaurita_o_oltre_max_km
202425,1.0,42,statale,SCUOLA PRIMARIA,2,PCEE002096,G.MAZZINI,PIACENZA,PIACENZA,EMILIA ROMAGNA,SCUOLA PRIMARIA,primaria,16,capacita_esaurita_o_oltre_max_km
202425,1.0,42,statale,SCUOLA PRIMARIA,2,BSEE815026,PRIMARIA G. DELEDDA BRESCIA,BRESCIA,BRESCIA,LOMBARDIA,SCUOLA PRIMARIA,primaria,6,capacita_esaurita_o_oltre_max_km
202425,1.0,42,statale,SCUOLA PRIMARIA,2,MOEE04009E,"""G. PASCOLI"" - S.M. SPINO",MIRANDOLA,MODENA,EMILIA ROMAGNA,SCUOLA PRIMARIA,primaria,7,capacita_esaurita_o_oltre_max_km
202425,1.0,42,statale,SCUOLA PRIMARIA,2,PDEE89004A,FRANCESCO PETRARCA,PADOVA,PADOVA,VENETO,SCUOLA PRIMARIA,primaria,2,capacita_esaurita_o_oltre_max_km
202425,1.0,42,statale,SCUOLA PRIMARIA,2,REEE834017,DON LORENZO MILANI,REGGIO NELL'EMILIA,REGGIO EMILIA,EMILIA ROMAGNA,SCUOLA PRIMARIA,primaria,8,capacita_esaurita_o_oltre_max_km
202425,1.0,42,statale,SCUOLA PRIMARIA,2,VIEE885015,SAN ROCCO,ARZIGNANO,VICENZA,VENETO,SCUOLA PRIMARIA,primaria,3,capacita_esaurita_o_oltre_max_km
202425,1.0,42,statale,SCUOLA PRIMARIA,2,MIEE8AZ01B,PRIMARIA G. ROVANI,SESTO SAN GIOVANNI,MILANO,LOMBARDIA,SCUOLA PRIMARIA,primaria,14,capacita_esaurita_o_oltre_max_km
202425,1.0,42,statale,SCUOLA PRIMARIA,2,RGEE81401L,SANTA CROCE CAMERINA,SANTA CROCE CAMERINA,RAGUSA,SICILIA,SCUOLA PRIMARIA,primaria,13,capacita_esaurita_o_oltre_max_km
202425,1.0,42,statale,SCUOLA PRIMARIA,2,CREE81601A,"""G. MARCONI""(CASALMAGGIORE CAP)",CASALMAGGIORE,CREMONA,LOMBARDIA,SCUOLA PRIMARIA,primaria,25,capacita_esaurita_o_oltre_max_km
202425,1.0,42,statale,SCUOLA PRIMARIA,2,GREE81101T,"CASTELDELPIANO CAP.""L.SANTUCCI""",CASTEL DEL PIANO,GROSSETO,TOSCANA,SCUOLA PRIMARIA,primaria,11,capacita_esaurita_o_oltre_max_km
202425,1.0,42,statale,SCUOLA PRIMARIA,2,MIEE8AG02X,PRIMARIA GHERARDINI,MILANO,MILANO,LOMBARDIA,SCUOLA PRIMARIA,primaria,12,capacita_esaurita_o_oltre_max_km
202425,1.0,42,statale,SCUOLA PRIMARIA,2,CREE81501E,PIEVE S.GIACOMO CAP.,PIEVE SAN GIACOMO,CREMONA,LOMBARDIA,SCUOLA PRIMARIA,primaria,11,capacita_esaurita_o_oltre_max_km
202425,1.0,42,statale,SCUOLA PRIMARIA,2,IMEE81305D,ALESSANDRO VOLTA,SANREMO,IMPERIA,LIGURIA,SCUOLA PRIMARIA,primaria,10,capacita_esaurita_o_oltre_max_km
202425,1.0,42,statale,SCUOLA PRIMARIA,2,MIEE8CF018,PRIMARIA C.CANTU',MILANO,MILANO,LOMBARDIA,SCUOLA PRIMARIA,primaria,15,capacita_esaurita_o_oltre_max_km
202425,1.0,42,statale,SCUOLA PRIMARIA,2,PCEE005019,VITTORINO DA FELTRE,PIACENZA,PIACENZA,EMILIA ROMAGNA,SCUOLA PRIMARIA,primaria,38,capacita_esaurita_o_oltre_max_km
202425,1.0,42,statale,SCUOLA PRIMARIA,2,LOEE80903N,PRIMARIA ROSOLINO ANDENA-CASALP,CASALPUSTERLENGO,LODI,LOMBARDIA,SCUOLA PRIMARIA,primaria,14,capacita_esaurita_o_oltre_max_km
202425,1.0,42,statale,SCUOLA PRIMARIA,2,ALEE817012,PRIMARIA CARETTA SPINETTA,ALESSANDRIA,ALESSANDRIA,PIEMONTE,SCUOLA PRIMARIA,primaria,8,capacita_esaurita_o_oltre_max_km
202425,1.0,42,statale,SCUOLA PRIMARIA,2,COEE84804T,CAMPIONE D'ITALIA,CAMPIONE D'ITALIA,COMO,LOMBARDIA,SCUOLA PRIMARIA,primaria,3,capacita_esaurita_o_oltre_max_km
202425,1.0,42,statale,SCUOLA PRIMARIA,2,GEEE81403Q,SC.PRIMARIA DI ROSSIGLIONE,ROSSIGLIONE,GENOVA,LIGURIA,SCUOLA PRIMARIA,primaria,3,capacita_esaurita_o_oltre_max_km
202425,1.0,42,statale,SCUOLA PRIMARIA,2,PVEE80905T,OTTOBIANO,OTTOBIANO,PAVIA,LOMBARDIA,SCUOLA PRIMARIA,primaria,1,capacita_esaurita_o_oltre_max_km
202425,1.0,42,statale,SCUOLA PRIMARIA,2,ALEE83404V,"""GIANNI RODARI"" - TORTONA",TORTONA,ALESSANDRIA,PIEMONTE,SCUOLA PRIMARIA,primaria,16,capacita_esaurita_o_oltre_max_km
202425,1.0,42,statale,SCUOLA PRIMARIA,2,BOEE854026,ADELE E DINO ROMAGNOLI PARTIGIA,BOLOGNA,BOLOGNA,EMILIA ROMAGNA,SCUOLA PRIMARIA,primaria,1,capacita_esaurita_o_oltre_max_km
202425,1.0,42,statale,SCUOLA PRIMARIA,2,ALEE81906V,"""E. DE AMICIS"" - PONTECURONE",PONTECURONE,ALESSANDRIA,PIEMONTE,SCUOLA PRIMARIA,primaria,3,capacita_esaurita_o_oltre_max_km
202425,1.0,42,statale,SCUOLA PRIMARIA,2,ALEE839053,"ALESSANDRIA ""A.MORBELLI""",ALESSANDRIA,ALESSANDRIA,PIEMONTE,SCUOLA PRIMARIA,primaria,9,capacita_esaurita_o_oltre_max_km
202425,1.0,42,statale,SCUOLA PRIMARIA,2,RAEE82201E,"""TOLOSANO A.""",FAENZA,RAVENNA,EMILIA ROMAGNA,SCUOLA PRIMARIA,primaria,13,capacita_esaurita_o_oltre_max_km
202425,1.0,42,statale,SCUOLA PRIMARIA,2,MNEE822031,SC.PRIMARIA DI FELONICA,SERMIDE E FELONICA,MANTOVA,LOMBARDIA,SCUOLA PRIMARIA,primaria,5,capacita_esaurita_o_oltre_max_km
202425,1.0,42,statale,SCUOLA PRIMARIA,2,POEE82203T,"""ANNA FRANK""",MONTEMURLO,PRATO,TOSCANA,SCUOLA PRIMARIA,primaria,9,capacita_esaurita_o_oltre_max_km
202425,1.0,42,statale,SCUOLA PRIMARIA,2,MIEE8C501C,PRIMARIA GIUSEPPE CALASANZIO,MILANO,MILANO,LOMBARDIA,SCUOLA PRIMARIA,primaria,17,capacita_esaurita_o_oltre_max_km
202425,1.0,42,statale,SCUOLA PRIMARIA,2,PREE826038,SAN LEONARDO,PARMA,PARMA,EMILIA ROMAGNA,SCUOLA PRIMARIA,primaria,14,capacita_esaurita_o_oltre_max_km
202425,1.0,42,statale,SCUOLA PRIMARIA,2,MIEE8A5028,PRIMARIA B.ORIANI,SESTO SAN GIOVANNI,MILANO,LOMBARDIA,SCUOLA PRIMARIA,primaria,15,capacita_esaurita_o_oltre_max_km
202425,1.0,42,statale,SCUOLA PRIMARIA,2,MIEE8AZ02G,PRIMARIA XXV APRILE,SESTO SAN GIOVANNI,MILANO,LOMBARDIA,SCUOLA PRIMARIA,primaria,20,capacita_esaurita_o_oltre_max_km
202425,1.0,42,statale,SCUOLA PRIMARIA,2,BGEE8AD01R,"TREVIGLIO ""BATTISTI""",TREVIGLIO,BERGAMO,LOMBARDIA,SCUOLA PRIMARIA,primaria,3,capacita_esaurita_o_oltre_max_km
202425,1.0,42,statale,SCUOLA PRIMARIA,2,LOEE807054,PRIMARIA - SALVO D'ACQUISTO,OSPEDALETTO LODIGIANO,LODI,LOMBARDIA,SCUOLA PRIMARIA,primaria,1,capacita_esaurita_o_oltre_max_km
202425,1.0,42,statale,SCUOLA PRIMARIA,2,BOEE86301X,P. ZANETTI - BAZZANO,VALSAMOGGIA,BOLOGNA,EMILIA ROMAGNA,SCUOLA PRIMARIA,primaria,8,capacita_esaurita_o_oltre_max_km
202425,1.0,42,statale,SCUOLA PRIMARIA,2,VREE895014,PRADELLE-MACULAN-BAGNOLO,NOGAROLE ROCCA,VERONA,VENETO,SCUOLA PRIMARIA,primaria,6,capacita_esaurita_o_oltre_max_km
202425,1.0,42,statale,SCUOLA PRIMARIA,2,BOEE840039,TOLE',VERGATO,BOLOGNA,EMILIA ROMAGNA,SCUOLA PRIMARIA,primaria,7,capacita_esaurita_o_oltre_max_km
202425,1.0,42,statale,SCUOLA PRIMARIA,2,PREE820039,ROMAGNOSI,SALSOMAGGIORE TERME,PARMA,EMILIA ROMAGNA,SCUOLA PRIMARIA,primaria,12,capacita_esaurita_o_oltre_max_km
202425,1.0,42,statale,SCUOLA PRIMARIA,2,REEE84001E,"""P. VALERIANI"" - CADE'",REGGIO NELL'EMILIA,REGGIO EMILIA,EMILIA ROMAGNA,SCUOLA PRIMARIA,primaria,1,capacita_esaurita_o_oltre_max_km
202425,1.0,42,statale,SCUOLA PRIMARIA,2,ROEE81606B,E. DE AMICIS - TRECENTA,TRECENTA,ROVIGO,VENETO,SCUOLA PRIMARIA,primaria,7,capacita_esaurita_o_oltre_max_km
202425,1.0,42,statale,SCUOLA PRIMARIA,2,MIEE8BL038,PRIMARIA GIANNI RODARI,PIOLTELLO,MILANO,LOMBARDIA,SCUOLA PRIMARIA,primaria,13,capacita_esaurita_o_oltre_max_km
202425,1.0,42,statale,SCUOLA PRIMARIA,2,PDEE883036,MORANTE-PD,PADOVA,PADOVA,VENETO,SCUOLA PRIMARIA,primaria,8,capacita_esaurita_o_oltre_max_km
202425,1.0,42,statale,SCUOLA PRIMARIA,2,MOEE06001B,"""G.MAZZINI"" VIGNOLA",VIGNOLA,MODENA,EMILIA ROMAGNA,SCUOLA PRIMARIA,primaria,20,capacita_esaurita_o_oltre_max_km
202425,1.0,42,statale,SCUOLA PRIMARIA,2,MIEE8DQ02G,PRIMARIA LOCATELLI,MILANO,MILANO,LOMBARDIA,SCUOLA PRIMARIA,primaria,14,capacita_esaurita_o_oltre_max_km
202425,1.0,42,statale,SCUOLA PRIMARIA,2,PVEE83203R,MARAZZANI,VIGEVANO,PAVIA,LOMBARDIA,SCUOLA PRIMARIA,primaria,14,capacita_esaurita_o_oltre_max_km
202425,1.0,42,statale,SCUOLA PRIMARIA,2,REEE84602E,ADA NEGRI,REGGIO NELL'EMILIA,REGGIO EMILIA,EMILIA ROMAGNA,SCUOLA PRIMARIA,primaria,7,capacita_esaurita_o_oltre_max_km
202425,1.0,42,statale,SCUOLA PRIMARIA,2,TOEE8BR026,I.C. PARRI - STRADA LANZO,TORINO,TORINO,PIEMONTE,SCUOLA PRIMARIA,primaria,2,capacita_esaurita_o_oltre_max_km
202425,1.0,42,statale,SCUOLA PRIMARIA,2,VREE88502E,SIMONI R.,VERONA,VERONA,VENETO,SCUOLA PRIMARIA,primaria,7,capacita_esaurita_o_oltre_max_km
202425,1.0,42,statale,SCUOLA PRIMARIA,2,MIEE8AF024,PRIMARIA VIA A. GRAF 70,MILANO,MILANO,LOMBARDIA,SCUOLA PRIMARIA,primaria,21,capacita_esaurita_o_oltre_max_km
202425,1.0,42,statale,SCUOLA PRIMARIA,2,MIEE8FP021,PRIMARIA VIA BODIO,MILANO,MILANO,LOMBARDIA,SCUOLA PRIMARIA,primaria,10,capacita_esaurita_o_oltre_max_km
202425,1.0,42,statale,SCUOLA PRIMARIA,2,GEEE86604D,SCUOLA PRIMARIA MARCONI,RAPALLO,GENOVA,LIGURIA,SCUOLA PRIMARIA,primaria,6,capacita_esaurita_o_oltre_max_km
202425,1.0,42,statale,SCUOLA PRIMARIA,2,PVEE813019,VILLANTERIO,VILLANTERIO,PAVIA,LOMBARDIA,SCUOLA PRIMARIA,primaria,2,capacita_esaurita_o_oltre_max_km
202425,1.0,42,statale,SCUOLA PRIMARIA,2,MIEE8C6029,PRIMARIA PARETO,MILANO,MILANO,LOMBARDIA,SCUOLA PRIMARIA,primaria,9,capacita_esaurita_o_oltre_max_km
202425,1.0,42,statale,SCUOLA PRIMARIA,2,POEE012016,"CONVITTO NAZIONALE ""CICOGNINI""",PRATO,PRATO,TOSCANA,SCUOLA PRIMARIA,primaria,10,capacita_esaurita_o_oltre_max_km
202425,1.0,42,statale,SCUOLA PRIMARIA,2,BOEE80501X,DE AMICIS IC SAN P. IN CASALE,SAN PIETRO IN CASALE,BOLOGNA,EMILIA ROMAGNA,SCUOLA PRIMARIA,primaria,18,capacita_esaurita_o_oltre_max_km
202425,1.0,42,statale,SCUOLA PRIMARIA,2,VREE87801A,A.VIVALDI-STADIO-B.GO MILANO,VERONA,VERONA,VENETO,SCUOLA PRIMARIA,primaria,11,capacita_esaurita_o_oltre_max_km
202425,1.0,42,statale,SCUOLA PRIMARIA,2,MIEE8AP02C,PRIMARIA A. MANZONI,CINISELLO BALSAMO,MILANO,LOMBARDIA,SCUOLA PRIMARIA,primaria,3,capacita_esaurita_o_oltre_max_km
202425,1.0,42,statale,SCUOLA PRIMARIA,2,TOEE8BD023,I.C. ILARIA ALPI - DELEDDA,TORINO,TORINO,PIEMONTE,SCUOLA PRIMARIA,primaria,11,capacita_esaurita_o_oltre_max_km
202425,1.0,42,statale,SCUOLA PRIMARIA,2,BOEE80801B,GIOVANNI XXIII I.C. N 1 BOLOGNA,BOLOGNA,BOLOGNA,EMILIA ROMAGNA,SCUOLA PRIMARIA,primaria,1,capacita_esaurita_o_oltre_max_km
202425,1.0,42,statale,SCUOLA PRIMARIA,2,ROEE817012,BACCARI F. - LENDINARA,LENDINARA,ROVIGO,VENETO,SCUOLA PRIMARIA,primaria,8,capacita_esaurita_o_oltre_max_km
202425,1.0,42,statale,SCUOLA PRIMARIA,2,BGEE84402N,"""PAPA GIOV.XXIII"" FONTANELLA",FONTANELLA,BERGAMO,LOMBARDIA,SCUOLA PRIMARIA,primaria,13,capacita_esaurita_o_oltre_max_km
202425,1.0,42,statale,SCUOLA PRIMARIA,2,PREE83602T,FILIPPO CORRIDONI,PARMA,PARMA,EMILIA ROMAGNA,SCUOLA PRIMARIA,primaria,14,capacita_esaurita_o_oltre_max_km
202425,1.0,42,statale,SCUOLA PRIMARIA,2,MIEE8CW015,PRIMARIA TITO SPERI,MILANO,MILANO,LOMBARDIA,SCUOLA PRIMARIA,primaria,16,capacita_esaurita_o_oltre_max_km
202425,1.0,42,statale,SCUOLA PRIMARIA,2,MIEE8AG01V,PRIMARIA VIA VAL LAGARINA,MILANO,MILANO,LOMBARDIA,SCUOLA PRIMARIA,primaria,19,capacita_esaurita_o_oltre_max_km
202425,1.0,42,statale,SCUOLA PRIMARIA,2,GEEE83601E,S.EL. - D.FERRERO -,GENOVA,GENOVA,LIGURIA,SCUOLA PRIMARIA,primaria,12,capacita_esaurita_o_oltre_max_km
202425,1.0,42,statale,SCUOLA PRIMARIA,2,MIEE8DU017,PRIMARIA VIA MARTINENGO,MILANO,MILANO,LOMBARDIA,SCUOLA PRIMARIA,primaria,25,capacita_esaurita_o_oltre_max_km
202425,1.0,42,statale,SCUOLA PRIMARIA,2,AQEE82503V,SCUOLA PRIMARIA LECCE NEI MARSI,LECCE NEI MARSI,L'AQUILA,ABRUZZO,SCUOLA PRIMARIA,primaria,2,capacita_esaurita_o_oltre_max_km
202425,1.0,42,statale,SCUOLA PRIMARIA,2,BOEE80904A,GRAZIA DELEDDA,CASALFIUMANESE,BOLOGNA,EMILIA ROMAGNA,SCUOLA PRIMARIA,primaria,2,capacita_esaurita_o_oltre_max_km
202425,1.0,42,statale,SCUOLA PRIMARIA,2,BOEE81603C,FRANCESCO ACRI,BOLOGNA,BOLOGNA,EMILIA ROMAGNA,SCUOLA PRIMARIA,primaria,1,capacita_esaurita_o_oltre_max_km
202425,1.0,42,statale,SCUOLA PRIMARIA,2,BSEE84702N,SCUOLA PRIMARIA - VISANO,VISANO,BRESCIA,LOMBARDIA,SCUOLA PRIMARIA,primaria,2,capacita_esaurita_o_oltre_max_km
202425,1.0,42,statale,SCUOLA PRIMARIA,2,CNEE83601Q,SCUOLA PRIMARIA BAGNASCO,BAGNASCO,CUNEO,PIEMONTE,SCUOLA PRIMARIA,primaria,2,capacita_esaurita_o_oltre_max_km
202425,1.0,42,statale,SCUOLA PRIMARIA,2,CNEE85901C,MONDOVI' PRIMARIA ALTIPIANO,MONDOVI',CUNEO,PIEMONTE,SCUOLA PRIMARIA,primaria,5,capacita_esaurita_o_oltre_max_km
202425,1.0,42,statale,SCUOLA PRIMARIA,2,CSEE85004C,NOCARA - CENTRO,NOCARA,COSENZA,CALABRIA,SCUOLA PRIMARIA,primaria,2,capacita_esaurita_o_oltre_max_km
202425,1.0,42,statale,SCUOLA PRIMARIA,2,FOEE80306R,"SARSINA ""PAPA GIOVANNI XXIII""",SARSINA,FORLI'-CESENA,EMILIA ROMAGNA,SCUOLA PRIMARIA,primaria,2,capacita_esaurita_o_oltre_max_km
202425,1.0,42,statale,SCUOLA PRIMARIA,2,GEEE81504L,S.EL. DI ROVEGNO,ROVEGNO,GENOVA,LIGURIA,SCUOLA PRIMARIA,primaria,2,capacita_esaurita_o_oltre_max_km
202425,1.0,42,statale,SCUOLA PRIMARIA,2,GREE81103X,"ARCIDOSSO CAP.-""D.ALIGHIERI""",ARCIDOSSO,GROSSETO,TOSCANA,SCUOLA PRIMARIA,primaria,8,capacita_esaurita_o_oltre_max_km
202425,1.0,42,statale,SCUOLA PRIMARIA,2,GREE815015,BOCCHEGGIANO,MONTIERI,GROSSETO,TOSCANA,SCUOLA PRIMARIA,primaria,2,capacita_esaurita_o_oltre_max_km
202425,1.0,42,statale,SCUOLA PRIMARIA,2,GREE815037,MONTEROTONDO CAPOLUOGO,MONTEROTONDO MARITTIMO,GROSSETO,TOSCANA,SCUOLA PRIMARIA,primaria,3,capacita_esaurita_o_oltre_max_km
202425,1.0,42,statale,SCUOLA PRIMARIA,2,GREE817051,"CINIGIANO CAP. - ""G.ALFIERI""",CINIGIANO,GROSSETO,TOSCANA,SCUOLA PRIMARIA,primaria,3,capacita_esaurita_o_oltre_max_km
202425,1.0,42,statale,SCUOLA PRIMARIA,2,GREE81901C,SCUOLA PRIMARIA ROCCASTRADA,ROCCASTRADA,GROSSETO,TOSCANA,SCUOLA PRIMARIA,primaria,6,capacita_esaurita_o_oltre_max_km
202425,1.0,42,statale,SCUOLA PRIMARIA,2,LTEE82803R,LA FIORA,TERRACINA,LATINA,LAZIO,SCUOLA PRIMARIA,primaria,2,capacita_esaurita_o_oltre_max_km
202425,1.0,42,statale,SCUOLA PRIMARIA,2,MIEE8BW01E,PRIMARIA NOVEGRO,SEGRATE,MILANO,LOMBARDIA,SCUOLA PRIMARIA,primaria,7,capacita_esaurita_o_oltre_max_km
202425,1.0,42,statale,SCUOLA PRIMARIA,2,MIEE8C503E,PRIMARIA VIA MONTE BALDO,MILANO,MILANO,LOMBARDIA,SCUOLA PRIMARIA,primaria,6,capacita_esaurita_o_oltre_max_km
202425,1.0,42,statale,SCUOLA PRIMARIA,2,MNEE800034,MARIANA MANTOVANA,MARIANA MANTOVANA,MANTOVA,LOMBARDIA,SCUOLA PRIMARIA,primaria,4,capacita_esaurita_o_oltre_max_km
202425,1.0,42,statale,SCUOLA PRIMARIA,2,MNEE83101N,CICOGNARA,VIADANA,MANTOVA,LOMBARDIA,SCUOLA PRIMARIA,primaria,4,capacita_esaurita_o_oltre_max_km
202425,1.0,42,statale,SCUOLA PRIMARIA,2,MOEE81109D,"""18 MARZO 1944 "" MONCHIO",PALAGANO,MODENA,EMILIA ROMAGNA,SCUOLA PRIMARIA,primaria,1,capacita_esaurita_o_oltre_max_km
202425,1.0,42,statale,SCUOLA PRIMARIA,2,MOEE81402N,"""ANNA FRANK "" FORMICA",SAVIGNANO SUL PANARO,MODENA,EMILIA ROMAGNA,SCUOLA PRIMARIA,primaria,7,capacita_esaurita_o_oltre_max_km
202425,1.0,42,statale,SCUOLA PRIMARIA,2,MOEE816018,"""L. CASOLARI"" SERRAMAZZONI",SERRAMAZZONI,MODENA,EMILIA ROMAGNA,SCUOLA PRIMARIA,primaria,1,capacita_esaurita_o_oltre_max_km
202425,1.0,42,statale,SCUOLA PRIMARIA,2,NOEE814065,VICOLUNGO,VICOLUNGO,NOVARA,PIEMONTE,SCUOLA PRIMARIA,primaria,6,capacita_esaurita_o_oltre_max_km
202425,1.0,42,statale,SCUOLA PRIMARIA,2,NOEE82504D,"""P.THOUAR""",NOVARA,NOVARA,PIEMONTE,SCUOLA PRIMARIA,primaria,7,capacita_esaurita_o_oltre_max_km
202425,1.0,42,statale,SCUOLA PRIMARIA,2,PGEE80702R,PRECI,PRECI,PERUGIA,UMBRIA,SCUOLA PRIMARIA,primaria,2,capacita_esaurita_o_oltre_max_km
202425,1.0,42,statale,SCUOLA PRIMARIA,2,PGEE80802L,FRAZ. CASACASTALDA,VALFABBRICA,PERUGIA,UMBRIA,SCUOLA PRIMARIA,primaria,2,capacita_esaurita_o_oltre_max_km
202425,1.0,42,statale,SCUOLA PRIMARIA,2,PGEE82804X,"""A. FRANK"" - VALTOPINA",VALTOPINA,PERUGIA,UMBRIA,SCUOLA PRIMARIA,primaria,3,capacita_esaurita_o_oltre_max_km
202425,1.0,42,statale,SCUOLA PRIMARIA,2,PREE82305V,"CALESTANO ""VERTI-OLLARI""",CALESTANO,PARMA,EMILIA ROMAGNA,SCUOLA PRIMARIA,primaria,6,capacita_esaurita_o_oltre_max_km
202425,1.0,42,statale,SCUOLA PRIMARIA,2,PSEE81505B,PIANDIMELETO - BELFORTE ALL'IS.,BELFORTE ALL'ISAURO,PESARO E URBINO,MARCHE,SCUOLA PRIMARIA,primaria,2,capacita_esaurita_o_oltre_max_km
202425,1.0,42,statale,SCUOLA PRIMARIA,2,PVEE81001T,VARZI,VARZI,PAVIA,LOMBARDIA,SCUOLA PRIMARIA,primaria,5,capacita_esaurita_o_oltre_max_km
202425,1.0,42,statale,SCUOLA PRIMARIA,2,PVEE82404V,MONTALTO PAVESE,MONTALTO PAVESE,PAVIA,LOMBARDIA,SCUOLA PRIMARIA,primaria,2,capacita_esaurita_o_oltre_max_km
202425,1.0,42,statale,SCUOLA PRIMARIA,2,PZEE82109P,BRINDISI DI MONTAGNA,BRINDISI MONTAGNA,POTENZA,BASILICATA,SCUOLA PRIMARIA,primaria,1,capacita_esaurita_o_oltre_max_km
202425,1.0,42,statale,SCUOLA PRIMARIA,2,PZEE874075,PRIMARIA MISSANELLO,MISSANELLO,POTENZA,BASILICATA,SCUOLA PRIMARIA,primaria,1,capacita_esaurita_o_oltre_max_km
202425,1.0,42,statale,SCUOLA PRIMARIA,2,REEE81603Q,LIGONCHIO CAP.,VENTASSO,REGGIO EMILIA,EMILIA ROMAGNA,SCUOLA PRIMARIA,primaria,1,capacita_esaurita_o_oltre_max_km
202425,1.0,42,statale,SCUOLA PRIMARIA,2,REEE819037,DANIELA MOROTTI,VIANO,REGGIO EMILIA,EMILIA ROMAGNA,SCUOLA PRIMARIA,primaria,2,capacita_esaurita_o_oltre_max_km
202425,1.0,42,statale,SCUOLA PRIMARIA,2,SPEE802089,BORGHETTO VARA CAPOLUOGO,BORGHETTO DI VARA,LA SPEZIA,LIGURIA,SCUOLA PRIMARIA,primaria,1,capacita_esaurita_o_oltre_max_km
202425,1.0,42,statale,SCUOLA PRIMARIA,2,SVEE80206N,PRIMARIA DI CENGIO COLOMBARDO,CENGIO,SAVONA,LIGURIA,SCUOLA PRIMARIA,primaria,4,capacita_esaurita_o_oltre_max_km
202425,1.0,42,statale,SCUOLA PRIMARIA,2,TOEE8BD012,I.C. ILARIA ALPI - PEROTTI,TORINO,TORINO,PIEMONTE,SCUOLA PRIMARIA,primaria,24,capacita_esaurita_o_oltre_max_km
202425,1.0,42,statale,SCUOLA PRIMARIA,2,UDEE80901L,FORNI AVOLTRI,FORNI AVOLTRI,UDINE,FRIULI-VENEZIA G.,SCUOLA PRIMARIA,primaria,1,capacita_esaurita_o_oltre_max_km
202425,1.0,42,statale,SCUOLA PRIMARIA,2,VIEE852063,IC ARSIERO -POSINA,POSINA,VICENZA,VENETO,SCUOLA PRIMARIA,primaria,1,capacita_esaurita_o_oltre_max_km
202425,1.0,42,statale,SCUOLA PRIMARIA,2,VREE83106A,"S. GIOV. ILARIONE ""A. STEFANI""",SAN GIOVANNI ILARIONE,VERONA,VENETO,SCUOLA PRIMARIA,primaria,4,capacita_esaurita_o_oltre_max_km
202425,1.0,42,statale,SCUOLA PRIMARIA,2,IMEE81202E,SC. ELEM. LARGO GHIGLIA,IMPERIA,IMPERIA,LIGURIA,SCUOLA PRIMARIA,primaria,15,capacita_esaurita_o_oltre_max_km
202425,1.0,42,statale,SCUOLA PRIMARIA,2,BGEE8AE01L,"TREVIGLIO ""DE AMICIS""",TREVIGLIO,BERGAMO,LOMBARDIA,SCUOLA PRIMARIA,primaria,18,capacita_esaurita_o_oltre_max_km
202425,1.0,42,statale,SCUOLA PRIMARIA,2,MOEE845018,"""S. GIOVANNI BOSCO"" MODENA",MODENA,MODENA,EMILIA ROMAGNA,SCUOLA PRIMARIA,primaria,17,capacita_esaurita_o_oltre_max_km
202425,1.0,42,statale,SCUOLA PRIMARIA,2,RGEE80202B,LEONARDO SCIASCIA,VITTORIA,RAGUSA,SICILIA,SCUOLA PRIMARIA,primaria,16,capacita_esaurita_o_oltre_max_km
202425,1.0,42,statale,SCUOLA PRIMARIA,2,VREE857019,"NOGARA ""DON G. CALABRIA""",NOGARA,VERONA,VENETO,SCUOLA PRIMARIA,primaria,13,capacita_esaurita_o_oltre_max_km
202425,1.0,42,statale,SCUOLA PRIMARIA,2,PREE07501C,DE AMICIS,FIDENZA,PARMA,EMILIA ROMAGNA,SCUOLA PRIMARIA,primaria,14,capacita_esaurita_o_oltre_max_km
202425,1.0,42,statale,SCUOLA PRIMARIA,2,GEEE840016,S.EL. - L.ARIOSTO -,GENOVA,GENOVA,LIGURIA,SCUOLA PRIMARIA,primaria,25,capacita_esaurita_o_oltre_max_km
202425,1.0,42,statale,SCUOLA PRIMARIA,2,PCEE806014,"""A.CASALI""",MONTICELLI D'ONGINA,PIACENZA,EMILIA ROMAGNA,SCUOLA PRIMARIA,primaria,6,capacita_esaurita_o_oltre_max_km
202425,1.0,42,statale,SCUOLA PRIMARIA,2,BSEE882021,PRIMARIA ALIGHIERI - BRESCIA,BRESCIA,BRESCIA,LOMBARDIA,SCUOLA PRIMARIA,primaria,10,capacita_esaurita_o_oltre_max_km
202425,1.0,42,statale,SCUOLA PRIMARIA,2,PIEE810029,COPERNICO,SANTA CROCE SULL'ARNO,PISA,TOSCANA,SCUOLA PRIMARIA,primaria,6,capacita_esaurita_o_oltre_max_km
202425,1.0,42,statale,SCUOLA PRIMARIA,2,PVEE821029,BRONI - PAOLO BAFFI,BRONI,PAVIA,LOMBARDIA,SCUOLA PRIMARIA,primaria,26,capacita_esaurita_o_oltre_max_km
202425,1.0,42,statale,SCUOLA PRIMARIA,2,GEEE86602B,SCUOLA PRIMARIA ANTOLA,RAPALLO,GENOVA,LIGURIA,SCUOLA PRIMARIA,primaria,7,capacita_esaurita_o_oltre_max_km
202425,1.0,42,statale,SCUOLA PRIMARIA,2,VIEE87104A,IC VICENZA 1 - A. LOSCHI,VICENZA,VICENZA,VENETO,SCUOLA PRIMARIA,primaria,2,capacita_esaurita_o_oltre_max_km
202425,1.0,42,statale,SCUOLA PRIMARIA,2,BSEE843019,ROVATO CAP.,ROVATO,BRESCIA,LOMBARDIA,SCUOLA PRIMARIA,primaria,9,capacita_esaurita_o_oltre_max_km
202425,1.0,42,statale,SCUOLA PRIMARIA,2,POEE81601C,CLAUDIO PUDDU - LOC.MALISETI,PRATO,PRATO,TOSCANA,SCUOLA PRIMARIA,primaria,16,capacita_esaurita_o_oltre_max_km
202425,1.0,42,statale,SCUOLA PRIMARIA,2,RGEE81402N,FALCONE BORSELLINO,SANTA CROCE CAMERINA,RAGUSA,SICILIA,SCUOLA PRIMARIA,primaria,15,capacita_esaurita_o_oltre_max_km
202425,1.0,42,statale,SCUOLA PRIMARIA,2,FEEE80001G,"""C.DELLA SALA""-PONTELAGOSCURO",FERRARA,FERRARA,EMILIA ROMAGNA,SCUOLA PRIMARIA,primaria,14,capacita_esaurita_o_oltre_max_km
202425,1.0,42,statale,SCUOLA PRIMARIA,2,TEEE826015,NERETO CAPOLUOGO,NERETO,TERAMO,ABRUZZO,SCUOLA PRIMARIA,primaria,3,capacita_esaurita_o_oltre_max_km
202425,1.0,42,statale,SCUOLA PRIMARIA,2,MIEE8DR01A,PRIMARIA P.SOTTOCORNO,MILANO,MILANO,LOMBARDIA,SCUOLA PRIMARIA,primaria,19,capacita_esaurita_o_oltre_max_km
202425,1.0,42,statale,SCUOLA PRIMARIA,2,MOEE81903T,"""P.GIANNONE"" CAMPOSANTO",CAMPOSANTO,MODENA,EMILIA ROMAGNA,SCUOLA PRIMARIA,primaria,6,capacita_esaurita_o_oltre_max_km
202425,1.0,42,statale,SCUOLA PRIMARIA,2,PREE84001C,"""COLLODI""",FIDENZA,PARMA,EMILIA ROMAGNA,SCUOLA PRIMARIA,primaria,12,capacita_esaurita_o_oltre_max_km
202425,1.0,42,statale,SCUOLA PRIMARIA,2,BGEE883028,PRIMARIA TRESCORE BALNEARIO,TRESCORE BALNEARIO,BERGAMO,LOMBARDIA,SCUOLA PRIMARIA,primaria,17,capacita_esaurita_o_oltre_max_km
202425,1.0,42,statale,SCUOLA PRIMARIA,2,BOEE87201P,CASARALTA - I.C. N. 15 BOLOGNA,BOLOGNA,BOLOGNA,EMILIA ROMAGNA,SCUOLA PRIMARIA,primaria,12,capacita_esaurita_o_oltre_max_km
202425,1.0,42,statale,SCUOLA PRIMARIA,2,NOEE82303R,""" DON PONZETTO """,NOVARA,NOVARA,PIEMONTE,SCUOLA PRIMARIA,primaria,12,capacita_esaurita_o_oltre_max_km
202425,1.0,42,statale,SCUOLA PRIMARIA,2,SPEE82502Q,"SC. ELEM. STAT. ""E.VENTURINI""",LA SPEZIA,LA SPEZIA,LIGURIA,SCUOLA PRIMARIA,primaria,4,capacita_esaurita_o_oltre_max_km
202425,1.0,42,statale,SCUOLA PRIMARIA,2,IMEE81001T,SC. PRIM. VIA DEGLI ULIVI,IMPERIA,IMPERIA,LIGURIA,SCUOLA PRIMARIA,primaria,1,capacita_esaurita_o_oltre_max_km
202425,1.0,42,statale,SCUOLA PRIMARIA,2,MOEE81302T,"""AUGUSTO RIGHI"" MONTESE",MONTESE,MODENA,EMILIA ROMAGNA,SCUOLA PRIMARIA,primaria,4,capacita_esaurita_o_oltre_max_km
202425,1.0,42,statale,SCUOLA PRIMARIA,2,RAEE80601L,"""QUADRI LUIGI""",MASSA LOMBARDA,RAVENNA,EMILIA ROMAGNA,SCUOLA PRIMARIA,primaria,13,capacita_esaurita_o_oltre_max_km
202425,1.0,42,statale,SCUOLA PRIMARIA,2,MIEE8DQ01E,PRIMARIA G.RODARI,MILANO,MILANO,LOMBARDIA,SCUOLA PRIMARIA,primaria,10,capacita_esaurita_o_oltre_max_km
202425,1.0,42,statale,SCUOLA PRIMARIA,2,MNEE827012,CASTELLUCCHIO,CASTELLUCCHIO,MANTOVA,LOMBARDIA,SCUOLA PRIMARIA,primaria,5,capacita_esaurita_o_oltre_max_km
202425,1.0,42,statale,SCUOLA PRIMARIA,2,ANEE824072,"FALCONARA ""ALIGHIERI""",FALCONARA MARITTIMA,ANCONA,MARCHE,SCUOLA PRIMARIA,primaria,5,capacita_esaurita_o_oltre_max_km
202425,1.0,42,statale,SCUOLA PRIMARIA,2,BGEE83202B,CALCIO,CALCIO,BERGAMO,LOMBARDIA,SCUOLA PRIMARIA,primaria,10,capacita_esaurita_o_oltre_max_km
202425,1.0,42,statale,SCUOLA PRIMARIA,2,BSEE816044,PRIMARIA CRISPI BRESCIA,BRESCIA,BRESCIA,LOMBARDIA,SCUOLA PRIMARIA,primaria,10,capacita_esaurita_o_oltre_max_km
202425,1.0,42,statale,SCUOLA PRIMARIA,2,LTEE820036,G.CENA/LA CONA,SAN FELICE CIRCEO,LATINA,LAZIO,SCUOLA PRIMARIA,primaria,2,capacita_esaurita_o_oltre_max_km
202425,1.0,42,statale,SCUOLA PRIMARIA,2,MNEE839018,PRIMARIA CAMPITELLO,MARCARIA,MANTOVA,LOMBARDIA,SCUOLA PRIMARIA,primaria,2,capacita_esaurita_o_oltre_max_km
202425,1.0,42,statale,SCUOLA PRIMARIA,2,RAEE81201X,CORSO MATTEOTTI,ALFONSINE,RAVENNA,EMILIA ROMAGNA,SCUOLA PRIMARIA,primaria,5,capacita_esaurita_o_oltre_max_km
202425,1.0,42,statale,SCUOLA PRIMARIA,2,MOEE81301R,"""J.HILARION LENZI"" ZOCCA",ZOCCA,MODENA,EMILIA ROMAGNA,SCUOLA PRIMARIA,primaria,9,capacita_esaurita_o_oltre_max_km
202425,1.0,42,statale,SCUOLA PRIMARIA,2,MIEE836018,RITA LEVI-MONTALCINI,TURBIGO,MILANO,LOMBARDIA,SCUOLA PRIMARIA,primaria,10,capacita_esaurita_o_oltre_max_km
202425,1.0,42,statale,SCUOLA PRIMARIA,2,MIEE8FA033,PRIMARIA M.LUTHER KING,SAN DONATO MILANESE,MILANO,LOMBARDIA,SCUOLA PRIMARIA,primaria,9,capacita_esaurita_o_oltre_max_km
202425,1.0,42,statale,SCUOLA PRIMARIA,2,MNEE82004A,"REVERE ""DON B. GRAZIOLI""",BORGO MANTOVANO,MANTOVA,LOMBARDIA,SCUOLA PRIMARIA,primaria,5,capacita_esaurita_o_oltre_max_km
202425,1.0,42,statale,SCUOLA PRIMARIA,2,PIEE824049,CAPPELLINI,CASTELNUOVO DI VAL DI CECINA,PISA,TOSCANA,SCUOLA PRIMARIA,primaria,5,capacita_esaurita_o_oltre_max_km
202425,1.0,42,statale,SCUOLA PRIMARIA,2,PSEE81504A,PIANDIMELETO - CAP.GO,PIANDIMELETO,PESARO E URBINO,MARCHE,SCUOLA PRIMARIA,primaria,1,capacita_esaurita_o_oltre_max_km
202425,1.0,42,statale,SCUOLA PRIMARIA,2,PVEE80902P,FERRERA ERBOGNONE,FERRERA ERBOGNONE,PAVIA,LOMBARDIA,SCUOLA PRIMARIA,primaria,1,capacita_esaurita_o_oltre_max_km
202425,1.0,42,statale,SCUOLA PRIMARIA,2,RAEE81005C,IQBAL MASIH,RAVENNA,RAVENNA,EMILIA ROMAGNA,SCUOLA PRIMARIA,primaria,12,capacita_esaurita_o_oltre_max_km
202425,1.0,42,statale,SCUOLA PRIMARIA,2,MIEE8AU01E,PRIMARIA EUGENIO MONTALE,COLOGNO MONZESE,MILANO,LOMBARDIA,SCUOLA PRIMARIA,primaria,7,capacita_esaurita_o_oltre_max_km
202425,1.0,42,statale,SCUOLA PRIMARIA,2,REEE83203N,VILLAROTTA,LUZZARA,REGGIO EMILIA,EMILIA ROMAGNA,SCUOLA PRIMARIA,primaria,4,capacita_esaurita_o_oltre_max_km
202425,1.0,42,statale,SCUOLA PRIMARIA,2,ROEE80006T,ROBERT BADEN POWEL-MELARA,MELARA,ROVIGO,VENETO,SCUOLA PRIMARIA,primaria,2,capacita_esaurita_o_oltre_max_km
202425,1.0,42,statale,SCUOLA PRIMARIA,2,VREE882045,DE AMICIS EDMONDO,VERONA,VERONA,VENETO,SCUOLA PRIMARIA,primaria,4,capacita_esaurita_o_oltre_max_km
202425,1.0,42,statale,SCUOLA PRIMARIA,2,MIEE8D102R,PRIMARIA DANTE ALIGHIERI,MILANO,MILANO,LOMBARDIA,SCUOLA PRIMARIA,primaria,11,capacita_esaurita_o_oltre_max_km
202425,1.0,42,statale,SCUOLA PRIMARIA,2,BOEE84005B,GIUSEPPE BONTA',VERGATO,BOLOGNA,EMILIA ROMAGNA,SCUOLA PRIMARIA,primaria,3,capacita_esaurita_o_oltre_max_km
202425,1.0,42,statale,SCUOLA PRIMARIA,2,BSEE84701L,SCUOLA PRIMARIA - REMEDELLO,REMEDELLO,BRESCIA,LOMBARDIA,SCUOLA PRIMARIA,primaria,7,capacita_esaurita_o_oltre_max_km
202425,1.0,42,statale,SCUOLA PRIMARIA,2,MCEE82901L,A.GRAMSCI - G.MATTEOTTI,PORTO RECANATI,MACERATA,MARCHE,SCUOLA PRIMARIA,primaria,1,capacita_esaurita_o_oltre_max_km
202425,1.0,42,statale,SCUOLA PRIMARIA,2,BOEE81301V,BOTTEGO - I.C. N. 3 BOLOGNA,BOLOGNA,BOLOGNA,EMILIA ROMAGNA,SCUOLA PRIMARIA,primaria,16,capacita_esaurita_o_oltre_max_km
202425,1.0,42,statale,SCUOLA PRIMARIA,2,BSEE816022,"BRESCIA ""CALINI""",BRESCIA,BRESCIA,LOMBARDIA,SCUOLA PRIMARIA,primaria,9,capacita_esaurita_o_oltre_max_km
202425,1.0,42,statale,SCUOLA PRIMARIA,2,CREE82203Q,"""BIANCA MARIA VISCONTI""",CREMONA,CREMONA,LOMBARDIA,SCUOLA PRIMARIA,primaria,11,capacita_esaurita_o_oltre_max_km
202425,1.0,42,statale,SCUOLA PRIMARIA,2,GREE822018,"S.FIORA CAP.-""M. PRATESI""",SANTA FIORA,GROSSETO,TOSCANA,SCUOLA PRIMARIA,primaria,3,capacita_esaurita_o_oltre_max_km
202425,1.0,42,statale,SCUOLA PRIMARIA,2,LOEE80901G,PRIMARIA F. SCOTTI - CASALPUST.,CASALPUSTERLENGO,LODI,LOMBARDIA,SCUOLA PRIMARIA,primaria,15,capacita_esaurita_o_oltre_max_km
202425,1.0,42,statale,SCUOLA PRIMARIA,2,MIEE8AU02C,PRIMARIA ITALO CALVINO,COLOGNO MONZESE,MILANO,LOMBARDIA,SCUOLA PRIMARIA,primaria,9,capacita_esaurita_o_oltre_max_km
202425,1.0,42,statale,SCUOLA PRIMARIA,2,MIEE8C8032,PRIMARIA MARZABOTTO,SESTO SAN GIOVANNI,MILANO,LOMBARDIA,SCUOLA PRIMARIA,primaria,6,capacita_esaurita_o_oltre_max_km
202425,1.0,42,statale,SCUOLA PRIMARIA,2,PREE81605Q,TIZZANO CPL,TIZZANO VAL PARMA,PARMA,EMILIA ROMAGNA,SCUOLA PRIMARIA,primaria,1,capacita_esaurita_o_oltre_max_km
202425,1.0,42,statale,SCUOLA PRIMARIA,2,PIEE817024,GUERRAZZI,CASTELFRANCO DI SOTTO,PISA,TOSCANA,SCUOLA PRIMARIA,primaria,7,capacita_esaurita_o_oltre_max_km
202425,1.0,42,statale,SCUOLA PRIMARIA,2,PVEE814015,"BELGIOIOSO ""C. LAURENTI""",BELGIOIOSO,PAVIA,LOMBARDIA,SCUOLA PRIMARIA,primaria,7,capacita_esaurita_o_oltre_max_km
202425,1.0,42,statale,SCUOLA PRIMARIA,2,AREE82004B,"""G. MAZZINI""",MONTEVARCHI,AREZZO,TOSCANA,SCUOLA PRIMARIA,primaria,5,capacita_esaurita_o_oltre_max_km
202425,1.0,42,statale,SCUOLA PRIMARIA,2,PDEE888039,ROSMINI (EX IV IC),PADOVA,PADOVA,VENETO,SCUOLA PRIMARIA,primaria,9,capacita_esaurita_o_oltre_max_km
202425,1.0,42,statale,SCUOLA PRIMARIA,2,BOEE81502G,MARSILI L.F.,BOLOGNA,BOLOGNA,EMILIA ROMAGNA,SCUOLA PRIMARIA,primaria,3,capacita_esaurita_o_oltre_max_km
202425,1.0,42,statale,SCUOLA PRIMARIA,2,BSEE887013,PRIMARIA RODARI BRESCIA,BRESCIA,BRESCIA,LOMBARDIA,SCUOLA PRIMARIA,primaria,5,capacita_esaurita_o_oltre_max_km
202425,1.0,42,statale,SCUOLA PRIMARIA,2,VREE85704C,BONFERRARO-MARCONI G.,SORGA',VERONA,VENETO,SCUOLA PRIMARIA,primaria,6,capacita_esaurita_o_oltre_max_km
202425,1.0,42,statale,SCUOLA PRIMARIA,2,CREE82402A,""" L. BISSOLATI """,CREMONA,CREMONA,LOMBARDIA,SCUOLA PRIMARIA,primaria,5,capacita_esaurita_o_oltre_max_km
202425,1.0,42,statale,SCUOLA PRIMARIA,2,FEEE81203X,"""G. PASCOLI""",FERRARA,FERRARA,EMILIA ROMAGNA,SCUOLA PRIMARIA,primaria,4,capacita_esaurita_o_oltre_max_km
202425,1.0,42,statale,SCUOLA PRIMARIA,2,ALEE83602C,"ACQUI TERME ""G.SARACCO""",ACQUI TERME,ALESSANDRIA,PIEMONTE,SCUOLA PRIMARIA,primaria,13,capacita_esaurita_o_oltre_max_km
202425,1.0,42,statale,SCUOLA PRIMARIA,2,PCEE00402E,CADUTI SUL LAVORO,PIACENZA,PIACENZA,EMILIA ROMAGNA,SCUOLA PRIMARIA,primaria,13,capacita_esaurita_o_oltre_max_km
202425,1.0,42,statale,SCUOLA PRIMARIA,2,PDEE89201V,C. BATTISTI CAMPOSAMPIERO,CAMPOSAMPIERO,PADOVA,VENETO,SCUOLA PRIMARIA,primaria,4,capacita_esaurita_o_oltre_max_km
202425,1.0,42,statale,SCUOLA PRIMARIA,2,CREE804036,BECCADELLO,CASTELLEONE,CREMONA,LOMBARDIA,SCUOLA PRIMARIA,primaria,13,capacita_esaurita_o_oltre_max_km
202425,1.0,42,statale,SCUOLA PRIMARIA,2,CREE809039,PESCAROLO ED UNITI CAP.,PESCAROLO ED UNITI,CREMONA,LOMBARDIA,SCUOLA PRIMARIA,primaria,3,capacita_esaurita_o_oltre_max_km
202425,1.0,42,statale,SCUOLA PRIMARIA,2,GREE81801L,"GAVORRANO CAP. ""G.PASCOLI""",GAVORRANO,GROSSETO,TOSCANA,SCUOLA PRIMARIA,primaria,2,capacita_esaurita_o_oltre_max_km
202425,1.0,42,statale,SCUOLA PRIMARIA,2,TOEE8B103L,I.C. ALERAMO A. ANGELINI,TORINO,TORINO,PIEMONTE,SCUOLA PRIMARIA,primaria,3,capacita_esaurita_o_oltre_max_km
202425,1.0,42,statale,SCUOLA PRIMARIA,2,VEEE87403D,G. LEOPARDI,VENEZIA,VENEZIA,VENETO,SCUOLA PRIMARIA,primaria,5,capacita_esaurita_o_oltre_max_km
202425,1.0,42,statale,SCUOLA PRIMARIA,2,VREE816013,ALBARO,RONCO ALL'ADIGE,VERONA,VENETO,SCUOLA PRIMARIA,primaria,4,capacita_esaurita_o_oltre_max_km
202425,1.0,42,statale,SCUOLA PRIMARIA,2,VEEE847013,C. COLOMBO-CHIRIGNAGO,VENEZIA,VENEZIA,VENETO,SCUOLA PRIMARIA,primaria,5,capacita_esaurita_o_oltre_max_km
202425,1.0,42,statale,SCUOLA PRIMARIA,2,BOEE832018,G. FORNASINI IC PORRETTA TERME,ALTO RENO TERME,BOLOGNA,EMILIA ROMAGNA,SCUOLA PRIMARIA,primaria,1,capacita_esaurita_o_oltre_max_km
202425,1.0,42,statale,SCUOLA PRIMARIA,2,BGEE898022,"ROMANO DI LOMBARDIA ""G.PASCOLI""",ROMANO DI LOMBARDIA,BERGAMO,LOMBARDIA,SCUOLA PRIMARIA,primaria,9,capacita_esaurita_o_oltre_max_km
202425,1.0,42,statale,SCUOLA PRIMARIA,2,PTEE82205N,"""DON GIULIO FACIBENI""",MONTECATINI-TERME,PISTOIA,TOSCANA,SCUOLA PRIMARIA,primaria,2,capacita_esaurita_o_oltre_max_km
202425,1.0,42,statale,SCUOLA PRIMARIA,2,PTEE824015,CAPOLUOGO SIMONETTI,PESCIA,PISTOIA,TOSCANA,SCUOLA PRIMARIA,primaria,3,capacita_esaurita_o_oltre_max_km
202425,1.0,42,statale,SCUOLA PRIMARIA,2,TOEE8B101E,I.C. ALERAMO - CAP,TORINO,TORINO,PIEMONTE,SCUOLA PRIMARIA,primaria,18,capacita_esaurita_o_oltre_max_km
202425,1.0,42,statale,SCUOLA PRIMARIA,2,BSEE87701C,PRIMARIA UGOLINI BRESCIA,BRESCIA,BRESCIA,LOMBARDIA,SCUOLA PRIMARIA,primaria,15,capacita_esaurita_o_oltre_max_km
202425,1.0,42,statale,SCUOLA PRIMARIA,2,BGEE898033,"ROMANO DI LOMBARDIA ""STADIO""",ROMANO DI LOMBARDIA,BERGAMO,LOMBARDIA,SCUOLA PRIMARIA,primaria,8,capacita_esaurita_o_oltre_max_km
202425,1.0,42,statale,SCUOLA PRIMARIA,2,BOEE87401A,B. CIARI IC CROCE CASALECCHIO,CASALECCHIO DI RENO,BOLOGNA,EMILIA ROMAGNA,SCUOLA PRIMARIA,primaria,1,capacita_esaurita_o_oltre_max_km
202425,1.0,42,statale,SCUOLA PRIMARIA,2,MBEE8AH02L,S.ALESSANDRO,MONZA,MONZA E DELLA BRIANZA,LOMBARDIA,SCUOLA PRIMARIA,primaria,8,capacita_esaurita_o_oltre_max_km
202425,1.0,42,statale,SCUOLA PRIMARIA,2,BOEE85805L,LIPPARINI,BOLOGNA,BOLOGNA,EMILIA ROMAGNA,SCUOLA PRIMARIA,primaria,2,capacita_esaurita_o_oltre_max_km
202425,1.0,42,statale,SCUOLA PRIMARIA,2,FIEE871033,S.VERDIANA-TILLI,CASTELFIORENTINO,FIRENZE,TOSCANA,SCUOLA PRIMARIA,primaria,11,capacita_esaurita_o_oltre_max_km
202425,1.0,42,statale,SCUOLA PRIMARIA,2,MNEE83801C,VIADANA,VIADANA,MANTOVA,LOMBARDIA,SCUOLA PRIMARIA,primaria,15,capacita_esaurita_o_oltre_max_km
202425,1.0,42,statale,SCUOLA PRIMARIA,2,PVEE81701L,MORTARA,MORTARA,PAVIA,LOMBARDIA,SCUOLA PRIMARIA,primaria,23,capacita_esaurita_o_oltre_max_km
202425,1.0,42,statale,SCUOLA PRIMARIA,2,ALEE809046,DON GIOVANNI BISIO - CARPENETO,CARPENETO,ALESSANDRIA,PIEMONTE,SCUOLA PRIMARIA,primaria,2,capacita_esaurita_o_oltre_max_km
202425,1.0,42,statale,SCUOLA PRIMARIA,2,FEEE825021,VIA MONTESSORI-BERRA,RIVA DEL PO,FERRARA,EMILIA ROMAGNA,SCUOLA PRIMARIA,primaria,6,capacita_esaurita_o_oltre_max_km
202425,1.0,42,statale,SCUOLA PRIMARIA,2,GREE81703V,CAMPAGNATICO CAPOLUOGO,CAMPAGNATICO,GROSSETO,TOSCANA,SCUOLA PRIMARIA,primaria,2,capacita_esaurita_o_oltre_max_km
202425,1.0,42,statale,SCUOLA PRIMARIA,2,MIEE8A101X,PRIMARIA A.FRANK,SESTO SAN GIOVANNI,MILANO,LOMBARDIA,SCUOLA PRIMARIA,primaria,10,capacita_esaurita_o_oltre_max_km
202425,1.0,42,statale,SCUOLA PRIMARIA,2,MIEE8AR02G,PRIMARIA C.VILLA,CINISELLO BALSAMO,MILANO,LOMBARDIA,SCUOLA PRIMARIA,primaria,8,capacita_esaurita_o_oltre_max_km
202425,1.0,42,statale,SCUOLA PRIMARIA,2,PDEE83106L,"""A. MANZONI"" LOC. PALUGANA",OSPEDALETTO EUGANEO,PADOVA,VENETO,SCUOLA PRIMARIA,primaria,2,capacita_esaurita_o_oltre_max_km
202425,1.0,42,statale,SCUOLA PRIMARIA,2,PIEE82303C,CASTELLINA MARITTIMA,CASTELLINA MARITTIMA,PISA,TOSCANA,SCUOLA PRIMARIA,primaria,2,capacita_esaurita_o_oltre_max_km
202425,1.0,42,statale,SCUOLA PRIMARIA,2,PREE805037,"""GUGLIELMO MARCONI"" - LOC. SIS",SISSA TRECASALI,PARMA,EMILIA ROMAGNA,SCUOLA PRIMARIA,primaria,3,capacita_esaurita_o_oltre_max_km
202425,1.0,42,statale,SCUOLA PRIMARIA,2,REEE850026,MIRABELLO (DALL'AGLIO P.),REGGIO NELL'EMILIA,REGGIO EMILIA,EMILIA ROMAGNA,SCUOLA PRIMARIA,primaria,10,capacita_esaurita_o_oltre_max_km
202425,1.0,42,statale,SCUOLA PRIMARIA,2,VEEE87101X,C. BASEGGIO,VENEZIA,VENEZIA,VENETO,SCUOLA PRIMARIA,primaria,12,capacita_esaurita_o_oltre_max_km
202425,1.0,42,statale,SCUOLA PRIMARIA,2,GEEE82301C,S.PRIMARIA- D.ALIGHIERI -,GENOVA,GENOVA,LIGURIA,SCUOLA PRIMARIA,primaria,9,capacita_esaurita_o_oltre_max_km
202425,1.0,42,statale,SCUOLA PRIMARIA,2,IMEE815044,"VIA GALILEI BORGO ""G. RODARI""",SANREMO,IMPERIA,LIGURIA,SCUOLA PRIMARIA,primaria,1,capacita_esaurita_o_oltre_max_km
202425,1.0,42,statale,SCUOLA PRIMARIA,2,MOEE817069,"""SANDRO PERTINI""",CARPI,MODENA,EMILIA ROMAGNA,SCUOLA PRIMARIA,primaria,10,capacita_esaurita_o_oltre_max_km
202425,1.0,42,statale,SCUOLA PRIMARIA,2,MOEE846025,"""G.LEOPARDI"" MODENA",MODENA,MODENA,EMILIA ROMAGNA,SCUOLA PRIMARIA,primaria,10,capacita_esaurita_o_oltre_max_km
202425,1.0,42,statale,SCUOLA PRIMARIA,2,MOEE04514X,"""UGO FOSCOLO"" BUDRIA",PAVULLO NEL FRIGNANO,MODENA,EMILIA ROMAGNA,SCUOLA PRIMARIA,primaria,15,capacita_esaurita_o_oltre_max_km
202425,1.0,42,statale,SCUOLA PRIMARIA,2,ATEE81302R,"""UMBERTO BOSCA""",CANELLI,ASTI,PIEMONTE,SCUOLA PRIMARIA,primaria,4,capacita_esaurita_o_oltre_max_km
202425,1.0,42,statale,SCUOLA PRIMARIA,2,MNEE827078,RODIGO PRIMARIA I. NIEVO,RODIGO,MANTOVA,LOMBARDIA,SCUOLA PRIMARIA,primaria,4,capacita_esaurita_o_oltre_max_km
202425,1.0,42,statale,SCUOLA PRIMARIA,2,VIEE84604N,IC ALTISSIMO- CRESPADORO,CRESPADORO,VICENZA,VENETO,SCUOLA PRIMARIA,primaria,1,capacita_esaurita_o_oltre_max_km
202425,1.0,42,statale,SCUOLA PRIMARIA,2,ATEE817013,CAGNI - ASTI,ASTI,ASTI,PIEMONTE,SCUOLA PRIMARIA,primaria,5,capacita_esaurita_o_oltre_max_km
202425,1.0,42,statale,SCUOLA PRIMARIA,2,BSEE87803A,PRIMARIA RAFFAELLO SANZIO,BRESCIA,BRESCIA,LOMBARDIA,SCUOLA PRIMARIA,primaria,5,capacita_esaurita_o_oltre_max_km
202425,1.0,42,statale,SCUOLA PRIMARIA,2,BSEE88502C,PRIMARIA DIV. ACQUI BRESCIA,BRESCIA,BRESCIA,LOMBARDIA,SCUOLA PRIMARIA,primaria,5,capacita_esaurita_o_oltre_max_km
202425,1.0,42,statale,SCUOLA PRIMARIA,2,MIEE82201A,PRIMARIA VIA A. MANZONI,COLOGNO MONZESE,MILANO,LOMBARDIA,SCUOLA PRIMARIA,primaria,9,capacita_esaurita_o_oltre_max_km
202425,1.0,42,statale,SCUOLA PRIMARIA,2,MOEE84804V,"""ANNA FRANK - MARCONI"" MODENA",MODENA,MODENA,EMILIA ROMAGNA,SCUOLA PRIMARIA,primaria,5,capacita_esaurita_o_oltre_max_km
202425,1.0,42,statale,SCUOLA PRIMARIA,2,PVEE82601B,DE AMICIS VOGHERA,VOGHERA,PAVIA,LOMBARDIA,SCUOLA PRIMARIA,primaria,14,capacita_esaurita_o_oltre_max_km
202425,1.0,42,statale,SCUOLA PRIMARIA,2,PVEE827039,PROVENZAL,VOGHERA,PAVIA,LOMBARDIA,SCUOLA PRIMARIA,primaria,1,capacita_esaurita_o_oltre_max_km
202425,1.0,42,statale,SCUOLA PRIMARIA,2,TVEE81602C,SCUOLA PRIMARIA ANGELO COLOMBO,CASTELFRANCO VENETO,TREVISO,VENETO,SCUOLA PRIMARIA,primaria,5,capacita_esaurita_o_oltre_max_km
202425,1.0,42,statale,SCUOLA PRIMARIA,2,BSEE878018,PRIMARIA S.M. BAMBINA BRESCIA,BRESCIA,BRESCIA,LOMBARDIA,SCUOLA PRIMARIA,primaria,7,capacita_esaurita_o_oltre_max_km
202425,1.0,42,statale,SCUOLA PRIMARIA,2,MIEE8DY02G,PRIMARIA SAN PAOLINO,MILANO,MILANO,LOMBARDIA,SCUOLA PRIMARIA,primaria,7,capacita_esaurita_o_oltre_max_km
202425,1.0,42,statale,SCUOLA PRIMARIA,2,PVEE827017,DANTE ALIGHIERI - VOGHERA,VOGHERA,PAVIA,LOMBARDIA,SCUOLA PRIMARIA,primaria,14,capacita_esaurita_o_oltre_max_km
202425,1.0,42,statale,SCUOLA PRIMARIA,2,TOEE8CF029,I.C. BOBBIO - NOVARO - C.LEVI,TORINO,TORINO,PIEMONTE,SCUOLA PRIMARIA,primaria,17,capacita_esaurita_o_oltre_max_km
202425,1.0,42,statale,SCUOLA PRIMARIA,2,BOEE840017,XXV APRILE 1945 - I.C. VERGATO,VERGATO,BOLOGNA,EMILIA ROMAGNA,SCUOLA PRIMARIA,primaria,10,capacita_esaurita_o_oltre_max_km
202425,1.0,42,statale,SCUOLA PRIMARIA,2,VREE8AB01Q,"""L. MILANI""",SAN BONIFACIO,VERONA,VENETO,SCUOLA PRIMARIA,primaria,2,capacita_esaurita_o_oltre_max_km
202425,1.0,42,statale,SCUOLA PRIMARIA,2,MOEE83501N,"""E.CASTELFRANCHI"" FINALE E.",FINALE EMILIA,MODENA,EMILIA ROMAGNA,SCUOLA PRIMARIA,primaria,15,capacita_esaurita_o_oltre_max_km
202425,1.0,42,statale,SCUOLA PRIMARIA,2,BOEE812024,ALBERTAZZI,BOLOGNA,BOLOGNA,EMILIA ROMAGNA,SCUOLA PRIMARIA,primaria,4,capacita_esaurita_o_oltre_max_km
202425,1.0,42,statale,SCUOLA PRIMARIA,2,GREE82106N,CAPALBIO SCALO,CAPALBIO,GROSSETO,TOSCANA,SCUOLA PRIMARIA,primaria,2,capacita_esaurita_o_oltre_max_km
202425,1.0,42,statale,SCUOLA PRIMARIA,2,MIEE823027,PRIMARIA VIA VALLARSA,MILANO,MILANO,LOMBARDIA,SCUOLA PRIMARIA,primaria,9,capacita_esaurita_o_oltre_max_km
202425,1.0,42,statale,SCUOLA PRIMARIA,2,MIEE8DV013,PRIMARIA MURATORI E MENOTTI,MILANO,MILANO,LOMBARDIA,SCUOLA PRIMARIA,primaria,11,capacita_esaurita_o_oltre_max_km
202425,1.0,42,statale,SCUOLA PRIMARIA,2,NOEE81401X,BIANDRATE,BIANDRATE,NOVARA,PIEMONTE,SCUOLA PRIMARIA,primaria,3,capacita_esaurita_o_oltre_max_km
202425,1.0,42,statale,SCUOLA PRIMARIA,2,PDEE85102N,MARCONI LOC. SARMEOLA,RUBANO,PADOVA,VENETO,SCUOLA PRIMARIA,primaria,3,capacita_esaurita_o_oltre_max_km
202425,1.0,42,statale,SCUOLA PRIMARIA,2,PVEE808096,VALLE LOMELLINA,VALLE LOMELLINA,PAVIA,LOMBARDIA,SCUOLA PRIMARIA,primaria,3,capacita_esaurita_o_oltre_max_km
202425,1.0,42,statale,SCUOLA PRIMARIA,2,TOEE87801A,I.C. UMBERTO SABA - GALIMBERTI,TORINO,TORINO,PIEMONTE,SCUOLA PRIMARIA,primaria,8,capacita_esaurita_o_oltre_max_km
202425,1.0,42,statale,SCUOLA PRIMARIA,2,SPEE81403A,LA SPEZIA FOSSITERMI A.REVERE,LA SPEZIA,LA SPEZIA,LIGURIA,SCUOLA PRIMARIA,primaria,8,capacita_esaurita_o_oltre_max_km
202425,1.0,42,statale,SCUOLA PRIMARIA,2,IMEE810063,"SCUOLA PRIMARIA ""A. MAGLIANO""",IMPERIA,IMPERIA,LIGURIA,SCUOLA PRIMARIA,primaria,6,capacita_esaurita_o_oltre_max_km
202425,1.0,42,statale,SCUOLA PRIMARIA,2,MNEE818039,"CASTELBELFORTE ""M. DI BELFIORE""",CASTELBELFORTE,MANTOVA,LOMBARDIA,SCUOLA PRIMARIA,primaria,3,capacita_esaurita_o_oltre_max_km
202425,1.0,42,statale,SCUOLA PRIMARIA,2,MOEE81901Q,"""L.A. MURATORI "" SAN FELICE S/P",SAN FELICE SUL PANARO,MODENA,EMILIA ROMAGNA,SCUOLA PRIMARIA,primaria,13,capacita_esaurita_o_oltre_max_km
202425,1.0,42,statale,SCUOLA PRIMARIA,2,BSEE84803E,"SCUOLA ELEMENTARE""V.CHIZZOLINI""",ISORELLA,BRESCIA,LOMBARDIA,SCUOLA PRIMARIA,primaria,7,capacita_esaurita_o_oltre_max_km
202425,1.0,42,statale,SCUOLA PRIMARIA,2,PREE812029,BORGOTARO SAN ROCCO,BORGO VAL DI TARO,PARMA,EMILIA ROMAGNA,SCUOLA PRIMARIA,primaria,4,capacita_esaurita_o_oltre_max_km
202425,1.0,42,statale,SCUOLA PRIMARIA,2,CREE820034,"""A.STRADIVARI""",CREMONA,CREMONA,LOMBARDIA,SCUOLA PRIMARIA,primaria,6,capacita_esaurita_o_oltre_max_km
202425,1.0,42,statale,SCUOLA PRIMARIA,2,BSEE8AN048,"MONTICHIARI ""G. B. ALBERTI""",MONTICHIARI,BRESCIA,LOMBARDIA,SCUOLA PRIMARIA,primaria,3,capacita_esaurita_o_oltre_max_km
202425,1.0,42,statale,SCUOLA PRIMARIA,2,FEEE815019,"""B.BIOLCATI""-CODIGORO",CODIGORO,FERRARA,EMILIA ROMAGNA,SCUOLA PRIMARIA,primaria,5,capacita_esaurita_o_oltre_max_km
202425,1.0,42,statale,SCUOLA PRIMARIA,2,MOEE045019,"""E. DE AMICIS"" PAVULLO",PAVULLO NEL FRIGNANO,MODENA,EMILIA ROMAGNA,SCUOLA PRIMARIA,primaria,8,capacita_esaurita_o_oltre_max_km
202425,1.0,42,statale,SCUOLA PRIMARIA,2,CNEE82504C,NARZOLE - CAPOLUOGO,NARZOLE,CUNEO,PIEMONTE,SCUOLA PRIMARIA,primaria,5,capacita_esaurita_o_oltre_max_km
202425,1.0,42,statale,SCUOLA PRIMARIA,2,FOEE827025,MELOZZO,FORLI',FORLI'-CESENA,EMILIA ROMAGNA,SCUOLA PRIMARIA,primaria,1,capacita_esaurita_o_oltre_max_km
202425,1.0,42,statale,SCUOLA PRIMARIA,2,PDEE882029,DELEDDA -PD-,PADOVA,PADOVA,VENETO,SCUOLA PRIMARIA,primaria,4,capacita_esaurita_o_oltre_max_km
202425,1.0,42,statale,SCUOLA PRIMARIA,2,PDEE883014,RODARI - PD,PADOVA,PADOVA,VENETO,SCUOLA PRIMARIA,primaria,2,capacita_esaurita_o_oltre_max_km
202425,1.0,42,statale,SCUOLA PRIMARIA,2,POEE805012,LE FONTI,PRATO,PRATO,TOSCANA,SCUOLA PRIMARIA,primaria,10,capacita_esaurita_o_oltre_max_km
202425,1.0,42,statale,SCUOLA PRIMARIA,2,REEE813016,CAMPAGNOLA CAP.,CAMPAGNOLA EMILIA,REGGIO EMILIA,EMILIA ROMAGNA,SCUOLA PRIMARIA,primaria,6,capacita_esaurita_o_oltre_max_km
202425,1.0,42,statale,SCUOLA PRIMARIA,2,SSEE80804R,SCUOLA PRIMARIA,TRINITA' D'AGULTU E VIGNOLA,SASSARI,SARDEGNA,SCUOLA PRIMARIA,primaria,2,capacita_esaurita_o_oltre_max_km
202425,1.0,42,statale,SCUOLA PRIMARIA,2,PNEE82601A,"SPILIMBERGO ""G.B.CAVEDALIS""",SPILIMBERGO,PORDENONE,FRIULI-VENEZIA G.,SCUOLA PRIMARIA,primaria,13,capacita_esaurita_o_oltre_max_km
202425,1.0,42,statale,SCUOLA PRIMARIA,2,CREE820045,"""A. MANZONI""",CREMONA,CREMONA,LOMBARDIA,SCUOLA PRIMARIA,primaria,7,capacita_esaurita_o_oltre_max_km
202425,1.0,42,statale,SCUOLA PRIMARIA,2,IMEE82004G,"""G.B.SOLERI""-TAGGIA",TAGGIA,IMPERIA,LIGURIA,SCUOLA PRIMARIA,primaria,7,capacita_esaurita_o_oltre_max_km
202425,1.0,42,statale,SCUOLA PRIMARIA,2,MOEE845029,"""DE AMICIS"" MODENA",MODENA,MODENA,EMILIA ROMAGNA,SCUOLA PRIMARIA,primaria,7,capacita_esaurita_o_oltre_max_km
202425,1.0,42,statale,SCUOLA PRIMARIA,2,NOEE00701T,"""CARLO ALBERTO""",NOVARA,NOVARA,PIEMONTE,SCUOLA PRIMARIA,primaria,7,capacita_esaurita_o_oltre_max_km
202425,1.0,42,statale,SCUOLA PRIMARIA,2,FEEE803024,"""C.FORLANINI""-TRESIGALLO",TRESIGNANA,FERRARA,EMILIA ROMAGNA,SCUOLA PRIMARIA,primaria,5,capacita_esaurita_o_oltre_max_km
202425,1.0,42,statale,SCUOLA PRIMARIA,2,TOEE004041,ALLIEVO-FRANCHETTI,TORINO,TORINO,PIEMONTE,SCUOLA PRIMARIA,primaria,10,capacita_esaurita_o_oltre_max_km
202425,1.0,42,statale,SCUOLA PRIMARIA,2,RAEE81802X,"""GINNASI ALESSANDRO""",CASTEL BOLOGNESE,RAVENNA,EMILIA ROMAGNA,SCUOLA PRIMARIA,primaria,8,capacita_esaurita_o_oltre_max_km
202425,1.0,42,statale,SCUOLA PRIMARIA,2,IMEE81908G,ARMA DI TAGGIA,TAGGIA,IMPERIA,LIGURIA,SCUOLA PRIMARIA,primaria,11,capacita_esaurita_o_oltre_max_km
202425,1.0,42,statale,SCUOLA PRIMARIA,2,FIEE821021,VAMBA,CAMPI BISENZIO,FIRENZE,TOSCANA,SCUOLA PRIMARIA,primaria,9,capacita_esaurita_o_oltre_max_km
202425,1.0,42,statale,SCUOLA PRIMARIA,2,MIEE8CR04B,PRIMARIA VIA GABBRO,MILANO,MILANO,LOMBARDIA,SCUOLA PRIMARIA,primaria,6,capacita_esaurita_o_oltre_max_km
202425,1.0,42,statale,SCUOLA PRIMARIA,2,PCEE81501V,CASTELL'ARQUATO - CAPOLUOGO,CASTELL'ARQUATO,PIACENZA,EMILIA ROMAGNA,SCUOLA PRIMARIA,primaria,2,capacita_esaurita_o_oltre_max_km
202425,1.0,42,statale,SCUOLA PRIMARIA,2,PDEE85105R,DA VINCI LOC. SARMEOLA,RUBANO,PADOVA,VENETO,SCUOLA PRIMARIA,primaria,6,capacita_esaurita_o_oltre_max_km
202425,1.0,42,statale,SCUOLA PRIMARIA,2,PREE839018,FORNOVO CPL,FORNOVO DI TARO,PARMA,EMILIA ROMAGNA,SCUOLA PRIMARIA,primaria,3,capacita_esaurita_o_oltre_max_km
202425,1.0,42,statale,SCUOLA PRIMARIA,2,REEE84004N,"""G. VERDI"" - PIEVE MODOLENA",REGGIO NELL'EMILIA,REGGIO EMILIA,EMILIA ROMAGNA,SCUOLA PRIMARIA,primaria,6,capacita_esaurita_o_oltre_max_km
202425,1.0,42,statale,SCUOLA PRIMARIA,2,VEEE87301G,LEONARDO DA VINCI,VENEZIA,VENEZIA,VENETO,SCUOLA PRIMARIA,primaria,3,capacita_esaurita_o_oltre_max_km
202425,1.0,42,statale,SCUOLA PRIMARIA,2,MIEE8EN01N,PRIMARIA A.MANZONI,CORMANO,MILANO,LOMBARDIA,SCUOLA PRIMARIA,primaria,7,capacita_esaurita_o_oltre_max_km
202425,1.0,42,statale,SCUOLA PRIMARIA,2,POEE813011,DON LORENZO MILANI -SAN GIUSTO,PRATO,PRATO,TOSCANA,SCUOLA PRIMARIA,primaria,7,capacita_esaurita_o_oltre_max_km
202425,1.0,42,statale,SCUOLA PRIMARIA,2,BOEE87203R,CROCE COPERTA,BOLOGNA,BOLOGNA,EMILIA ROMAGNA,SCUOLA PRIMARIA,primaria,7,capacita_esaurita_o_oltre_max_km
202425,1.0,42,statale,SCUOLA PRIMARIA,2,CREE80003V,SCUOLA PRIMARIA CASALMORANO,CASALMORANO,CREMONA,LOMBARDIA,SCUOLA PRIMARIA,primaria,4,capacita_esaurita_o_oltre_max_km
202425,1.0,42,statale,SCUOLA PRIMARIA,2,GREE82101C,"MANCIANO CAPOLUOGO -""P.ALDI""",MANCIANO,GROSSETO,TOSCANA,SCUOLA PRIMARIA,primaria,4,capacita_esaurita_o_oltre_max_km
202425,1.0,42,statale,SCUOLA PRIMARIA,2,MOEE83502P,"""C.A. DALLA CHIESA "" MASSA FIN.",FINALE EMILIA,MODENA,EMILIA ROMAGNA,SCUOLA PRIMARIA,primaria,7,capacita_esaurita_o_oltre_max_km
202425,1.0,42,statale,SCUOLA PRIMARIA,2,PIEE824027,PELLICO,POMARANCE,PISA,TOSCANA,SCUOLA PRIMARIA,primaria,4,capacita_esaurita_o_oltre_max_km
202425,1.0,42,statale,SCUOLA PRIMARIA,2,PCEE80903N,PONTENURE-CAPOLUOGO,PONTENURE,PIACENZA,EMILIA ROMAGNA,SCUOLA PRIMARIA,primaria,4,capacita_esaurita_o_oltre_max_km
202425,1.0,42,statale,SCUOLA PRIMARIA,2,MIEE8C7014,PRIMARIA LUCIANO MANARA,MILANO,MILANO,LOMBARDIA,SCUOLA PRIMARIA,primaria,9,capacita_esaurita_o_oltre_max_km
202425,1.0,42,statale,SCUOLA PRIMARIA,2,MNEE83002V,DOSOLO,DOSOLO,MANTOVA,LOMBARDIA,SCUOLA PRIMARIA,primaria,4,capacita_esaurita_o_oltre_max_km
202425,1.0,42,statale,SCUOLA PRIMARIA,2,NOEE82301P,"""RIGUTINI""",NOVARA,NOVARA,PIEMONTE,SCUOLA PRIMARIA,primaria,9,capacita_esaurita_o_oltre_max_km
202425,1.0,42,statale,SCUOLA PRIMARIA,2,PNEE81702L,"PRAVISDOMINI ""P. A. BUODO""",PRAVISDOMINI,PORDENONE,FRIULI-VENEZIA G.,SCUOLA PRIMARIA,primaria,4,capacita_esaurita_o_oltre_max_km
202425,1.0,42,statale,SCUOLA PRIMARIA,2,PREE82201V,BUSSETO CPL,BUSSETO,PARMA,EMILIA ROMAGNA,SCUOLA PRIMARIA,primaria,11,capacita_esaurita_o_oltre_max_km
202425,1.0,42,statale,SCUOLA PRIMARIA,2,MIEE815017,MI-MASSAUA AGGR. SMS CARDARELLI,MILANO,MILANO,LOMBARDIA,SCUOLA PRIMARIA,primaria,6,capacita_esaurita_o_oltre_max_km
202425,1.0,42,statale,SCUOLA PRIMARIA,2,MIEE8AN03N,PRIMARIA G. UCELLI DI NEMI,MILANO,MILANO,LOMBARDIA,SCUOLA PRIMARIA,primaria,6,capacita_esaurita_o_oltre_max_km
202425,1.0,42,statale,SCUOLA PRIMARIA,2,CREE824019,"""CLAUDIO MONTEVERDI""",CREMONA,CREMONA,LOMBARDIA,SCUOLA PRIMARIA,primaria,7,capacita_esaurita_o_oltre_max_km
202425,1.0,42,statale,SCUOLA PRIMARIA,2,BSEE829013,"CALCINATO ""G.FERRABOSCHI""",CALCINATO,BRESCIA,LOMBARDIA,SCUOLA PRIMARIA,primaria,2,capacita_esaurita_o_oltre_max_km
202425,1.0,42,statale,SCUOLA PRIMARIA,2,ALEE825011,"ALESSANDRIA ""G.GALILEI""",ALESSANDRIA,ALESSANDRIA,PIEMONTE,SCUOLA PRIMARIA,primaria,9,capacita_esaurita_o_oltre_max_km
202425,1.0,42,statale,SCUOLA PRIMARIA,2,AQEE82001N,SCUOLA PRIMARIA PESCASSEROLI,PESCASSEROLI,L'AQUILA,ABRUZZO,SCUOLA PRIMARIA,primaria,1,capacita_esaurita_o_oltre_max_km
202425,1.0,42,statale,SCUOLA PRIMARIA,2,AREE841019,S.MARGHERITA,CORTONA,AREZZO,TOSCANA,SCUOLA PRIMARIA,primaria,1,capacita_esaurita_o_oltre_max_km
202425,1.0,42,statale,SCUOLA PRIMARIA,2,ATEE81404P,'GRAMSCI' ASTI,ASTI,ASTI,PIEMONTE,SCUOLA PRIMARIA,primaria,3,capacita_esaurita_o_oltre_max_km
202425,1.0,42,statale,SCUOLA PRIMARIA,2,ATEE81503D,SCUOLA PRIMARIA DI CASTELNUOVO,CASTELNUOVO BELBO,ASTI,PIEMONTE,SCUOLA PRIMARIA,primaria,1,capacita_esaurita_o_oltre_max_km
202425,1.0,42,statale,SCUOLA PRIMARIA,2,CREE80905B,OSTIANO,OSTIANO,CREMONA,LOMBARDIA,SCUOLA PRIMARIA,primaria,1,capacita_esaurita_o_oltre_max_km
202425,1.0,42,statale,SCUOLA PRIMARIA,2,GREE815048,VALPIANA,MASSA MARITTIMA,GROSSETO,TOSCANA,SCUOLA PRIMARIA,primaria,1,capacita_esaurita_o_oltre_max_km
202425,1.0,42,statale,SCUOLA PRIMARIA,2,IMEE81306E,CASTILLO,SANREMO,IMPERIA,LIGURIA,SCUOLA PRIMARIA,primaria,3,capacita_esaurita_o_oltre_max_km
202425,1.0,42,statale,SCUOLA PRIMARIA,2,MIEE8GF02Q,PRIMARIA A.MANZONI,BRESSO,MILANO,LOMBARDIA,SCUOLA PRIMARIA,primaria,5,capacita_esaurita_o_oltre_max_km
202425,1.0,42,statale,SCUOLA PRIMARIA,2,PCEE80506D,VILLANOVA SULL'ARDA-CAPOLUOGO,VILLANOVA SULL'ARDA,PIACENZA,EMILIA ROMAGNA,SCUOLA PRIMARIA,primaria,2,capacita_esaurita_o_oltre_max_km
202425,1.0,42,statale,SCUOLA PRIMARIA,2,PCEE807076,FARINI - CAPOLUOGO,FARINI,PIACENZA,EMILIA ROMAGNA,SCUOLA PRIMARIA,primaria,1,capacita_esaurita_o_oltre_max_km
202425,1.0,42,statale,SCUOLA PRIMARIA,2,PIEE82405A,BATTISTI,MONTEVERDI MARITTIMO,PISA,TOSCANA,SCUOLA PRIMARIA,primaria,2,capacita_esaurita_o_oltre_max_km
202425,1.0,42,statale,SCUOLA PRIMARIA,2,PREE82803X,FRAZ. S. PROSPERO,PARMA,PARMA,EMILIA ROMAGNA,SCUOLA PRIMARIA,primaria,4,capacita_esaurita_o_oltre_max_km
202425,1.0,42,statale,SCUOLA PRIMARIA,2,PSEE811054,MACERATA F. - MERCATINO CONCA,MERCATINO CONCA,PESARO E URBINO,MARCHE,SCUOLA PRIMARIA,primaria,1,capacita_esaurita_o_oltre_max_km
202425,1.0,42,statale,SCUOLA PRIMARIA,2,PVEE80405P,PIEVE DEL CAIRO,PIEVE DEL CAIRO,PAVIA,LOMBARDIA,SCUOLA PRIMARIA,primaria,3,capacita_esaurita_o_oltre_max_km
202425,1.0,42,statale,SCUOLA PRIMARIA,2,REEE826029,SCUOLA PRIMARIA D.CASSINADRI,CARPINETI,REGGIO EMILIA,EMILIA ROMAGNA,SCUOLA PRIMARIA,primaria,1,capacita_esaurita_o_oltre_max_km
202425,1.0,42,statale,SCUOLA PRIMARIA,2,REEE82901Q,FABBRICO CAP.,FABBRICO,REGGIO EMILIA,EMILIA ROMAGNA,SCUOLA PRIMARIA,primaria,10,capacita_esaurita_o_oltre_max_km
202425,1.0,42,statale,SCUOLA PRIMARIA,2,RGEE82204P,C.BATTISTI,RAGUSA,RAGUSA,SICILIA,SCUOLA PRIMARIA,primaria,2,capacita_esaurita_o_oltre_max_km
202425,1.0,42,statale,SCUOLA PRIMARIA,2,SIEE80503C,L. BONAZIA,SINALUNGA,SIENA,TOSCANA,SCUOLA PRIMARIA,primaria,1,capacita_esaurita_o_oltre_max_km
202425,1.0,42,statale,SCUOLA PRIMARIA,2,SVEE81507R,ALBENGA II - COMANEDI CISANO,CISANO SUL NEVA,SAVONA,LIGURIA,SCUOLA PRIMARIA,primaria,1,capacita_esaurita_o_oltre_max_km
202425,1.0,42,statale,SCUOLA PRIMARIA,2,TEEE82304R,SANT'ONOFRIO,CAMPLI,TERAMO,ABRUZZO,SCUOLA PRIMARIA,primaria,3,capacita_esaurita_o_oltre_max_km
202425,1.0,42,statale,SCUOLA PRIMARIA,2,RAEE808018,"""FORESTI F.""",CONSELICE,RAVENNA,EMILIA ROMAGNA,SCUOLA PRIMARIA,primaria,10,capacita_esaurita_o_oltre_max_km
202425,1.0,42,statale,SCUOLA PRIMARIA,2,MOEE81801X,"""G. MARCONI"" SPILAMBERTO",SPILAMBERTO,MODENA,EMILIA ROMAGNA,SCUOLA PRIMARIA,primaria,5,capacita_esaurita_o_oltre_max_km
202425,1.0,42,statale,SCUOLA PRIMARIA,2,BGEE84401L,ANTEGNATE,ANTEGNATE,BERGAMO,LOMBARDIA,SCUOLA PRIMARIA,primaria,6,capacita_esaurita_o_oltre_max_km
202425,1.0,42,statale,SCUOLA PRIMARIA,2,BGEE8AD02T,"TREVIGLIO "" MOZZI """,TREVIGLIO,BERGAMO,LOMBARDIA,SCUOLA PRIMARIA,primaria,10,capacita_esaurita_o_oltre_max_km
202425,1.0,42,statale,SCUOLA PRIMARIA,2,PVEE800017,SC. PRIM. S. MARIA DELLA VERSA,SANTA MARIA DELLA VERSA,PAVIA,LOMBARDIA,SCUOLA PRIMARIA,primaria,5,capacita_esaurita_o_oltre_max_km
202425,1.0,42,statale,SCUOLA PRIMARIA,2,MIEE8DU028,PRIMARIA VIALE PUGLIE,MILANO,MILANO,LOMBARDIA,SCUOLA PRIMARIA,primaria,9,capacita_esaurita_o_oltre_max_km
202425,1.0,42,statale,SCUOLA PRIMARIA,2,PREE833019,"""RENZO PEZZANI""",PARMA,PARMA,EMILIA ROMAGNA,SCUOLA PRIMARIA,primaria,8,capacita_esaurita_o_oltre_max_km
202425,1.0,42,statale,SCUOLA PRIMARIA,2,VREE87502X,GIOVANNI SOLINAS,VERONA,VERONA,VENETO,SCUOLA PRIMARIA,primaria,8,capacita_esaurita_o_oltre_max_km
202425,1.0,42,statale,SCUOLA PRIMARIA,2,BOEE805043,MAZZACURATI,GALLIERA,BOLOGNA,EMILIA ROMAGNA,SCUOLA PRIMARIA,primaria,5,capacita_esaurita_o_oltre_max_km
202425,1.0,42,statale,SCUOLA PRIMARIA,2,FEEE802017,"""C.BATTISTI""-BONDENO",BONDENO,FERRARA,EMILIA ROMAGNA,SCUOLA PRIMARIA,primaria,10,capacita_esaurita_o_oltre_max_km
202425,1.0,42,statale,SCUOLA PRIMARIA,2,CNEE819034,LA MORRA - SCUOLA PRIMARIA,LA MORRA,CUNEO,PIEMONTE,SCUOLA PRIMARIA,primaria,2,capacita_esaurita_o_oltre_max_km
202425,1.0,42,statale,SCUOLA PRIMARIA,2,BGEE84901Q,ELEMENTARE CAROBBIO,CAROBBIO DEGLI ANGELI,BERGAMO,LOMBARDIA,SCUOLA PRIMARIA,primaria,8,capacita_esaurita_o_oltre_max_km
202425,1.0,42,statale,SCUOLA PRIMARIA,2,CREE817038,"""VIA DELLA PACE"" (SPINO D'ADDA)",SPINO D'ADDA,CREMONA,LOMBARDIA,SCUOLA PRIMARIA,primaria,8,capacita_esaurita_o_oltre_max_km
202425,1.0,42,statale,SCUOLA PRIMARIA,2,MIEE8EJ01A,PRIMARIA V.LE LOMBARDIA,COLOGNO MONZESE,MILANO,LOMBARDIA,SCUOLA PRIMARIA,primaria,6,capacita_esaurita_o_oltre_max_km
202425,1.0,42,statale,SCUOLA PRIMARIA,2,BGEE83204D,CIVIDATE AL PIANO,CIVIDATE AL PIANO,BERGAMO,LOMBARDIA,SCUOLA PRIMARIA,primaria,3,capacita_esaurita_o_oltre_max_km
202425,1.0,42,statale,SCUOLA PRIMARIA,2,CREE80904A,""" G. LONATI "" CA' DE' MARI",GADESCO-PIEVE DELMONA,CREMONA,LOMBARDIA,SCUOLA PRIMARIA,primaria,3,capacita_esaurita_o_oltre_max_km
202425,1.0,42,statale,SCUOLA PRIMARIA,2,MIEE8C1026,PRIMARIA VIA CILEA,MILANO,MILANO,LOMBARDIA,SCUOLA PRIMARIA,primaria,3,capacita_esaurita_o_oltre_max_km
202425,1.0,42,statale,SCUOLA PRIMARIA,2,PDEE839012,LOREGGIA - GANZINA,LOREGGIA,PADOVA,VENETO,SCUOLA PRIMARIA,primaria,1,capacita_esaurita_o_oltre_max_km
202425,1.0,42,statale,SCUOLA PRIMARIA,2,PDEE846037,"CADONEGHE ""GALILEO GALILEI""",CADONEGHE,PADOVA,VENETO,SCUOLA PRIMARIA,primaria,2,capacita_esaurita_o_oltre_max_km
202425,1.0,42,statale,SCUOLA PRIMARIA,2,PREE822031,POLESINE - ZIBELLO,POLESINE ZIBELLO,PARMA,EMILIA ROMAGNA,SCUOLA PRIMARIA,primaria,3,capacita_esaurita_o_oltre_max_km
202425,1.0,42,statale,SCUOLA PRIMARIA,2,MIEE8AQ02Q,PRIMARIA M.TE ORTIGARA,CINISELLO BALSAMO,MILANO,LOMBARDIA,SCUOLA PRIMARIA,primaria,11,capacita_esaurita_o_oltre_max_km
202425,1.0,42,statale,SCUOLA PRIMARIA,2,MIEE8CT01X,PRIMARIA VITTORIO LOCCHI,MILANO,MILANO,LOMBARDIA,SCUOLA PRIMARIA,primaria,7,capacita_esaurita_o_oltre_max_km
202425,1.0,42,statale,SCUOLA PRIMARIA,2,PDEE883047,TOMMASEO,PADOVA,PADOVA,VENETO,SCUOLA PRIMARIA,primaria,4,capacita_esaurita_o_oltre_max_km
202425,1.0,42,statale,SCUOLA PRIMARIA,2,SVEE81903X,SAVONA II - COLOMBO CRISTOFORO,SAVONA,SAVONA,LIGURIA,SCUOLA PRIMARIA,primaria,1,capacita_esaurita_o_oltre_max_km
202425,1.0,42,statale,SCUOLA PRIMARIA,2,TVEE88103L,S. PIO X - MEDUNA DI L.,MEDUNA DI LIVENZA,TREVISO,VENETO,SCUOLA PRIMARIA,primaria,1,capacita_esaurita_o_oltre_max_km
202425,1.0,42,statale,SCUOLA PRIMARIA,2,MIEE8CS036,PRIMARIA F.CARACCIOLO,MILANO,MILANO,LOMBARDIA,SCUOLA PRIMARIA,primaria,10,capacita_esaurita_o_oltre_max_km
202425,1.0,42,statale,SCUOLA PRIMARIA,2,GEEE85102N,S.EL. - E.MONTALE -,GENOVA,GENOVA,LIGURIA,SCUOLA PRIMARIA,primaria,6,capacita_esaurita_o_oltre_max_km
202425,1.0,42,statale,SCUOLA PRIMARIA,2,PCEE00401D,E.DE AMICIS,PIACENZA,PIACENZA,EMILIA ROMAGNA,SCUOLA PRIMARIA,primaria,6,capacita_esaurita_o_oltre_max_km
202425,1.0,42,statale,SCUOLA PRIMARIA,2,NOEE80901C,DON CARLO FELICE SAINO,CERANO,NOVARA,PIEMONTE,SCUOLA PRIMARIA,primaria,9,capacita_esaurita_o_oltre_max_km
202425,1.0,42,statale,SCUOLA PRIMARIA,2,BSEE86102X,ROCCAFRANCA CAP.,ROCCAFRANCA,BRESCIA,LOMBARDIA,SCUOLA PRIMARIA,primaria,7,capacita_esaurita_o_oltre_max_km
202425,1.0,42,statale,SCUOLA PRIMARIA,2,IMEE81003X,SC. PRIM. PIANI,IMPERIA,IMPERIA,LIGURIA,SCUOLA PRIMARIA,primaria,2,capacita_esaurita_o_oltre_max_km
202425,1.0,42,statale,SCUOLA PRIMARIA,2,LOEE807043,PRIMARIA - SENNA LODIGIANA,SENNA LODIGIANA,LODI,LOMBARDIA,SCUOLA PRIMARIA,primaria,2,capacita_esaurita_o_oltre_max_km
202425,1.0,42,statale,SCUOLA PRIMARIA,2,MNEE800023,REDONDESCO,REDONDESCO,MANTOVA,LOMBARDIA,SCUOLA PRIMARIA,primaria,2,capacita_esaurita_o_oltre_max_km
202425,1.0,42,statale,SCUOLA PRIMARIA,2,MNEE80205T,"SC. PRIMARIA ""MART. BELFIORE""",GAZOLDO DEGLI IPPOLITI,MANTOVA,LOMBARDIA,SCUOLA PRIMARIA,primaria,3,capacita_esaurita_o_oltre_max_km
202425,1.0,42,statale,SCUOLA PRIMARIA,2,PCEE807054,BETTOLA-CAPOLUOGO,BETTOLA,PIACENZA,EMILIA ROMAGNA,SCUOLA PRIMARIA,primaria,2,capacita_esaurita_o_oltre_max_km
202425,1.0,42,statale,SCUOLA PRIMARIA,2,PREE80902D,MEDESANO CPL,MEDESANO,PARMA,EMILIA ROMAGNA,SCUOLA PRIMARIA,primaria,3,capacita_esaurita_o_oltre_max_km
202425,1.0,42,statale,SCUOLA PRIMARIA,2,REEE848015,CA' BIANCA,REGGIO NELL'EMILIA,REGGIO EMILIA,EMILIA ROMAGNA,SCUOLA PRIMARIA,primaria,2,capacita_esaurita_o_oltre_max_km
202425,1.0,42,statale,SCUOLA PRIMARIA,2,RIEE82005R,SCUOLA PRIMARIA DI ANTRODOCO,ANTRODOCO,RIETI,LAZIO,SCUOLA PRIMARIA,primaria,2,capacita_esaurita_o_oltre_max_km
202425,1.0,42,statale,SCUOLA PRIMARIA,2,VIEE87003D,IC VICENZA5 - G. GIUSTI,VICENZA,VICENZA,VENETO,SCUOLA PRIMARIA,primaria,5,capacita_esaurita_o_oltre_max_km
202425,1.0,42,statale,SCUOLA PRIMARIA,2,BOEE84801T,A. E V. DIODATO IC MONTERENZIO,MONTERENZIO,BOLOGNA,EMILIA ROMAGNA,SCUOLA PRIMARIA,primaria,3,capacita_esaurita_o_oltre_max_km
202425,1.0,42,statale,SCUOLA PRIMARIA,2,CREE821041,"""GUIDO MIGLIOLI""",CREMONA,CREMONA,LOMBARDIA,SCUOLA PRIMARIA,primaria,2,capacita_esaurita_o_oltre_max_km
202425,1.0,42,statale,SCUOLA PRIMARIA,2,FEEE817044,SC.PRIMARIA 'G.STRADA-T.SARTI',CENTO,FERRARA,EMILIA ROMAGNA,SCUOLA PRIMARIA,primaria,2,capacita_esaurita_o_oltre_max_km
202425,1.0,42,statale,SCUOLA PRIMARIA,2,LOEE80902L,PRIMARIA F. BONACCORSI - ZORLES,CASALPUSTERLENGO,LODI,LOMBARDIA,SCUOLA PRIMARIA,primaria,3,capacita_esaurita_o_oltre_max_km
202425,1.0,42,statale,SCUOLA PRIMARIA,2,MIEE8DD017,PRIMARIA CASA DEL SOLE,MILANO,MILANO,LOMBARDIA,SCUOLA PRIMARIA,primaria,13,capacita_esaurita_o_oltre_max_km
202425,1.0,42,statale,SCUOLA PRIMARIA,2,PGEE05701T,D.D. 1 CIRC.UMBERTIDE GARIBALDI,UMBERTIDE,PERUGIA,UMBRIA,SCUOLA PRIMARIA,primaria,2,capacita_esaurita_o_oltre_max_km
202425,1.0,42,statale,SCUOLA PRIMARIA,2,PREE81702C,BEDONIA CPL.,BEDONIA,PARMA,EMILIA ROMAGNA,SCUOLA PRIMARIA,primaria,3,capacita_esaurita_o_oltre_max_km
202425,1.0,42,statale,SCUOLA PRIMARIA,2,SIEE819018,M. MENCARELLI,CHIANCIANO TERME,SIENA,TOSCANA,SCUOLA PRIMARIA,primaria,1,capacita_esaurita_o_oltre_max_km
202425,1.0,42,statale,SCUOLA PRIMARIA,2,MOEE804012,""" G.MARCONI"" CAMPOGALLIANO",CAMPOGALLIANO,MODENA,EMILIA ROMAGNA,SCUOLA PRIMARIA,primaria,7,capacita_esaurita_o_oltre_max_km
202425,1.0,42,statale,SCUOLA PRIMARIA,2,VEEE84402L,E. TOTI,VENEZIA,VENEZIA,VENETO,SCUOLA PRIMARIA,primaria,9,capacita_esaurita_o_oltre_max_km
202425,1.0,42,statale,SCUOLA PRIMARIA,2,MNEE820017,"OSTIGLIA ""C.COLLODI""",OSTIGLIA,MANTOVA,LOMBARDIA,SCUOLA PRIMARIA,primaria,7,capacita_esaurita_o_oltre_max_km
202425,1.0,42,statale,SCUOLA PRIMARIA,2,PDEE883025,DAVILA-PD,PADOVA,PADOVA,VENETO,SCUOLA PRIMARIA,primaria,4,capacita_esaurita_o_oltre_max_km
202425,1.0,42,statale,SCUOLA PRIMARIA,2,BSEE86301E,CASTREZZATO CAP.,CASTREZZATO,BRESCIA,LOMBARDIA,SCUOLA PRIMARIA,primaria,1,capacita_esaurita_o_oltre_max_km
202425,1.0,42,statale,SCUOLA PRIMARIA,2,BOEE81602B,ADELFO GROSSO,BOLOGNA,BOLOGNA,EMILIA ROMAGNA,SCUOLA PRIMARIA,primaria,5,capacita_esaurita_o_oltre_max_km
202425,1.0,42,statale,SCUOLA PRIMARIA,2,MBEE8E001B,VIA MAZZINI - NOVA M. II,NOVA MILANESE,MONZA E DELLA BRIANZA,LOMBARDIA,SCUOLA PRIMARIA,primaria,2,capacita_esaurita_o_oltre_max_km
202425,1.0,42,statale,SCUOLA PRIMARIA,2,TOEE808036,ANNA FRANK,TORINO,TORINO,PIEMONTE,SCUOLA PRIMARIA,primaria,7,capacita_esaurita_o_oltre_max_km
202425,1.0,42,statale,SCUOLA PRIMARIA,2,FIEE87701X,CAPOLUOGO- CARDUCCI,FUCECCHIO,FIRENZE,TOSCANA,SCUOLA PRIMARIA,primaria,9,capacita_esaurita_o_oltre_max_km
202425,1.0,42,statale,SCUOLA PRIMARIA,2,BOEE809039,GIUSEPPE VERDI,CASTEL DEL RIO,BOLOGNA,EMILIA ROMAGNA,SCUOLA PRIMARIA,primaria,1,capacita_esaurita_o_oltre_max_km
202425,1.0,42,statale,SCUOLA PRIMARIA,2,BOEE87702V,BRUNO MONTERUMICI,BOLOGNA,BOLOGNA,EMILIA ROMAGNA,SCUOLA PRIMARIA,primaria,8,capacita_esaurita_o_oltre_max_km
202425,1.0,42,statale,SCUOLA PRIMARIA,2,BSEE83201V,SCUOLA PRIMARIA V. BACHELET,LUMEZZANE,BRESCIA,LOMBARDIA,SCUOLA PRIMARIA,primaria,6,capacita_esaurita_o_oltre_max_km
202425,1.0,42,statale,SCUOLA PRIMARIA,2,BSEE859031,MACLODIO 'BENTI MATTEO',MACLODIO,BRESCIA,LOMBARDIA,SCUOLA PRIMARIA,primaria,1,capacita_esaurita_o_oltre_max_km
202425,1.0,42,statale,SCUOLA PRIMARIA,2,CNEE81609V,"SALICETO - CAPOLUOGO ""A. MUZIO""",SALICETO,CUNEO,PIEMONTE,SCUOLA PRIMARIA,primaria,1,capacita_esaurita_o_oltre_max_km
202425,1.0,42,statale,SCUOLA PRIMARIA,2,CREE81503L,"""G.B. PUERARI"" (SOSPIRO)",SOSPIRO,CREMONA,LOMBARDIA,SCUOLA PRIMARIA,primaria,3,capacita_esaurita_o_oltre_max_km
202425,1.0,42,statale,SCUOLA PRIMARIA,2,MNEE82202X,SC.PRIMARIA DI CARBONARA DI PO,BORGOCARBONARA,MANTOVA,LOMBARDIA,SCUOLA PRIMARIA,primaria,3,capacita_esaurita_o_oltre_max_km
202425,1.0,42,statale,SCUOLA PRIMARIA,2,MOEE82204P,"PRIMARIA ""GIUSEPPE VERDI """,CARPI,MODENA,EMILIA ROMAGNA,SCUOLA PRIMARIA,primaria,3,capacita_esaurita_o_oltre_max_km
202425,1.0,42,statale,SCUOLA PRIMARIA,2,PSEE808025,APECCHIO - CAP.GO,APECCHIO,PESARO E URBINO,MARCHE,SCUOLA PRIMARIA,primaria,1,capacita_esaurita_o_oltre_max_km
202425,1.0,42,statale,SCUOLA PRIMARIA,2,RGEE80501T,G. MAZZINI,COMISO,RAGUSA,SICILIA,SCUOLA PRIMARIA,primaria,2,capacita_esaurita_o_oltre_max_km
202425,1.0,42,statale,SCUOLA PRIMARIA,2,SIEE814026,"""G. RODARI""-ARBIA",ASCIANO,SIENA,TOSCANA,SCUOLA PRIMARIA,primaria,4,capacita_esaurita_o_oltre_max_km
202425,1.0,42,statale,SCUOLA PRIMARIA,2,SPEE802012,SESTA GODANO CAPOLUOGO,SESTA GODANO,LA SPEZIA,LIGURIA,SCUOLA PRIMARIA,primaria,1,capacita_esaurita_o_oltre_max_km
202425,1.0,42,statale,SCUOLA PRIMARIA,2,BGEE88701E,SCUOLA PRIMARIA DI VERDELLO,VERDELLO,BERGAMO,LOMBARDIA,SCUOLA PRIMARIA,primaria,8,capacita_esaurita_o_oltre_max_km
202425,1.0,42,statale,SCUOLA PRIMARIA,2,RAEE816017,"""G. PASCOLI"" - RIOLO TERME",RIOLO TERME,RAVENNA,EMILIA ROMAGNA,SCUOLA PRIMARIA,primaria,6,capacita_esaurita_o_oltre_max_km
202425,1.0,42,statale,SCUOLA PRIMARIA,2,MNEE80302E,CASTEL GOFFREDO,CASTEL GOFFREDO,MANTOVA,LOMBARDIA,SCUOLA PRIMARIA,primaria,12,capacita_esaurita_o_oltre_max_km
202425,1.0,42,statale,SCUOLA PRIMARIA,2,MIEE8CZ02N,PRIMARIA VIA U. PISA,MILANO,MILANO,LOMBARDIA,SCUOLA PRIMARIA,primaria,8,capacita_esaurita_o_oltre_max_km
202425,1.0,42,statale,SCUOLA PRIMARIA,2,VREE8AB02R,"""G. SANDRI""",SAN BONIFACIO,VERONA,VENETO,SCUOLA PRIMARIA,primaria,7,capacita_esaurita_o_oltre_max_km
202425,1.0,42,statale,SCUOLA PRIMARIA,2,AQEE815016,PIZZOLI CAP.,PIZZOLI,L'AQUILA,ABRUZZO,SCUOLA PRIMARIA,primaria,3,capacita_esaurita_o_oltre_max_km
202425,1.0,42,statale,SCUOLA PRIMARIA,2,MNEE818017,ROVERBELLA,ROVERBELLA,MANTOVA,LOMBARDIA,SCUOLA PRIMARIA,primaria,6,capacita_esaurita_o_oltre_max_km
202425,1.0,42,statale,SCUOLA PRIMARIA,2,VCEE80002N,TRINO CAPOLUOGO,TRINO,VERCELLI,PIEMONTE,SCUOLA PRIMARIA,primaria,6,capacita_esaurita_o_oltre_max_km
202425,1.0,42,statale,SCUOLA PRIMARIA,2,MIEE8D0021,PRIMARIA VIA FORZE ARMATE,MILANO,MILANO,LOMBARDIA,SCUOLA PRIMARIA,primaria,7,capacita_esaurita_o_oltre_max_km
202425,1.0,42,statale,SCUOLA PRIMARIA,2,BGEE84405R,"COVO ""A.LOCATELLI""",COVO,BERGAMO,LOMBARDIA,SCUOLA PRIMARIA,primaria,4,capacita_esaurita_o_oltre_max_km
202425,1.0,42,statale,SCUOLA PRIMARIA,2,FEEE808016,VIA MASI-S.BARTOLOMEO IN B.,FERRARA,FERRARA,EMILIA ROMAGNA,SCUOLA PRIMARIA,primaria,2,capacita_esaurita_o_oltre_max_km
202425,1.0,42,statale,SCUOLA PRIMARIA,2,RMEE8AS01B,MARCELLINA,MARCELLINA,ROMA,LAZIO,SCUOLA PRIMARIA,primaria,1,capacita_esaurita_o_oltre_max_km
202425,1.0,42,statale,SCUOLA PRIMARIA,2,PCEE81801A,FIORENZUOLA - CAPOLUOGO,FIORENZUOLA D'ARDA,PIACENZA,EMILIA ROMAGNA,SCUOLA PRIMARIA,primaria,13,capacita_esaurita_o_oltre_max_km
202425,1.0,42,statale,SCUOLA PRIMARIA,2,MOEE82301B,MANFREDO FANTI - CARPI,CARPI,MODENA,EMILIA ROMAGNA,SCUOLA PRIMARIA,primaria,7,capacita_esaurita_o_oltre_max_km
202425,1.0,42,statale,SCUOLA PRIMARIA,2,MNEE821013,SCUOLA PRIMARIA QUISTELLO,QUISTELLO,MANTOVA,LOMBARDIA,SCUOLA PRIMARIA,primaria,3,capacita_esaurita_o_oltre_max_km
202425,1.0,42,statale,SCUOLA PRIMARIA,2,PCEE80801Q,BORGONOVO - CAPOLUOGO,BORGONOVO VAL TIDONE,PIACENZA,EMILIA ROMAGNA,SCUOLA PRIMARIA,primaria,7,capacita_esaurita_o_oltre_max_km
202425,1.0,42,statale,SCUOLA PRIMARIA,2,PDEE83005Q,ARCOBALENO,PADOVA,PADOVA,VENETO,SCUOLA PRIMARIA,primaria,4,capacita_esaurita_o_oltre_max_km
202425,1.0,42,statale,SCUOLA PRIMARIA,2,ATEE804044,"PRIMARIA ""TEN.TE F. RIVA""",MONTEMAGNO,ASTI,PIEMONTE,SCUOLA PRIMARIA,primaria,1,capacita_esaurita_o_oltre_max_km
202425,1.0,42,statale,SCUOLA PRIMARIA,2,CSEE823011,VILLAPIANA IC,VILLAPIANA,COSENZA,CALABRIA,SCUOLA PRIMARIA,primaria,1,capacita_esaurita_o_oltre_max_km
202425,1.0,42,statale,SCUOLA PRIMARIA,2,FEEE82603T,"""G.GONELLI""-MIRABELLO",TERRE DEL RENO,FERRARA,EMILIA ROMAGNA,SCUOLA PRIMARIA,primaria,3,capacita_esaurita_o_oltre_max_km
202425,1.0,42,statale,SCUOLA PRIMARIA,2,GREE81902D,PRIMARIA RIBOLLA,ROCCASTRADA,GROSSETO,TOSCANA,SCUOLA PRIMARIA,primaria,2,capacita_esaurita_o_oltre_max_km
202425,1.0,42,statale,SCUOLA PRIMARIA,2,PCEE81103N,"""PIETRO BUSCARINI""",ALTA VAL TIDONE,PIACENZA,EMILIA ROMAGNA,SCUOLA PRIMARIA,primaria,1,capacita_esaurita_o_oltre_max_km
202425,1.0,42,statale,SCUOLA PRIMARIA,2,PDEE884043,GIOVANNI VENTITREESIMO-PD,PADOVA,PADOVA,VENETO,SCUOLA PRIMARIA,primaria,2,capacita_esaurita_o_oltre_max_km
202425,1.0,42,statale,SCUOLA PRIMARIA,2,PVEE81303B,COPIANO DE AMICIS,COPIANO,PAVIA,LOMBARDIA,SCUOLA PRIMARIA,primaria,1,capacita_esaurita_o_oltre_max_km
202425,1.0,42,statale,SCUOLA PRIMARIA,2,REEE82902R,ROLO CAP.,ROLO,REGGIO EMILIA,EMILIA ROMAGNA,SCUOLA PRIMARIA,primaria,3,capacita_esaurita_o_oltre_max_km
202425,1.0,42,statale,SCUOLA PRIMARIA,2,SIEE81102P,SCUOLA PRIMARIA DI TORRENIERI,MONTALCINO,SIENA,TOSCANA,SCUOLA PRIMARIA,primaria,1,capacita_esaurita_o_oltre_max_km
202425,1.0,42,statale,SCUOLA PRIMARIA,2,BSEE82701B,OSPITALETTO CAP.'A.M.CANOSSI',OSPITALETTO,BRESCIA,LOMBARDIA,SCUOLA PRIMARIA,primaria,2,capacita_esaurita_o_oltre_max_km
202425,1.0,42,statale,SCUOLA PRIMARIA,2,FOEE822011,I.C. 2 - DE AMICIS,FORLI',FORLI'-CESENA,EMILIA ROMAGNA,SCUOLA PRIMARIA,primaria,6,capacita_esaurita_o_oltre_max_km
202425,1.0,42,statale,SCUOLA PRIMARIA,2,RAEE804011,BERTI F.,BAGNACAVALLO,RAVENNA,EMILIA ROMAGNA,SCUOLA PRIMARIA,primaria,3,capacita_esaurita_o_oltre_max_km
202425,1.0,42,statale,SCUOLA PRIMARIA,2,BOEE809028,C. ZAVOLI I.C. BORGO TOSSIGNANO,BORGO TOSSIGNANO,BOLOGNA,EMILIA ROMAGNA,SCUOLA PRIMARIA,primaria,1,capacita_esaurita_o_oltre_max_km
202425,1.0,42,statale,SCUOLA PRIMARIA,2,GEEE825014,S.EL. - G.GARIBALDI -,GENOVA,GENOVA,LIGURIA,SCUOLA PRIMARIA,primaria,3,capacita_esaurita_o_oltre_max_km
202425,1.0,42,statale,SCUOLA PRIMARIA,2,BSEE8AL04L,"MONTICHIARI ""G. FALCONE""",MONTICHIARI,BRESCIA,LOMBARDIA,SCUOLA PRIMARIA,primaria,8,capacita_esaurita_o_oltre_max_km
202425,1.0,42,statale,SCUOLA PRIMARIA,2,GEEE83701A,N.TOMMASEO,GENOVA,GENOVA,LIGURIA,SCUOLA PRIMARIA,primaria,3,capacita_esaurita_o_oltre_max_km
202425,1.0,42,statale,SCUOLA PRIMARIA,2,VREE89701Q,ETTORE RIELLO PORTO-LEGNAGO 2,LEGNAGO,VERONA,VENETO,SCUOLA PRIMARIA,primaria,3,capacita_esaurita_o_oltre_max_km
202425,1.0,42,statale,SCUOLA PRIMARIA,2,REEE83101Q,PRIMARIA DON MILANI - NOVELLARA,NOVELLARA,REGGIO EMILIA,EMILIA ROMAGNA,SCUOLA PRIMARIA,primaria,8,capacita_esaurita_o_oltre_max_km
202425,1.0,42,statale,SCUOLA PRIMARIA,2,BSEE887024,PRIMARIA DON MILANI BRESCIA,BRESCIA,BRESCIA,LOMBARDIA,SCUOLA PRIMARIA,primaria,4,capacita_esaurita_o_oltre_max_km
202425,1.0,42,statale,SCUOLA PRIMARIA,2,SPEE816021,LA SPEZIA VICCI,LA SPEZIA,LA SPEZIA,LIGURIA,SCUOLA PRIMARIA,primaria,2,capacita_esaurita_o_oltre_max_km
202425,1.0,42,statale,SCUOLA PRIMARIA,2,SVEE81902V,SAVONA II - VALLORIA,SAVONA,SAVONA,LIGURIA,SCUOLA PRIMARIA,primaria,2,capacita_esaurita_o_oltre_max_km
202425,1.0,42,statale,SCUOLA PRIMARIA,2,TOEE81901E,I.C. MANZONI - RAYNERI,TORINO,TORINO,PIEMONTE,SCUOLA PRIMARIA,primaria,6,capacita_esaurita_o_oltre_max_km
202425,1.0,42,statale,SCUOLA PRIMARIA,2,BSEE83901N,"SCUOLA PRIMARIA ""DON R.TONOLI""",COCCAGLIO,BRESCIA,LOMBARDIA,SCUOLA PRIMARIA,primaria,1,capacita_esaurita_o_oltre_max_km
202425,1.0,42,statale,SCUOLA PRIMARIA,2,MBEE87101C,BAGATTI VALSECCHI - VAREDO,VAREDO,MONZA E DELLA BRIANZA,LOMBARDIA,SCUOLA PRIMARIA,primaria,5,capacita_esaurita_o_oltre_max_km
202425,1.0,42,statale,SCUOLA PRIMARIA,2,BOEE81001B,PRIMARIA CASTELLETTO,VALSAMOGGIA,BOLOGNA,EMILIA ROMAGNA,SCUOLA PRIMARIA,primaria,3,capacita_esaurita_o_oltre_max_km
202425,1.0,42,statale,SCUOLA PRIMARIA,2,BSEE845011,"SAN ZENO NAVIGLIO ""A.CANOSSI""",SAN ZENO NAVIGLIO,BRESCIA,LOMBARDIA,SCUOLA PRIMARIA,primaria,2,capacita_esaurita_o_oltre_max_km
202425,1.0,42,statale,SCUOLA PRIMARIA,2,RGEE824028,MARIA SCHININA',RAGUSA,RAGUSA,SICILIA,SCUOLA PRIMARIA,primaria,3,capacita_esaurita_o_oltre_max_km
202425,1.0,42,statale,SCUOLA PRIMARIA,2,TOEE8B102G,I.C. ALERAMO-B.V. CAMPAGNA,TORINO,TORINO,PIEMONTE,SCUOLA PRIMARIA,primaria,5,capacita_esaurita_o_oltre_max_km
202425,1.0,42,statale,SCUOLA PRIMARIA,2,ATEE81003A,SCUOLA PRIMARIA MONALE,MONALE,ASTI,PIEMONTE,SCUOLA PRIMARIA,primaria,2,capacita_esaurita_o_oltre_max_km
202425,1.0,42,statale,SCUOLA PRIMARIA,2,BSEE829035,"P.S.MARCO ""PEDRINI E CARLONI""",CALCINATO,BRESCIA,LOMBARDIA,SCUOLA PRIMARIA,primaria,3,capacita_esaurita_o_oltre_max_km
202425,1.0,42,statale,SCUOLA PRIMARIA,2,PGEE847016,"SCUOLA PRIMARIA ""TITTARELLI""",GUALDO TADINO,PERUGIA,UMBRIA,SCUOLA PRIMARIA,primaria,2,capacita_esaurita_o_oltre_max_km
202425,1.0,42,statale,SCUOLA PRIMARIA,2,POEE81901X,VALERIA CROCINI,PRATO,PRATO,TOSCANA,SCUOLA PRIMARIA,primaria,2,capacita_esaurita_o_oltre_max_km
202425,1.0,42,statale,SCUOLA PRIMARIA,2,REEE84601D,BERGONZI A.,REGGIO NELL'EMILIA,REGGIO EMILIA,EMILIA ROMAGNA,SCUOLA PRIMARIA,primaria,6,capacita_esaurita_o_oltre_max_km
202425,1.0,42,statale,SCUOLA PRIMARIA,2,ROEE80005R,FLEMING A.- CASTELNOVO BARIANO,CASTELNOVO BARIANO,ROVIGO,VENETO,SCUOLA PRIMARIA,primaria,2,capacita_esaurita_o_oltre_max_km
202425,1.0,42,statale,SCUOLA PRIMARIA,2,VEEE871032,F.LLI BANDIERA-MALCONTENTA,VENEZIA,VENEZIA,VENETO,SCUOLA PRIMARIA,primaria,2,capacita_esaurita_o_oltre_max_km
202425,1.0,42,statale,SCUOLA PRIMARIA,2,PVEE83101V,VIG.VIALE LIBERTA' - DE AMICIS,VIGEVANO,PAVIA,LOMBARDIA,SCUOLA PRIMARIA,primaria,6,capacita_esaurita_o_oltre_max_km
202425,1.0,42,statale,SCUOLA PRIMARIA,2,POEE819032,IVANA MARCOCCI,PRATO,PRATO,TOSCANA,SCUOLA PRIMARIA,primaria,3,capacita_esaurita_o_oltre_max_km
202425,1.0,42,statale,SCUOLA PRIMARIA,2,SVEE81401P,SAVONA III - DE AMICIS E.,SAVONA,SAVONA,LIGURIA,SCUOLA PRIMARIA,primaria,2,capacita_esaurita_o_oltre_max_km
202425,1.0,42,statale,SCUOLA PRIMARIA,2,POEE820025,G.PUCCINI/BARTOLINI,PRATO,PRATO,TOSCANA,SCUOLA PRIMARIA,primaria,5,capacita_esaurita_o_oltre_max_km
202425,1.0,42,statale,SCUOLA PRIMARIA,2,MNEE80701R,SAN PIETRO,CASTIGLIONE DELLE STIVIERE,MANTOVA,LOMBARDIA,SCUOLA PRIMARIA,primaria,6,capacita_esaurita_o_oltre_max_km
202425,1.0,42,statale,SCUOLA PRIMARIA,2,BGEE83103L,"SC.PRIMARIA ""DANTE ALIGHIERI""",MORNICO AL SERIO,BERGAMO,LOMBARDIA,SCUOLA PRIMARIA,primaria,3,capacita_esaurita_o_oltre_max_km
202425,1.0,42,statale,SCUOLA PRIMARIA,2,CNEE841017,CHIUSA DI PESIO - CAPOLUOGO,CHIUSA DI PESIO,CUNEO,PIEMONTE,SCUOLA PRIMARIA,primaria,1,capacita_esaurita_o_oltre_max_km
202425,1.0,42,statale,SCUOLA PRIMARIA,2,FIEE82203T,"SAN MAURO - ""A.CIAMPI""",SIGNA,FIRENZE,TOSCANA,SCUOLA PRIMARIA,primaria,2,capacita_esaurita_o_oltre_max_km
202425,1.0,42,statale,SCUOLA PRIMARIA,2,GEEE85202D,S.EL. - E.SALGARI -,GENOVA,GENOVA,LIGURIA,SCUOLA PRIMARIA,primaria,3,capacita_esaurita_o_oltre_max_km
202425,1.0,42,statale,SCUOLA PRIMARIA,2,MNEE81002N,PRIMARIA BAGNOLO SAN VITO,BAGNOLO SAN VITO,MANTOVA,LOMBARDIA,SCUOLA PRIMARIA,primaria,3,capacita_esaurita_o_oltre_max_km
202425,1.0,42,statale,SCUOLA PRIMARIA,2,MOEE84203V,"""EMILIO PO "" VILL. ARTIGIANO",MODENA,MODENA,EMILIA ROMAGNA,SCUOLA PRIMARIA,primaria,2,capacita_esaurita_o_oltre_max_km
202425,1.0,42,statale,SCUOLA PRIMARIA,2,RAEE82803G,"""ETTORE BURIOLI""",RAVENNA,RAVENNA,EMILIA ROMAGNA,SCUOLA PRIMARIA,primaria,2,capacita_esaurita_o_oltre_max_km
202425,1.0,42,statale,SCUOLA PRIMARIA,2,PVEE822014,STRADELLA,STRADELLA,PAVIA,LOMBARDIA,SCUOLA PRIMARIA,primaria,6,capacita_esaurita_o_oltre_max_km
202425,1.0,42,statale,SCUOLA PRIMARIA,2,BGEE88601P,VERDELLINO CAP.,VERDELLINO,BERGAMO,LOMBARDIA,SCUOLA PRIMARIA,primaria,2,capacita_esaurita_o_oltre_max_km
202425,1.0,42,statale,SCUOLA PRIMARIA,2,BOEE80602R,CASTELLO D'ARGILE,CASTELLO D'ARGILE,BOLOGNA,EMILIA ROMAGNA,SCUOLA PRIMARIA,primaria,2,capacita_esaurita_o_oltre_max_km
202425,1.0,42,statale,SCUOLA PRIMARIA,2,BOEE825015,PRIMARIA MALALBERGO ALTEDO,MALALBERGO,BOLOGNA,EMILIA ROMAGNA,SCUOLA PRIMARIA,primaria,2,capacita_esaurita_o_oltre_max_km
202425,1.0,42,statale,SCUOLA PRIMARIA,2,PREE812018,BORGOTARO V. MONTEGRAPPA,BORGO VAL DI TARO,PARMA,EMILIA ROMAGNA,SCUOLA PRIMARIA,primaria,2,capacita_esaurita_o_oltre_max_km
202425,1.0,42,statale,SCUOLA PRIMARIA,2,RAEE80604Q,PASCOLI G. S.AGATA SUL SANTERNO,SANT'AGATA SUL SANTERNO,RAVENNA,EMILIA ROMAGNA,SCUOLA PRIMARIA,primaria,2,capacita_esaurita_o_oltre_max_km
202425,1.0,42,statale,SCUOLA PRIMARIA,2,RAEE82101P,LUIGI BATTAGLIA,FUSIGNANO,RAVENNA,EMILIA ROMAGNA,SCUOLA PRIMARIA,primaria,5,capacita_esaurita_o_oltre_max_km
202425,1.0,42,statale,SCUOLA PRIMARIA,2,TOEE81801P,IC OLIVETTI-GASPARE GOZZI,TORINO,TORINO,PIEMONTE,SCUOLA PRIMARIA,primaria,2,capacita_esaurita_o_oltre_max_km
202425,1.0,42,statale,SCUOLA PRIMARIA,2,VREE8AC01G,"""CANGRANDE""-S.GIOV.LUPATOTO1",SAN GIOVANNI LUPATOTO,VERONA,VENETO,SCUOLA PRIMARIA,primaria,1,capacita_esaurita_o_oltre_max_km
202425,1.0,42,statale,SCUOLA PRIMARIA,2,BOEE818023,PRIMARIA SCANDELLARA,BOLOGNA,BOLOGNA,EMILIA ROMAGNA,SCUOLA PRIMARIA,primaria,6,capacita_esaurita_o_oltre_max_km
202425,1.0,42,statale,SCUOLA PRIMARIA,2,ALEE81202X,"VIGUZZOLO ""DR.E. CARNEVALE""",VIGUZZOLO,ALESSANDRIA,PIEMONTE,SCUOLA PRIMARIA,primaria,1,capacita_esaurita_o_oltre_max_km
202425,1.0,42,statale,SCUOLA PRIMARIA,2,BSEE8AH03P,"""ALESSANDRO MANZONI""",QUINZANO D'OGLIO,BRESCIA,LOMBARDIA,SCUOLA PRIMARIA,primaria,1,capacita_esaurita_o_oltre_max_km
202425,1.0,42,statale,SCUOLA PRIMARIA,2,MTEE83406R,"""ALBINO PIERRO""-TURSI",TURSI,MATERA,BASILICATA,SCUOLA PRIMARIA,primaria,2,capacita_esaurita_o_oltre_max_km
202425,1.0,42,statale,SCUOLA PRIMARIA,2,VREE816024,RONCO ALL'ADIGE,RONCO ALL'ADIGE,VERONA,VENETO,SCUOLA PRIMARIA,primaria,2,capacita_esaurita_o_oltre_max_km
202425,1.0,42,statale,SCUOLA PRIMARIA,2,ANEE81603V,"ANCONA ""FAIANI""",ANCONA,ANCONA,MARCHE,SCUOLA PRIMARIA,primaria,5,capacita_esaurita_o_oltre_max_km
202425,1.0,42,statale,SCUOLA PRIMARIA,2,BGEE85901A,"SCUOLA PRIMARIA ""DA VINCI""",GHISALBA,BERGAMO,LOMBARDIA,SCUOLA PRIMARIA,primaria,1,capacita_esaurita_o_oltre_max_km
202425,1.0,42,statale,SCUOLA PRIMARIA,2,BSEE87804B,PRIMARIA GIOVANNI XXIII BS,BRESCIA,BRESCIA,LOMBARDIA,SCUOLA PRIMARIA,primaria,3,capacita_esaurita_o_oltre_max_km
202425,1.0,42,statale,SCUOLA PRIMARIA,2,ROEE80003P,PANZACCHI ENRICO - CASTELMASSA,CASTELMASSA,ROVIGO,VENETO,SCUOLA PRIMARIA,primaria,3,capacita_esaurita_o_oltre_max_km
202425,1.0,42,statale,SCUOLA PRIMARIA,2,SPEE81904E,LA SPEZIA CANALETTO G. CARDUCCI,LA SPEZIA,LA SPEZIA,LIGURIA,SCUOLA PRIMARIA,primaria,1,capacita_esaurita_o_oltre_max_km
202425,1.0,42,statale,SCUOLA PRIMARIA,2,POEE812037,ALBERTO MANZI,PRATO,PRATO,TOSCANA,SCUOLA PRIMARIA,primaria,4,capacita_esaurita_o_oltre_max_km
202425,1.0,42,statale,SCUOLA PRIMARIA,2,MOEE824017,""" GASPARINI "" CONCORDIA S/S",CONCORDIA SULLA SECCHIA,MODENA,EMILIA ROMAGNA,SCUOLA PRIMARIA,primaria,2,capacita_esaurita_o_oltre_max_km
202425,1.0,42,statale,SCUOLA PRIMARIA,2,LOEE80301L,PRIMARIA ADA NEGRI - LODI VECCH,LODI VECCHIO,LODI,LOMBARDIA,SCUOLA PRIMARIA,primaria,4,capacita_esaurita_o_oltre_max_km
202425,1.0,42,statale,SCUOLA PRIMARIA,2,MIEE8FP01X,PRIMARIA VIA GUICCIARDI,MILANO,MILANO,LOMBARDIA,SCUOLA PRIMARIA,primaria,5,capacita_esaurita_o_oltre_max_km
202425,1.0,42,statale,SCUOLA PRIMARIA,2,MIEE8F1011,PRIMARIA F.S.CABRINI,MILANO,MILANO,LOMBARDIA,SCUOLA PRIMARIA,primaria,6,capacita_esaurita_o_oltre_max_km
202425,1.0,42,statale,SCUOLA PRIMARIA,2,ALEE838035,"""P.DE MARZIANI"" - BASSIGNANA",BASSIGNANA,ALESSANDRIA,PIEMONTE,SCUOLA PRIMARIA,primaria,1,capacita_esaurita_o_oltre_max_km
202425,1.0,42,statale,SCUOLA PRIMARIA,2,ANEE80401E,"ANCONA NORD ""D. ALIGHIERI""",ANCONA,ANCONA,MARCHE,SCUOLA PRIMARIA,primaria,2,capacita_esaurita_o_oltre_max_km
202425,1.0,42,statale,SCUOLA PRIMARIA,2,AQEE82606T,SC.PRIM. CASTELVECCHIO SUBEQUO,CASTELVECCHIO SUBEQUO,L'AQUILA,ABRUZZO,SCUOLA PRIMARIA,primaria,1,capacita_esaurita_o_oltre_max_km
202425,1.0,42,statale,SCUOLA PRIMARIA,2,AREE84103B,"""A. GIAPPICHELLI""",CORTONA,AREZZO,TOSCANA,SCUOLA PRIMARIA,primaria,1,capacita_esaurita_o_oltre_max_km
202425,1.0,42,statale,SCUOLA PRIMARIA,2,ATEE805062,PRIMARIA A.B. COSSETA,TONCO,ASTI,PIEMONTE,SCUOLA PRIMARIA,primaria,1,capacita_esaurita_o_oltre_max_km
202425,1.0,42,statale,SCUOLA PRIMARIA,2,ATEE81005C,SCUOLA PRIMARIA VILLAFRANCA,VILLAFRANCA D'ASTI,ASTI,PIEMONTE,SCUOLA PRIMARIA,primaria,2,capacita_esaurita_o_oltre_max_km
202425,1.0,42,statale,SCUOLA PRIMARIA,2,BGEE869033,SCUOLA PRIMARIA TALEGGIO-OLDA,TALEGGIO,BERGAMO,LOMBARDIA,SCUOLA PRIMARIA,primaria,1,capacita_esaurita_o_oltre_max_km
202425,1.0,42,statale,SCUOLA PRIMARIA,2,BOEE813031,SILVANI,BOLOGNA,BOLOGNA,EMILIA ROMAGNA,SCUOLA PRIMARIA,primaria,2,capacita_esaurita_o_oltre_max_km
202425,1.0,42,statale,SCUOLA PRIMARIA,2,BOEE84004A,GIORGIO MORANDI,GRIZZANA MORANDI,BOLOGNA,EMILIA ROMAGNA,SCUOLA PRIMARIA,primaria,1,capacita_esaurita_o_oltre_max_km
202425,1.0,42,statale,SCUOLA PRIMARIA,2,BSEE86202Q,COMEZZANO CIZZAGO CAP.,COMEZZANO-CIZZAGO,BRESCIA,LOMBARDIA,SCUOLA PRIMARIA,primaria,2,capacita_esaurita_o_oltre_max_km
202425,1.0,42,statale,SCUOLA PRIMARIA,2,BSEE881014,PRIMARIA A.DIAZ BRESCIA,BRESCIA,BRESCIA,LOMBARDIA,SCUOLA PRIMARIA,primaria,2,capacita_esaurita_o_oltre_max_km
202425,1.0,42,statale,SCUOLA PRIMARIA,2,BSEE8AN015,"MONTICHIARI FRAZ. ""VIGHIZZOLO""",MONTICHIARI,BRESCIA,LOMBARDIA,SCUOLA PRIMARIA,primaria,1,capacita_esaurita_o_oltre_max_km
202425,1.0,42,statale,SCUOLA PRIMARIA,2,CNEE81104E,SAN MICHELE MONDOVI',SAN MICHELE MONDOVI',CUNEO,PIEMONTE,SCUOLA PRIMARIA,primaria,1,capacita_esaurita_o_oltre_max_km
202425,1.0,42,statale,SCUOLA PRIMARIA,2,CNEE81607R,"MONESIGLIO - CAPOL. ""T. BALOCCO",MONESIGLIO,CUNEO,PIEMONTE,SCUOLA PRIMARIA,primaria,1,capacita_esaurita_o_oltre_max_km
202425,1.0,42,statale,SCUOLA PRIMARIA,2,CREE80303A,PRIMARIA SESTO CREMONESE CAP.,SESTO ED UNITI,CREMONA,LOMBARDIA,SCUOLA PRIMARIA,primaria,2,capacita_esaurita_o_oltre_max_km
202425,1.0,42,statale,SCUOLA PRIMARIA,2,CREE82101T,"""TRENTO TRIESTE""",CREMONA,CREMONA,LOMBARDIA,SCUOLA PRIMARIA,primaria,3,capacita_esaurita_o_oltre_max_km
202425,1.0,42,statale,SCUOLA PRIMARIA,2,CREE821074,"""G. MORI"" (STAGNO LOMBARDO)",STAGNO LOMBARDO,CREMONA,LOMBARDIA,SCUOLA PRIMARIA,primaria,1,capacita_esaurita_o_oltre_max_km
202425,1.0,42,statale,SCUOLA PRIMARIA,2,CZEE82401L,CROPANI - CUTURELLA,CROPANI,CATANZARO,CALABRIA,SCUOLA PRIMARIA,primaria,1,capacita_esaurita_o_oltre_max_km
202425,1.0,42,statale,SCUOLA PRIMARIA,2,GEEE83603L,SC.ELEM. DON BOSCO,GENOVA,GENOVA,LIGURIA,SCUOLA PRIMARIA,primaria,1,capacita_esaurita_o_oltre_max_km
202425,1.0,42,statale,SCUOLA PRIMARIA,2,GREE815026,MONTIERI CAPOLUOGO,MONTIERI,GROSSETO,TOSCANA,SCUOLA PRIMARIA,primaria,1,capacita_esaurita_o_oltre_max_km
202425,1.0,42,statale,SCUOLA PRIMARIA,2,GREE817062,MONTICELLO AMIATA PRIMARIA,CINIGIANO,GROSSETO,TOSCANA,SCUOLA PRIMARIA,primaria,1,capacita_esaurita_o_oltre_max_km
202425,1.0,42,statale,SCUOLA PRIMARIA,2,GREE817084,POMONTE,SCANSANO,GROSSETO,TOSCANA,SCUOLA PRIMARIA,primaria,1,capacita_esaurita_o_oltre_max_km
202425,1.0,42,statale,SCUOLA PRIMARIA,2,GREE82503T,"""C.PISACANE"" GIGLIO",ISOLA DEL GIGLIO,GROSSETO,TOSCANA,SCUOLA PRIMARIA,primaria,1,capacita_esaurita_o_oltre_max_km
202425,1.0,42,statale,SCUOLA PRIMARIA,2,GREE829024,"ROSELLE - ""M.VERGARI""",GROSSETO,GROSSETO,TOSCANA,SCUOLA PRIMARIA,primaria,1,capacita_esaurita_o_oltre_max_km
202425,1.0,42,statale,SCUOLA PRIMARIA,2,IMEE81705R,SCUOLA PRIMARIA G. NATTA,CERIANA,IMPERIA,LIGURIA,SCUOLA PRIMARIA,primaria,1,capacita_esaurita_o_oltre_max_km
202425,1.0,42,statale,SCUOLA PRIMARIA,2,LOEE81003T,PRIMARIA -ADA NEGRI,GUARDAMIGLIO,LODI,LOMBARDIA,SCUOLA PRIMARIA,primaria,1,capacita_esaurita_o_oltre_max_km
202425,1.0,42,statale,SCUOLA PRIMARIA,2,LOEE81701E,PRIMARIA A.V .GENTILE - CODOGNO,CODOGNO,LODI,LOMBARDIA,SCUOLA PRIMARIA,primaria,1,capacita_esaurita_o_oltre_max_km
202425,1.0,42,statale,SCUOLA PRIMARIA,2,MCEE80202N,VIA DANTE ALIGHIERI,FIUMINATA,MACERATA,MARCHE,SCUOLA PRIMARIA,primaria,1,capacita_esaurita_o_oltre_max_km
202425,1.0,42,statale,SCUOLA PRIMARIA,2,MCEE80203P,P.ZZA DANTE ALIGHIERI,PIORACO,MACERATA,MARCHE,SCUOLA PRIMARIA,primaria,1,capacita_esaurita_o_oltre_max_km
202425,1.0,42,statale,SCUOLA PRIMARIA,2,MCEE806065,A. ARMANDO,SANT'ANGELO IN PONTANO,MACERATA,MARCHE,SCUOLA PRIMARIA,primaria,1,capacita_esaurita_o_oltre_max_km
202425,1.0,42,statale,SCUOLA PRIMARIA,2,MCEE80903D,G. LEOPARDI,SERRAVALLE DI CHIENTI,MACERATA,MARCHE,SCUOLA PRIMARIA,primaria,1,capacita_esaurita_o_oltre_max_km
202425,1.0,42,statale,SCUOLA PRIMARIA,2,MEEE81601Q,NOVARA SICILIA,NOVARA DI SICILIA,MESSINA,SICILIA,SCUOLA PRIMARIA,primaria,1,capacita_esaurita_o_oltre_max_km
202425,1.0,42,statale,SCUOLA PRIMARIA,2,MIEE8AW024,"PRIMARIA I MAGGIO""",CORMANO,MILANO,LOMBARDIA,SCUOLA PRIMARIA,primaria,3,capacita_esaurita_o_oltre_max_km
202425,1.0,42,statale,SCUOLA PRIMARIA,2,MIEE8BD012,PRIMARIA VIA DELLA SPIGA,MILANO,MILANO,LOMBARDIA,SCUOLA PRIMARIA,primaria,1,capacita_esaurita_o_oltre_max_km
202425,1.0,42,statale,SCUOLA PRIMARIA,2,MIEE8EN02P,PRIMARIA XXV APRILE,CORMANO,MILANO,LOMBARDIA,SCUOLA PRIMARIA,primaria,4,capacita_esaurita_o_oltre_max_km
202425,1.0,42,statale,SCUOLA PRIMARIA,2,MIEE8FU03E,PRIMARIA NOLLI ARQUATI,MILANO,MILANO,LOMBARDIA,SCUOLA PRIMARIA,primaria,4,capacita_esaurita_o_oltre_max_km
202425,1.0,42,statale,SCUOLA PRIMARIA,2,MNEE81004Q,PRIMARIA BORGOFORTE,BORGO VIRGILIO,MANTOVA,LOMBARDIA,SCUOLA PRIMARIA,primaria,1,capacita_esaurita_o_oltre_max_km
202425,1.0,42,statale,SCUOLA PRIMARIA,2,MSEE810054,PRIMARIA COMANO,COMANO,MASSA-CARRARA,TOSCANA,SCUOLA PRIMARIA,primaria,1,capacita_esaurita_o_oltre_max_km
202425,1.0,42,statale,SCUOLA PRIMARIA,2,NOEE80702T,CASALEGGIO,CASALEGGIO NOVARA,NOVARA,PIEMONTE,SCUOLA PRIMARIA,primaria,1,capacita_esaurita_o_oltre_max_km
202425,1.0,42,statale,SCUOLA PRIMARIA,2,PAEE825029,SCUOLA PRIMARIA ALIMINUSA,ALIMINUSA,PALERMO,SICILIA,SCUOLA PRIMARIA,primaria,1,capacita_esaurita_o_oltre_max_km
202425,1.0,42,statale,SCUOLA PRIMARIA,2,PCEE00305T,PIETRO GIORDANI,PIACENZA,PIACENZA,EMILIA ROMAGNA,SCUOLA PRIMARIA,primaria,4,capacita_esaurita_o_oltre_max_km
202425,1.0,42,statale,SCUOLA PRIMARIA,2,PCEE81101G,"""PIERA BAIARDI""",PIANELLO VAL TIDONE,PIACENZA,EMILIA ROMAGNA,SCUOLA PRIMARIA,primaria,1,capacita_esaurita_o_oltre_max_km
202425,1.0,42,statale,SCUOLA PRIMARIA,2,PCEE81102L,"""IGNOTO MILITE""",ALTA VAL TIDONE,PIACENZA,EMILIA ROMAGNA,SCUOLA PRIMARIA,primaria,1,capacita_esaurita_o_oltre_max_km
202425,1.0,42,statale,SCUOLA PRIMARIA,2,PGEE80801G,I.C. VALFABBRICA G.TOFANETTI,VALFABBRICA,PERUGIA,UMBRIA,SCUOLA PRIMARIA,primaria,1,capacita_esaurita_o_oltre_max_km
202425,1.0,42,statale,SCUOLA PRIMARIA,2,PGEE83103P,SCOPOLI - VERCHIANO - CASENOVE,FOLIGNO,PERUGIA,UMBRIA,SCUOLA PRIMARIA,primaria,1,capacita_esaurita_o_oltre_max_km
202425,1.0,42,statale,SCUOLA PRIMARIA,2,PIEE83004L,SCUOLA PRIMARIA CHIANNI,CHIANNI,PISA,TOSCANA,SCUOLA PRIMARIA,primaria,1,capacita_esaurita_o_oltre_max_km
202425,1.0,42,statale,SCUOLA PRIMARIA,2,POEE81102A,MEROPE,VERNIO,PRATO,TOSCANA,SCUOLA PRIMARIA,primaria,1,capacita_esaurita_o_oltre_max_km
202425,1.0,42,statale,SCUOLA PRIMARIA,2,POEE81501L,CILIANI,PRATO,PRATO,TOSCANA,SCUOLA PRIMARIA,primaria,6,capacita_esaurita_o_oltre_max_km
202425,1.0,42,statale,SCUOLA PRIMARIA,2,PREE81606R,PALANZANO,PALANZANO,PARMA,EMILIA ROMAGNA,SCUOLA PRIMARIA,primaria,1,capacita_esaurita_o_oltre_max_km
202425,1.0,42,statale,SCUOLA PRIMARIA,2,PSEE83402N,PERGOLA - SERRA S. ABBONDIO,SERRA SANT'ABBONDIO,PESARO E URBINO,MARCHE,SCUOLA PRIMARIA,primaria,1,capacita_esaurita_o_oltre_max_km
202425,1.0,42,statale,SCUOLA PRIMARIA,2,PVEE800039,SCUOLA PRIMARIA ROVESCALA,ROVESCALA,PAVIA,LOMBARDIA,SCUOLA PRIMARIA,primaria,1,capacita_esaurita_o_oltre_max_km
202425,1.0,42,statale,SCUOLA PRIMARIA,2,PVEE80006C,SC. PRIM. COLLI VERDI,COLLI VERDI,PAVIA,LOMBARDIA,SCUOLA PRIMARIA,primaria,1,capacita_esaurita_o_oltre_max_km
202425,1.0,42,statale,SCUOLA PRIMARIA,2,PVEE80802V,CASTELNOVETTO,CASTELNOVETTO,PAVIA,LOMBARDIA,SCUOLA PRIMARIA,primaria,1,capacita_esaurita_o_oltre_max_km
202425,1.0,42,statale,SCUOLA PRIMARIA,2,PVEE808085,ZEME,ZEME,PAVIA,LOMBARDIA,SCUOLA PRIMARIA,primaria,1,capacita_esaurita_o_oltre_max_km
202425,1.0,42,statale,SCUOLA PRIMARIA,2,REEE83702Q,SC. PRIMARIA ROTEGLIA,CASTELLARANO,REGGIO EMILIA,EMILIA ROMAGNA,SCUOLA PRIMARIA,primaria,1,capacita_esaurita_o_oltre_max_km
202425,1.0,42,statale,SCUOLA PRIMARIA,2,SAEE8BM09A,CORLETO MONFORTE CAP. P.P.,CORLETO MONFORTE,SALERNO,CAMPANIA,SCUOLA PRIMARIA,primaria,1,capacita_esaurita_o_oltre_max_km
202425,1.0,42,statale,SCUOLA PRIMARIA,2,SIEE828024,VIA MARCONI,RADICONDOLI,SIENA,TOSCANA,SCUOLA PRIMARIA,primaria,1,capacita_esaurita_o_oltre_max_km
202425,1.0,42,statale,SCUOLA PRIMARIA,2,SPEE80506P,"RIOMAGGIORE CAP. ""T. SIGNORINI""",RIOMAGGIORE,LA SPEZIA,LIGURIA,SCUOLA PRIMARIA,primaria,1,capacita_esaurita_o_oltre_max_km
202425,1.0,42,statale,SCUOLA PRIMARIA,2,TEEE826037,SANT'OMERO CAPOLUOGO,SANT'OMERO,TERAMO,ABRUZZO,SCUOLA PRIMARIA,primaria,1,capacita_esaurita_o_oltre_max_km
202425,1.0,42,statale,SCUOLA PRIMARIA,2,TOEE809087,I.C.CERES-VIU',VIU',TORINO,PIEMONTE,SCUOLA PRIMARIA,primaria,1,capacita_esaurita_o_oltre_max_km
202425,1.0,42,statale,SCUOLA PRIMARIA,2,TREE81501A,SCUOLA PRIMARIA FICULLE,FICULLE,TERNI,UMBRIA,SCUOLA PRIMARIA,primaria,1,capacita_esaurita_o_oltre_max_km
202425,1.0,42,statale,SCUOLA PRIMARIA,2,TREE81505E,S.PRIMARIA MONTELEONE D'ORVIETO,MONTELEONE D'ORVIETO,TERNI,UMBRIA,SCUOLA PRIMARIA,primaria,1,capacita_esaurita_o_oltre_max_km
202425,1.0,42,statale,SCUOLA PRIMARIA,2,UDEE83701R,"""R. MARINOTTI""",TORVISCOSA,UDINE,FRIULI-VENEZIA G.,SCUOLA PRIMARIA,primaria,1,capacita_esaurita_o_oltre_max_km
202425,1.0,42,statale,SCUOLA PRIMARIA,2,MIEE8E9011,PRIMARIA U. E M. DI SAVOIA,ABBIATEGRASSO,MILANO,LOMBARDIA,SCUOLA PRIMARIA,primaria,3,capacita_esaurita_o_oltre_max_km
202425,1.0,42,statale,SCUOLA PRIMARIA,2,FEEE823018,VIA XVIII APRILE-ARGENTA,ARGENTA,FERRARA,EMILIA ROMAGNA,SCUOLA PRIMARIA,primaria,2,capacita_esaurita_o_oltre_max_km
202425,1.0,42,statale,SCUOLA PRIMARIA,2,REEE834039,S.GIOVANNI BOSCO,REGGIO NELL'EMILIA,REGGIO EMILIA,EMILIA ROMAGNA,SCUOLA PRIMARIA,primaria,3,capacita_esaurita_o_oltre_max_km
202425,1.0,42,statale,SCUOLA PRIMARIA,2,MOEE83601D,EDMONDO DE AMICIS,MARANO SUL PANARO,MODENA,EMILIA ROMAGNA,SCUOLA PRIMARIA,primaria,2,capacita_esaurita_o_oltre_max_km
202425,1.0,42,statale,SCUOLA PRIMARIA,2,ANEE82001C,"ANCONA ""MAGGINI""",ANCONA,ANCONA,MARCHE,SCUOLA PRIMARIA,primaria,4,capacita_esaurita_o_oltre_max_km
202425,1.0,42,statale,SCUOLA PRIMARIA,2,MOEE81401L,"""A.CRESPELLANI "" SAVIGNANO S/P",SAVIGNANO SUL PANARO,MODENA,EMILIA ROMAGNA,SCUOLA PRIMARIA,primaria,2,capacita_esaurita_o_oltre_max_km
202425,1.0,42,statale,SCUOLA PRIMARIA,2,FIEE821032,"""DON MILANI""",CAMPI BISENZIO,FIRENZE,TOSCANA,SCUOLA PRIMARIA,primaria,2,capacita_esaurita_o_oltre_max_km
202425,1.0,42,statale,SCUOLA PRIMARIA,2,MIEE8AS02R,PRIMARIA G. PARINI,CINISELLO BALSAMO,MILANO,LOMBARDIA,SCUOLA PRIMARIA,primaria,2,capacita_esaurita_o_oltre_max_km
202425,1.0,42,statale,SCUOLA PRIMARIA,2,BOEE854037,GIUSEPPE GARIBALDI,BOLOGNA,BOLOGNA,EMILIA ROMAGNA,SCUOLA PRIMARIA,primaria,2,capacita_esaurita_o_oltre_max_km
202425,1.0,42,statale,SCUOLA PRIMARIA,2,BSEE84101N,G.A. GALIGNANI,PALAZZOLO SULL'OGLIO,BRESCIA,LOMBARDIA,SCUOLA PRIMARIA,primaria,2,capacita_esaurita_o_oltre_max_km
202425,1.0,42,statale,SCUOLA PRIMARIA,2,BOEE87301E,ZAMBONI - I.C. N. 16 BOLOGNA,BOLOGNA,BOLOGNA,EMILIA ROMAGNA,SCUOLA PRIMARIA,primaria,2,capacita_esaurita_o_oltre_max_km
202425,1.0,42,statale,SCUOLA PRIMARIA,2,LIEE80802G,"""MARGHERITA HACK""",CASTAGNETO CARDUCCI,LIVORNO,TOSCANA,SCUOLA PRIMARIA,primaria,2,capacita_esaurita_o_oltre_max_km
202425,1.0,42,statale,SCUOLA PRIMARIA,2,VTEE80402C,CANINO,CANINO,VITERBO,LAZIO,SCUOLA PRIMARIA,primaria,2,capacita_esaurita_o_oltre_max_km
202425,1.0,42,statale,SCUOLA PRIMARIA,2,BGEE842022,SCUOLA PRIMARIA CISERANO,CISERANO,BERGAMO,LOMBARDIA,SCUOLA PRIMARIA,primaria,2,capacita_esaurita_o_oltre_max_km
202425,1.0,42,statale,SCUOLA PRIMARIA,2,FIEE81403V,"DICOMANO ""PASCOLI""",DICOMANO,FIRENZE,TOSCANA,SCUOLA PRIMARIA,primaria,1,capacita_esaurita_o_oltre_max_km
202425,1.0,42,statale,SCUOLA PRIMARIA,2,MIEE8EU01T,PRIMARIA M.GALLI,SESTO SAN GIOVANNI,MILANO,LOMBARDIA,SCUOLA PRIMARIA,primaria,3,capacita_esaurita_o_oltre_max_km
202425,1.0,42,statale,SCUOLA PRIMARIA,2,PCEE806036,"""L.TONCINI""",CAORSO,PIACENZA,EMILIA ROMAGNA,SCUOLA PRIMARIA,primaria,1,capacita_esaurita_o_oltre_max_km
202425,1.0,42,statale,SCUOLA PRIMARIA,2,BSEE849018,SCUOLA PRIMARIA CAPOLUOGO,CARPENEDOLO,BRESCIA,LOMBARDIA,SCUOLA PRIMARIA,primaria,4,capacita_esaurita_o_oltre_max_km
202425,1.0,42,statale,SCUOLA PRIMARIA,2,SPEE82104E,LA SPEZIA LA PIANTA,LA SPEZIA,LA SPEZIA,LIGURIA,SCUOLA PRIMARIA,primaria,2,capacita_esaurita_o_oltre_max_km
202425,1.0,42,statale,SCUOLA PRIMARIA,2,IMEE81102P,SC. PRIM. CASTELVECCHIO,IMPERIA,IMPERIA,LIGURIA,SCUOLA PRIMARIA,primaria,1,capacita_esaurita_o_oltre_max_km
202425,1.0,42,statale,SCUOLA PRIMARIA,2,BOEE80802C,MORANDI,BOLOGNA,BOLOGNA,EMILIA ROMAGNA,SCUOLA PRIMARIA,primaria,2,capacita_esaurita_o_oltre_max_km
202425,1.0,42,statale,SCUOLA PRIMARIA,2,BGEE835041,PRIMARIA VIDALENGO,CARAVAGGIO,BERGAMO,LOMBARDIA,SCUOLA PRIMARIA,primaria,1,capacita_esaurita_o_oltre_max_km
202425,1.0,42,statale,SCUOLA PRIMARIA,2,BOEE80601Q,E.DE AMICIS I.C. PIEVE DI CENTO,PIEVE DI CENTO,BOLOGNA,EMILIA ROMAGNA,SCUOLA PRIMARIA,primaria,1,capacita_esaurita_o_oltre_max_km
202425,1.0,42,statale,SCUOLA PRIMARIA,2,CREE81502G,S.DANIELE PO,SAN DANIELE PO,CREMONA,LOMBARDIA,SCUOLA PRIMARIA,primaria,1,capacita_esaurita_o_oltre_max_km
202425,1.0,42,statale,SCUOLA PRIMARIA,2,MOEE81603A,"""M. ZERBINI"" SELVA",SERRAMAZZONI,MODENA,EMILIA ROMAGNA,SCUOLA PRIMARIA,primaria,1,capacita_esaurita_o_oltre_max_km
202425,1.0,42,statale,SCUOLA PRIMARIA,2,VEEE87404E,LOMBARDO RADICE,VENEZIA,VENEZIA,VENETO,SCUOLA PRIMARIA,primaria,2,capacita_esaurita_o_oltre_max_km
202425,1.0,42,statale,SCUOLA PRIMARIA,2,LOEE801033,PRIMARIA DON C. GNOCCHI - LODI,LODI,LODI,LOMBARDIA,SCUOLA PRIMARIA,primaria,1,capacita_esaurita_o_oltre_max_km
202425,1.0,42,statale,SCUOLA PRIMARIA,2,MIEE8AN01G,PRIMARIALARGO GUERRIERI GONZAGA,MILANO,MILANO,LOMBARDIA,SCUOLA PRIMARIA,primaria,1,capacita_esaurita_o_oltre_max_km
202425,1.0,42,statale,SCUOLA PRIMARIA,2,MNEE80204R,"CASALOLDO ""DANTE ALIGHIERI""",CASALOLDO,MANTOVA,LOMBARDIA,SCUOLA PRIMARIA,primaria,1,capacita_esaurita_o_oltre_max_km
202425,1.0,42,statale,SCUOLA PRIMARIA,2,RGEE832016,ACATE CENTRALE,ACATE,RAGUSA,SICILIA,SCUOLA PRIMARIA,primaria,2,capacita_esaurita_o_oltre_max_km
202425,1.0,42,statale,SCUOLA PRIMARIA,2,SAEE81901E,CIOFFI,EBOLI,SALERNO,CAMPANIA,SCUOLA PRIMARIA,primaria,1,capacita_esaurita_o_oltre_max_km
202425,1.0,42,statale,SCUOLA PRIMARIA,2,TOEE137012,D.D. OULX - CAP.,OULX,TORINO,PIEMONTE,SCUOLA PRIMARIA,primaria,1,capacita_esaurita_o_oltre_max_km
202425,1.0,42,statale,SCUOLA PRIMARIA,2,BGEE89602A,"ROMANO DI LOMBARDIA ""MOTTINI""",ROMANO DI LOMBARDIA,BERGAMO,LOMBARDIA,SCUOLA PRIMARIA,primaria,2,capacita_esaurita_o_oltre_max_km
202425,1.0,42,statale,SCUOLA PRIMARIA,2,LOEE806058,PRIMARIA - MALEO,MALEO,LODI,LOMBARDIA,SCUOLA PRIMARIA,primaria,1,capacita_esaurita_o_oltre_max_km
202425,1.0,42,statale,SCUOLA PRIMARIA,2,MIEE8B003R,PRIMARIA VIA FIUME,VIMODRONE,MILANO,LOMBARDIA,SCUOLA PRIMARIA,primaria,1,capacita_esaurita_o_oltre_max_km
202425,1.0,42,statale,SCUOLA PRIMARIA,2,REEE847019,CARDUCCI G.,REGGIO NELL'EMILIA,REGGIO EMILIA,EMILIA ROMAGNA,SCUOLA PRIMARIA,primaria,2,capacita_esaurita_o_oltre_max_km
202425,1.0,42,statale,SCUOLA PRIMARIA,2,BOEE81002C,PRIMARIA ENRICO TOTI,VALSAMOGGIA,BOLOGNA,EMILIA ROMAGNA,SCUOLA PRIMARIA,primaria,1,capacita_esaurita_o_oltre_max_km
202425,1.0,42,statale,SCUOLA PRIMARIA,2,BOEE82101T,R. VIGANO' - I.C. CERETOLO,CASALECCHIO DI RENO,BOLOGNA,EMILIA ROMAGNA,SCUOLA PRIMARIA,primaria,2,capacita_esaurita_o_oltre_max_km
202425,1.0,42,statale,SCUOLA PRIMARIA,2,BSEE89903B,PRIMARIA - FIESSE,FIESSE,BRESCIA,LOMBARDIA,SCUOLA PRIMARIA,primaria,1,capacita_esaurita_o_oltre_max_km
202425,1.0,42,statale,SCUOLA PRIMARIA,2,CREE81301V,""" A. MINA "" (GUSSOLA)",GUSSOLA,CREMONA,LOMBARDIA,SCUOLA PRIMARIA,primaria,1,capacita_esaurita_o_oltre_max_km
202425,1.0,42,statale,SCUOLA PRIMARIA,2,GREE82504V,"PORTO ERCOLE -""L.RADICE""",MONTE ARGENTARIO,GROSSETO,TOSCANA,SCUOLA PRIMARIA,primaria,1,capacita_esaurita_o_oltre_max_km
202425,1.0,42,statale,SCUOLA PRIMARIA,2,LOEE814035,PRIMARIA ARCOBALENO - LODI,LODI,LODI,LOMBARDIA,SCUOLA PRIMARIA,primaria,1,capacita_esaurita_o_oltre_max_km
202425,1.0,42,statale,SCUOLA PRIMARIA,2,MIEE8DW042,PRIMARIA VIA MELERI,MILANO,MILANO,LOMBARDIA,SCUOLA PRIMARIA,primaria,1,capacita_esaurita_o_oltre_max_km
202425,1.0,42,statale,SCUOLA PRIMARIA,2,MNEE81504V,VILLIMPENTA,VILLIMPENTA,MANTOVA,LOMBARDIA,SCUOLA PRIMARIA,primaria,1,capacita_esaurita_o_oltre_max_km
202425,1.0,42,statale,SCUOLA PRIMARIA,2,PCEE805018,CORTEMAGGIORE - CAPOLUOGO,CORTEMAGGIORE,PIACENZA,EMILIA ROMAGNA,SCUOLA PRIMARIA,primaria,1,capacita_esaurita_o_oltre_max_km
202425,1.0,42,statale,SCUOLA PRIMARIA,2,PSEE817053,PS PIRANDELLO - MOMBAROCCIO,MOMBAROCCIO,PESARO E URBINO,MARCHE,SCUOLA PRIMARIA,primaria,1,capacita_esaurita_o_oltre_max_km
202425,1.0,42,statale,SCUOLA PRIMARIA,2,PVEE808041,PALESTRO,PALESTRO,PAVIA,LOMBARDIA,SCUOLA PRIMARIA,primaria,1,capacita_esaurita_o_oltre_max_km
202425,1.0,42,statale,SCUOLA PRIMARIA,2,PVEE808063,CANDIA LOMELLINA,CANDIA LOMELLINA,PAVIA,LOMBARDIA,SCUOLA PRIMARIA,primaria,1,capacita_esaurita_o_oltre_max_km
202425,1.0,42,statale,SCUOLA PRIMARIA,2,BGEE84002A,"PRIMARIA CHIUDUNO ""MON. VALOTI""",CHIUDUNO,BERGAMO,LOMBARDIA,SCUOLA PRIMARIA,primaria,1,capacita_esaurita_o_oltre_max_km
202425,1.0,42,statale,SCUOLA PRIMARIA,2,PCEE00802T,EGIDIO CARELLA,PIACENZA,PIACENZA,EMILIA ROMAGNA,SCUOLA PRIMARIA,primaria,1,capacita_esaurita_o_oltre_max_km
202425,1.0,42,statale,SCUOLA PRIMARIA,2,VREE87601P,ROSANI RITA-VR 04 P.TE CRENCANO,VERONA,VERONA,VENETO,SCUOLA PRIMARIA,primaria,1,capacita_esaurita_o_oltre_max_km
202425,1.0,42,statale,SCUOLA PRIMARIA,2,LTEE817018,S.TEN.A.ASPRI,FONDI,LATINA,LAZIO,SCUOLA PRIMARIA,primaria,2,capacita_esaurita_o_oltre_max_km
202425,1.0,42,statale,SCUOLA PRIMARIA,2,PVEE81308L,MIRADOLO TERME,MIRADOLO TERME,PAVIA,LOMBARDIA,SCUOLA PRIMARIA,primaria,1,capacita_esaurita_o_oltre_max_km
202425,1.0,42,statale,SCUOLA PRIMARIA,2,ANEE81302A,"ANCONA ""DE AMICIS""",ANCONA,ANCONA,MARCHE,SCUOLA PRIMARIA,primaria,1,capacita_esaurita_o_oltre_max_km
202425,1.0,42,statale,SCUOLA PRIMARIA,2,MIEE81702X,PRIMARIA T. CIRESOLA,MILANO,MILANO,LOMBARDIA,SCUOLA PRIMARIA,primaria,1,capacita_esaurita_o_oltre_max_km
202425,1.0,42,statale,SCUOLA PRIMARIA,2,POEE821021,C.A. DALLA CHIESA,PRATO,PRATO,TOSCANA,SCUOLA PRIMARIA,primaria,1,capacita_esaurita_o_oltre_max_km
202425,1.0,42,statale,SCUOLA PRIMARIA,2,AQEE82307B,S.PIO DELLE CAMERE CAP.,SAN PIO DELLE CAMERE,L'AQUILA,ABRUZZO,SCUOLA PRIMARIA,primaria,1,capacita_esaurita_o_oltre_max_km
202425,1.0,42,statale,SCUOLA PRIMARIA,2,BOEE80604V,"""PACE LIBERA TUTTI"" - MASCARINO",CASTELLO D'ARGILE,BOLOGNA,EMILIA ROMAGNA,SCUOLA PRIMARIA,primaria,1,capacita_esaurita_o_oltre_max_km
202425,1.0,42,statale,SCUOLA PRIMARIA,2,CNEE82610G,COSTIGLIOLE SALUZZO,COSTIGLIOLE SALUZZO,CUNEO,PIEMONTE,SCUOLA PRIMARIA,primaria,1,capacita_esaurita_o_oltre_max_km
202425,1.0,42,statale,SCUOLA PRIMARIA,2,FEEE825043,VIA.L.BENETTI-RO FERRARESE,RIVA DEL PO,FERRARA,EMILIA ROMAGNA,SCUOLA PRIMARIA,primaria,1,capacita_esaurita_o_oltre_max_km
202425,1.0,42,statale,SCUOLA PRIMARIA,2,FOEE80803R,ROCCA S.C. - LICINIO CAPPELLI,ROCCA SAN CASCIANO,FORLI'-CESENA,EMILIA ROMAGNA,SCUOLA PRIMARIA,primaria,1,capacita_esaurita_o_oltre_max_km
202425,1.0,42,statale,SCUOLA PRIMARIA,2,IMEE81201D,SC. ELEM. PIAZZA ULISSE CALVI,IMPERIA,IMPERIA,LIGURIA,SCUOLA PRIMARIA,primaria,1,capacita_esaurita_o_oltre_max_km
202425,1.0,42,statale,SCUOLA PRIMARIA,2,MNEE81505X,"CASTELDARIO ""G. CARDUCCI""",CASTEL D'ARIO,MANTOVA,LOMBARDIA,SCUOLA PRIMARIA,primaria,1,capacita_esaurita_o_oltre_max_km
202425,1.0,42,statale,SCUOLA PRIMARIA,2,REEE842016,VILLA MINOZZO CAP.,VILLA MINOZZO,REGGIO EMILIA,EMILIA ROMAGNA,SCUOLA PRIMARIA,primaria,1,capacita_esaurita_o_oltre_max_km
202425,1.0,42,statale,SCUOLA PRIMARIA,2,REEE828021,BRESCELLO CAP.,BRESCELLO,REGGIO EMILIA,EMILIA ROMAGNA,SCUOLA PRIMARIA,primaria,1,capacita_esaurita_o_oltre_max_km
202425,1.0,42,statale,SCUOLA PRIMARIA,2,BGEE897026,"BRIGNANO G. D'ADDA ""LOCATELLI""",BRIGNANO GERA D'ADDA,BERGAMO,LOMBARDIA,SCUOLA PRIMARIA,primaria,1,capacita_esaurita_o_oltre_max_km
202425,1.0,42,statale,SCUOLA PRIMARIA,2,MIEE8CF029,PRIMARIA ANNA FRANK,MILANO,MILANO,LOMBARDIA,SCUOLA PRIMARIA,primaria,1,capacita_esaurita_o_oltre_max_km
202425,1.0,42,statale,SCUOLA PRIMARIA,2,BOEE85302A,CARLO CHIOSTRI,BOLOGNA,BOLOGNA,EMILIA ROMAGNA,SCUOLA PRIMARIA,primaria,1,capacita_esaurita_o_oltre_max_km
202425,1.0,42,statale,SCUOLA PRIMARIA,2,LOEE807021,PRIMARIA - BREMBIO,BREMBIO,LODI,LOMBARDIA,SCUOLA PRIMARIA,primaria,1,capacita_esaurita_o_oltre_max_km
202425,1.0,42,statale,SCUOLA PRIMARIA,2,RAEE817013,"""CARCHIDIO F.""",FAENZA,RAVENNA,EMILIA ROMAGNA,SCUOLA PRIMARIA,primaria,1,capacita_esaurita_o_oltre_max_km
202425,1.0,42,statale,SCUOLA PRIMARIA,2,VEEE834077,G. PASCOLI,VENEZIA,VENEZIA,VENETO,SCUOLA PRIMARIA,primaria,1,capacita_esaurita_o_oltre_max_km
202425,1.0,42,statale,SCUOLA PRIMARIA,2,VEEE875017,JACOPO TINTORETTO,VENEZIA,VENEZIA,VENETO,SCUOLA PRIMARIA,primaria,1,capacita_esaurita_o_oltre_max_km
202425,1.0,42,statale,SCUOLA PRIMARIA,2,BGEE83703G,CASIRATE D'ADDA,CASIRATE D'ADDA,BERGAMO,LOMBARDIA,SCUOLA PRIMARIA,primaria,1,capacita_esaurita_o_oltre_max_km
202425,1.0,42,statale,SCUOLA PRIMARIA,2,MIEE815028,PRIMARIA VIA SCROSATI,MILANO,MILANO,LOMBARDIA,SCUOLA PRIMARIA,primaria,1,capacita_esaurita_o_oltre_max_km
202425,1.0,42,statale,SCUOLA PRIMARIA,3,SAEE87206L,AULETTA CAP.,AULETTA,SALERNO,CAMPANIA,SCUOLA PRIMARIA,primaria,12,capacita_esaurita_o_oltre_max_km
202425,1.0,42,statale,SCUOLA PRIMARIA,3,CREE81002C,BORDOLANO-CORTE C. CON CIGNONE,BORDOLANO,CREMONA,LOMBARDIA,SCUOLA PRIMARIA,primaria,7,capacita_esaurita_o_oltre_max_km
202425,1.0,42,statale,SCUOLA PRIMARIA,3,NUEE871019,"DORGALI - ""G.M.GISELLU""",DORGALI,NUORO,SARDEGNA,SCUOLA PRIMARIA,primaria,31,capacita_esaurita_o_oltre_max_km
202425,1.0,42,statale,SCUOLA PRIMARIA,3,CREE80001R,SCUOLA PRIMARIA SORESINA,SORESINA,CREMONA,LOMBARDIA,SCUOLA PRIMARIA,primaria,50,capacita_esaurita_o_oltre_max_km
202425,1.0,42,statale,SCUOLA PRIMARIA,3,NUEE87102A,DORGALI - VIA FRATELLI CERVI,DORGALI,NUORO,SARDEGNA,SCUOLA PRIMARIA,primaria,16,capacita_esaurita_o_oltre_max_km
202425,1.0,42,statale,SCUOLA PRIMARIA,3,PCEE00301N,G.TAVERNA,PIACENZA,PIACENZA,EMILIA ROMAGNA,SCUOLA PRIMARIA,primaria,2,capacita_esaurita_o_oltre_max_km
202425,1.0,42,statale,SCUOLA PRIMARIA,3,POEE804016,C.COLLODI,PRATO,PRATO,TOSCANA,SCUOLA PRIMARIA,primaria,25,capacita_esaurita_o_oltre_max_km
202425,1.0,42,statale,SCUOLA PRIMARIA,3,POEE80801D,PIETRO MASCAGNI,PRATO,PRATO,TOSCANA,SCUOLA PRIMARIA,primaria,35,capacita_esaurita_o_oltre_max_km
202425,1.0,42,statale,SCUOLA PRIMARIA,3,PVEE801057,CORTEOLONA E GENZONE,CORTEOLONA E GENZONE,PAVIA,LOMBARDIA,SCUOLA PRIMARIA,primaria,20,capacita_esaurita_o_oltre_max_km
202425,1.0,42,statale,SCUOLA PRIMARIA,3,GREE815059,PRATA,MASSA MARITTIMA,GROSSETO,TOSCANA,SCUOLA PRIMARIA,primaria,4,capacita_esaurita_o_oltre_max_km
202425,1.0,42,statale,SCUOLA PRIMARIA,3,VEEE87201Q,C. BATTISTI,VENEZIA,VENEZIA,VENETO,SCUOLA PRIMARIA,primaria,20,capacita_esaurita_o_oltre_max_km
202425,1.0,42,statale,SCUOLA PRIMARIA,3,AREE81103G,"""I. DEL LUNGO""",MONTEVARCHI,AREZZO,TOSCANA,SCUOLA PRIMARIA,primaria,7,capacita_esaurita_o_oltre_max_km
202425,1.0,42,statale,SCUOLA PRIMARIA,3,TOEE8B701D,"IC C.SO VERCELLI ""A. SABIN""",TORINO,TORINO,PIEMONTE,SCUOLA PRIMARIA,primaria,10,capacita_esaurita_o_oltre_max_km
202425,1.0,42,statale,SCUOLA PRIMARIA,3,NUEE87103B,DORGALI - FRAZ.GONONE,DORGALI,NUORO,SARDEGNA,SCUOLA PRIMARIA,primaria,7,capacita_esaurita_o_oltre_max_km
202425,1.0,42,statale,SCUOLA PRIMARIA,3,ALEE82805L,"ALESSANDRIA ""G.BOVIO""",ALESSANDRIA,ALESSANDRIA,PIEMONTE,SCUOLA PRIMARIA,primaria,9,capacita_esaurita_o_oltre_max_km
202425,1.0,42,statale,SCUOLA PRIMARIA,3,TOEE8B802A,IC GABELLI - PESTALOZZI,TORINO,TORINO,PIEMONTE,SCUOLA PRIMARIA,primaria,41,capacita_esaurita_o_oltre_max_km
202425,1.0,42,statale,SCUOLA PRIMARIA,3,PCEE00201T,GIULIO ALBERONI,PIACENZA,PIACENZA,EMILIA ROMAGNA,SCUOLA PRIMARIA,primaria,29,capacita_esaurita_o_oltre_max_km
202425,1.0,42,statale,SCUOLA PRIMARIA,3,BGEE8AD01R,"TREVIGLIO ""BATTISTI""",TREVIGLIO,BERGAMO,LOMBARDIA,SCUOLA PRIMARIA,primaria,2,capacita_esaurita_o_oltre_max_km
202425,1.0,42,statale,SCUOLA PRIMARIA,3,TOEE8BE01T,I.C. TORINO II -PARINI,TORINO,TORINO,PIEMONTE,SCUOLA PRIMARIA,primaria,7,capacita_esaurita_o_oltre_max_km
202425,1.0,42,statale,SCUOLA PRIMARIA,3,BSEE88501B,PRIMARIA VOLTA BRESCIA,BRESCIA,BRESCIA,LOMBARDIA,SCUOLA PRIMARIA,primaria,18,capacita_esaurita_o_oltre_max_km
202425,1.0,42,statale,SCUOLA PRIMARIA,3,BSEE816011,"BRESCIA ""MANZONI""",BRESCIA,BRESCIA,LOMBARDIA,SCUOLA PRIMARIA,primaria,11,capacita_esaurita_o_oltre_max_km
202425,1.0,42,statale,SCUOLA PRIMARIA,3,FOEE80804T,PORTICO DI R. - A.TRAVERSARI,PORTICO E SAN BENEDETTO,FORLI'-CESENA,EMILIA ROMAGNA,SCUOLA PRIMARIA,primaria,3,capacita_esaurita_o_oltre_max_km
202425,1.0,42,statale,SCUOLA PRIMARIA,3,GREE82103E,SATURNIA,MANCIANO,GROSSETO,TOSCANA,SCUOLA PRIMARIA,primaria,3,capacita_esaurita_o_oltre_max_km
202425,1.0,42,statale,SCUOLA PRIMARIA,3,POEE012016,"CONVITTO NAZIONALE ""CICOGNINI""",PRATO,PRATO,TOSCANA,SCUOLA PRIMARIA,primaria,16,capacita_esaurita_o_oltre_max_km
202425,1.0,42,statale,SCUOLA PRIMARIA,3,VCEE81506G,SCUOLA PRIMARIA DI ROVASENDA,ROVASENDA,VERCELLI,PIEMONTE,SCUOLA PRIMARIA,primaria,3,capacita_esaurita_o_oltre_max_km
202425,1.0,42,statale,SCUOLA PRIMARIA,3,VEEE827052,D.A.MUNARETTO-CIPRESSINA,VENEZIA,VENEZIA,VENETO,SCUOLA PRIMARIA,primaria,12,capacita_esaurita_o_oltre_max_km
202425,1.0,42,statale,SCUOLA PRIMARIA,3,MNEE830041,SAN MATTEO DELLE CHIAVICHE,VIADANA,MANTOVA,LOMBARDIA,SCUOLA PRIMARIA,primaria,10,capacita_esaurita_o_oltre_max_km
202425,1.0,42,statale,SCUOLA PRIMARIA,3,VEEE87301G,LEONARDO DA VINCI,VENEZIA,VENEZIA,VENETO,SCUOLA PRIMARIA,primaria,14,capacita_esaurita_o_oltre_max_km
202425,1.0,42,statale,SCUOLA PRIMARIA,3,PREE83801C,BRUNO FERRARI,LANGHIRANO,PARMA,EMILIA ROMAGNA,SCUOLA PRIMARIA,primaria,46,capacita_esaurita_o_oltre_max_km
202425,1.0,42,statale,SCUOLA PRIMARIA,3,GOEE80303T,DUCA D'AOSTA,MONFALCONE,GORIZIA,FRIULI-VENEZIA G.,SCUOLA PRIMARIA,primaria,37,capacita_esaurita_o_oltre_max_km
202425,1.0,42,statale,SCUOLA PRIMARIA,3,GOEE80301Q,N. SAURO,MONFALCONE,GORIZIA,FRIULI-VENEZIA G.,SCUOLA PRIMARIA,primaria,13,capacita_esaurita_o_oltre_max_km
202425,1.0,42,statale,SCUOLA PRIMARIA,3,PCEE002096,G.MAZZINI,PIACENZA,PIACENZA,EMILIA ROMAGNA,SCUOLA PRIMARIA,primaria,25,capacita_esaurita_o_oltre_max_km
202425,1.0,42,statale,SCUOLA PRIMARIA,3,TOEE87702G,I.C. REGIO PARCO - G. POLI,TORINO,TORINO,PIEMONTE,SCUOLA PRIMARIA,primaria,6,capacita_esaurita_o_oltre_max_km
202425,1.0,42,statale,SCUOLA PRIMARIA,3,VEEE846017,F. QUERINI,VENEZIA,VENEZIA,VENETO,SCUOLA PRIMARIA,primaria,39,capacita_esaurita_o_oltre_max_km
202425,1.0,42,statale,SCUOLA PRIMARIA,3,BSEE88502C,PRIMARIA DIV. ACQUI BRESCIA,BRESCIA,BRESCIA,LOMBARDIA,SCUOLA PRIMARIA,primaria,14,capacita_esaurita_o_oltre_max_km
202425,1.0,42,statale,SCUOLA PRIMARIA,3,BSEE887013,PRIMARIA RODARI BRESCIA,BRESCIA,BRESCIA,LOMBARDIA,SCUOLA PRIMARIA,primaria,10,capacita_esaurita_o_oltre_max_km
202425,1.0,42,statale,SCUOLA PRIMARIA,3,MNEE80801L,CESARE BATTISTI,CASTIGLIONE DELLE STIVIERE,MANTOVA,LOMBARDIA,SCUOLA PRIMARIA,primaria,21,capacita_esaurita_o_oltre_max_km
202425,1.0,42,statale,SCUOLA PRIMARIA,3,UDEE84806C,SAN GIOVANNI,SAN GIOVANNI AL NATISONE,UDINE,FRIULI-VENEZIA G.,SCUOLA PRIMARIA,primaria,4,capacita_esaurita_o_oltre_max_km
202425,1.0,42,statale,SCUOLA PRIMARIA,3,VEEE847035,S. BARBARA,VENEZIA,VENEZIA,VENETO,SCUOLA PRIMARIA,primaria,22,capacita_esaurita_o_oltre_max_km
202425,1.0,42,statale,SCUOLA PRIMARIA,3,VEEE870014,F. GRIMANI-MARGHERA,VENEZIA,VENEZIA,VENETO,SCUOLA PRIMARIA,primaria,42,capacita_esaurita_o_oltre_max_km
202425,1.0,42,statale,SCUOLA PRIMARIA,3,VIEE87902V,VILL. GIARDINO G.PELLIZZARI,ARZIGNANO,VICENZA,VENETO,SCUOLA PRIMARIA,primaria,6,capacita_esaurita_o_oltre_max_km
202425,1.0,42,statale,SCUOLA PRIMARIA,3,POEE813011,DON LORENZO MILANI -SAN GIUSTO,PRATO,PRATO,TOSCANA,SCUOLA PRIMARIA,primaria,28,capacita_esaurita_o_oltre_max_km
202425,1.0,42,statale,SCUOLA PRIMARIA,3,BOEE843082,PRIMARIA CARDUCCI,IMOLA,BOLOGNA,EMILIA ROMAGNA,SCUOLA PRIMARIA,primaria,2,capacita_esaurita_o_oltre_max_km
202425,1.0,42,statale,SCUOLA PRIMARIA,3,ANEE82003E,"ANCONA ""SAVIO""",ANCONA,ANCONA,MARCHE,SCUOLA PRIMARIA,primaria,6,capacita_esaurita_o_oltre_max_km
202425,1.0,42,statale,SCUOLA PRIMARIA,3,TOEE8BE02V,I.C. TORINO II-AURORA,TORINO,TORINO,PIEMONTE,SCUOLA PRIMARIA,primaria,33,capacita_esaurita_o_oltre_max_km
202425,1.0,42,statale,SCUOLA PRIMARIA,3,BSEE816044,PRIMARIA CRISPI BRESCIA,BRESCIA,BRESCIA,LOMBARDIA,SCUOLA PRIMARIA,primaria,23,capacita_esaurita_o_oltre_max_km
202425,1.0,42,statale,SCUOLA PRIMARIA,3,AQEE831025,PRIMARIA STATALE COLLELONGO,COLLELONGO,L'AQUILA,ABRUZZO,SCUOLA PRIMARIA,primaria,2,capacita_esaurita_o_oltre_max_km
202425,1.0,42,statale,SCUOLA PRIMARIA,3,ATEE81507N,SCUOLA PRIMARIA LOAZZOLO CAP.,LOAZZOLO,ASTI,PIEMONTE,SCUOLA PRIMARIA,primaria,2,capacita_esaurita_o_oltre_max_km
202425,1.0,42,statale,SCUOLA PRIMARIA,3,CREE811028,GALLIGNANO,SONCINO,CREMONA,LOMBARDIA,SCUOLA PRIMARIA,primaria,4,capacita_esaurita_o_oltre_max_km
202425,1.0,42,statale,SCUOLA PRIMARIA,3,CSEE85009N,SCUOLA PRIMARIA ALESSANDRIA DEL CARRETTO,ALESSANDRIA DEL CARRETTO,COSENZA,CALABRIA,SCUOLA PRIMARIA,primaria,4,capacita_esaurita_o_oltre_max_km
202425,1.0,42,statale,SCUOLA PRIMARIA,3,IMEE82001C,"""P.F.FERRAIRONI""-TRIORA",TRIORA,IMPERIA,LIGURIA,SCUOLA PRIMARIA,primaria,4,capacita_esaurita_o_oltre_max_km
202425,1.0,42,statale,SCUOLA PRIMARIA,3,ROEE80001L,PIAZZA MARCONI G. - CENESELLI,CENESELLI,ROVIGO,VENETO,SCUOLA PRIMARIA,primaria,5,capacita_esaurita_o_oltre_max_km
202425,1.0,42,statale,SCUOLA PRIMARIA,3,VIEE852063,IC ARSIERO -POSINA,POSINA,VICENZA,VENETO,SCUOLA PRIMARIA,primaria,2,capacita_esaurita_o_oltre_max_km
202425,1.0,42,statale,SCUOLA PRIMARIA,3,POEE80802E,BORGONUOVO/BOCCHERINI,PRATO,PRATO,TOSCANA,SCUOLA PRIMARIA,primaria,28,capacita_esaurita_o_oltre_max_km
202425,1.0,42,statale,SCUOLA PRIMARIA,3,MOEE06003D,"""JACOPO BAROZZI"" VIGNOLA",VIGNOLA,MODENA,EMILIA ROMAGNA,SCUOLA PRIMARIA,primaria,17,capacita_esaurita_o_oltre_max_km
202425,1.0,42,statale,SCUOLA PRIMARIA,3,MOEE82303D,GIOTTO - AREA CROTTI,CARPI,MODENA,EMILIA ROMAGNA,SCUOLA PRIMARIA,primaria,9,capacita_esaurita_o_oltre_max_km
202425,1.0,42,statale,SCUOLA PRIMARIA,3,BOEE854026,ADELE E DINO ROMAGNOLI PARTIGIA,BOLOGNA,BOLOGNA,EMILIA ROMAGNA,SCUOLA PRIMARIA,primaria,9,capacita_esaurita_o_oltre_max_km
202425,1.0,42,statale,SCUOLA PRIMARIA,3,NOEE82504D,"""P.THOUAR""",NOVARA,NOVARA,PIEMONTE,SCUOLA PRIMARIA,primaria,9,capacita_esaurita_o_oltre_max_km
202425,1.0,42,statale,SCUOLA PRIMARIA,3,BSEE881025,PRIMARIA UNGARETTI BRESCIA,BRESCIA,BRESCIA,LOMBARDIA,SCUOLA PRIMARIA,primaria,23,capacita_esaurita_o_oltre_max_km
202425,1.0,42,statale,SCUOLA PRIMARIA,3,GREE815015,BOCCHEGGIANO,MONTIERI,GROSSETO,TOSCANA,SCUOLA PRIMARIA,primaria,6,capacita_esaurita_o_oltre_max_km
202425,1.0,42,statale,SCUOLA PRIMARIA,3,PCEE80506D,VILLANOVA SULL'ARDA-CAPOLUOGO,VILLANOVA SULL'ARDA,PIACENZA,EMILIA ROMAGNA,SCUOLA PRIMARIA,primaria,6,capacita_esaurita_o_oltre_max_km
202425,1.0,42,statale,SCUOLA PRIMARIA,3,VEEE870025,M.L. VISINTINI-MARGHERA,VENEZIA,VENEZIA,VENETO,SCUOLA PRIMARIA,primaria,32,capacita_esaurita_o_oltre_max_km
202425,1.0,42,statale,SCUOLA PRIMARIA,3,SPEE81405C,"""E. DE AMICIS""",LA SPEZIA,LA SPEZIA,LIGURIA,SCUOLA PRIMARIA,primaria,1,capacita_esaurita_o_oltre_max_km
202425,1.0,42,statale,SCUOLA PRIMARIA,3,PGEE05701T,D.D. 1 CIRC.UMBERTIDE GARIBALDI,UMBERTIDE,PERUGIA,UMBRIA,SCUOLA PRIMARIA,primaria,5,capacita_esaurita_o_oltre_max_km
202425,1.0,42,statale,SCUOLA PRIMARIA,3,BSEE87702D,PRIMARIA E. RINALDINI BRESCIA,BRESCIA,BRESCIA,LOMBARDIA,SCUOLA PRIMARIA,primaria,20,capacita_esaurita_o_oltre_max_km
202425,1.0,42,statale,SCUOLA PRIMARIA,3,PVEE813019,VILLANTERIO,VILLANTERIO,PAVIA,LOMBARDIA,SCUOLA PRIMARIA,primaria,4,capacita_esaurita_o_oltre_max_km
202425,1.0,42,statale,SCUOLA PRIMARIA,3,PCEE00403G,DUE GIUGNO,PIACENZA,PIACENZA,EMILIA ROMAGNA,SCUOLA PRIMARIA,primaria,29,capacita_esaurita_o_oltre_max_km
202425,1.0,42,statale,SCUOLA PRIMARIA,3,IMEE81002V,SC. PRIM. T. LITTARDI,IMPERIA,IMPERIA,LIGURIA,SCUOLA PRIMARIA,primaria,15,capacita_esaurita_o_oltre_max_km
202425,1.0,42,statale,SCUOLA PRIMARIA,3,TOEE80504Q,I.C. CENA - ABBA,TORINO,TORINO,PIEMONTE,SCUOLA PRIMARIA,primaria,16,capacita_esaurita_o_oltre_max_km
202425,1.0,42,statale,SCUOLA PRIMARIA,3,ALEE80701B,"SERRAVALLE SCRIVIA ""G.MARCONI""",SERRAVALLE SCRIVIA,ALESSANDRIA,PIEMONTE,SCUOLA PRIMARIA,primaria,1,capacita_esaurita_o_oltre_max_km
202425,1.0,42,statale,SCUOLA PRIMARIA,3,BSEE887024,PRIMARIA DON MILANI BRESCIA,BRESCIA,BRESCIA,LOMBARDIA,SCUOLA PRIMARIA,primaria,15,capacita_esaurita_o_oltre_max_km
202425,1.0,42,statale,SCUOLA PRIMARIA,3,FIEE872062,CAPOLUOGO-LEONARDO DA VINCI,EMPOLI,FIRENZE,TOSCANA,SCUOLA PRIMARIA,primaria,6,capacita_esaurita_o_oltre_max_km
202425,1.0,42,statale,SCUOLA PRIMARIA,3,ALEE82601R,"ALESSANDRIA ""G.CARDUCCI""",ALESSANDRIA,ALESSANDRIA,PIEMONTE,SCUOLA PRIMARIA,primaria,28,capacita_esaurita_o_oltre_max_km
202425,1.0,42,statale,SCUOLA PRIMARIA,3,VREE857019,"NOGARA ""DON G. CALABRIA""",NOGARA,VERONA,VENETO,SCUOLA PRIMARIA,primaria,23,capacita_esaurita_o_oltre_max_km
202425,1.0,42,statale,SCUOLA PRIMARIA,3,FEEE824014,"""MARIA MONTESSORI"" - PORTOMAGGI",PORTOMAGGIORE,FERRARA,EMILIA ROMAGNA,SCUOLA PRIMARIA,primaria,33,capacita_esaurita_o_oltre_max_km
202425,1.0,42,statale,SCUOLA PRIMARIA,3,MOEE06001B,"""G.MAZZINI"" VIGNOLA",VIGNOLA,MODENA,EMILIA ROMAGNA,SCUOLA PRIMARIA,primaria,34,capacita_esaurita_o_oltre_max_km
202425,1.0,42,statale,SCUOLA PRIMARIA,3,ALEE81005B,"""L. DA VINCI"" - CARTOSIO",CARTOSIO,ALESSANDRIA,PIEMONTE,SCUOLA PRIMARIA,primaria,1,capacita_esaurita_o_oltre_max_km
202425,1.0,42,statale,SCUOLA PRIMARIA,3,BIEE812041,CASTELLETTO CERVO,CASTELLETTO CERVO,BIELLA,PIEMONTE,SCUOLA PRIMARIA,primaria,3,capacita_esaurita_o_oltre_max_km
202425,1.0,42,statale,SCUOLA PRIMARIA,3,BSEE87704G,PRIMARIA CANOSSI BRESCIA,BRESCIA,BRESCIA,LOMBARDIA,SCUOLA PRIMARIA,primaria,3,capacita_esaurita_o_oltre_max_km
202425,1.0,42,statale,SCUOLA PRIMARIA,3,GREE817051,"CINIGIANO CAP. - ""G.ALFIERI""",CINIGIANO,GROSSETO,TOSCANA,SCUOLA PRIMARIA,primaria,7,capacita_esaurita_o_oltre_max_km
202425,1.0,42,statale,SCUOLA PRIMARIA,3,MNEE83905C,PRIMARIA BELFORTE,GAZZUOLO,MANTOVA,LOMBARDIA,SCUOLA PRIMARIA,primaria,5,capacita_esaurita_o_oltre_max_km
202425,1.0,42,statale,SCUOLA PRIMARIA,3,NOEE82505E,"""C.E.BUSCAGLIA""",NOVARA,NOVARA,PIEMONTE,SCUOLA PRIMARIA,primaria,15,capacita_esaurita_o_oltre_max_km
202425,1.0,42,statale,SCUOLA PRIMARIA,3,SVEE82205T,ALBENGA I - DON BARBERA,ALBENGA,SAVONA,LIGURIA,SCUOLA PRIMARIA,primaria,15,capacita_esaurita_o_oltre_max_km
202425,1.0,42,statale,SCUOLA PRIMARIA,3,PREE827023,ULISSE ADORNI,PARMA,PARMA,EMILIA ROMAGNA,SCUOLA PRIMARIA,primaria,2,capacita_esaurita_o_oltre_max_km
202425,1.0,42,statale,SCUOLA PRIMARIA,3,TOEE004041,ALLIEVO-FRANCHETTI,TORINO,TORINO,PIEMONTE,SCUOLA PRIMARIA,primaria,23,capacita_esaurita_o_oltre_max_km
202425,1.0,42,statale,SCUOLA PRIMARIA,3,BSEE815026,PRIMARIA G. DELEDDA BRESCIA,BRESCIA,BRESCIA,LOMBARDIA,SCUOLA PRIMARIA,primaria,19,capacita_esaurita_o_oltre_max_km
202425,1.0,42,statale,SCUOLA PRIMARIA,3,LOEE80903N,PRIMARIA ROSOLINO ANDENA-CASALP,CASALPUSTERLENGO,LODI,LOMBARDIA,SCUOLA PRIMARIA,primaria,24,capacita_esaurita_o_oltre_max_km
202425,1.0,42,statale,SCUOLA PRIMARIA,3,PREE83602T,FILIPPO CORRIDONI,PARMA,PARMA,EMILIA ROMAGNA,SCUOLA PRIMARIA,primaria,19,capacita_esaurita_o_oltre_max_km
202425,1.0,42,statale,SCUOLA PRIMARIA,3,COEE84804T,CAMPIONE D'ITALIA,CAMPIONE D'ITALIA,COMO,LOMBARDIA,SCUOLA PRIMARIA,primaria,5,capacita_esaurita_o_oltre_max_km
202425,1.0,42,statale,SCUOLA PRIMARIA,3,CTEE808023,MAZZARRONE - G.BUFALINO,MAZZARRONE,CATANIA,SICILIA,SCUOLA PRIMARIA,primaria,1,capacita_esaurita_o_oltre_max_km
202425,1.0,42,statale,SCUOLA PRIMARIA,3,GREE822018,"S.FIORA CAP.-""M. PRATESI""",SANTA FIORA,GROSSETO,TOSCANA,SCUOLA PRIMARIA,primaria,5,capacita_esaurita_o_oltre_max_km
202425,1.0,42,statale,SCUOLA PRIMARIA,3,PDEE888017,GIACOMO LEOPARDI - PD,PADOVA,PADOVA,VENETO,SCUOLA PRIMARIA,primaria,17,capacita_esaurita_o_oltre_max_km
202425,1.0,42,statale,SCUOLA PRIMARIA,3,REEE83203N,VILLAROTTA,LUZZARA,REGGIO EMILIA,EMILIA ROMAGNA,SCUOLA PRIMARIA,primaria,5,capacita_esaurita_o_oltre_max_km
202425,1.0,42,statale,SCUOLA PRIMARIA,3,VEEE82201P,A. VESPUCCI-PORTEGRANDI,QUARTO D'ALTINO,VENEZIA,VENETO,SCUOLA PRIMARIA,primaria,5,capacita_esaurita_o_oltre_max_km
202425,1.0,42,statale,SCUOLA PRIMARIA,3,PVEE821029,BRONI - PAOLO BAFFI,BRONI,PAVIA,LOMBARDIA,SCUOLA PRIMARIA,primaria,31,capacita_esaurita_o_oltre_max_km
202425,1.0,42,statale,SCUOLA PRIMARIA,3,PVEE83201P,VIG.VITT.VEN. REGINA MARGHERITA,VIGEVANO,PAVIA,LOMBARDIA,SCUOLA PRIMARIA,primaria,4,capacita_esaurita_o_oltre_max_km
202425,1.0,42,statale,SCUOLA PRIMARIA,3,ALEE82702N,"ALESSANDRIA ""E.DE AMICIS""",ALESSANDRIA,ALESSANDRIA,PIEMONTE,SCUOLA PRIMARIA,primaria,23,capacita_esaurita_o_oltre_max_km
202425,1.0,42,statale,SCUOLA PRIMARIA,3,PREE826016,MICHELI,PARMA,PARMA,EMILIA ROMAGNA,SCUOLA PRIMARIA,primaria,18,capacita_esaurita_o_oltre_max_km
202425,1.0,42,statale,SCUOLA PRIMARIA,3,GEEE85102N,S.EL. - E.MONTALE -,GENOVA,GENOVA,LIGURIA,SCUOLA PRIMARIA,primaria,2,capacita_esaurita_o_oltre_max_km
202425,1.0,42,statale,SCUOLA PRIMARIA,3,IMEE81102P,SC. PRIM. CASTELVECCHIO,IMPERIA,IMPERIA,LIGURIA,SCUOLA PRIMARIA,primaria,6,capacita_esaurita_o_oltre_max_km
202425,1.0,42,statale,SCUOLA PRIMARIA,3,PDEE882029,DELEDDA -PD-,PADOVA,PADOVA,VENETO,SCUOLA PRIMARIA,primaria,9,capacita_esaurita_o_oltre_max_km
202425,1.0,42,statale,SCUOLA PRIMARIA,3,TOEE81401B,I.C. PONT C.SE CADUTI LIBERTA',PONT-CANAVESE,TORINO,PIEMONTE,SCUOLA PRIMARIA,primaria,5,capacita_esaurita_o_oltre_max_km
202425,1.0,42,statale,SCUOLA PRIMARIA,3,BGEE85902B,SCUOLA PRIMARIA CAP,MARTINENGO,BERGAMO,LOMBARDIA,SCUOLA PRIMARIA,primaria,20,capacita_esaurita_o_oltre_max_km
202425,1.0,42,statale,SCUOLA PRIMARIA,3,MIEE8C6029,PRIMARIA PARETO,MILANO,MILANO,LOMBARDIA,SCUOLA PRIMARIA,primaria,12,capacita_esaurita_o_oltre_max_km
202425,1.0,42,statale,SCUOLA PRIMARIA,3,SIEE819029,EDMONDO DE AMICIS,CHIANCIANO TERME,SIENA,TOSCANA,SCUOLA PRIMARIA,primaria,3,capacita_esaurita_o_oltre_max_km
202425,1.0,42,statale,SCUOLA PRIMARIA,3,ALEE83602C,"ACQUI TERME ""G.SARACCO""",ACQUI TERME,ALESSANDRIA,PIEMONTE,SCUOLA PRIMARIA,primaria,22,capacita_esaurita_o_oltre_max_km
202425,1.0,42,statale,SCUOLA PRIMARIA,3,BSEE87502T,"REZZATO ""CADUTI PIAZZA LOGGIA""",REZZATO,BRESCIA,LOMBARDIA,SCUOLA PRIMARIA,primaria,1,capacita_esaurita_o_oltre_max_km
202425,1.0,42,statale,SCUOLA PRIMARIA,3,MIEE8AF013,PRIMARIA VIA A. GRAF 74,MILANO,MILANO,LOMBARDIA,SCUOLA PRIMARIA,primaria,16,capacita_esaurita_o_oltre_max_km
202425,1.0,42,statale,SCUOLA PRIMARIA,3,CREE80003V,SCUOLA PRIMARIA CASALMORANO,CASALMORANO,CREMONA,LOMBARDIA,SCUOLA PRIMARIA,primaria,7,capacita_esaurita_o_oltre_max_km
202425,1.0,42,statale,SCUOLA PRIMARIA,3,MOEE04009E,"""G. PASCOLI"" - S.M. SPINO",MIRANDOLA,MODENA,EMILIA ROMAGNA,SCUOLA PRIMARIA,primaria,4,capacita_esaurita_o_oltre_max_km
202425,1.0,42,statale,SCUOLA PRIMARIA,3,MIEE8FP021,PRIMARIA VIA BODIO,MILANO,MILANO,LOMBARDIA,SCUOLA PRIMARIA,primaria,1,capacita_esaurita_o_oltre_max_km
202425,1.0,42,statale,SCUOLA PRIMARIA,3,RAEE80601L,"""QUADRI LUIGI""",MASSA LOMBARDA,RAVENNA,EMILIA ROMAGNA,SCUOLA PRIMARIA,primaria,25,capacita_esaurita_o_oltre_max_km
202425,1.0,42,statale,SCUOLA PRIMARIA,3,GOEE80402L,C. BATTISTI,MONFALCONE,GORIZIA,FRIULI-VENEZIA G.,SCUOLA PRIMARIA,primaria,1,capacita_esaurita_o_oltre_max_km
202425,1.0,42,statale,SCUOLA PRIMARIA,3,MIEE80901X,PRIMARIA - VIA ANTONINI,MILANO,MILANO,LOMBARDIA,SCUOLA PRIMARIA,primaria,8,capacita_esaurita_o_oltre_max_km
202425,1.0,42,statale,SCUOLA PRIMARIA,3,NOEE82901N,"""GIANNI RODARI""",TRECATE,NOVARA,PIEMONTE,SCUOLA PRIMARIA,primaria,26,capacita_esaurita_o_oltre_max_km
202425,1.0,42,statale,SCUOLA PRIMARIA,3,PCEE005019,VITTORINO DA FELTRE,PIACENZA,PIACENZA,EMILIA ROMAGNA,SCUOLA PRIMARIA,primaria,37,capacita_esaurita_o_oltre_max_km
202425,1.0,42,statale,SCUOLA PRIMARIA,3,ALEE83403T,"""C.SO ROMITA"" - TORTONA",TORTONA,ALESSANDRIA,PIEMONTE,SCUOLA PRIMARIA,primaria,21,capacita_esaurita_o_oltre_max_km
202425,1.0,42,statale,SCUOLA PRIMARIA,3,AREE82801V,"""LUIGI GORI""",BIBBIENA,AREZZO,TOSCANA,SCUOLA PRIMARIA,primaria,4,capacita_esaurita_o_oltre_max_km
202425,1.0,42,statale,SCUOLA PRIMARIA,3,GREE815037,MONTEROTONDO CAPOLUOGO,MONTEROTONDO MARITTIMO,GROSSETO,TOSCANA,SCUOLA PRIMARIA,primaria,4,capacita_esaurita_o_oltre_max_km
202425,1.0,42,statale,SCUOLA PRIMARIA,3,MIEE8AG02X,PRIMARIA GHERARDINI,MILANO,MILANO,LOMBARDIA,SCUOLA PRIMARIA,primaria,24,capacita_esaurita_o_oltre_max_km
202425,1.0,42,statale,SCUOLA PRIMARIA,3,ALEE83404V,"""GIANNI RODARI"" - TORTONA",TORTONA,ALESSANDRIA,PIEMONTE,SCUOLA PRIMARIA,primaria,24,capacita_esaurita_o_oltre_max_km
202425,1.0,42,statale,SCUOLA PRIMARIA,3,MIEE895014,PRIMARIA M. MONTESSORI,SAN GIULIANO MILANESE,MILANO,LOMBARDIA,SCUOLA PRIMARIA,primaria,3,capacita_esaurita_o_oltre_max_km
202425,1.0,42,statale,SCUOLA PRIMARIA,3,CREE81601A,"""G. MARCONI""(CASALMAGGIORE CAP)",CASALMAGGIORE,CREMONA,LOMBARDIA,SCUOLA PRIMARIA,primaria,25,capacita_esaurita_o_oltre_max_km
202425,1.0,42,statale,SCUOLA PRIMARIA,3,BOEE80501X,DE AMICIS IC SAN P. IN CASALE,SAN PIETRO IN CASALE,BOLOGNA,EMILIA ROMAGNA,SCUOLA PRIMARIA,primaria,25,capacita_esaurita_o_oltre_max_km
202425,1.0,42,statale,SCUOLA PRIMARIA,3,GEEE84201T,S.EL. DI VIA TEGLIA,GENOVA,GENOVA,LIGURIA,SCUOLA PRIMARIA,primaria,11,capacita_esaurita_o_oltre_max_km
202425,1.0,42,statale,SCUOLA PRIMARIA,3,NOEE82303R,""" DON PONZETTO """,NOVARA,NOVARA,PIEMONTE,SCUOLA PRIMARIA,primaria,17,capacita_esaurita_o_oltre_max_km
202425,1.0,42,statale,SCUOLA PRIMARIA,3,FIEE87701X,CAPOLUOGO- CARDUCCI,FUCECCHIO,FIRENZE,TOSCANA,SCUOLA PRIMARIA,primaria,27,capacita_esaurita_o_oltre_max_km
202425,1.0,42,statale,SCUOLA PRIMARIA,3,VREE87803C,G. UBERTI,VERONA,VERONA,VENETO,SCUOLA PRIMARIA,primaria,3,capacita_esaurita_o_oltre_max_km
202425,1.0,42,statale,SCUOLA PRIMARIA,3,BSEE816022,"BRESCIA ""CALINI""",BRESCIA,BRESCIA,LOMBARDIA,SCUOLA PRIMARIA,primaria,18,capacita_esaurita_o_oltre_max_km
202425,1.0,42,statale,SCUOLA PRIMARIA,3,PIEE824049,CAPPELLINI,CASTELNUOVO DI VAL DI CECINA,PISA,TOSCANA,SCUOLA PRIMARIA,primaria,3,capacita_esaurita_o_oltre_max_km
202425,1.0,42,statale,SCUOLA PRIMARIA,3,SAEE83902R,ANGELO PATRI - AVERSANA,BATTIPAGLIA,SALERNO,CAMPANIA,SCUOLA PRIMARIA,primaria,5,capacita_esaurita_o_oltre_max_km
202425,1.0,42,statale,SCUOLA PRIMARIA,3,AQEE82101D,"""E. DE AMICIS"" - LUCO DEI MARSI",LUCO DEI MARSI,L'AQUILA,ABRUZZO,SCUOLA PRIMARIA,primaria,19,capacita_esaurita_o_oltre_max_km
202425,1.0,42,statale,SCUOLA PRIMARIA,3,RNEE817019,FERRARI - IC CENTRO STORICO,RIMINI,RIMINI,EMILIA ROMAGNA,SCUOLA PRIMARIA,primaria,7,capacita_esaurita_o_oltre_max_km
202425,1.0,42,statale,SCUOLA PRIMARIA,3,PCEE81801A,FIORENZUOLA - CAPOLUOGO,FIORENZUOLA D'ARDA,PIACENZA,EMILIA ROMAGNA,SCUOLA PRIMARIA,primaria,38,capacita_esaurita_o_oltre_max_km
202425,1.0,42,statale,SCUOLA PRIMARIA,3,PVEE83101V,VIG.VIALE LIBERTA' - DE AMICIS,VIGEVANO,PAVIA,LOMBARDIA,SCUOLA PRIMARIA,primaria,24,capacita_esaurita_o_oltre_max_km
202425,1.0,42,statale,SCUOLA PRIMARIA,3,TOEE8B501T,IC PACCHIOTTI-VIA REVEL CAP.,TORINO,TORINO,PIEMONTE,SCUOLA PRIMARIA,primaria,8,capacita_esaurita_o_oltre_max_km
202425,1.0,42,statale,SCUOLA PRIMARIA,3,FIEE821021,VAMBA,CAMPI BISENZIO,FIRENZE,TOSCANA,SCUOLA PRIMARIA,primaria,10,capacita_esaurita_o_oltre_max_km
202425,1.0,42,statale,SCUOLA PRIMARIA,3,BOEE81601A,FEDERZONI - I.C. N. 5 BOLOGNA,BOLOGNA,BOLOGNA,EMILIA ROMAGNA,SCUOLA PRIMARIA,primaria,9,capacita_esaurita_o_oltre_max_km
202425,1.0,42,statale,SCUOLA PRIMARIA,3,MOEE817069,"""SANDRO PERTINI""",CARPI,MODENA,EMILIA ROMAGNA,SCUOLA PRIMARIA,primaria,11,capacita_esaurita_o_oltre_max_km
202425,1.0,42,statale,SCUOLA PRIMARIA,3,IMEE81103Q,SC. PRIM. BORGO SAN MORO,IMPERIA,IMPERIA,LIGURIA,SCUOLA PRIMARIA,primaria,6,capacita_esaurita_o_oltre_max_km
202425,1.0,42,statale,SCUOLA PRIMARIA,3,PVEE80007D,SC. PRIM. CANNETO PAVESE,CANNETO PAVESE,PAVIA,LOMBARDIA,SCUOLA PRIMARIA,primaria,6,capacita_esaurita_o_oltre_max_km
202425,1.0,42,statale,SCUOLA PRIMARIA,3,PVEE80902P,FERRERA ERBOGNONE,FERRERA ERBOGNONE,PAVIA,LOMBARDIA,SCUOLA PRIMARIA,primaria,3,capacita_esaurita_o_oltre_max_km
202425,1.0,42,statale,SCUOLA PRIMARIA,3,SOEE81301E,DELEBIOCAPOLUOGO,DELEBIO,SONDRIO,LOMBARDIA,SCUOLA PRIMARIA,primaria,6,capacita_esaurita_o_oltre_max_km
202425,1.0,42,statale,SCUOLA PRIMARIA,3,CREE809039,PESCAROLO ED UNITI CAP.,PESCAROLO ED UNITI,CREMONA,LOMBARDIA,SCUOLA PRIMARIA,primaria,5,capacita_esaurita_o_oltre_max_km
202425,1.0,42,statale,SCUOLA PRIMARIA,3,MIEE8FY01Q,"PRIMARIA ""NAZARIO SAURO""",MILANO,MILANO,LOMBARDIA,SCUOLA PRIMARIA,primaria,12,capacita_esaurita_o_oltre_max_km
202425,1.0,42,statale,SCUOLA PRIMARIA,3,RAEE82202G,"""PIRAZZINI A.""",FAENZA,RAVENNA,EMILIA ROMAGNA,SCUOLA PRIMARIA,primaria,2,capacita_esaurita_o_oltre_max_km
202425,1.0,42,statale,SCUOLA PRIMARIA,3,VREE882023,LUDOVICO ARIOSTO-VR 11,VERONA,VERONA,VENETO,SCUOLA PRIMARIA,primaria,7,capacita_esaurita_o_oltre_max_km
202425,1.0,42,statale,SCUOLA PRIMARIA,3,BSEE843019,ROVATO CAP.,ROVATO,BRESCIA,LOMBARDIA,SCUOLA PRIMARIA,primaria,8,capacita_esaurita_o_oltre_max_km
202425,1.0,42,statale,SCUOLA PRIMARIA,3,MIEE8AZ02G,PRIMARIA XXV APRILE,SESTO SAN GIOVANNI,MILANO,LOMBARDIA,SCUOLA PRIMARIA,primaria,20,capacita_esaurita_o_oltre_max_km
202425,1.0,42,statale,SCUOLA PRIMARIA,3,MIEE8FB03V,PRIMARIA M.GREPPI,SAN DONATO MILANESE,MILANO,LOMBARDIA,SCUOLA PRIMARIA,primaria,5,capacita_esaurita_o_oltre_max_km
202425,1.0,42,statale,SCUOLA PRIMARIA,3,PCEE00402E,CADUTI SUL LAVORO,PIACENZA,PIACENZA,EMILIA ROMAGNA,SCUOLA PRIMARIA,primaria,21,capacita_esaurita_o_oltre_max_km
202425,1.0,42,statale,SCUOLA PRIMARIA,3,PCEE00401D,E.DE AMICIS,PIACENZA,PIACENZA,EMILIA ROMAGNA,SCUOLA PRIMARIA,primaria,21,capacita_esaurita_o_oltre_max_km
202425,1.0,42,statale,SCUOLA PRIMARIA,3,MNEE83801C,VIADANA,VIADANA,MANTOVA,LOMBARDIA,SCUOLA PRIMARIA,primaria,4,capacita_esaurita_o_oltre_max_km
202425,1.0,42,statale,SCUOLA PRIMARIA,3,BGEE84901Q,ELEMENTARE CAROBBIO,CAROBBIO DEGLI ANGELI,BERGAMO,LOMBARDIA,SCUOLA PRIMARIA,primaria,6,capacita_esaurita_o_oltre_max_km
202425,1.0,42,statale,SCUOLA PRIMARIA,3,CREE81003D,"""D.ALIGHIERI"" (ROBECCO D'OGLIO)",ROBECCO D'OGLIO,CREMONA,LOMBARDIA,SCUOLA PRIMARIA,primaria,8,capacita_esaurita_o_oltre_max_km
202425,1.0,42,statale,SCUOLA PRIMARIA,3,LOEE81501V,PRIMARIA COLLODI - S. ANGELO L.,SANT'ANGELO LODIGIANO,LODI,LOMBARDIA,SCUOLA PRIMARIA,primaria,3,capacita_esaurita_o_oltre_max_km
202425,1.0,42,statale,SCUOLA PRIMARIA,3,RAEE82201E,"""TOLOSANO A.""",FAENZA,RAVENNA,EMILIA ROMAGNA,SCUOLA PRIMARIA,primaria,22,capacita_esaurita_o_oltre_max_km
202425,1.0,42,statale,SCUOLA PRIMARIA,3,BOEE84301P,G. MARCONI - I.C. 2 IMOLA,IMOLA,BOLOGNA,EMILIA ROMAGNA,SCUOLA PRIMARIA,primaria,9,capacita_esaurita_o_oltre_max_km
202425,1.0,42,statale,SCUOLA PRIMARIA,3,BSEE87803A,PRIMARIA RAFFAELLO SANZIO,BRESCIA,BRESCIA,LOMBARDIA,SCUOLA PRIMARIA,primaria,9,capacita_esaurita_o_oltre_max_km
202425,1.0,42,statale,SCUOLA PRIMARIA,3,POEE811019,CARLO E MARIA TERESA ARMELLINI,VERNIO,PRATO,TOSCANA,SCUOLA PRIMARIA,primaria,9,capacita_esaurita_o_oltre_max_km
202425,1.0,42,statale,SCUOLA PRIMARIA,3,MIEE8CT01X,PRIMARIA VITTORIO LOCCHI,MILANO,MILANO,LOMBARDIA,SCUOLA PRIMARIA,primaria,20,capacita_esaurita_o_oltre_max_km
202425,1.0,42,statale,SCUOLA PRIMARIA,3,MNEE82201V,SC.PRIMARIA DI SERMIDE,SERMIDE E FELONICA,MANTOVA,LOMBARDIA,SCUOLA PRIMARIA,primaria,11,capacita_esaurita_o_oltre_max_km
202425,1.0,42,statale,SCUOLA PRIMARIA,3,VREE895014,PRADELLE-MACULAN-BAGNOLO,NOGAROLE ROCCA,VERONA,VENETO,SCUOLA PRIMARIA,primaria,11,capacita_esaurita_o_oltre_max_km
202425,1.0,42,statale,SCUOLA PRIMARIA,3,MIEE8AG01V,PRIMARIA VIA VAL LAGARINA,MILANO,MILANO,LOMBARDIA,SCUOLA PRIMARIA,primaria,16,capacita_esaurita_o_oltre_max_km
202425,1.0,42,statale,SCUOLA PRIMARIA,3,BSEE88304V,PRIMARIA CORRIDONI BRESCIA,BRESCIA,BRESCIA,LOMBARDIA,SCUOLA PRIMARIA,primaria,11,capacita_esaurita_o_oltre_max_km
202425,1.0,42,statale,SCUOLA PRIMARIA,3,IMEE810063,"SCUOLA PRIMARIA ""A. MAGLIANO""",IMPERIA,IMPERIA,LIGURIA,SCUOLA PRIMARIA,primaria,9,capacita_esaurita_o_oltre_max_km
202425,1.0,42,statale,SCUOLA PRIMARIA,3,MIEE8D0032,PRIMARIA VIA VALDAGNO,MILANO,MILANO,LOMBARDIA,SCUOLA PRIMARIA,primaria,10,capacita_esaurita_o_oltre_max_km
202425,1.0,42,statale,SCUOLA PRIMARIA,3,MIEE8C6018,PRIMARIA MAGREGLIO,MILANO,MILANO,LOMBARDIA,SCUOLA PRIMARIA,primaria,12,capacita_esaurita_o_oltre_max_km
202425,1.0,42,statale,SCUOLA PRIMARIA,3,TOEE81901E,I.C. MANZONI - RAYNERI,TORINO,TORINO,PIEMONTE,SCUOLA PRIMARIA,primaria,6,capacita_esaurita_o_oltre_max_km
202425,1.0,42,statale,SCUOLA PRIMARIA,3,IMEE815044,"VIA GALILEI BORGO ""G. RODARI""",SANREMO,IMPERIA,LIGURIA,SCUOLA PRIMARIA,primaria,13,capacita_esaurita_o_oltre_max_km
202425,1.0,42,statale,SCUOLA PRIMARIA,3,POEE819032,IVANA MARCOCCI,PRATO,PRATO,TOSCANA,SCUOLA PRIMARIA,primaria,11,capacita_esaurita_o_oltre_max_km
202425,1.0,42,statale,SCUOLA PRIMARIA,3,MIEE8AF024,PRIMARIA VIA A. GRAF 70,MILANO,MILANO,LOMBARDIA,SCUOLA PRIMARIA,primaria,13,capacita_esaurita_o_oltre_max_km
202425,1.0,42,statale,SCUOLA PRIMARIA,3,VTEE827014,"PRIMARIA ""SIRTO SACCHETTI""",ORTE,VITERBO,LAZIO,SCUOLA PRIMARIA,primaria,10,capacita_esaurita_o_oltre_max_km
202425,1.0,42,statale,SCUOLA PRIMARIA,3,CNEE813035,CEVA - CAPOLUOGO,CEVA,CUNEO,PIEMONTE,SCUOLA PRIMARIA,primaria,13,capacita_esaurita_o_oltre_max_km
202425,1.0,42,statale,SCUOLA PRIMARIA,3,TVEE88004T,FRANCESCO DALL'ONGARO - MANSUE',MANSUE',TREVISO,VENETO,SCUOLA PRIMARIA,primaria,12,capacita_esaurita_o_oltre_max_km
202425,1.0,42,statale,SCUOLA PRIMARIA,3,MIEE8CW015,PRIMARIA TITO SPERI,MILANO,MILANO,LOMBARDIA,SCUOLA PRIMARIA,primaria,17,capacita_esaurita_o_oltre_max_km
202425,1.0,42,statale,SCUOLA PRIMARIA,3,PVEE81701L,MORTARA,MORTARA,PAVIA,LOMBARDIA,SCUOLA PRIMARIA,primaria,29,capacita_esaurita_o_oltre_max_km
202425,1.0,42,statale,SCUOLA PRIMARIA,3,ALEE809013,"""G.BARETTI"" - RIVALTA B.",RIVALTA BORMIDA,ALESSANDRIA,PIEMONTE,SCUOLA PRIMARIA,primaria,4,capacita_esaurita_o_oltre_max_km
202425,1.0,42,statale,SCUOLA PRIMARIA,3,ALEE838035,"""P.DE MARZIANI"" - BASSIGNANA",BASSIGNANA,ALESSANDRIA,PIEMONTE,SCUOLA PRIMARIA,primaria,1,capacita_esaurita_o_oltre_max_km
202425,1.0,42,statale,SCUOLA PRIMARIA,3,AQEE831036,PRIMARIA VILLAVALLELONGA,VILLAVALLELONGA,L'AQUILA,ABRUZZO,SCUOLA PRIMARIA,primaria,2,capacita_esaurita_o_oltre_max_km
202425,1.0,42,statale,SCUOLA PRIMARIA,3,AQEE83502C,CAMPO DI GIOVE CAP.,CAMPO DI GIOVE,L'AQUILA,ABRUZZO,SCUOLA PRIMARIA,primaria,3,capacita_esaurita_o_oltre_max_km
202425,1.0,42,statale,SCUOLA PRIMARIA,3,AREE81203B,BAMBINI VITTIME DI S.GIULIANO P,MONTEMIGNAIO,AREZZO,TOSCANA,SCUOLA PRIMARIA,primaria,2,capacita_esaurita_o_oltre_max_km
202425,1.0,42,statale,SCUOLA PRIMARIA,3,AREE814022,"""FRATELLI BIMBI""",BADIA TEDALDA,AREZZO,TOSCANA,SCUOLA PRIMARIA,primaria,1,capacita_esaurita_o_oltre_max_km
202425,1.0,42,statale,SCUOLA PRIMARIA,3,AREE814033,"""VINCENZO LOPPI""",SESTINO,AREZZO,TOSCANA,SCUOLA PRIMARIA,primaria,3,capacita_esaurita_o_oltre_max_km
202425,1.0,42,statale,SCUOLA PRIMARIA,3,CBEE85303X,GUARDIALFIERA CAPOLUOGO,GUARDIALFIERA,CAMPOBASSO,MOLISE,SCUOLA PRIMARIA,primaria,2,capacita_esaurita_o_oltre_max_km
202425,1.0,42,statale,SCUOLA PRIMARIA,3,CNEE849074,"SINIO - ""ELIGIO COCCIO""",SINIO,CUNEO,PIEMONTE,SCUOLA PRIMARIA,primaria,1,capacita_esaurita_o_oltre_max_km
202425,1.0,42,statale,SCUOLA PRIMARIA,3,CNEE85901C,MONDOVI' PRIMARIA ALTIPIANO,MONDOVI',CUNEO,PIEMONTE,SCUOLA PRIMARIA,primaria,1,capacita_esaurita_o_oltre_max_km
202425,1.0,42,statale,SCUOLA PRIMARIA,3,CREE81501E,PIEVE S.GIACOMO CAP.,PIEVE SAN GIACOMO,CREMONA,LOMBARDIA,SCUOLA PRIMARIA,primaria,5,capacita_esaurita_o_oltre_max_km
202425,1.0,42,statale,SCUOLA PRIMARIA,3,CSEE83203T,VACCARIZZO ALBANESE CENTRO,VACCARIZZO ALBANESE,COSENZA,CALABRIA,SCUOLA PRIMARIA,primaria,2,capacita_esaurita_o_oltre_max_km
202425,1.0,42,statale,SCUOLA PRIMARIA,3,CSEE85007G,MONTEGIORDANO CENTRO,MONTEGIORDANO,COSENZA,CALABRIA,SCUOLA PRIMARIA,primaria,1,capacita_esaurita_o_oltre_max_km
202425,1.0,42,statale,SCUOLA PRIMARIA,3,GEEE818033,S.EL.MALINVERNI ISOLA DEL C.,ISOLA DEL CANTONE,GENOVA,LIGURIA,SCUOLA PRIMARIA,primaria,2,capacita_esaurita_o_oltre_max_km
202425,1.0,42,statale,SCUOLA PRIMARIA,3,GEEE83701A,N.TOMMASEO,GENOVA,GENOVA,LIGURIA,SCUOLA PRIMARIA,primaria,8,capacita_esaurita_o_oltre_max_km
202425,1.0,42,statale,SCUOLA PRIMARIA,3,GOEE80401G,T.C. AMELIO CUZZI,MONFALCONE,GORIZIA,FRIULI-VENEZIA G.,SCUOLA PRIMARIA,primaria,22,capacita_esaurita_o_oltre_max_km
202425,1.0,42,statale,SCUOLA PRIMARIA,3,GREE80902V,"BURIANO - ""R.FUCINI""",CASTIGLIONE DELLA PESCAIA,GROSSETO,TOSCANA,SCUOLA PRIMARIA,primaria,1,capacita_esaurita_o_oltre_max_km
202425,1.0,42,statale,SCUOLA PRIMARIA,3,GREE81804Q,"GIUNCARICO ""L.DA VINCI""",GAVORRANO,GROSSETO,TOSCANA,SCUOLA PRIMARIA,primaria,2,capacita_esaurita_o_oltre_max_km
202425,1.0,42,statale,SCUOLA PRIMARIA,3,GREE81805R,"SCARLINO CAP.-""P.BARBERINI""",SCARLINO,GROSSETO,TOSCANA,SCUOLA PRIMARIA,primaria,1,capacita_esaurita_o_oltre_max_km
202425,1.0,42,statale,SCUOLA PRIMARIA,3,IMEE80005B,PORNASSIO - CASTELLO -,PORNASSIO,IMPERIA,LIGURIA,SCUOLA PRIMARIA,primaria,2,capacita_esaurita_o_oltre_max_km
202425,1.0,42,statale,SCUOLA PRIMARIA,3,IMEE81601R,SCUOLA PRIMARIA AIROLE,AIROLE,IMPERIA,LIGURIA,SCUOLA PRIMARIA,primaria,2,capacita_esaurita_o_oltre_max_km
202425,1.0,42,statale,SCUOLA PRIMARIA,3,ISEE82603P,CIVITANOVA DEL SANNIO CAPOLUOGO,CIVITANOVA DEL SANNIO,ISERNIA,MOLISE,SCUOLA PRIMARIA,primaria,2,capacita_esaurita_o_oltre_max_km
202425,1.0,42,statale,SCUOLA PRIMARIA,3,LOEE813017,PRIMARIA P.C.M. BARZAGHI - LODI,LODI,LODI,LOMBARDIA,SCUOLA PRIMARIA,primaria,1,capacita_esaurita_o_oltre_max_km
202425,1.0,42,statale,SCUOLA PRIMARIA,3,MBEE8AH02L,S.ALESSANDRO,MONZA,MONZA E DELLA BRIANZA,LOMBARDIA,SCUOLA PRIMARIA,primaria,3,capacita_esaurita_o_oltre_max_km
202425,1.0,42,statale,SCUOLA PRIMARIA,3,MIEE8A1021,PRIMARIA B.LUINI,SESTO SAN GIOVANNI,MILANO,LOMBARDIA,SCUOLA PRIMARIA,primaria,3,capacita_esaurita_o_oltre_max_km
202425,1.0,42,statale,SCUOLA PRIMARIA,3,MIEE8AN01G,PRIMARIALARGO GUERRIERI GONZAGA,MILANO,MILANO,LOMBARDIA,SCUOLA PRIMARIA,primaria,14,capacita_esaurita_o_oltre_max_km
202425,1.0,42,statale,SCUOLA PRIMARIA,3,MIEE8D202L,PRIMARIA CAPPELLINI,MILANO,MILANO,LOMBARDIA,SCUOLA PRIMARIA,primaria,19,capacita_esaurita_o_oltre_max_km
202425,1.0,42,statale,SCUOLA PRIMARIA,3,MIEE8EN02P,PRIMARIA XXV APRILE,CORMANO,MILANO,LOMBARDIA,SCUOLA PRIMARIA,primaria,11,capacita_esaurita_o_oltre_max_km
202425,1.0,42,statale,SCUOLA PRIMARIA,3,MNEE80206V,PRIMARIA - PIUBEGA,PIUBEGA,MANTOVA,LOMBARDIA,SCUOLA PRIMARIA,primaria,3,capacita_esaurita_o_oltre_max_km
202425,1.0,42,statale,SCUOLA PRIMARIA,3,MSEE824041,PRIMARIA PODENZANA,PODENZANA,MASSA-CARRARA,TOSCANA,SCUOLA PRIMARIA,primaria,2,capacita_esaurita_o_oltre_max_km
202425,1.0,42,statale,SCUOLA PRIMARIA,3,MTEE83503D,"""RODARI""-METAPONTO BERNALDA",BERNALDA,MATERA,BASILICATA,SCUOLA PRIMARIA,primaria,2,capacita_esaurita_o_oltre_max_km
202425,1.0,42,statale,SCUOLA PRIMARIA,3,PCEE807076,FARINI - CAPOLUOGO,FARINI,PIACENZA,EMILIA ROMAGNA,SCUOLA PRIMARIA,primaria,1,capacita_esaurita_o_oltre_max_km
202425,1.0,42,statale,SCUOLA PRIMARIA,3,PDEE846048,"""M.BOSCHETTI ALBERTI""LOC.CASTAG",CADONEGHE,PADOVA,VENETO,SCUOLA PRIMARIA,primaria,7,capacita_esaurita_o_oltre_max_km
202425,1.0,42,statale,SCUOLA PRIMARIA,3,PGEE05807X,LISCIANO NICCONE,LISCIANO NICCONE,PERUGIA,UMBRIA,SCUOLA PRIMARIA,primaria,1,capacita_esaurita_o_oltre_max_km
202425,1.0,42,statale,SCUOLA PRIMARIA,3,PIEE81003A,PASCOLI,SANTA CROCE SULL'ARNO,PISA,TOSCANA,SCUOLA PRIMARIA,primaria,6,capacita_esaurita_o_oltre_max_km
202425,1.0,42,statale,SCUOLA PRIMARIA,3,PREE81005R,PELLEGRINO PARMENSE,PELLEGRINO PARMENSE,PARMA,EMILIA ROMAGNA,SCUOLA PRIMARIA,primaria,3,capacita_esaurita_o_oltre_max_km
202425,1.0,42,statale,SCUOLA PRIMARIA,3,PREE812018,BORGOTARO V. MONTEGRAPPA,BORGO VAL DI TARO,PARMA,EMILIA ROMAGNA,SCUOLA PRIMARIA,primaria,6,capacita_esaurita_o_oltre_max_km
202425,1.0,42,statale,SCUOLA PRIMARIA,3,PREE81706L,FRAZ. ISOLA,COMPIANO,PARMA,EMILIA ROMAGNA,SCUOLA PRIMARIA,primaria,2,capacita_esaurita_o_oltre_max_km
202425,1.0,42,statale,SCUOLA PRIMARIA,3,PREE835011,"""P. RACAGNI""",PARMA,PARMA,EMILIA ROMAGNA,SCUOLA PRIMARIA,primaria,18,capacita_esaurita_o_oltre_max_km
202425,1.0,42,statale,SCUOLA PRIMARIA,3,PREE839018,FORNOVO CPL,FORNOVO DI TARO,PARMA,EMILIA ROMAGNA,SCUOLA PRIMARIA,primaria,3,capacita_esaurita_o_oltre_max_km
202425,1.0,42,statale,SCUOLA PRIMARIA,3,PREE83906D,FRAZ. SELVACASTELLO,TERENZO,PARMA,EMILIA ROMAGNA,SCUOLA PRIMARIA,primaria,1,capacita_esaurita_o_oltre_max_km
202425,1.0,42,statale,SCUOLA PRIMARIA,3,PVEE830024,VIDARI,VIGEVANO,PAVIA,LOMBARDIA,SCUOLA PRIMARIA,primaria,30,capacita_esaurita_o_oltre_max_km
202425,1.0,42,statale,SCUOLA PRIMARIA,3,RAEE81802X,"""GINNASI ALESSANDRO""",CASTEL BOLOGNESE,RAVENNA,EMILIA ROMAGNA,SCUOLA PRIMARIA,primaria,13,capacita_esaurita_o_oltre_max_km
202425,1.0,42,statale,SCUOLA PRIMARIA,3,RIEE82007V,SCUOLA PRIMARIA DI CANETRA,CASTEL SANT'ANGELO,RIETI,LAZIO,SCUOLA PRIMARIA,primaria,1,capacita_esaurita_o_oltre_max_km
202425,1.0,42,statale,SCUOLA PRIMARIA,3,SAEE81901E,CIOFFI,EBOLI,SALERNO,CAMPANIA,SCUOLA PRIMARIA,primaria,5,capacita_esaurita_o_oltre_max_km
202425,1.0,42,statale,SCUOLA PRIMARIA,3,SVEE81502G,ALBENGA II - CASANOVA LERRONE,CASANOVA LERRONE,SAVONA,LIGURIA,SCUOLA PRIMARIA,primaria,1,capacita_esaurita_o_oltre_max_km
202425,1.0,42,statale,SCUOLA PRIMARIA,3,UDEE80901L,FORNI AVOLTRI,FORNI AVOLTRI,UDINE,FRIULI-VENEZIA G.,SCUOLA PRIMARIA,primaria,1,capacita_esaurita_o_oltre_max_km
202425,1.0,42,statale,SCUOLA PRIMARIA,3,VBEE81606R,SCUOLA ELEMENTARE DI OGGEBBIO,OGGEBBIO,VERBANO-CUSIO-OSSOLA,PIEMONTE,SCUOLA PRIMARIA,primaria,2,capacita_esaurita_o_oltre_max_km
202425,1.0,42,statale,SCUOLA PRIMARIA,3,VIEE885015,SAN ROCCO,ARZIGNANO,VICENZA,VENETO,SCUOLA PRIMARIA,primaria,7,capacita_esaurita_o_oltre_max_km
202425,1.0,42,statale,SCUOLA PRIMARIA,3,TOEE8BD012,I.C. ILARIA ALPI - PEROTTI,TORINO,TORINO,PIEMONTE,SCUOLA PRIMARIA,primaria,23,capacita_esaurita_o_oltre_max_km
202425,1.0,42,statale,SCUOLA PRIMARIA,3,BOEE825026,PRIMARIA BRUNO MUNARI BARICELLA,BARICELLA,BOLOGNA,EMILIA ROMAGNA,SCUOLA PRIMARIA,primaria,16,capacita_esaurita_o_oltre_max_km
202425,1.0,42,statale,SCUOLA PRIMARIA,3,MIEE8AP01B,PRMARIA A. COSTA,CINISELLO BALSAMO,MILANO,LOMBARDIA,SCUOLA PRIMARIA,primaria,10,capacita_esaurita_o_oltre_max_km
202425,1.0,42,statale,SCUOLA PRIMARIA,3,MIEE8A101X,PRIMARIA A.FRANK,SESTO SAN GIOVANNI,MILANO,LOMBARDIA,SCUOLA PRIMARIA,primaria,13,capacita_esaurita_o_oltre_max_km
202425,1.0,42,statale,SCUOLA PRIMARIA,3,BOEE81001B,PRIMARIA CASTELLETTO,VALSAMOGGIA,BOLOGNA,EMILIA ROMAGNA,SCUOLA PRIMARIA,primaria,3,capacita_esaurita_o_oltre_max_km
202425,1.0,42,statale,SCUOLA PRIMARIA,3,MOEE81903T,"""P.GIANNONE"" CAMPOSANTO",CAMPOSANTO,MODENA,EMILIA ROMAGNA,SCUOLA PRIMARIA,primaria,11,capacita_esaurita_o_oltre_max_km
202425,1.0,42,statale,SCUOLA PRIMARIA,3,ALEE839053,"ALESSANDRIA ""A.MORBELLI""",ALESSANDRIA,ALESSANDRIA,PIEMONTE,SCUOLA PRIMARIA,primaria,11,capacita_esaurita_o_oltre_max_km
202425,1.0,42,statale,SCUOLA PRIMARIA,3,TOEE8BD023,I.C. ILARIA ALPI - DELEDDA,TORINO,TORINO,PIEMONTE,SCUOLA PRIMARIA,primaria,11,capacita_esaurita_o_oltre_max_km
202425,1.0,42,statale,SCUOLA PRIMARIA,3,BGEE883028,PRIMARIA TRESCORE BALNEARIO,TRESCORE BALNEARIO,BERGAMO,LOMBARDIA,SCUOLA PRIMARIA,primaria,16,capacita_esaurita_o_oltre_max_km
202425,1.0,42,statale,SCUOLA PRIMARIA,3,MIEE8CF018,PRIMARIA C.CANTU',MILANO,MILANO,LOMBARDIA,SCUOLA PRIMARIA,primaria,16,capacita_esaurita_o_oltre_max_km
202425,1.0,42,statale,SCUOLA PRIMARIA,3,VEEE84402L,E. TOTI,VENEZIA,VENEZIA,VENETO,SCUOLA PRIMARIA,primaria,15,capacita_esaurita_o_oltre_max_km
202425,1.0,42,statale,SCUOLA PRIMARIA,3,MOEE839022,"""COLLODI ""CARPI",CARPI,MODENA,EMILIA ROMAGNA,SCUOLA PRIMARIA,primaria,7,capacita_esaurita_o_oltre_max_km
202425,1.0,42,statale,SCUOLA PRIMARIA,3,PCEE80801Q,BORGONOVO - CAPOLUOGO,BORGONOVO VAL TIDONE,PIACENZA,EMILIA ROMAGNA,SCUOLA PRIMARIA,primaria,16,capacita_esaurita_o_oltre_max_km
202425,1.0,42,statale,SCUOLA PRIMARIA,3,PVEE801035,PIEVE PORTO MORONE,PIEVE PORTO MORONE,PAVIA,LOMBARDIA,SCUOLA PRIMARIA,primaria,7,capacita_esaurita_o_oltre_max_km
202425,1.0,42,statale,SCUOLA PRIMARIA,3,BGEE896019,CORTENUOVA CAP- M.HACK,CORTENUOVA,BERGAMO,LOMBARDIA,SCUOLA PRIMARIA,primaria,1,capacita_esaurita_o_oltre_max_km
202425,1.0,42,statale,SCUOLA PRIMARIA,3,FEEE80205B,"""B.BISI""-SCORTICHINO",BONDENO,FERRARA,EMILIA ROMAGNA,SCUOLA PRIMARIA,primaria,6,capacita_esaurita_o_oltre_max_km
202425,1.0,42,statale,SCUOLA PRIMARIA,3,MIEE8AN02L,PRIMARIA S.GIOVANNI BOSCO,MILANO,MILANO,LOMBARDIA,SCUOLA PRIMARIA,primaria,12,capacita_esaurita_o_oltre_max_km
202425,1.0,42,statale,SCUOLA PRIMARIA,3,NOEE80901C,DON CARLO FELICE SAINO,CERANO,NOVARA,PIEMONTE,SCUOLA PRIMARIA,primaria,18,capacita_esaurita_o_oltre_max_km
202425,1.0,42,statale,SCUOLA PRIMARIA,3,PVEE80405P,PIEVE DEL CAIRO,PIEVE DEL CAIRO,PAVIA,LOMBARDIA,SCUOLA PRIMARIA,primaria,6,capacita_esaurita_o_oltre_max_km
202425,1.0,42,statale,SCUOLA PRIMARIA,3,GEEE83601E,S.EL. - D.FERRERO -,GENOVA,GENOVA,LIGURIA,SCUOLA PRIMARIA,primaria,17,capacita_esaurita_o_oltre_max_km
202425,1.0,42,statale,SCUOLA PRIMARIA,3,NOEE82301P,"""RIGUTINI""",NOVARA,NOVARA,PIEMONTE,SCUOLA PRIMARIA,primaria,17,capacita_esaurita_o_oltre_max_km
202425,1.0,42,statale,SCUOLA PRIMARIA,3,BGEE898022,"ROMANO DI LOMBARDIA ""G.PASCOLI""",ROMANO DI LOMBARDIA,BERGAMO,LOMBARDIA,SCUOLA PRIMARIA,primaria,10,capacita_esaurita_o_oltre_max_km
202425,1.0,42,statale,SCUOLA PRIMARIA,3,PCEE002052,SAN LAZZARO ALBERONI,PIACENZA,PIACENZA,EMILIA ROMAGNA,SCUOLA PRIMARIA,primaria,11,capacita_esaurita_o_oltre_max_km
202425,1.0,42,statale,SCUOLA PRIMARIA,3,MIEE8CS036,PRIMARIA F.CARACCIOLO,MILANO,MILANO,LOMBARDIA,SCUOLA PRIMARIA,primaria,16,capacita_esaurita_o_oltre_max_km
202425,1.0,42,statale,SCUOLA PRIMARIA,3,BGEE898011,"ROMANO DI LOMBARDIA ""DE AMICIS""",ROMANO DI LOMBARDIA,BERGAMO,LOMBARDIA,SCUOLA PRIMARIA,primaria,10,capacita_esaurita_o_oltre_max_km
202425,1.0,42,statale,SCUOLA PRIMARIA,3,BSEE83202X,SCUOLA PRIMARIA M. SENECI,LUMEZZANE,BRESCIA,LOMBARDIA,SCUOLA PRIMARIA,primaria,3,capacita_esaurita_o_oltre_max_km
202425,1.0,42,statale,SCUOLA PRIMARIA,3,CREE824019,"""CLAUDIO MONTEVERDI""",CREMONA,CREMONA,LOMBARDIA,SCUOLA PRIMARIA,primaria,11,capacita_esaurita_o_oltre_max_km
202425,1.0,42,statale,SCUOLA PRIMARIA,3,FOEE80902G,GALEATA FACIBENI,GALEATA,FORLI'-CESENA,EMILIA ROMAGNA,SCUOLA PRIMARIA,primaria,9,capacita_esaurita_o_oltre_max_km
202425,1.0,42,statale,SCUOLA PRIMARIA,3,IMEE801035,DIANO MARINA,DIANO MARINA,IMPERIA,LIGURIA,SCUOLA PRIMARIA,primaria,1,capacita_esaurita_o_oltre_max_km
202425,1.0,42,statale,SCUOLA PRIMARIA,3,PCEE81702G,"""TINA PESARO""",CASTEL SAN GIOVANNI,PIACENZA,EMILIA ROMAGNA,SCUOLA PRIMARIA,primaria,34,capacita_esaurita_o_oltre_max_km
202425,1.0,42,statale,SCUOLA PRIMARIA,3,ANEE80801T,"ARCEVIA ""ANSELMI""",ARCEVIA,ANCONA,MARCHE,SCUOLA PRIMARIA,primaria,4,capacita_esaurita_o_oltre_max_km
202425,1.0,42,statale,SCUOLA PRIMARIA,3,BOEE87701T,DE AMICIS - I.C. N. 18 BOLOGNA,BOLOGNA,BOLOGNA,EMILIA ROMAGNA,SCUOLA PRIMARIA,primaria,7,capacita_esaurita_o_oltre_max_km
202425,1.0,42,statale,SCUOLA PRIMARIA,3,VREE8AB01Q,"""L. MILANI""",SAN BONIFACIO,VERONA,VENETO,SCUOLA PRIMARIA,primaria,10,capacita_esaurita_o_oltre_max_km
202425,1.0,42,statale,SCUOLA PRIMARIA,3,BSEE86201P,CASTELCOVATI CAP.,CASTELCOVATI,BRESCIA,LOMBARDIA,SCUOLA PRIMARIA,primaria,6,capacita_esaurita_o_oltre_max_km
202425,1.0,42,statale,SCUOLA PRIMARIA,3,GREE82101C,"MANCIANO CAPOLUOGO -""P.ALDI""",MANCIANO,GROSSETO,TOSCANA,SCUOLA PRIMARIA,primaria,7,capacita_esaurita_o_oltre_max_km
202425,1.0,42,statale,SCUOLA PRIMARIA,3,RGEE80202B,LEONARDO SCIASCIA,VITTORIA,RAGUSA,SICILIA,SCUOLA PRIMARIA,primaria,13,capacita_esaurita_o_oltre_max_km
202425,1.0,42,statale,SCUOLA PRIMARIA,3,CREE80803D,"""S. FRANCESCA SAVERIO CABRINI""",GRUMELLO CREMONESE ED UNITI,CREMONA,LOMBARDIA,SCUOLA PRIMARIA,primaria,3,capacita_esaurita_o_oltre_max_km
202425,1.0,42,statale,SCUOLA PRIMARIA,3,GREE81704X,ARCILLE,CAMPAGNATICO,GROSSETO,TOSCANA,SCUOLA PRIMARIA,primaria,3,capacita_esaurita_o_oltre_max_km
202425,1.0,42,statale,SCUOLA PRIMARIA,3,NOEE814065,VICOLUNGO,VICOLUNGO,NOVARA,PIEMONTE,SCUOLA PRIMARIA,primaria,3,capacita_esaurita_o_oltre_max_km
202425,1.0,42,statale,SCUOLA PRIMARIA,3,ROEE81605A,PASINI GRISETTI - BARUCHELLA,GIACCIANO CON BARUCHELLA,ROVIGO,VENETO,SCUOLA PRIMARIA,primaria,2,capacita_esaurita_o_oltre_max_km
202425,1.0,42,statale,SCUOLA PRIMARIA,3,ALEE83902X,"ALESSANDRIA ""A.FERRERO""",ALESSANDRIA,ALESSANDRIA,PIEMONTE,SCUOLA PRIMARIA,primaria,12,capacita_esaurita_o_oltre_max_km
202425,1.0,42,statale,SCUOLA PRIMARIA,3,MNEE82202X,SC.PRIMARIA DI CARBONARA DI PO,BORGOCARBONARA,MANTOVA,LOMBARDIA,SCUOLA PRIMARIA,primaria,4,capacita_esaurita_o_oltre_max_km
202425,1.0,42,statale,SCUOLA PRIMARIA,3,PDEE888028,MURATORI,PADOVA,PADOVA,VENETO,SCUOLA PRIMARIA,primaria,6,capacita_esaurita_o_oltre_max_km
202425,1.0,42,statale,SCUOLA PRIMARIA,3,POEE805012,LE FONTI,PRATO,PRATO,TOSCANA,SCUOLA PRIMARIA,primaria,11,capacita_esaurita_o_oltre_max_km
202425,1.0,42,statale,SCUOLA PRIMARIA,3,PVEE827017,DANTE ALIGHIERI - VOGHERA,VOGHERA,PAVIA,LOMBARDIA,SCUOLA PRIMARIA,primaria,14,capacita_esaurita_o_oltre_max_km
202425,1.0,42,statale,SCUOLA PRIMARIA,3,NOEE82802V,"""VIA GALVANI""",NOVARA,NOVARA,PIEMONTE,SCUOLA PRIMARIA,primaria,11,capacita_esaurita_o_oltre_max_km
202425,1.0,42,statale,SCUOLA PRIMARIA,3,RNEE819044,M.TERESA DI C. - IC ALIGHIERI,RIMINI,RIMINI,EMILIA ROMAGNA,SCUOLA PRIMARIA,primaria,11,capacita_esaurita_o_oltre_max_km
202425,1.0,42,statale,SCUOLA PRIMARIA,3,ALEE809035,"""V.ALFIERI"" - STREVI",STREVI,ALESSANDRIA,PIEMONTE,SCUOLA PRIMARIA,primaria,3,capacita_esaurita_o_oltre_max_km
202425,1.0,42,statale,SCUOLA PRIMARIA,3,ALEE81906V,"""E. DE AMICIS"" - PONTECURONE",PONTECURONE,ALESSANDRIA,PIEMONTE,SCUOLA PRIMARIA,primaria,3,capacita_esaurita_o_oltre_max_km
202425,1.0,42,statale,SCUOLA PRIMARIA,3,FOEE81603Q,SAVIGNANO ALDO MORO,SAVIGNANO SUL RUBICONE,FORLI'-CESENA,EMILIA ROMAGNA,SCUOLA PRIMARIA,primaria,6,capacita_esaurita_o_oltre_max_km
202425,1.0,42,statale,SCUOLA PRIMARIA,3,MIEE8BL01E,PRIMARIA VIA MOLISE,PIOLTELLO,MILANO,LOMBARDIA,SCUOLA PRIMARIA,primaria,10,capacita_esaurita_o_oltre_max_km
202425,1.0,42,statale,SCUOLA PRIMARIA,3,MNEE82301P,BOZZOLO,BOZZOLO,MANTOVA,LOMBARDIA,SCUOLA PRIMARIA,primaria,2,capacita_esaurita_o_oltre_max_km
202425,1.0,42,statale,SCUOLA PRIMARIA,3,BGEE89602A,"ROMANO DI LOMBARDIA ""MOTTINI""",ROMANO DI LOMBARDIA,BERGAMO,LOMBARDIA,SCUOLA PRIMARIA,primaria,14,capacita_esaurita_o_oltre_max_km
202425,1.0,42,statale,SCUOLA PRIMARIA,3,GEEE85203E,S.EL. - G.MAZZINI -,GENOVA,GENOVA,LIGURIA,SCUOLA PRIMARIA,primaria,5,capacita_esaurita_o_oltre_max_km
202425,1.0,42,statale,SCUOLA PRIMARIA,3,FEEE81405N,D.ALIGHIERI-MIGLIARINO,FISCAGLIA,FERRARA,EMILIA ROMAGNA,SCUOLA PRIMARIA,primaria,7,capacita_esaurita_o_oltre_max_km
202425,1.0,42,statale,SCUOLA PRIMARIA,3,CREE813031,SCANDOLARA RAVARA,SCANDOLARA RAVARA,CREMONA,LOMBARDIA,SCUOLA PRIMARIA,primaria,5,capacita_esaurita_o_oltre_max_km
202425,1.0,42,statale,SCUOLA PRIMARIA,3,MIEE8BL038,PRIMARIA GIANNI RODARI,PIOLTELLO,MILANO,LOMBARDIA,SCUOLA PRIMARIA,primaria,9,capacita_esaurita_o_oltre_max_km
202425,1.0,42,statale,SCUOLA PRIMARIA,3,MIEE8DU028,PRIMARIA VIALE PUGLIE,MILANO,MILANO,LOMBARDIA,SCUOLA PRIMARIA,primaria,18,capacita_esaurita_o_oltre_max_km
202425,1.0,42,statale,SCUOLA PRIMARIA,3,VIEE885037,A. FOGAZZARO,ARZIGNANO,VICENZA,VENETO,SCUOLA PRIMARIA,primaria,9,capacita_esaurita_o_oltre_max_km
202425,1.0,42,statale,SCUOLA PRIMARIA,3,PCEE80903N,PONTENURE-CAPOLUOGO,PONTENURE,PIACENZA,EMILIA ROMAGNA,SCUOLA PRIMARIA,primaria,5,capacita_esaurita_o_oltre_max_km
202425,1.0,42,statale,SCUOLA PRIMARIA,3,PVEE83102X,BOTTO,VIGEVANO,PAVIA,LOMBARDIA,SCUOLA PRIMARIA,primaria,11,capacita_esaurita_o_oltre_max_km
202425,1.0,42,statale,SCUOLA PRIMARIA,3,PREE82904R,MARTIRI DI CEFALONIA,PARMA,PARMA,EMILIA ROMAGNA,SCUOLA PRIMARIA,primaria,8,capacita_esaurita_o_oltre_max_km
202425,1.0,42,statale,SCUOLA PRIMARIA,3,LOEE814035,PRIMARIA ARCOBALENO - LODI,LODI,LODI,LOMBARDIA,SCUOLA PRIMARIA,primaria,4,capacita_esaurita_o_oltre_max_km
202425,1.0,42,statale,SCUOLA PRIMARIA,3,MIEE8A5017,PRIMARIA MARTIRI DELLA LIBERTA',SESTO SAN GIOVANNI,MILANO,LOMBARDIA,SCUOLA PRIMARIA,primaria,16,capacita_esaurita_o_oltre_max_km
202425,1.0,42,statale,SCUOLA PRIMARIA,3,ALEE817012,PRIMARIA CARETTA SPINETTA,ALESSANDRIA,ALESSANDRIA,PIEMONTE,SCUOLA PRIMARIA,primaria,10,capacita_esaurita_o_oltre_max_km
202425,1.0,42,statale,SCUOLA PRIMARIA,3,CREE82203Q,"""BIANCA MARIA VISCONTI""",CREMONA,CREMONA,LOMBARDIA,SCUOLA PRIMARIA,primaria,8,capacita_esaurita_o_oltre_max_km
202425,1.0,42,statale,SCUOLA PRIMARIA,3,MIEE8EN01N,PRIMARIA A.MANZONI,CORMANO,MILANO,LOMBARDIA,SCUOLA PRIMARIA,primaria,10,capacita_esaurita_o_oltre_max_km
202425,1.0,42,statale,SCUOLA PRIMARIA,3,TOEE8CF029,I.C. BOBBIO - NOVARO - C.LEVI,TORINO,TORINO,PIEMONTE,SCUOLA PRIMARIA,primaria,18,capacita_esaurita_o_oltre_max_km
202425,1.0,42,statale,SCUOLA PRIMARIA,3,TOEE8B101E,I.C. ALERAMO - CAP,TORINO,TORINO,PIEMONTE,SCUOLA PRIMARIA,primaria,20,capacita_esaurita_o_oltre_max_km
202425,1.0,42,statale,SCUOLA PRIMARIA,3,ALEE81803X,"""G.POGGIO"" MASIO",MASIO,ALESSANDRIA,PIEMONTE,SCUOLA PRIMARIA,primaria,2,capacita_esaurita_o_oltre_max_km
202425,1.0,42,statale,SCUOLA PRIMARIA,3,MIEE81902G,PRIMARIA VIA S.UGUZZONE,MILANO,MILANO,LOMBARDIA,SCUOLA PRIMARIA,primaria,4,capacita_esaurita_o_oltre_max_km
202425,1.0,42,statale,SCUOLA PRIMARIA,3,MNEE80103X,PRIMARIA CASALROMANO,CASALROMANO,MANTOVA,LOMBARDIA,SCUOLA PRIMARIA,primaria,2,capacita_esaurita_o_oltre_max_km
202425,1.0,42,statale,SCUOLA PRIMARIA,3,MNEE822031,SC.PRIMARIA DI FELONICA,SERMIDE E FELONICA,MANTOVA,LOMBARDIA,SCUOLA PRIMARIA,primaria,2,capacita_esaurita_o_oltre_max_km
202425,1.0,42,statale,SCUOLA PRIMARIA,3,MNEE839018,PRIMARIA CAMPITELLO,MARCARIA,MANTOVA,LOMBARDIA,SCUOLA PRIMARIA,primaria,4,capacita_esaurita_o_oltre_max_km
202425,1.0,42,statale,SCUOLA PRIMARIA,3,NOEE821035,"""PAOLO NICOTERA""",ARONA,NOVARA,PIEMONTE,SCUOLA PRIMARIA,primaria,4,capacita_esaurita_o_oltre_max_km
202425,1.0,42,statale,SCUOLA PRIMARIA,3,RGEE81401L,SANTA CROCE CAMERINA,SANTA CROCE CAMERINA,RAGUSA,SICILIA,SCUOLA PRIMARIA,primaria,7,capacita_esaurita_o_oltre_max_km
202425,1.0,42,statale,SCUOLA PRIMARIA,3,RNEE81604L,LAGOMAGGIO (IC XX SETTEMBRE),RIMINI,RIMINI,EMILIA ROMAGNA,SCUOLA PRIMARIA,primaria,4,capacita_esaurita_o_oltre_max_km
202425,1.0,42,statale,SCUOLA PRIMARIA,3,TOEE879016,I.C. VIVALDI-MURIALDO,TORINO,TORINO,PIEMONTE,SCUOLA PRIMARIA,primaria,19,capacita_esaurita_o_oltre_max_km
202425,1.0,42,statale,SCUOLA PRIMARIA,3,VTEE805028,PESCIA ROMANA,MONTALTO DI CASTRO,VITERBO,LAZIO,SCUOLA PRIMARIA,primaria,4,capacita_esaurita_o_oltre_max_km
202425,1.0,42,statale,SCUOLA PRIMARIA,3,POEE81601C,CLAUDIO PUDDU - LOC.MALISETI,PRATO,PRATO,TOSCANA,SCUOLA PRIMARIA,primaria,13,capacita_esaurita_o_oltre_max_km
202425,1.0,42,statale,SCUOLA PRIMARIA,3,BOEE86001C,G. LODI - I.C. CREVALCORE,CREVALCORE,BOLOGNA,EMILIA ROMAGNA,SCUOLA PRIMARIA,primaria,10,capacita_esaurita_o_oltre_max_km
202425,1.0,42,statale,SCUOLA PRIMARIA,3,GREE81101T,"CASTELDELPIANO CAP.""L.SANTUCCI""",CASTEL DEL PIANO,GROSSETO,TOSCANA,SCUOLA PRIMARIA,primaria,8,capacita_esaurita_o_oltre_max_km
202425,1.0,42,statale,SCUOLA PRIMARIA,3,MIEE8AU02C,PRIMARIA ITALO CALVINO,COLOGNO MONZESE,MILANO,LOMBARDIA,SCUOLA PRIMARIA,primaria,9,capacita_esaurita_o_oltre_max_km
202425,1.0,42,statale,SCUOLA PRIMARIA,3,PREE07501C,DE AMICIS,FIDENZA,PARMA,EMILIA ROMAGNA,SCUOLA PRIMARIA,primaria,11,capacita_esaurita_o_oltre_max_km
202425,1.0,42,statale,SCUOLA PRIMARIA,3,BGEE8AE01L,"TREVIGLIO ""DE AMICIS""",TREVIGLIO,BERGAMO,LOMBARDIA,SCUOLA PRIMARIA,primaria,22,capacita_esaurita_o_oltre_max_km
202425,1.0,42,statale,SCUOLA PRIMARIA,3,BSEE88504E,PRIMARIA TORRICELLA BRESCIA,BRESCIA,BRESCIA,LOMBARDIA,SCUOLA PRIMARIA,primaria,10,capacita_esaurita_o_oltre_max_km
202425,1.0,42,statale,SCUOLA PRIMARIA,3,PVEE827039,PROVENZAL,VOGHERA,PAVIA,LOMBARDIA,SCUOLA PRIMARIA,primaria,5,capacita_esaurita_o_oltre_max_km
202425,1.0,42,statale,SCUOLA PRIMARIA,3,GEEE82301C,S.PRIMARIA- D.ALIGHIERI -,GENOVA,GENOVA,LIGURIA,SCUOLA PRIMARIA,primaria,18,capacita_esaurita_o_oltre_max_km
202425,1.0,42,statale,SCUOLA PRIMARIA,3,BGEE897026,"BRIGNANO G. D'ADDA ""LOCATELLI""",BRIGNANO GERA D'ADDA,BERGAMO,LOMBARDIA,SCUOLA PRIMARIA,primaria,7,capacita_esaurita_o_oltre_max_km
202425,1.0,42,statale,SCUOLA PRIMARIA,3,BOEE81301V,BOTTEGO - I.C. N. 3 BOLOGNA,BOLOGNA,BOLOGNA,EMILIA ROMAGNA,SCUOLA PRIMARIA,primaria,13,capacita_esaurita_o_oltre_max_km
202425,1.0,42,statale,SCUOLA PRIMARIA,3,LOEE80901G,PRIMARIA F. SCOTTI - CASALPUST.,CASALPUSTERLENGO,LODI,LOMBARDIA,SCUOLA PRIMARIA,primaria,16,capacita_esaurita_o_oltre_max_km
202425,1.0,42,statale,SCUOLA PRIMARIA,3,VIEE86102N,IC VICENZA 6 E 7 - RIELLO,VICENZA,VICENZA,VENETO,SCUOLA PRIMARIA,primaria,1,capacita_esaurita_o_oltre_max_km
202425,1.0,42,statale,SCUOLA PRIMARIA,3,MIEE8C501C,PRIMARIA GIUSEPPE CALASANZIO,MILANO,MILANO,LOMBARDIA,SCUOLA PRIMARIA,primaria,11,capacita_esaurita_o_oltre_max_km
202425,1.0,42,statale,SCUOLA PRIMARIA,3,BGEE84902R,GORLAGO,GORLAGO,BERGAMO,LOMBARDIA,SCUOLA PRIMARIA,primaria,8,capacita_esaurita_o_oltre_max_km
202425,1.0,42,statale,SCUOLA PRIMARIA,3,BSEE861031,URAGO D'OGLIO CAP.,URAGO D'OGLIO,BRESCIA,LOMBARDIA,SCUOLA PRIMARIA,primaria,7,capacita_esaurita_o_oltre_max_km
202425,1.0,42,statale,SCUOLA PRIMARIA,3,RMEE863015,GIUSTI,ROMA,ROMA,LAZIO,SCUOLA PRIMARIA,primaria,7,capacita_esaurita_o_oltre_max_km
202425,1.0,42,statale,SCUOLA PRIMARIA,3,BOEE813031,SILVANI,BOLOGNA,BOLOGNA,EMILIA ROMAGNA,SCUOLA PRIMARIA,primaria,5,capacita_esaurita_o_oltre_max_km
202425,1.0,42,statale,SCUOLA PRIMARIA,3,CREE82102V,"""S. AMBROGIO""",CREMONA,CREMONA,LOMBARDIA,SCUOLA PRIMARIA,primaria,2,capacita_esaurita_o_oltre_max_km
202425,1.0,42,statale,SCUOLA PRIMARIA,3,CREE82402A,""" L. BISSOLATI """,CREMONA,CREMONA,LOMBARDIA,SCUOLA PRIMARIA,primaria,9,capacita_esaurita_o_oltre_max_km
202425,1.0,42,statale,SCUOLA PRIMARIA,3,BOEE840017,XXV APRILE 1945 - I.C. VERGATO,VERGATO,BOLOGNA,EMILIA ROMAGNA,SCUOLA PRIMARIA,primaria,11,capacita_esaurita_o_oltre_max_km
202425,1.0,42,statale,SCUOLA PRIMARIA,3,LOEE814013,PRIMARIA RENZO PEZZANI - LODI,LODI,LODI,LOMBARDIA,SCUOLA PRIMARIA,primaria,12,capacita_esaurita_o_oltre_max_km
202425,1.0,42,statale,SCUOLA PRIMARIA,3,POEE812037,ALBERTO MANZI,PRATO,PRATO,TOSCANA,SCUOLA PRIMARIA,primaria,13,capacita_esaurita_o_oltre_max_km
202425,1.0,42,statale,SCUOLA PRIMARIA,3,REEE847019,CARDUCCI G.,REGGIO NELL'EMILIA,REGGIO EMILIA,EMILIA ROMAGNA,SCUOLA PRIMARIA,primaria,9,capacita_esaurita_o_oltre_max_km
202425,1.0,42,statale,SCUOLA PRIMARIA,3,CNEE82504C,NARZOLE - CAPOLUOGO,NARZOLE,CUNEO,PIEMONTE,SCUOLA PRIMARIA,primaria,3,capacita_esaurita_o_oltre_max_km
202425,1.0,42,statale,SCUOLA PRIMARIA,3,CREE813053,SAN GIOVANNI IN CROCE CAP.,SAN GIOVANNI IN CROCE,CREMONA,LOMBARDIA,SCUOLA PRIMARIA,primaria,6,capacita_esaurita_o_oltre_max_km
202425,1.0,42,statale,SCUOLA PRIMARIA,3,CREE81502G,S.DANIELE PO,SAN DANIELE PO,CREMONA,LOMBARDIA,SCUOLA PRIMARIA,primaria,4,capacita_esaurita_o_oltre_max_km
202425,1.0,42,statale,SCUOLA PRIMARIA,3,CREE81602B,RIVAROLO DEL RE ED UNITI,RIVAROLO DEL RE ED UNITI,CREMONA,LOMBARDIA,SCUOLA PRIMARIA,primaria,3,capacita_esaurita_o_oltre_max_km
202425,1.0,42,statale,SCUOLA PRIMARIA,3,FIEE826024,"PANZANO - ""D.ALIGHIERI""",GREVE IN CHIANTI,FIRENZE,TOSCANA,SCUOLA PRIMARIA,primaria,4,capacita_esaurita_o_oltre_max_km
202425,1.0,42,statale,SCUOLA PRIMARIA,3,GEEE840016,S.EL. - L.ARIOSTO -,GENOVA,GENOVA,LIGURIA,SCUOLA PRIMARIA,primaria,13,capacita_esaurita_o_oltre_max_km
202425,1.0,42,statale,SCUOLA PRIMARIA,3,GREE81905L,PRIMARIA STICCIANO SCALO,ROCCASTRADA,GROSSETO,TOSCANA,SCUOLA PRIMARIA,primaria,2,capacita_esaurita_o_oltre_max_km
202425,1.0,42,statale,SCUOLA PRIMARIA,3,LTEE82803R,LA FIORA,TERRACINA,LATINA,LAZIO,SCUOLA PRIMARIA,primaria,2,capacita_esaurita_o_oltre_max_km
202425,1.0,42,statale,SCUOLA PRIMARIA,3,MCEE806065,A. ARMANDO,SANT'ANGELO IN PONTANO,MACERATA,MARCHE,SCUOLA PRIMARIA,primaria,2,capacita_esaurita_o_oltre_max_km
202425,1.0,42,statale,SCUOLA PRIMARIA,3,MIEE8CC01R,PRIMARIA QUINT. DI VONA,CASSANO D'ADDA,MILANO,LOMBARDIA,SCUOLA PRIMARIA,primaria,10,capacita_esaurita_o_oltre_max_km
202425,1.0,42,statale,SCUOLA PRIMARIA,3,MNEE82004A,"REVERE ""DON B. GRAZIOLI""",BORGO MANTOVANO,MANTOVA,LOMBARDIA,SCUOLA PRIMARIA,primaria,4,capacita_esaurita_o_oltre_max_km
202425,1.0,42,statale,SCUOLA PRIMARIA,3,MOEE045019,"""E. DE AMICIS"" PAVULLO",PAVULLO NEL FRIGNANO,MODENA,EMILIA ROMAGNA,SCUOLA PRIMARIA,primaria,3,capacita_esaurita_o_oltre_max_km
202425,1.0,42,statale,SCUOLA PRIMARIA,3,PGEE821023,PRIMARIA MOIANO,CITTA' DELLA PIEVE,PERUGIA,UMBRIA,SCUOLA PRIMARIA,primaria,1,capacita_esaurita_o_oltre_max_km
202425,1.0,42,statale,SCUOLA PRIMARIA,3,PGEE82802T,"""F. SBARRETTI"" - FRAZ.CASEBASSE",NOCERA UMBRA,PERUGIA,UMBRIA,SCUOLA PRIMARIA,primaria,1,capacita_esaurita_o_oltre_max_km
202425,1.0,42,statale,SCUOLA PRIMARIA,3,POEE818014,"""IQBAL""",PRATO,PRATO,TOSCANA,SCUOLA PRIMARIA,primaria,2,capacita_esaurita_o_oltre_max_km
202425,1.0,42,statale,SCUOLA PRIMARIA,3,PVEE81001T,VARZI,VARZI,PAVIA,LOMBARDIA,SCUOLA PRIMARIA,primaria,4,capacita_esaurita_o_oltre_max_km
202425,1.0,42,statale,SCUOLA PRIMARIA,3,REEE82901Q,FABBRICO CAP.,FABBRICO,REGGIO EMILIA,EMILIA ROMAGNA,SCUOLA PRIMARIA,primaria,11,capacita_esaurita_o_oltre_max_km
202425,1.0,42,statale,SCUOLA PRIMARIA,3,VREE84204P,"BEVILACQUA ""LA MASA G.""",BEVILACQUA,VERONA,VENETO,SCUOLA PRIMARIA,primaria,1,capacita_esaurita_o_oltre_max_km
202425,1.0,42,statale,SCUOLA PRIMARIA,3,VREE85702A,CASELLE,NOGARA,VERONA,VENETO,SCUOLA PRIMARIA,primaria,2,capacita_esaurita_o_oltre_max_km
202425,1.0,42,statale,SCUOLA PRIMARIA,3,PREE82801T,ALBERTELLI,PARMA,PARMA,EMILIA ROMAGNA,SCUOLA PRIMARIA,primaria,20,capacita_esaurita_o_oltre_max_km
202425,1.0,42,statale,SCUOLA PRIMARIA,3,BOEE86301X,P. ZANETTI - BAZZANO,VALSAMOGGIA,BOLOGNA,EMILIA ROMAGNA,SCUOLA PRIMARIA,primaria,4,capacita_esaurita_o_oltre_max_km
202425,1.0,42,statale,SCUOLA PRIMARIA,3,MIEE82201A,PRIMARIA VIA A. MANZONI,COLOGNO MONZESE,MILANO,LOMBARDIA,SCUOLA PRIMARIA,primaria,11,capacita_esaurita_o_oltre_max_km
202425,1.0,42,statale,SCUOLA PRIMARIA,3,AREE827046,"""DON MILANI""",SAN GIOVANNI VALDARNO,AREZZO,TOSCANA,SCUOLA PRIMARIA,primaria,2,capacita_esaurita_o_oltre_max_km
202425,1.0,42,statale,SCUOLA PRIMARIA,3,ALEE809024,D.ALIGHIERI - CASSINE,CASSINE,ALESSANDRIA,PIEMONTE,SCUOLA PRIMARIA,primaria,6,capacita_esaurita_o_oltre_max_km
202425,1.0,42,statale,SCUOLA PRIMARIA,3,ALEE82701L,ALESSANDRIA VIA SCLAVO,ALESSANDRIA,ALESSANDRIA,PIEMONTE,SCUOLA PRIMARIA,primaria,6,capacita_esaurita_o_oltre_max_km
202425,1.0,42,statale,SCUOLA PRIMARIA,3,BSEE84701L,SCUOLA PRIMARIA - REMEDELLO,REMEDELLO,BRESCIA,LOMBARDIA,SCUOLA PRIMARIA,primaria,1,capacita_esaurita_o_oltre_max_km
202425,1.0,42,statale,SCUOLA PRIMARIA,3,MIEE8CZ03P,PRIMARIA VIA ANEMONI,MILANO,MILANO,LOMBARDIA,SCUOLA PRIMARIA,primaria,6,capacita_esaurita_o_oltre_max_km
202425,1.0,42,statale,SCUOLA PRIMARIA,3,TOEE81701V,I.C. PACINOTTI - BONCOMPAGNI,TORINO,TORINO,PIEMONTE,SCUOLA PRIMARIA,primaria,10,capacita_esaurita_o_oltre_max_km
202425,1.0,42,statale,SCUOLA PRIMARIA,3,PREE83601R,PIETRO COCCONI,PARMA,PARMA,EMILIA ROMAGNA,SCUOLA PRIMARIA,primaria,8,capacita_esaurita_o_oltre_max_km
202425,1.0,42,statale,SCUOLA PRIMARIA,3,BOEE809028,C. ZAVOLI I.C. BORGO TOSSIGNANO,BORGO TOSSIGNANO,BOLOGNA,EMILIA ROMAGNA,SCUOLA PRIMARIA,primaria,3,capacita_esaurita_o_oltre_max_km
202425,1.0,42,statale,SCUOLA PRIMARIA,3,MOEE06002C,"""ALDO MORO"" VIGNOLA",VIGNOLA,MODENA,EMILIA ROMAGNA,SCUOLA PRIMARIA,primaria,8,capacita_esaurita_o_oltre_max_km
202425,1.0,42,statale,SCUOLA PRIMARIA,3,BSEE882021,PRIMARIA ALIGHIERI - BRESCIA,BRESCIA,BRESCIA,LOMBARDIA,SCUOLA PRIMARIA,primaria,7,capacita_esaurita_o_oltre_max_km
202425,1.0,42,statale,SCUOLA PRIMARIA,3,MOEE81801X,"""G. MARCONI"" SPILAMBERTO",SPILAMBERTO,MODENA,EMILIA ROMAGNA,SCUOLA PRIMARIA,primaria,6,capacita_esaurita_o_oltre_max_km
202425,1.0,42,statale,SCUOLA PRIMARIA,3,LOEE81603R,PRIMARIA R. MORZENTI - S.ANGELO,SANT'ANGELO LODIGIANO,LODI,LOMBARDIA,SCUOLA PRIMARIA,primaria,10,capacita_esaurita_o_oltre_max_km
202425,1.0,42,statale,SCUOLA PRIMARIA,3,MIEE8FW014,PRIMARIA VIA DELL'ARCADIA,MILANO,MILANO,LOMBARDIA,SCUOLA PRIMARIA,primaria,8,capacita_esaurita_o_oltre_max_km
202425,1.0,42,statale,SCUOLA PRIMARIA,3,PVEE82601B,DE AMICIS VOGHERA,VOGHERA,PAVIA,LOMBARDIA,SCUOLA PRIMARIA,primaria,14,capacita_esaurita_o_oltre_max_km
202425,1.0,42,statale,SCUOLA PRIMARIA,3,MIEE8DD017,PRIMARIA CASA DEL SOLE,MILANO,MILANO,LOMBARDIA,SCUOLA PRIMARIA,primaria,20,capacita_esaurita_o_oltre_max_km
202425,1.0,42,statale,SCUOLA PRIMARIA,3,ALEE811046,"""G.MARCONI"" - MURISENGO",MURISENGO,ALESSANDRIA,PIEMONTE,SCUOLA PRIMARIA,primaria,2,capacita_esaurita_o_oltre_max_km
202425,1.0,42,statale,SCUOLA PRIMARIA,3,ATEE804044,"PRIMARIA ""TEN.TE F. RIVA""",MONTEMAGNO,ASTI,PIEMONTE,SCUOLA PRIMARIA,primaria,2,capacita_esaurita_o_oltre_max_km
202425,1.0,42,statale,SCUOLA PRIMARIA,3,BSEE881014,PRIMARIA A.DIAZ BRESCIA,BRESCIA,BRESCIA,LOMBARDIA,SCUOLA PRIMARIA,primaria,6,capacita_esaurita_o_oltre_max_km
202425,1.0,42,statale,SCUOLA PRIMARIA,3,CREE81401P,"""MARIO LODI"" (PIADENA)",PIADENA DRIZZONA,CREMONA,LOMBARDIA,SCUOLA PRIMARIA,primaria,6,capacita_esaurita_o_oltre_max_km
202425,1.0,42,statale,SCUOLA PRIMARIA,3,MNEE83904B,PRIMARIA MARCARIA,MARCARIA,MANTOVA,LOMBARDIA,SCUOLA PRIMARIA,primaria,2,capacita_esaurita_o_oltre_max_km
202425,1.0,42,statale,SCUOLA PRIMARIA,3,POEE820025,G.PUCCINI/BARTOLINI,PRATO,PRATO,TOSCANA,SCUOLA PRIMARIA,primaria,10,capacita_esaurita_o_oltre_max_km
202425,1.0,42,statale,SCUOLA PRIMARIA,3,VREE83106A,"S. GIOV. ILARIONE ""A. STEFANI""",SAN GIOVANNI ILARIONE,VERONA,VENETO,SCUOLA PRIMARIA,primaria,4,capacita_esaurita_o_oltre_max_km
202425,1.0,42,statale,SCUOLA PRIMARIA,3,VEEE87402C,T. VECELLIO,VENEZIA,VENEZIA,VENETO,SCUOLA PRIMARIA,primaria,11,capacita_esaurita_o_oltre_max_km
202425,1.0,42,statale,SCUOLA PRIMARIA,3,MIEE8EU01T,PRIMARIA M.GALLI,SESTO SAN GIOVANNI,MILANO,LOMBARDIA,SCUOLA PRIMARIA,primaria,16,capacita_esaurita_o_oltre_max_km
202425,1.0,42,statale,SCUOLA PRIMARIA,3,CREE820045,"""A. MANZONI""",CREMONA,CREMONA,LOMBARDIA,SCUOLA PRIMARIA,primaria,7,capacita_esaurita_o_oltre_max_km
202425,1.0,42,statale,SCUOLA PRIMARIA,3,REEE850026,MIRABELLO (DALL'AGLIO P.),REGGIO NELL'EMILIA,REGGIO EMILIA,EMILIA ROMAGNA,SCUOLA PRIMARIA,primaria,7,capacita_esaurita_o_oltre_max_km
202425,1.0,42,statale,SCUOLA PRIMARIA,3,REEE82902R,ROLO CAP.,ROLO,REGGIO EMILIA,EMILIA ROMAGNA,SCUOLA PRIMARIA,primaria,5,capacita_esaurita_o_oltre_max_km
202425,1.0,42,statale,SCUOLA PRIMARIA,3,BGEE825028,SCUOLA PRIMARIA BARIANO,BARIANO,BERGAMO,LOMBARDIA,SCUOLA PRIMARIA,primaria,2,capacita_esaurita_o_oltre_max_km
202425,1.0,42,statale,SCUOLA PRIMARIA,3,FIEE871033,S.VERDIANA-TILLI,CASTELFIORENTINO,FIRENZE,TOSCANA,SCUOLA PRIMARIA,primaria,11,capacita_esaurita_o_oltre_max_km
202425,1.0,42,statale,SCUOLA PRIMARIA,3,RMEE8C601R,"""LEONARDO DA VINCI""",ANZIO,ROMA,LAZIO,SCUOLA PRIMARIA,primaria,2,capacita_esaurita_o_oltre_max_km
202425,1.0,42,statale,SCUOLA PRIMARIA,3,SIEE80901N,VIA 11 FEBBRAIO,RADDA IN CHIANTI,SIENA,TOSCANA,SCUOLA PRIMARIA,primaria,3,capacita_esaurita_o_oltre_max_km
202425,1.0,42,statale,SCUOLA PRIMARIA,3,BGEE83104N,S.PRIMARIA CALCINATE,CALCINATE,BERGAMO,LOMBARDIA,SCUOLA PRIMARIA,primaria,2,capacita_esaurita_o_oltre_max_km
202425,1.0,42,statale,SCUOLA PRIMARIA,3,AQEE82503V,SCUOLA PRIMARIA LECCE NEI MARSI,LECCE NEI MARSI,L'AQUILA,ABRUZZO,SCUOLA PRIMARIA,primaria,4,capacita_esaurita_o_oltre_max_km
202425,1.0,42,statale,SCUOLA PRIMARIA,3,FIEE86501N,L. IL MAGNIFICO,CAMPI BISENZIO,FIRENZE,TOSCANA,SCUOLA PRIMARIA,primaria,7,capacita_esaurita_o_oltre_max_km
202425,1.0,42,statale,SCUOLA PRIMARIA,3,MIEE809021,MI/BOGNETTI AGGR. SMS HEINE,MILANO,MILANO,LOMBARDIA,SCUOLA PRIMARIA,primaria,4,capacita_esaurita_o_oltre_max_km
202425,1.0,42,statale,SCUOLA PRIMARIA,3,MNEE820039,"SUSTINENTE ""ROMOLO GALASSI""",SUSTINENTE,MANTOVA,LOMBARDIA,SCUOLA PRIMARIA,primaria,4,capacita_esaurita_o_oltre_max_km
202425,1.0,42,statale,SCUOLA PRIMARIA,3,MSEE806029,PRIMARIA AULLA (I.C. ALIGHIERI),AULLA,MASSA-CARRARA,TOSCANA,SCUOLA PRIMARIA,primaria,5,capacita_esaurita_o_oltre_max_km
202425,1.0,42,statale,SCUOLA PRIMARIA,3,REEE848015,CA' BIANCA,REGGIO NELL'EMILIA,REGGIO EMILIA,EMILIA ROMAGNA,SCUOLA PRIMARIA,primaria,8,capacita_esaurita_o_oltre_max_km
202425,1.0,42,statale,SCUOLA PRIMARIA,3,PVEE814015,"BELGIOIOSO ""C. LAURENTI""",BELGIOIOSO,PAVIA,LOMBARDIA,SCUOLA PRIMARIA,primaria,8,capacita_esaurita_o_oltre_max_km
202425,1.0,42,statale,SCUOLA PRIMARIA,3,ALEE81202X,"VIGUZZOLO ""DR.E. CARNEVALE""",VIGUZZOLO,ALESSANDRIA,PIEMONTE,SCUOLA PRIMARIA,primaria,4,capacita_esaurita_o_oltre_max_km
202425,1.0,42,statale,SCUOLA PRIMARIA,3,CREE81901T,D. INVERNIZZI - PANDINO,PANDINO,CREMONA,LOMBARDIA,SCUOLA PRIMARIA,primaria,3,capacita_esaurita_o_oltre_max_km
202425,1.0,42,statale,SCUOLA PRIMARIA,3,REEE84601D,BERGONZI A.,REGGIO NELL'EMILIA,REGGIO EMILIA,EMILIA ROMAGNA,SCUOLA PRIMARIA,primaria,1,capacita_esaurita_o_oltre_max_km
202425,1.0,42,statale,SCUOLA PRIMARIA,3,BGEE8AD02T,"TREVIGLIO "" MOZZI """,TREVIGLIO,BERGAMO,LOMBARDIA,SCUOLA PRIMARIA,primaria,10,capacita_esaurita_o_oltre_max_km
202425,1.0,42,statale,SCUOLA PRIMARIA,3,ALEE83901V,"ALESSANDRIA ""C.ZANZI""",ALESSANDRIA,ALESSANDRIA,PIEMONTE,SCUOLA PRIMARIA,primaria,6,capacita_esaurita_o_oltre_max_km
202425,1.0,42,statale,SCUOLA PRIMARIA,3,MOEE83502P,"""C.A. DALLA CHIESA "" MASSA FIN.",FINALE EMILIA,MODENA,EMILIA ROMAGNA,SCUOLA PRIMARIA,primaria,6,capacita_esaurita_o_oltre_max_km
202425,1.0,42,statale,SCUOLA PRIMARIA,3,BOEE87201P,CASARALTA - I.C. N. 15 BOLOGNA,BOLOGNA,BOLOGNA,EMILIA ROMAGNA,SCUOLA PRIMARIA,primaria,7,capacita_esaurita_o_oltre_max_km
202425,1.0,42,statale,SCUOLA PRIMARIA,3,FOEE818019,DE AMICIS,GATTEO,FORLI'-CESENA,EMILIA ROMAGNA,SCUOLA PRIMARIA,primaria,7,capacita_esaurita_o_oltre_max_km
202425,1.0,42,statale,SCUOLA PRIMARIA,3,TOEE8B201A,I.C. FRASSATI - GOZZANO,TORINO,TORINO,PIEMONTE,SCUOLA PRIMARIA,primaria,12,capacita_esaurita_o_oltre_max_km
202425,1.0,42,statale,SCUOLA PRIMARIA,3,ALEE810039,"""G.UNGARETTI - MONTECHIARO",MONTECHIARO D'ACQUI,ALESSANDRIA,PIEMONTE,SCUOLA PRIMARIA,primaria,1,capacita_esaurita_o_oltre_max_km
202425,1.0,42,statale,SCUOLA PRIMARIA,3,AQEE82504X,SCUOLA PRIMARIA ORTUCCHIO,ORTUCCHIO,L'AQUILA,ABRUZZO,SCUOLA PRIMARIA,primaria,3,capacita_esaurita_o_oltre_max_km
202425,1.0,42,statale,SCUOLA PRIMARIA,3,AREE82905V,"""DOTT.G.FRACASSI""",CHITIGNANO,AREZZO,TOSCANA,SCUOLA PRIMARIA,primaria,1,capacita_esaurita_o_oltre_max_km
202425,1.0,42,statale,SCUOLA PRIMARIA,3,ATEE808029,MONTICONE - MOMBERCELLI,MOMBERCELLI,ASTI,PIEMONTE,SCUOLA PRIMARIA,primaria,3,capacita_esaurita_o_oltre_max_km
202425,1.0,42,statale,SCUOLA PRIMARIA,3,BOEE838017,C. RONDELLI MONZUNO,MONZUNO,BOLOGNA,EMILIA ROMAGNA,SCUOLA PRIMARIA,primaria,3,capacita_esaurita_o_oltre_max_km
202425,1.0,42,statale,SCUOLA PRIMARIA,3,BSEE8AE07B,SCUOLA PRIMARIA CASTO,CASTO,BRESCIA,LOMBARDIA,SCUOLA PRIMARIA,primaria,2,capacita_esaurita_o_oltre_max_km
202425,1.0,42,statale,SCUOLA PRIMARIA,3,CLEE82004P,DON BOSCO - MONTEDORO,MONTEDORO,CALTANISSETTA,SICILIA,SCUOLA PRIMARIA,primaria,1,capacita_esaurita_o_oltre_max_km
202425,1.0,42,statale,SCUOLA PRIMARIA,3,CSEE83202R,SAN GIORGIO ALBANESE - CENTRO,SAN GIORGIO ALBANESE,COSENZA,CALABRIA,SCUOLA PRIMARIA,primaria,2,capacita_esaurita_o_oltre_max_km
202425,1.0,42,statale,SCUOLA PRIMARIA,3,FEEE80001G,"""C.DELLA SALA""-PONTELAGOSCURO",FERRARA,FERRARA,EMILIA ROMAGNA,SCUOLA PRIMARIA,primaria,1,capacita_esaurita_o_oltre_max_km
202425,1.0,42,statale,SCUOLA PRIMARIA,3,GEEE83602G,S.EL. - C.SBARBARO -,GENOVA,GENOVA,LIGURIA,SCUOLA PRIMARIA,primaria,3,capacita_esaurita_o_oltre_max_km
202425,1.0,42,statale,SCUOLA PRIMARIA,3,GREE81702T,CIV.MARITTIMA,CIVITELLA PAGANICO,GROSSETO,TOSCANA,SCUOLA PRIMARIA,primaria,1,capacita_esaurita_o_oltre_max_km
202425,1.0,42,statale,SCUOLA PRIMARIA,3,GREE817073,"SCANSANO CAP. -""UMBERTO I""",SCANSANO,GROSSETO,TOSCANA,SCUOLA PRIMARIA,primaria,3,capacita_esaurita_o_oltre_max_km
202425,1.0,42,statale,SCUOLA PRIMARIA,3,IMEE81202E,SC. ELEM. LARGO GHIGLIA,IMPERIA,IMPERIA,LIGURIA,SCUOLA PRIMARIA,primaria,11,capacita_esaurita_o_oltre_max_km
202425,1.0,42,statale,SCUOLA PRIMARIA,3,IMEE815022,FRAZIONE COLDIRODI,SANREMO,IMPERIA,LIGURIA,SCUOLA PRIMARIA,primaria,3,capacita_esaurita_o_oltre_max_km
202425,1.0,42,statale,SCUOLA PRIMARIA,3,LOEE807032,PRIMARIA - LIVRAGA,LIVRAGA,LODI,LOMBARDIA,SCUOLA PRIMARIA,primaria,1,capacita_esaurita_o_oltre_max_km
202425,1.0,42,statale,SCUOLA PRIMARIA,3,MIEE823027,PRIMARIA VIA VALLARSA,MILANO,MILANO,LOMBARDIA,SCUOLA PRIMARIA,primaria,7,capacita_esaurita_o_oltre_max_km
202425,1.0,42,statale,SCUOLA PRIMARIA,3,MIEE8AQ02Q,PRIMARIA M.TE ORTIGARA,CINISELLO BALSAMO,MILANO,LOMBARDIA,SCUOLA PRIMARIA,primaria,16,capacita_esaurita_o_oltre_max_km
202425,1.0,42,statale,SCUOLA PRIMARIA,3,MIEE8FA033,PRIMARIA M.LUTHER KING,SAN DONATO MILANESE,MILANO,LOMBARDIA,SCUOLA PRIMARIA,primaria,4,capacita_esaurita_o_oltre_max_km
202425,1.0,42,statale,SCUOLA PRIMARIA,3,NOEE81401X,BIANDRATE,BIANDRATE,NOVARA,PIEMONTE,SCUOLA PRIMARIA,primaria,3,capacita_esaurita_o_oltre_max_km
202425,1.0,42,statale,SCUOLA PRIMARIA,3,PIEE817024,GUERRAZZI,CASTELFRANCO DI SOTTO,PISA,TOSCANA,SCUOLA PRIMARIA,primaria,7,capacita_esaurita_o_oltre_max_km
202425,1.0,42,statale,SCUOLA PRIMARIA,3,PREE81702C,BEDONIA CPL.,BEDONIA,PARMA,EMILIA ROMAGNA,SCUOLA PRIMARIA,primaria,3,capacita_esaurita_o_oltre_max_km
202425,1.0,42,statale,SCUOLA PRIMARIA,3,PSEE808025,APECCHIO - CAP.GO,APECCHIO,PESARO E URBINO,MARCHE,SCUOLA PRIMARIA,primaria,1,capacita_esaurita_o_oltre_max_km
202425,1.0,42,statale,SCUOLA PRIMARIA,3,PTEE80604P,"""MATTEO VITELLI"" - MARLIANA",MARLIANA,PISTOIA,TOSCANA,SCUOLA PRIMARIA,primaria,1,capacita_esaurita_o_oltre_max_km
202425,1.0,42,statale,SCUOLA PRIMARIA,3,PVEE808041,PALESTRO,PALESTRO,PAVIA,LOMBARDIA,SCUOLA PRIMARIA,primaria,3,capacita_esaurita_o_oltre_max_km
202425,1.0,42,statale,SCUOLA PRIMARIA,3,REEE848059,L. ARIOSTO (VILLA S.MAURIZIO),REGGIO NELL'EMILIA,REGGIO EMILIA,EMILIA ROMAGNA,SCUOLA PRIMARIA,primaria,3,capacita_esaurita_o_oltre_max_km
202425,1.0,42,statale,SCUOLA PRIMARIA,3,ROEE80005R,FLEMING A.- CASTELNOVO BARIANO,CASTELNOVO BARIANO,ROVIGO,VENETO,SCUOLA PRIMARIA,primaria,4,capacita_esaurita_o_oltre_max_km
202425,1.0,42,statale,SCUOLA PRIMARIA,3,ROEE81006C,CARLO COLLODI - SALARA,SALARA,ROVIGO,VENETO,SCUOLA PRIMARIA,primaria,1,capacita_esaurita_o_oltre_max_km
202425,1.0,42,statale,SCUOLA PRIMARIA,3,SIEE807045,PRIMARIA MONTICIANO,MONTICIANO,SIENA,TOSCANA,SCUOLA PRIMARIA,primaria,2,capacita_esaurita_o_oltre_max_km
202425,1.0,42,statale,SCUOLA PRIMARIA,3,SIEE81102P,SCUOLA PRIMARIA DI TORRENIERI,MONTALCINO,SIENA,TOSCANA,SCUOLA PRIMARIA,primaria,2,capacita_esaurita_o_oltre_max_km
202425,1.0,42,statale,SCUOLA PRIMARIA,3,FIEE86502P,FRA' RISTORO,CAMPI BISENZIO,FIRENZE,TOSCANA,SCUOLA PRIMARIA,primaria,2,capacita_esaurita_o_oltre_max_km
202425,1.0,42,statale,SCUOLA PRIMARIA,3,REEE83201G,LUZZARA CAP.,LUZZARA,REGGIO EMILIA,EMILIA ROMAGNA,SCUOLA PRIMARIA,primaria,7,capacita_esaurita_o_oltre_max_km
202425,1.0,42,statale,SCUOLA PRIMARIA,3,AREE82004B,"""G. MAZZINI""",MONTEVARCHI,AREZZO,TOSCANA,SCUOLA PRIMARIA,primaria,6,capacita_esaurita_o_oltre_max_km
202425,1.0,42,statale,SCUOLA PRIMARIA,3,PCEE80701X,PONTE DELL'OLIO-CAPOLUOGO,PONTE DELL'OLIO,PIACENZA,EMILIA ROMAGNA,SCUOLA PRIMARIA,primaria,6,capacita_esaurita_o_oltre_max_km
202425,1.0,42,statale,SCUOLA PRIMARIA,3,FEEE803024,"""C.FORLANINI""-TRESIGALLO",TRESIGNANA,FERRARA,EMILIA ROMAGNA,SCUOLA PRIMARIA,primaria,5,capacita_esaurita_o_oltre_max_km
202425,1.0,42,statale,SCUOLA PRIMARIA,3,PIEE825045,DON MILANI,SANTA MARIA A MONTE,PISA,TOSCANA,SCUOLA PRIMARIA,primaria,5,capacita_esaurita_o_oltre_max_km
202425,1.0,42,statale,SCUOLA PRIMARIA,3,PNEE82601A,"SPILIMBERGO ""G.B.CAVEDALIS""",SPILIMBERGO,PORDENONE,FRIULI-VENEZIA G.,SCUOLA PRIMARIA,primaria,9,capacita_esaurita_o_oltre_max_km
202425,1.0,42,statale,SCUOLA PRIMARIA,3,BSEE894016,PAVONE DEL MELLA CAP.,PAVONE DEL MELLA,BRESCIA,LOMBARDIA,SCUOLA PRIMARIA,primaria,2,capacita_esaurita_o_oltre_max_km
202425,1.0,42,statale,SCUOLA PRIMARIA,3,MIEE8DZ01A,PRIMARIA SANDRO PERTINI,MILANO,MILANO,LOMBARDIA,SCUOLA PRIMARIA,primaria,8,capacita_esaurita_o_oltre_max_km
202425,1.0,42,statale,SCUOLA PRIMARIA,3,VREE8AB02R,"""G. SANDRI""",SAN BONIFACIO,VERONA,VENETO,SCUOLA PRIMARIA,primaria,6,capacita_esaurita_o_oltre_max_km
202425,1.0,42,statale,SCUOLA PRIMARIA,3,FEEE82501X,O.MARCHESI-COPPARO,COPPARO,FERRARA,EMILIA ROMAGNA,SCUOLA PRIMARIA,primaria,2,capacita_esaurita_o_oltre_max_km
202425,1.0,42,statale,SCUOLA PRIMARIA,3,MOEE82301B,MANFREDO FANTI - CARPI,CARPI,MODENA,EMILIA ROMAGNA,SCUOLA PRIMARIA,primaria,6,capacita_esaurita_o_oltre_max_km
202425,1.0,42,statale,SCUOLA PRIMARIA,3,VEEE87303N,VIA VIRGILIO,VENEZIA,VENEZIA,VENETO,SCUOLA PRIMARIA,primaria,6,capacita_esaurita_o_oltre_max_km
202425,1.0,42,statale,SCUOLA PRIMARIA,3,BSEE865016,POLO SCUOLA PRIMARIA IC CHIARI,CHIARI,BRESCIA,LOMBARDIA,SCUOLA PRIMARIA,primaria,25,capacita_esaurita_o_oltre_max_km
202425,1.0,42,statale,SCUOLA PRIMARIA,3,REEE84703B,G. ZIBORDI,REGGIO NELL'EMILIA,REGGIO EMILIA,EMILIA ROMAGNA,SCUOLA PRIMARIA,primaria,6,capacita_esaurita_o_oltre_max_km
202425,1.0,42,statale,SCUOLA PRIMARIA,3,AREE834027,"""L. DA VINCI""",MONTEVARCHI,AREZZO,TOSCANA,SCUOLA PRIMARIA,primaria,3,capacita_esaurita_o_oltre_max_km
202425,1.0,42,statale,SCUOLA PRIMARIA,3,BSEE84304C,ROVATO - FRAZ.LODETTO -,ROVATO,BRESCIA,LOMBARDIA,SCUOLA PRIMARIA,primaria,3,capacita_esaurita_o_oltre_max_km
202425,1.0,42,statale,SCUOLA PRIMARIA,3,PCEE002108,FRAZ. MUCINASSO,PIACENZA,PIACENZA,EMILIA ROMAGNA,SCUOLA PRIMARIA,primaria,3,capacita_esaurita_o_oltre_max_km
202425,1.0,42,statale,SCUOLA PRIMARIA,3,PREE82305V,"CALESTANO ""VERTI-OLLARI""",CALESTANO,PARMA,EMILIA ROMAGNA,SCUOLA PRIMARIA,primaria,3,capacita_esaurita_o_oltre_max_km
202425,1.0,42,statale,SCUOLA PRIMARIA,3,TOEE87802B,I.C. UMBERTO SABA -L. RADICE,TORINO,TORINO,PIEMONTE,SCUOLA PRIMARIA,primaria,3,capacita_esaurita_o_oltre_max_km
202425,1.0,42,statale,SCUOLA PRIMARIA,3,BSEE83901N,"SCUOLA PRIMARIA ""DON R.TONOLI""",COCCAGLIO,BRESCIA,LOMBARDIA,SCUOLA PRIMARIA,primaria,11,capacita_esaurita_o_oltre_max_km
202425,1.0,42,statale,SCUOLA PRIMARIA,3,RAEE82101P,LUIGI BATTAGLIA,FUSIGNANO,RAVENNA,EMILIA ROMAGNA,SCUOLA PRIMARIA,primaria,9,capacita_esaurita_o_oltre_max_km
202425,1.0,42,statale,SCUOLA PRIMARIA,3,APEE83601L,P.S. ELPIDIO CAPOLUOGO,PORTO SANT'ELPIDIO,FERMO,MARCHE,SCUOLA PRIMARIA,primaria,8,capacita_esaurita_o_oltre_max_km
202425,1.0,42,statale,SCUOLA PRIMARIA,3,MOEE04514X,"""UGO FOSCOLO"" BUDRIA",PAVULLO NEL FRIGNANO,MODENA,EMILIA ROMAGNA,SCUOLA PRIMARIA,primaria,8,capacita_esaurita_o_oltre_max_km
202425,1.0,42,statale,SCUOLA PRIMARIA,3,PVEE81308L,MIRADOLO TERME,MIRADOLO TERME,PAVIA,LOMBARDIA,SCUOLA PRIMARIA,primaria,2,capacita_esaurita_o_oltre_max_km
202425,1.0,42,statale,SCUOLA PRIMARIA,3,RGEE81402N,FALCONE BORSELLINO,SANTA CROCE CAMERINA,RAGUSA,SICILIA,SCUOLA PRIMARIA,primaria,8,capacita_esaurita_o_oltre_max_km
202425,1.0,42,statale,SCUOLA PRIMARIA,3,POEE81501L,CILIANI,PRATO,PRATO,TOSCANA,SCUOLA PRIMARIA,primaria,14,capacita_esaurita_o_oltre_max_km
202425,1.0,42,statale,SCUOLA PRIMARIA,3,SPEE81403A,LA SPEZIA FOSSITERMI A.REVERE,LA SPEZIA,LA SPEZIA,LIGURIA,SCUOLA PRIMARIA,primaria,6,capacita_esaurita_o_oltre_max_km
202425,1.0,42,statale,SCUOLA PRIMARIA,3,SVEE80801B,"LOANO CAP. ""MONS.VALERGA""",LOANO,SAVONA,LIGURIA,SCUOLA PRIMARIA,primaria,4,capacita_esaurita_o_oltre_max_km
202425,1.0,42,statale,SCUOLA PRIMARIA,3,LOEE80402D,PRIMARIA GALILEO GALILEI - GRAF,GRAFFIGNANA,LODI,LOMBARDIA,SCUOLA PRIMARIA,primaria,4,capacita_esaurita_o_oltre_max_km
202425,1.0,42,statale,SCUOLA PRIMARIA,3,LOEE807054,PRIMARIA - SALVO D'ACQUISTO,OSPEDALETTO LODIGIANO,LODI,LOMBARDIA,SCUOLA PRIMARIA,primaria,2,capacita_esaurita_o_oltre_max_km
202425,1.0,42,statale,SCUOLA PRIMARIA,3,MNEE821035,PRIMARIA SAN GIACOMO SEGNATE,SAN GIACOMO DELLE SEGNATE,MANTOVA,LOMBARDIA,SCUOLA PRIMARIA,primaria,2,capacita_esaurita_o_oltre_max_km
202425,1.0,42,statale,SCUOLA PRIMARIA,3,VEEE834022,C. COLLODI - TESSERA,VENEZIA,VENEZIA,VENETO,SCUOLA PRIMARIA,primaria,2,capacita_esaurita_o_oltre_max_km
202425,1.0,42,statale,SCUOLA PRIMARIA,3,NOEE82801T,"""FRATELLI DI DIO""",NOVARA,NOVARA,PIEMONTE,SCUOLA PRIMARIA,primaria,4,capacita_esaurita_o_oltre_max_km
202425,1.0,42,statale,SCUOLA PRIMARIA,3,BGEE825017,SCUOLA PRIMARIA PAGAZZANO,PAGAZZANO,BERGAMO,LOMBARDIA,SCUOLA PRIMARIA,primaria,3,capacita_esaurita_o_oltre_max_km
202425,1.0,42,statale,SCUOLA PRIMARIA,3,BOEE842031,PRIMARIA G. RODARI,IMOLA,BOLOGNA,EMILIA ROMAGNA,SCUOLA PRIMARIA,primaria,3,capacita_esaurita_o_oltre_max_km
202425,1.0,42,statale,SCUOLA PRIMARIA,3,MIEE8AP02C,PRIMARIA A. MANZONI,CINISELLO BALSAMO,MILANO,LOMBARDIA,SCUOLA PRIMARIA,primaria,5,capacita_esaurita_o_oltre_max_km
202425,1.0,42,statale,SCUOLA PRIMARIA,3,MOEE81301R,"""J.HILARION LENZI"" ZOCCA",ZOCCA,MODENA,EMILIA ROMAGNA,SCUOLA PRIMARIA,primaria,2,capacita_esaurita_o_oltre_max_km
202425,1.0,42,statale,SCUOLA PRIMARIA,3,MOEE81402N,"""ANNA FRANK "" FORMICA",SAVIGNANO SUL PANARO,MODENA,EMILIA ROMAGNA,SCUOLA PRIMARIA,primaria,3,capacita_esaurita_o_oltre_max_km
202425,1.0,42,statale,SCUOLA PRIMARIA,3,TOEE88401N,I.C. M. L. SPAZIANI - CASATI,TORINO,TORINO,PIEMONTE,SCUOLA PRIMARIA,primaria,3,capacita_esaurita_o_oltre_max_km
202425,1.0,42,statale,SCUOLA PRIMARIA,3,BSEE82701B,OSPITALETTO CAP.'A.M.CANOSSI',OSPITALETTO,BRESCIA,LOMBARDIA,SCUOLA PRIMARIA,primaria,8,capacita_esaurita_o_oltre_max_km
202425,1.0,42,statale,SCUOLA PRIMARIA,3,MIEE8C7014,PRIMARIA LUCIANO MANARA,MILANO,MILANO,LOMBARDIA,SCUOLA PRIMARIA,primaria,5,capacita_esaurita_o_oltre_max_km
202425,1.0,42,statale,SCUOLA PRIMARIA,3,MIEE8E7019,PRIMARIA FRATELLI DI DIO,ABBIATEGRASSO,MILANO,LOMBARDIA,SCUOLA PRIMARIA,primaria,4,capacita_esaurita_o_oltre_max_km
202425,1.0,42,statale,SCUOLA PRIMARIA,3,ALEE824048,"BALZOLA ""E.DE AMICIS""",BALZOLA,ALESSANDRIA,PIEMONTE,SCUOLA PRIMARIA,primaria,1,capacita_esaurita_o_oltre_max_km
202425,1.0,42,statale,SCUOLA PRIMARIA,3,AQEE823015,CAPESTRANO CAP.,CAPESTRANO,L'AQUILA,ABRUZZO,SCUOLA PRIMARIA,primaria,1,capacita_esaurita_o_oltre_max_km
202425,1.0,42,statale,SCUOLA PRIMARIA,3,ATEE81503D,SCUOLA PRIMARIA DI CASTELNUOVO,CASTELNUOVO BELBO,ASTI,PIEMONTE,SCUOLA PRIMARIA,primaria,1,capacita_esaurita_o_oltre_max_km
202425,1.0,42,statale,SCUOLA PRIMARIA,3,BGEE84405R,"COVO ""A.LOCATELLI""",COVO,BERGAMO,LOMBARDIA,SCUOLA PRIMARIA,primaria,4,capacita_esaurita_o_oltre_max_km
202425,1.0,42,statale,SCUOLA PRIMARIA,3,BOEE87202Q,DOZZA,BOLOGNA,BOLOGNA,EMILIA ROMAGNA,SCUOLA PRIMARIA,primaria,3,capacita_esaurita_o_oltre_max_km
202425,1.0,42,statale,SCUOLA PRIMARIA,3,FEEE81406P,E.DE AMICIS-MASSAFISCAGLIA,FISCAGLIA,FERRARA,EMILIA ROMAGNA,SCUOLA PRIMARIA,primaria,2,capacita_esaurita_o_oltre_max_km
202425,1.0,42,statale,SCUOLA PRIMARIA,3,GREE80903X,"MARINA -""C.COLLODI""",GROSSETO,GROSSETO,TOSCANA,SCUOLA PRIMARIA,primaria,1,capacita_esaurita_o_oltre_max_km
202425,1.0,42,statale,SCUOLA PRIMARIA,3,GREE81701R,C.PAGANICO,CIVITELLA PAGANICO,GROSSETO,TOSCANA,SCUOLA PRIMARIA,primaria,2,capacita_esaurita_o_oltre_max_km
202425,1.0,42,statale,SCUOLA PRIMARIA,3,MCEE80601X,VIA ROMA,SAN GINESIO,MACERATA,MARCHE,SCUOLA PRIMARIA,primaria,1,capacita_esaurita_o_oltre_max_km
202425,1.0,42,statale,SCUOLA PRIMARIA,3,MNEE819035,MAGNACAVALLO,MAGNACAVALLO,MANTOVA,LOMBARDIA,SCUOLA PRIMARIA,primaria,2,capacita_esaurita_o_oltre_max_km
202425,1.0,42,statale,SCUOLA PRIMARIA,3,MNEE821046,SCUOLA PRIMARIA QUINGENTOLE,QUINGENTOLE,MANTOVA,LOMBARDIA,SCUOLA PRIMARIA,primaria,1,capacita_esaurita_o_oltre_max_km
202425,1.0,42,statale,SCUOLA PRIMARIA,3,PIEE82303C,CASTELLINA MARITTIMA,CASTELLINA MARITTIMA,PISA,TOSCANA,SCUOLA PRIMARIA,primaria,1,capacita_esaurita_o_oltre_max_km
202425,1.0,42,statale,SCUOLA PRIMARIA,3,PREE80905L,CELLA - VARANO MARCHESI,MEDESANO,PARMA,EMILIA ROMAGNA,SCUOLA PRIMARIA,primaria,1,capacita_esaurita_o_oltre_max_km
202425,1.0,42,statale,SCUOLA PRIMARIA,3,PTEE824015,CAPOLUOGO SIMONETTI,PESCIA,PISTOIA,TOSCANA,SCUOLA PRIMARIA,primaria,3,capacita_esaurita_o_oltre_max_km
202425,1.0,42,statale,SCUOLA PRIMARIA,3,PVEE808096,VALLE LOMELLINA,VALLE LOMELLINA,PAVIA,LOMBARDIA,SCUOLA PRIMARIA,primaria,2,capacita_esaurita_o_oltre_max_km
202425,1.0,42,statale,SCUOLA PRIMARIA,3,RAEE81005C,IQBAL MASIH,RAVENNA,RAVENNA,EMILIA ROMAGNA,SCUOLA PRIMARIA,primaria,5,capacita_esaurita_o_oltre_max_km
202425,1.0,42,statale,SCUOLA PRIMARIA,3,REEE82406T,LORIS MALAGUZZI,REGGIO NELL'EMILIA,REGGIO EMILIA,EMILIA ROMAGNA,SCUOLA PRIMARIA,primaria,3,capacita_esaurita_o_oltre_max_km
202425,1.0,42,statale,SCUOLA PRIMARIA,3,ROEE80006T,ROBERT BADEN POWEL-MELARA,MELARA,ROVIGO,VENETO,SCUOLA PRIMARIA,primaria,1,capacita_esaurita_o_oltre_max_km
202425,1.0,42,statale,SCUOLA PRIMARIA,3,ROEE81606B,E. DE AMICIS - TRECENTA,TRECENTA,ROVIGO,VENETO,SCUOLA PRIMARIA,primaria,2,capacita_esaurita_o_oltre_max_km
202425,1.0,42,statale,SCUOLA PRIMARIA,3,VEEE847024,IVANO POVOLEDO,VENEZIA,VENEZIA,VENETO,SCUOLA PRIMARIA,primaria,2,capacita_esaurita_o_oltre_max_km
202425,1.0,42,statale,SCUOLA PRIMARIA,3,VREE87502X,GIOVANNI SOLINAS,VERONA,VERONA,VENETO,SCUOLA PRIMARIA,primaria,6,capacita_esaurita_o_oltre_max_km
202425,1.0,42,statale,SCUOLA PRIMARIA,3,MNEE80701R,SAN PIETRO,CASTIGLIONE DELLE STIVIERE,MANTOVA,LOMBARDIA,SCUOLA PRIMARIA,primaria,9,capacita_esaurita_o_oltre_max_km
202425,1.0,42,statale,SCUOLA PRIMARIA,3,ANEE81603V,"ANCONA ""FAIANI""",ANCONA,ANCONA,MARCHE,SCUOLA PRIMARIA,primaria,7,capacita_esaurita_o_oltre_max_km
202425,1.0,42,statale,SCUOLA PRIMARIA,3,MIEE82503X,PRIMARIA RICCARDO BAUER,CINISELLO BALSAMO,MILANO,LOMBARDIA,SCUOLA PRIMARIA,primaria,5,capacita_esaurita_o_oltre_max_km
202425,1.0,42,statale,SCUOLA PRIMARIA,3,PREE80902D,MEDESANO CPL,MEDESANO,PARMA,EMILIA ROMAGNA,SCUOLA PRIMARIA,primaria,1,capacita_esaurita_o_oltre_max_km
202425,1.0,42,statale,SCUOLA PRIMARIA,3,FIEE86402V,LA VILLA-PABLO NERUDA,CAMPI BISENZIO,FIRENZE,TOSCANA,SCUOLA PRIMARIA,primaria,6,capacita_esaurita_o_oltre_max_km
202425,1.0,42,statale,SCUOLA PRIMARIA,3,BSEE86202Q,COMEZZANO CIZZAGO CAP.,COMEZZANO-CIZZAGO,BRESCIA,LOMBARDIA,SCUOLA PRIMARIA,primaria,2,capacita_esaurita_o_oltre_max_km
202425,1.0,42,statale,SCUOLA PRIMARIA,3,FIEE826046,"""DOMENICO GIULIOTTI"" -CAPOLUOGO",GREVE IN CHIANTI,FIRENZE,TOSCANA,SCUOLA PRIMARIA,primaria,5,capacita_esaurita_o_oltre_max_km
202425,1.0,42,statale,SCUOLA PRIMARIA,3,ROEE80003P,PANZACCHI ENRICO - CASTELMASSA,CASTELMASSA,ROVIGO,VENETO,SCUOLA PRIMARIA,primaria,5,capacita_esaurita_o_oltre_max_km
202425,1.0,42,statale,SCUOLA PRIMARIA,3,PREE819024,TRAVERSETOLO CPL.,TRAVERSETOLO,PARMA,EMILIA ROMAGNA,SCUOLA PRIMARIA,primaria,6,capacita_esaurita_o_oltre_max_km
202425,1.0,42,statale,SCUOLA PRIMARIA,3,GEEE83603L,SC.ELEM. DON BOSCO,GENOVA,GENOVA,LIGURIA,SCUOLA PRIMARIA,primaria,2,capacita_esaurita_o_oltre_max_km
202425,1.0,42,statale,SCUOLA PRIMARIA,3,PVEE80004A,SC. PRIM. MONTU' BECCARIA,MONTU' BECCARIA,PAVIA,LOMBARDIA,SCUOLA PRIMARIA,primaria,2,capacita_esaurita_o_oltre_max_km
202425,1.0,42,statale,SCUOLA PRIMARIA,3,TVEE88103L,S. PIO X - MEDUNA DI L.,MEDUNA DI LIVENZA,TREVISO,VENETO,SCUOLA PRIMARIA,primaria,1,capacita_esaurita_o_oltre_max_km
202425,1.0,42,statale,SCUOLA PRIMARIA,3,BOEE868013,I.C. MOLINELLA CAPOLUOGO,MOLINELLA,BOLOGNA,EMILIA ROMAGNA,SCUOLA PRIMARIA,primaria,1,capacita_esaurita_o_oltre_max_km
202425,1.0,42,statale,SCUOLA PRIMARIA,3,BSEE895012,PONTEVICO,PONTEVICO,BRESCIA,LOMBARDIA,SCUOLA PRIMARIA,primaria,5,capacita_esaurita_o_oltre_max_km
202425,1.0,42,statale,SCUOLA PRIMARIA,3,RGEE83101A,MARINA DI RAGUSA,RAGUSA,RAGUSA,SICILIA,SCUOLA PRIMARIA,primaria,5,capacita_esaurita_o_oltre_max_km
202425,1.0,42,statale,SCUOLA PRIMARIA,3,LOEE80401C,PRIMARIA ETTORE ARCHINTI - BORG,BORGHETTO LODIGIANO,LODI,LOMBARDIA,SCUOLA PRIMARIA,primaria,2,capacita_esaurita_o_oltre_max_km
202425,1.0,42,statale,SCUOLA PRIMARIA,3,CNEE833018,BARGE-CAPOLUOGO,BARGE,CUNEO,PIEMONTE,SCUOLA PRIMARIA,primaria,3,capacita_esaurita_o_oltre_max_km
202425,1.0,42,statale,SCUOLA PRIMARIA,3,FOEE80903L,CIVITELLA FRANCESCHI PIGNOCCHI,CIVITELLA DI ROMAGNA,FORLI'-CESENA,EMILIA ROMAGNA,SCUOLA PRIMARIA,primaria,1,capacita_esaurita_o_oltre_max_km
202425,1.0,42,statale,SCUOLA PRIMARIA,3,IMEE802053,ISOLABONA,ISOLABONA,IMPERIA,LIGURIA,SCUOLA PRIMARIA,primaria,1,capacita_esaurita_o_oltre_max_km
202425,1.0,42,statale,SCUOLA PRIMARIA,3,MIEE8FP01X,PRIMARIA VIA GUICCIARDI,MILANO,MILANO,LOMBARDIA,SCUOLA PRIMARIA,primaria,7,capacita_esaurita_o_oltre_max_km
202425,1.0,42,statale,SCUOLA PRIMARIA,3,TOEE81301G,I.C.TORRE PELLICE-CAP.,TORRE PELLICE,TORINO,PIEMONTE,SCUOLA PRIMARIA,primaria,2,capacita_esaurita_o_oltre_max_km
202425,1.0,42,statale,SCUOLA PRIMARIA,3,PREE82201V,BUSSETO CPL,BUSSETO,PARMA,EMILIA ROMAGNA,SCUOLA PRIMARIA,primaria,6,capacita_esaurita_o_oltre_max_km
202425,1.0,42,statale,SCUOLA PRIMARIA,3,NOEE00702V,PRIMARIA FERRANDI,NOVARA,NOVARA,PIEMONTE,SCUOLA PRIMARIA,primaria,5,capacita_esaurita_o_oltre_max_km
202425,1.0,42,statale,SCUOLA PRIMARIA,3,POEE819043,LAURA POLI,PRATO,PRATO,TOSCANA,SCUOLA PRIMARIA,primaria,5,capacita_esaurita_o_oltre_max_km
202425,1.0,42,statale,SCUOLA PRIMARIA,3,BGEE83204D,CIVIDATE AL PIANO,CIVIDATE AL PIANO,BERGAMO,LOMBARDIA,SCUOLA PRIMARIA,primaria,4,capacita_esaurita_o_oltre_max_km
202425,1.0,42,statale,SCUOLA PRIMARIA,3,CNEE82610G,COSTIGLIOLE SALUZZO,COSTIGLIOLE SALUZZO,CUNEO,PIEMONTE,SCUOLA PRIMARIA,primaria,3,capacita_esaurita_o_oltre_max_km
202425,1.0,42,statale,SCUOLA PRIMARIA,3,CREE81301V,""" A. MINA "" (GUSSOLA)",GUSSOLA,CREMONA,LOMBARDIA,SCUOLA PRIMARIA,primaria,3,capacita_esaurita_o_oltre_max_km
202425,1.0,42,statale,SCUOLA PRIMARIA,3,FIEE81403V,"DICOMANO ""PASCOLI""",DICOMANO,FIRENZE,TOSCANA,SCUOLA PRIMARIA,primaria,3,capacita_esaurita_o_oltre_max_km
202425,1.0,42,statale,SCUOLA PRIMARIA,3,PDEE89004A,FRANCESCO PETRARCA,PADOVA,PADOVA,VENETO,SCUOLA PRIMARIA,primaria,3,capacita_esaurita_o_oltre_max_km
202425,1.0,42,statale,SCUOLA PRIMARIA,3,TOEE810014,"I.C. ""D.M.TUROLDO"" - LEOPARDI",TORINO,TORINO,PIEMONTE,SCUOLA PRIMARIA,primaria,4,capacita_esaurita_o_oltre_max_km
202425,1.0,42,statale,SCUOLA PRIMARIA,3,BSEE84001T,COLOGNE,COLOGNE,BRESCIA,LOMBARDIA,SCUOLA PRIMARIA,primaria,6,capacita_esaurita_o_oltre_max_km
202425,1.0,42,statale,SCUOLA PRIMARIA,3,MIEE8DR01A,PRIMARIA P.SOTTOCORNO,MILANO,MILANO,LOMBARDIA,SCUOLA PRIMARIA,primaria,6,capacita_esaurita_o_oltre_max_km
202425,1.0,42,statale,SCUOLA PRIMARIA,3,ALEE81305V,"""C. CAVOUR"" VIGNOLE B.RA",VIGNOLE BORBERA,ALESSANDRIA,PIEMONTE,SCUOLA PRIMARIA,primaria,2,capacita_esaurita_o_oltre_max_km
202425,1.0,42,statale,SCUOLA PRIMARIA,3,BSEE859031,MACLODIO 'BENTI MATTEO',MACLODIO,BRESCIA,LOMBARDIA,SCUOLA PRIMARIA,primaria,2,capacita_esaurita_o_oltre_max_km
202425,1.0,42,statale,SCUOLA PRIMARIA,3,CREE80905B,OSTIANO,OSTIANO,CREMONA,LOMBARDIA,SCUOLA PRIMARIA,primaria,1,capacita_esaurita_o_oltre_max_km
202425,1.0,42,statale,SCUOLA PRIMARIA,3,CTEE808012,L. SCIASCIA,MAZZARRONE,CATANIA,SICILIA,SCUOLA PRIMARIA,primaria,2,capacita_esaurita_o_oltre_max_km
202425,1.0,42,statale,SCUOLA PRIMARIA,3,FEEE80502Q,SILVIA BENFENATI GALLO,POGGIO RENATICO,FERRARA,EMILIA ROMAGNA,SCUOLA PRIMARIA,primaria,2,capacita_esaurita_o_oltre_max_km
202425,1.0,42,statale,SCUOLA PRIMARIA,3,FOEE80803R,ROCCA S.C. - LICINIO CAPPELLI,ROCCA SAN CASCIANO,FORLI'-CESENA,EMILIA ROMAGNA,SCUOLA PRIMARIA,primaria,2,capacita_esaurita_o_oltre_max_km
202425,1.0,42,statale,SCUOLA PRIMARIA,3,MNEE80205T,"SC. PRIMARIA ""MART. BELFIORE""",GAZOLDO DEGLI IPPOLITI,MANTOVA,LOMBARDIA,SCUOLA PRIMARIA,primaria,3,capacita_esaurita_o_oltre_max_km
202425,1.0,42,statale,SCUOLA PRIMARIA,3,PVEE822025,ARENA PO,ARENA PO,PAVIA,LOMBARDIA,SCUOLA PRIMARIA,primaria,1,capacita_esaurita_o_oltre_max_km
202425,1.0,42,statale,SCUOLA PRIMARIA,3,LOEE80301L,PRIMARIA ADA NEGRI - LODI VECCH,LODI VECCHIO,LODI,LOMBARDIA,SCUOLA PRIMARIA,primaria,6,capacita_esaurita_o_oltre_max_km
202425,1.0,42,statale,SCUOLA PRIMARIA,3,PCEE806036,"""L.TONCINI""",CAORSO,PIACENZA,EMILIA ROMAGNA,SCUOLA PRIMARIA,primaria,3,capacita_esaurita_o_oltre_max_km
202425,1.0,42,statale,SCUOLA PRIMARIA,3,VREE86301L,"""S.NICHESOLA"" CAPRINO V.SE",CAPRINO VERONESE,VERONA,VENETO,SCUOLA PRIMARIA,primaria,2,capacita_esaurita_o_oltre_max_km
202425,1.0,42,statale,SCUOLA PRIMARIA,3,CREE804014,"""ROMUALDO CAPPI"" (CASTELLEONE)",CASTELLEONE,CREMONA,LOMBARDIA,SCUOLA PRIMARIA,primaria,4,capacita_esaurita_o_oltre_max_km
202425,1.0,42,statale,SCUOLA PRIMARIA,3,BOEE85302A,CARLO CHIOSTRI,BOLOGNA,BOLOGNA,EMILIA ROMAGNA,SCUOLA PRIMARIA,primaria,4,capacita_esaurita_o_oltre_max_km
202425,1.0,42,statale,SCUOLA PRIMARIA,3,MIEE8FU03E,PRIMARIA NOLLI ARQUATI,MILANO,MILANO,LOMBARDIA,SCUOLA PRIMARIA,primaria,4,capacita_esaurita_o_oltre_max_km
202425,1.0,42,statale,SCUOLA PRIMARIA,3,PCEE805018,CORTEMAGGIORE - CAPOLUOGO,CORTEMAGGIORE,PIACENZA,EMILIA ROMAGNA,SCUOLA PRIMARIA,primaria,4,capacita_esaurita_o_oltre_max_km
202425,1.0,42,statale,SCUOLA PRIMARIA,3,MOEE825013,G.MARCONI,CASTELFRANCO EMILIA,MODENA,EMILIA ROMAGNA,SCUOLA PRIMARIA,primaria,1,capacita_esaurita_o_oltre_max_km
202425,1.0,42,statale,SCUOLA PRIMARIA,3,BOEE840039,TOLE',VERGATO,BOLOGNA,EMILIA ROMAGNA,SCUOLA PRIMARIA,primaria,2,capacita_esaurita_o_oltre_max_km
202425,1.0,42,statale,SCUOLA PRIMARIA,3,IMEE800039,PIEVE DI TECO,PIEVE DI TECO,IMPERIA,LIGURIA,SCUOLA PRIMARIA,primaria,2,capacita_esaurita_o_oltre_max_km
202425,1.0,42,statale,SCUOLA PRIMARIA,3,MIEE8FU01C,PRIMARIA E. TOTI,MILANO,MILANO,LOMBARDIA,SCUOLA PRIMARIA,primaria,2,capacita_esaurita_o_oltre_max_km
202425,1.0,42,statale,SCUOLA PRIMARIA,3,MNEE800012,CASALMORO,CASALMORO,MANTOVA,LOMBARDIA,SCUOLA PRIMARIA,primaria,2,capacita_esaurita_o_oltre_max_km
202425,1.0,42,statale,SCUOLA PRIMARIA,3,MNEE805037,MAIOLI,GOITO,MANTOVA,LOMBARDIA,SCUOLA PRIMARIA,primaria,2,capacita_esaurita_o_oltre_max_km
202425,1.0,42,statale,SCUOLA PRIMARIA,3,PREE813014,FONTANELLATO CPL,FONTANELLATO,PARMA,EMILIA ROMAGNA,SCUOLA PRIMARIA,primaria,4,capacita_esaurita_o_oltre_max_km
202425,1.0,42,statale,SCUOLA PRIMARIA,3,ROEE81905T,ALDO MORO-FRAZ. BOARA POL.,ROVIGO,ROVIGO,VENETO,SCUOLA PRIMARIA,primaria,1,capacita_esaurita_o_oltre_max_km
202425,1.0,42,statale,SCUOLA PRIMARIA,3,VCEE80603N,"ALICE CASTELLO ""G. BALLARIO""",ALICE CASTELLO,VERCELLI,PIEMONTE,SCUOLA PRIMARIA,primaria,1,capacita_esaurita_o_oltre_max_km
202425,1.0,42,statale,SCUOLA PRIMARIA,3,VEEE82506B,PAOLA E ANGELA RAMPULLA,ANNONE VENETO,VENEZIA,VENETO,SCUOLA PRIMARIA,primaria,4,capacita_esaurita_o_oltre_max_km
202425,1.0,42,statale,SCUOLA PRIMARIA,3,BSEE89801D,SCUOLA PRIMARIA STATALE,MANERBIO,BRESCIA,LOMBARDIA,SCUOLA PRIMARIA,primaria,1,capacita_esaurita_o_oltre_max_km
202425,1.0,42,statale,SCUOLA PRIMARIA,3,MIEE8GF02Q,PRIMARIA A.MANZONI,BRESSO,MILANO,LOMBARDIA,SCUOLA PRIMARIA,primaria,3,capacita_esaurita_o_oltre_max_km
202425,1.0,42,statale,SCUOLA PRIMARIA,3,PDEE83005Q,ARCOBALENO,PADOVA,PADOVA,VENETO,SCUOLA PRIMARIA,primaria,1,capacita_esaurita_o_oltre_max_km
202425,1.0,42,statale,SCUOLA PRIMARIA,3,TOEE808058,E. GIACHINO,TORINO,TORINO,PIEMONTE,SCUOLA PRIMARIA,primaria,3,capacita_esaurita_o_oltre_max_km
202425,1.0,42,statale,SCUOLA PRIMARIA,3,VEEE87404E,LOMBARDO RADICE,VENEZIA,VENEZIA,VENETO,SCUOLA PRIMARIA,primaria,3,capacita_esaurita_o_oltre_max_km
202425,1.0,42,statale,SCUOLA PRIMARIA,3,MIEE8EJ01A,PRIMARIA V.LE LOMBARDIA,COLOGNO MONZESE,MILANO,LOMBARDIA,SCUOLA PRIMARIA,primaria,5,capacita_esaurita_o_oltre_max_km
202425,1.0,42,statale,SCUOLA PRIMARIA,3,BGEE825039,SCUOLA PRIMARIA MORENGO,MORENGO,BERGAMO,LOMBARDIA,SCUOLA PRIMARIA,primaria,2,capacita_esaurita_o_oltre_max_km
202425,1.0,42,statale,SCUOLA PRIMARIA,3,BSEE88003A,PRIMARIA BELLINI BRESCIA,BRESCIA,BRESCIA,LOMBARDIA,SCUOLA PRIMARIA,primaria,2,capacita_esaurita_o_oltre_max_km
202425,1.0,42,statale,SCUOLA PRIMARIA,3,MSEE814039,TIFONI PONTREMOLI (IC TIFONI),PONTREMOLI,MASSA-CARRARA,TOSCANA,SCUOLA PRIMARIA,primaria,3,capacita_esaurita_o_oltre_max_km
202425,1.0,42,statale,SCUOLA PRIMARIA,3,REEE821026,CIANO - MATILDE DI CANOSSA,CANOSSA,REGGIO EMILIA,EMILIA ROMAGNA,SCUOLA PRIMARIA,primaria,2,capacita_esaurita_o_oltre_max_km
202425,1.0,42,statale,SCUOLA PRIMARIA,3,REEE84704C,ELSA MORANTE-VILL.STRANIERI,REGGIO NELL'EMILIA,REGGIO EMILIA,EMILIA ROMAGNA,SCUOLA PRIMARIA,primaria,2,capacita_esaurita_o_oltre_max_km
202425,1.0,42,statale,SCUOLA PRIMARIA,3,SIEE81204L,VIA MARTIRI MONTEMAGGIO,CASTELLINA IN CHIANTI,SIENA,TOSCANA,SCUOLA PRIMARIA,primaria,2,capacita_esaurita_o_oltre_max_km
202425,1.0,42,statale,SCUOLA PRIMARIA,3,VIEE87104A,IC VICENZA 1 - A. LOSCHI,VICENZA,VICENZA,VENETO,SCUOLA PRIMARIA,primaria,2,capacita_esaurita_o_oltre_max_km
202425,1.0,42,statale,SCUOLA PRIMARIA,3,FOEE81701D,SAN MAURO P. - M. MONTESSORI,SAN MAURO PASCOLI,FORLI'-CESENA,EMILIA ROMAGNA,SCUOLA PRIMARIA,primaria,8,capacita_esaurita_o_oltre_max_km
202425,1.0,42,statale,SCUOLA PRIMARIA,3,PREE82905T,GIANNI RODARI,PARMA,PARMA,EMILIA ROMAGNA,SCUOLA PRIMARIA,primaria,3,capacita_esaurita_o_oltre_max_km
202425,1.0,42,statale,SCUOLA PRIMARIA,3,ATEE816017,"""ROSSIGNOLI"" - NIZZA CAP.",NIZZA MONFERRATO,ASTI,PIEMONTE,SCUOLA PRIMARIA,primaria,3,capacita_esaurita_o_oltre_max_km
202425,1.0,42,statale,SCUOLA PRIMARIA,3,BSEE8AN048,"MONTICHIARI ""G. B. ALBERTI""",MONTICHIARI,BRESCIA,LOMBARDIA,SCUOLA PRIMARIA,primaria,3,capacita_esaurita_o_oltre_max_km
202425,1.0,42,statale,SCUOLA PRIMARIA,3,MIEE8C1026,PRIMARIA VIA CILEA,MILANO,MILANO,LOMBARDIA,SCUOLA PRIMARIA,primaria,2,capacita_esaurita_o_oltre_max_km
202425,1.0,42,statale,SCUOLA PRIMARIA,3,MNEE81504V,VILLIMPENTA,VILLIMPENTA,MANTOVA,LOMBARDIA,SCUOLA PRIMARIA,primaria,2,capacita_esaurita_o_oltre_max_km
202425,1.0,42,statale,SCUOLA PRIMARIA,3,MOEE84804V,"""ANNA FRANK - MARCONI"" MODENA",MODENA,MODENA,EMILIA ROMAGNA,SCUOLA PRIMARIA,primaria,2,capacita_esaurita_o_oltre_max_km
202425,1.0,42,statale,SCUOLA PRIMARIA,3,TOEE873017,I.C. PADRE GEMELLI,TORINO,TORINO,PIEMONTE,SCUOLA PRIMARIA,primaria,5,capacita_esaurita_o_oltre_max_km
202425,1.0,42,statale,SCUOLA PRIMARIA,3,FEEE802017,"""C.BATTISTI""-BONDENO",BONDENO,FERRARA,EMILIA ROMAGNA,SCUOLA PRIMARIA,primaria,6,capacita_esaurita_o_oltre_max_km
202425,1.0,42,statale,SCUOLA PRIMARIA,3,MOEE81901Q,"""L.A. MURATORI "" SAN FELICE S/P",SAN FELICE SUL PANARO,MODENA,EMILIA ROMAGNA,SCUOLA PRIMARIA,primaria,5,capacita_esaurita_o_oltre_max_km
202425,1.0,42,statale,SCUOLA PRIMARIA,3,ALEE825011,"ALESSANDRIA ""G.GALILEI""",ALESSANDRIA,ALESSANDRIA,PIEMONTE,SCUOLA PRIMARIA,primaria,4,capacita_esaurita_o_oltre_max_km
202425,1.0,42,statale,SCUOLA PRIMARIA,3,MIEE8B3016,PRIMARIA A. DIAZ,VAPRIO D'ADDA,MILANO,LOMBARDIA,SCUOLA PRIMARIA,primaria,2,capacita_esaurita_o_oltre_max_km
202425,1.0,42,statale,SCUOLA PRIMARIA,3,MNEE80803P,SCUOLA PRIMARIA MEDOLE,MEDOLE,MANTOVA,LOMBARDIA,SCUOLA PRIMARIA,primaria,3,capacita_esaurita_o_oltre_max_km
202425,1.0,42,statale,SCUOLA PRIMARIA,3,PREE805037,"""GUGLIELMO MARCONI"" - LOC. SIS",SISSA TRECASALI,PARMA,EMILIA ROMAGNA,SCUOLA PRIMARIA,primaria,2,capacita_esaurita_o_oltre_max_km
202425,1.0,42,statale,SCUOLA PRIMARIA,3,VIEE87003D,IC VICENZA5 - G. GIUSTI,VICENZA,VICENZA,VENETO,SCUOLA PRIMARIA,primaria,3,capacita_esaurita_o_oltre_max_km
202425,1.0,42,statale,SCUOLA PRIMARIA,3,BGEE83503X,"PRIMARIA ""MERISI""",CARAVAGGIO,BERGAMO,LOMBARDIA,SCUOLA PRIMARIA,primaria,5,capacita_esaurita_o_oltre_max_km
202425,1.0,42,statale,SCUOLA PRIMARIA,3,PREE82501A,"""L. EINAUDI""",PARMA,PARMA,EMILIA ROMAGNA,SCUOLA PRIMARIA,primaria,6,capacita_esaurita_o_oltre_max_km
202425,1.0,42,statale,SCUOLA PRIMARIA,3,BGEE85901A,"SCUOLA PRIMARIA ""DA VINCI""",GHISALBA,BERGAMO,LOMBARDIA,SCUOLA PRIMARIA,primaria,1,capacita_esaurita_o_oltre_max_km
202425,1.0,42,statale,SCUOLA PRIMARIA,3,MOEE82204P,"PRIMARIA ""GIUSEPPE VERDI """,CARPI,MODENA,EMILIA ROMAGNA,SCUOLA PRIMARIA,primaria,3,capacita_esaurita_o_oltre_max_km
202425,1.0,42,statale,SCUOLA PRIMARIA,3,PREE821024,"""A.FRANK""",PARMA,PARMA,EMILIA ROMAGNA,SCUOLA PRIMARIA,primaria,4,capacita_esaurita_o_oltre_max_km
202425,1.0,42,statale,SCUOLA PRIMARIA,3,MIEE8CV03E,PRIMARIA MARTIRI DI GORLA,MILANO,MILANO,LOMBARDIA,SCUOLA PRIMARIA,primaria,4,capacita_esaurita_o_oltre_max_km
202425,1.0,42,statale,SCUOLA PRIMARIA,3,MIEE8DG03R,PRIMARIA C.POERIO,MILANO,MILANO,LOMBARDIA,SCUOLA PRIMARIA,primaria,4,capacita_esaurita_o_oltre_max_km
202425,1.0,42,statale,SCUOLA PRIMARIA,3,BSEE849018,SCUOLA PRIMARIA CAPOLUOGO,CARPENEDOLO,BRESCIA,LOMBARDIA,SCUOLA PRIMARIA,primaria,6,capacita_esaurita_o_oltre_max_km
202425,1.0,42,statale,SCUOLA PRIMARIA,3,APEE81105C,SCUOLA PRIMARIA ARQUATA TR.,ARQUATA DEL TRONTO,ASCOLI PICENO,MARCHE,SCUOLA PRIMARIA,primaria,1,capacita_esaurita_o_oltre_max_km
202425,1.0,42,statale,SCUOLA PRIMARIA,3,APEE83702D,SC.PRIMARIA GIANNI RODARI,PORTO SANT'ELPIDIO,FERMO,MARCHE,SCUOLA PRIMARIA,primaria,4,capacita_esaurita_o_oltre_max_km
202425,1.0,42,statale,SCUOLA PRIMARIA,3,AREE81204C,DON BOSCO - STRADA IN CASENTINO,CASTEL SAN NICCOLO',AREZZO,TOSCANA,SCUOLA PRIMARIA,primaria,1,capacita_esaurita_o_oltre_max_km
202425,1.0,42,statale,SCUOLA PRIMARIA,3,AREE813015,CASTIGLION FIBOCCHI,CASTIGLION FIBOCCHI,AREZZO,TOSCANA,SCUOLA PRIMARIA,primaria,1,capacita_esaurita_o_oltre_max_km
202425,1.0,42,statale,SCUOLA PRIMARIA,3,AREE834016,"""DON MILANI""",MONTEVARCHI,AREZZO,TOSCANA,SCUOLA PRIMARIA,primaria,3,capacita_esaurita_o_oltre_max_km
202425,1.0,42,statale,SCUOLA PRIMARIA,3,ATEE81509Q,SCUOLA PRIMARIA DI VESIME,VESIME,ASTI,PIEMONTE,SCUOLA PRIMARIA,primaria,1,capacita_esaurita_o_oltre_max_km
202425,1.0,42,statale,SCUOLA PRIMARIA,3,ATEE817013,CAGNI - ASTI,ASTI,ASTI,PIEMONTE,SCUOLA PRIMARIA,primaria,1,capacita_esaurita_o_oltre_max_km
202425,1.0,42,statale,SCUOLA PRIMARIA,3,BGEE82201Q,ARCENE,ARCENE,BERGAMO,LOMBARDIA,SCUOLA PRIMARIA,primaria,3,capacita_esaurita_o_oltre_max_km
202425,1.0,42,statale,SCUOLA PRIMARIA,3,BGEE83202B,CALCIO,CALCIO,BERGAMO,LOMBARDIA,SCUOLA PRIMARIA,primaria,3,capacita_esaurita_o_oltre_max_km
202425,1.0,42,statale,SCUOLA PRIMARIA,3,BGEE835041,PRIMARIA VIDALENGO,CARAVAGGIO,BERGAMO,LOMBARDIA,SCUOLA PRIMARIA,primaria,1,capacita_esaurita_o_oltre_max_km
202425,1.0,42,statale,SCUOLA PRIMARIA,3,BGEE84604B,PONTIROLO NUOVO,PONTIROLO NUOVO,BERGAMO,LOMBARDIA,SCUOLA PRIMARIA,primaria,2,capacita_esaurita_o_oltre_max_km
202425,1.0,42,statale,SCUOLA PRIMARIA,3,BGEE85203N,"PRIMARIA TELGATE ""C. BREVI""",TELGATE,BERGAMO,LOMBARDIA,SCUOLA PRIMARIA,primaria,2,capacita_esaurita_o_oltre_max_km
202425,1.0,42,statale,SCUOLA PRIMARIA,3,BGEE869033,SCUOLA PRIMARIA TALEGGIO-OLDA,TALEGGIO,BERGAMO,LOMBARDIA,SCUOLA PRIMARIA,primaria,1,capacita_esaurita_o_oltre_max_km
202425,1.0,42,statale,SCUOLA PRIMARIA,3,BOEE846049,PRIMARIA PULICARI,IMOLA,BOLOGNA,EMILIA ROMAGNA,SCUOLA PRIMARIA,primaria,1,capacita_esaurita_o_oltre_max_km
202425,1.0,42,statale,SCUOLA PRIMARIA,3,BSEE86102X,ROCCAFRANCA CAP.,ROCCAFRANCA,BRESCIA,LOMBARDIA,SCUOLA PRIMARIA,primaria,3,capacita_esaurita_o_oltre_max_km
202425,1.0,42,statale,SCUOLA PRIMARIA,3,BSEE880029,PRIMARIA MARCONI S.EUFEMIA BS,BRESCIA,BRESCIA,LOMBARDIA,SCUOLA PRIMARIA,primaria,1,capacita_esaurita_o_oltre_max_km
202425,1.0,42,statale,SCUOLA PRIMARIA,3,BSEE88201X,PRIMARIA TITO SPERI - BRESCIA,BRESCIA,BRESCIA,LOMBARDIA,SCUOLA PRIMARIA,primaria,2,capacita_esaurita_o_oltre_max_km
202425,1.0,42,statale,SCUOLA PRIMARIA,3,BSEE8AN015,"MONTICHIARI FRAZ. ""VIGHIZZOLO""",MONTICHIARI,BRESCIA,LOMBARDIA,SCUOLA PRIMARIA,primaria,1,capacita_esaurita_o_oltre_max_km
202425,1.0,42,statale,SCUOLA PRIMARIA,3,CHEE034023,CARPINETO SINELLO CAPOLUOGO,CARPINETO SINELLO,CHIETI,ABRUZZO,SCUOLA PRIMARIA,primaria,1,capacita_esaurita_o_oltre_max_km
202425,1.0,42,statale,SCUOLA PRIMARIA,3,CHEE81604E,ROCCASPINALVETI CAPOLUOGO,ROCCASPINALVETI,CHIETI,ABRUZZO,SCUOLA PRIMARIA,primaria,1,capacita_esaurita_o_oltre_max_km
202425,1.0,42,statale,SCUOLA PRIMARIA,3,CNEE80701Q,BENE VAGIENNA-CAPOLUOGO,BENE VAGIENNA,CUNEO,PIEMONTE,SCUOLA PRIMARIA,primaria,2,capacita_esaurita_o_oltre_max_km
202425,1.0,42,statale,SCUOLA PRIMARIA,3,CNEE83601Q,SCUOLA PRIMARIA BAGNASCO,BAGNASCO,CUNEO,PIEMONTE,SCUOLA PRIMARIA,primaria,1,capacita_esaurita_o_oltre_max_km
202425,1.0,42,statale,SCUOLA PRIMARIA,3,CREE804025,"MED.ORO ""L.BERTOLOTTI""(TRIGOLO)",TRIGOLO,CREMONA,LOMBARDIA,SCUOLA PRIMARIA,primaria,1,capacita_esaurita_o_oltre_max_km
202425,1.0,42,statale,SCUOLA PRIMARIA,3,CREE820023,"""REALDO COLOMBO-FERRANTE APORTI",CREMONA,CREMONA,LOMBARDIA,SCUOLA PRIMARIA,primaria,2,capacita_esaurita_o_oltre_max_km
202425,1.0,42,statale,SCUOLA PRIMARIA,3,CSEE84807G,BOCCHIGLIERO - CENTRO,BOCCHIGLIERO,COSENZA,CALABRIA,SCUOLA PRIMARIA,primaria,1,capacita_esaurita_o_oltre_max_km
202425,1.0,42,statale,SCUOLA PRIMARIA,3,CTEE82204B,SCUOLA PRIMARIA GRANIERI,CALTAGIRONE,CATANIA,SICILIA,SCUOLA PRIMARIA,primaria,1,capacita_esaurita_o_oltre_max_km
202425,1.0,42,statale,SCUOLA PRIMARIA,3,CZEE82403P,CROPANI CENTRO,CROPANI,CATANZARO,CALABRIA,SCUOLA PRIMARIA,primaria,1,capacita_esaurita_o_oltre_max_km
202425,1.0,42,statale,SCUOLA PRIMARIA,3,FEEE82202D,'GIULIO PIAZZI' - SAN NICOLO',ARGENTA,FERRARA,EMILIA ROMAGNA,SCUOLA PRIMARIA,primaria,1,capacita_esaurita_o_oltre_max_km
202425,1.0,42,statale,SCUOLA PRIMARIA,3,FEEE825021,VIA MONTESSORI-BERRA,RIVA DEL PO,FERRARA,EMILIA ROMAGNA,SCUOLA PRIMARIA,primaria,1,capacita_esaurita_o_oltre_max_km
202425,1.0,42,statale,SCUOLA PRIMARIA,3,FIEE81401R,"LONDA ""IACOPO RICCI""",LONDA,FIRENZE,TOSCANA,SCUOLA PRIMARIA,primaria,1,capacita_esaurita_o_oltre_max_km
202425,1.0,42,statale,SCUOLA PRIMARIA,3,FOEE806057,VERGHERETO AMBROGETTI,VERGHERETO,FORLI'-CESENA,EMILIA ROMAGNA,SCUOLA PRIMARIA,primaria,1,capacita_esaurita_o_oltre_max_km
202425,1.0,42,statale,SCUOLA PRIMARIA,3,GREE82104G,CAPALBIO CAPOLUOGO PRIMARIA,CAPALBIO,GROSSETO,TOSCANA,SCUOLA PRIMARIA,primaria,1,capacita_esaurita_o_oltre_max_km
202425,1.0,42,statale,SCUOLA PRIMARIA,3,GREE82503T,"""C.PISACANE"" GIGLIO",ISOLA DEL GIGLIO,GROSSETO,TOSCANA,SCUOLA PRIMARIA,primaria,1,capacita_esaurita_o_oltre_max_km
202425,1.0,42,statale,SCUOLA PRIMARIA,3,IMEE80015V,SC. PRIM. PONTEDASSIO,PONTEDASSIO,IMPERIA,LIGURIA,SCUOLA PRIMARIA,primaria,1,capacita_esaurita_o_oltre_max_km
202425,1.0,42,statale,SCUOLA PRIMARIA,3,LOEE807043,PRIMARIA - SENNA LODIGIANA,SENNA LODIGIANA,LODI,LOMBARDIA,SCUOLA PRIMARIA,primaria,1,capacita_esaurita_o_oltre_max_km
202425,1.0,42,statale,SCUOLA PRIMARIA,3,MCEE80903D,G. LEOPARDI,SERRAVALLE DI CHIENTI,MACERATA,MARCHE,SCUOLA PRIMARIA,primaria,1,capacita_esaurita_o_oltre_max_km
202425,1.0,42,statale,SCUOLA PRIMARIA,3,MIEE8DV013,PRIMARIA MURATORI E MENOTTI,MILANO,MILANO,LOMBARDIA,SCUOLA PRIMARIA,primaria,3,capacita_esaurita_o_oltre_max_km
202425,1.0,42,statale,SCUOLA PRIMARIA,3,MNEE80102V,PRIMARIA CANNETO SULL' OGLIO,CANNETO SULL'OGLIO,MANTOVA,LOMBARDIA,SCUOLA PRIMARIA,primaria,1,capacita_esaurita_o_oltre_max_km
202425,1.0,42,statale,SCUOLA PRIMARIA,3,MOEE83501N,"""E.CASTELFRANCHI"" FINALE E.",FINALE EMILIA,MODENA,EMILIA ROMAGNA,SCUOLA PRIMARIA,primaria,1,capacita_esaurita_o_oltre_max_km
202425,1.0,42,statale,SCUOLA PRIMARIA,3,NOEE814076,SAN PIETRO MOSEZZO,SAN PIETRO MOSEZZO,NOVARA,PIEMONTE,SCUOLA PRIMARIA,primaria,1,capacita_esaurita_o_oltre_max_km
202425,1.0,42,statale,SCUOLA PRIMARIA,3,PDEE87703V,CASTELBALDO-ROSA,CASTELBALDO,PADOVA,VENETO,SCUOLA PRIMARIA,primaria,1,capacita_esaurita_o_oltre_max_km
202425,1.0,42,statale,SCUOLA PRIMARIA,3,PGEE813024,SANT'ANATOLIA DI NARCO,SANT'ANATOLIA DI NARCO,PERUGIA,UMBRIA,SCUOLA PRIMARIA,primaria,1,capacita_esaurita_o_oltre_max_km
202425,1.0,42,statale,SCUOLA PRIMARIA,3,PGEE82803V,G.LOMBARDO RADICE-FRAZ.GAIFANA,NOCERA UMBRA,PERUGIA,UMBRIA,SCUOLA PRIMARIA,primaria,1,capacita_esaurita_o_oltre_max_km
202425,1.0,42,statale,SCUOLA PRIMARIA,3,PIEE837018,OLTRERA,PONTEDERA,PISA,TOSCANA,SCUOLA PRIMARIA,primaria,2,capacita_esaurita_o_oltre_max_km
202425,1.0,42,statale,SCUOLA PRIMARIA,3,PREE82803X,FRAZ. S. PROSPERO,PARMA,PARMA,EMILIA ROMAGNA,SCUOLA PRIMARIA,primaria,1,capacita_esaurita_o_oltre_max_km
202425,1.0,42,statale,SCUOLA PRIMARIA,3,PSEE811043,MACERATA F. - CARPEGNA,CARPEGNA,PESARO E URBINO,MARCHE,SCUOLA PRIMARIA,primaria,1,capacita_esaurita_o_oltre_max_km
202425,1.0,42,statale,SCUOLA PRIMARIA,3,PVEE80009G,SC. PRIM. PIETRA DE' GIORGI,PIETRA DE' GIORGI,PAVIA,LOMBARDIA,SCUOLA PRIMARIA,primaria,1,capacita_esaurita_o_oltre_max_km
202425,1.0,42,statale,SCUOLA PRIMARIA,3,PVEE80403L,SARTIRANA,SARTIRANA LOMELLINA,PAVIA,LOMBARDIA,SCUOLA PRIMARIA,primaria,1,capacita_esaurita_o_oltre_max_km
202425,1.0,42,statale,SCUOLA PRIMARIA,3,PZEE857026,"""TEN.M.ACCIANI"" MONTEMILONE",MONTEMILONE,POTENZA,BASILICATA,SCUOLA PRIMARIA,primaria,1,capacita_esaurita_o_oltre_max_km
202425,1.0,42,statale,SCUOLA PRIMARIA,3,RAEE81401G,"""GARIBALDI G."" - LUGO",LUGO,RAVENNA,EMILIA ROMAGNA,SCUOLA PRIMARIA,primaria,1,capacita_esaurita_o_oltre_max_km
202425,1.0,42,statale,SCUOLA PRIMARIA,3,REEE81601N,BUSANA CAP.,VENTASSO,REGGIO EMILIA,EMILIA ROMAGNA,SCUOLA PRIMARIA,primaria,1,capacita_esaurita_o_oltre_max_km
202425,1.0,42,statale,SCUOLA PRIMARIA,3,REEE82606D,SCUOLA PRIMARIA G. MARCONI,CASINA,REGGIO EMILIA,EMILIA ROMAGNA,SCUOLA PRIMARIA,primaria,1,capacita_esaurita_o_oltre_max_km
202425,1.0,42,statale,SCUOLA PRIMARIA,3,RMEE8AL11G,SCUOLA PRIMARIA ROVIANO,ROVIANO,ROMA,LAZIO,SCUOLA PRIMARIA,primaria,1,capacita_esaurita_o_oltre_max_km
202425,1.0,42,statale,SCUOLA PRIMARIA,3,RNEE81702A,VIA GRIFFA (IC CENTRO STORICO),RIMINI,RIMINI,EMILIA ROMAGNA,SCUOLA PRIMARIA,primaria,1,capacita_esaurita_o_oltre_max_km
202425,1.0,42,statale,SCUOLA PRIMARIA,3,SAEE8BM09A,CORLETO MONFORTE CAP. P.P.,CORLETO MONFORTE,SALERNO,CAMPANIA,SCUOLA PRIMARIA,primaria,1,capacita_esaurita_o_oltre_max_km
202425,1.0,42,statale,SCUOLA PRIMARIA,3,SIEE80801T,DARIO NERI,MURLO,SIENA,TOSCANA,SCUOLA PRIMARIA,primaria,1,capacita_esaurita_o_oltre_max_km
202425,1.0,42,statale,SCUOLA PRIMARIA,3,SPEE802089,BORGHETTO VARA CAPOLUOGO,BORGHETTO DI VARA,LA SPEZIA,LIGURIA,SCUOLA PRIMARIA,primaria,1,capacita_esaurita_o_oltre_max_km
202425,1.0,42,statale,SCUOLA PRIMARIA,3,SVEE803029,PRIMARIA ALTARE- ALDO CAPASSO,ALTARE,SAVONA,LIGURIA,SCUOLA PRIMARIA,primaria,1,capacita_esaurita_o_oltre_max_km
202425,1.0,42,statale,SCUOLA PRIMARIA,3,SVEE80904A,SPOTORNO - NOLI,NOLI,SAVONA,LIGURIA,SCUOLA PRIMARIA,primaria,1,capacita_esaurita_o_oltre_max_km
202425,1.0,42,statale,SCUOLA PRIMARIA,3,TOEE8B503X,SCUOLA PRIMARIA RIGNON,TORINO,TORINO,PIEMONTE,SCUOLA PRIMARIA,primaria,2,capacita_esaurita_o_oltre_max_km
202425,1.0,42,statale,SCUOLA PRIMARIA,3,VTEE80802Q,PIO FEDI - CELLENO,CELLENO,VITERBO,LAZIO,SCUOLA PRIMARIA,primaria,1,capacita_esaurita_o_oltre_max_km
202425,1.0,42,statale,SCUOLA PRIMARIA,3,VTEE822033,BASSANO IN TEVERINA,BASSANO IN TEVERINA,VITERBO,LAZIO,SCUOLA PRIMARIA,primaria,1,capacita_esaurita_o_oltre_max_km
202425,1.0,42,statale,SCUOLA PRIMARIA,3,MIEE8GH01A,PRIMARIA BOTTEGO,MILANO,MILANO,LOMBARDIA,SCUOLA PRIMARIA,primaria,5,capacita_esaurita_o_oltre_max_km
202425,1.0,42,statale,SCUOLA PRIMARIA,3,MIEE8AR013,PRIMARIA GARIBALDI,CINISELLO BALSAMO,MILANO,LOMBARDIA,SCUOLA PRIMARIA,primaria,3,capacita_esaurita_o_oltre_max_km
202425,1.0,42,statale,SCUOLA PRIMARIA,3,POEE81401R,GANDHI,PRATO,PRATO,TOSCANA,SCUOLA PRIMARIA,primaria,3,capacita_esaurita_o_oltre_max_km
202425,1.0,42,statale,SCUOLA PRIMARIA,3,FIEE871011,VIALE DI VITTORIO,CASTELFIORENTINO,FIRENZE,TOSCANA,SCUOLA PRIMARIA,primaria,3,capacita_esaurita_o_oltre_max_km
202425,1.0,42,statale,SCUOLA PRIMARIA,3,RGEE832016,ACATE CENTRALE,ACATE,RAGUSA,SICILIA,SCUOLA PRIMARIA,primaria,3,capacita_esaurita_o_oltre_max_km
202425,1.0,42,statale,SCUOLA PRIMARIA,3,PVEE83203R,MARAZZANI,VIGEVANO,PAVIA,LOMBARDIA,SCUOLA PRIMARIA,primaria,2,capacita_esaurita_o_oltre_max_km
202425,1.0,42,statale,SCUOLA PRIMARIA,3,BSEE87501R,"REZZATO FRAZ.VIRLE ""P.GOINI""",REZZATO,BRESCIA,LOMBARDIA,SCUOLA PRIMARIA,primaria,2,capacita_esaurita_o_oltre_max_km
202425,1.0,42,statale,SCUOLA PRIMARIA,3,LOEE801011,PRIMARIA GIANNI RODARI-MASSALEN,MASSALENGO,LODI,LOMBARDIA,SCUOLA PRIMARIA,primaria,2,capacita_esaurita_o_oltre_max_km
202425,1.0,42,statale,SCUOLA PRIMARIA,3,ANEE81602T,"ANCONA ""C. ANTOGNINI""",ANCONA,ANCONA,MARCHE,SCUOLA PRIMARIA,primaria,2,capacita_esaurita_o_oltre_max_km
202425,1.0,42,statale,SCUOLA PRIMARIA,3,VTEE81102G,MONTEROSI,MONTEROSI,VITERBO,LAZIO,SCUOLA PRIMARIA,primaria,2,capacita_esaurita_o_oltre_max_km
202425,1.0,42,statale,SCUOLA PRIMARIA,3,CREE80303A,PRIMARIA SESTO CREMONESE CAP.,SESTO ED UNITI,CREMONA,LOMBARDIA,SCUOLA PRIMARIA,primaria,2,capacita_esaurita_o_oltre_max_km
202425,1.0,42,statale,SCUOLA PRIMARIA,3,MOEE845018,"""S. GIOVANNI BOSCO"" MODENA",MODENA,MODENA,EMILIA ROMAGNA,SCUOLA PRIMARIA,primaria,3,capacita_esaurita_o_oltre_max_km
202425,1.0,42,statale,SCUOLA PRIMARIA,3,MIEE815017,MI-MASSAUA AGGR. SMS CARDARELLI,MILANO,MILANO,LOMBARDIA,SCUOLA PRIMARIA,primaria,2,capacita_esaurita_o_oltre_max_km
202425,1.0,42,statale,SCUOLA PRIMARIA,3,PREE84001C,"""COLLODI""",FIDENZA,PARMA,EMILIA ROMAGNA,SCUOLA PRIMARIA,primaria,3,capacita_esaurita_o_oltre_max_km
202425,1.0,42,statale,SCUOLA PRIMARIA,3,BSEE8AL04L,"MONTICHIARI ""G. FALCONE""",MONTICHIARI,BRESCIA,LOMBARDIA,SCUOLA PRIMARIA,primaria,4,capacita_esaurita_o_oltre_max_km
202425,1.0,42,statale,SCUOLA PRIMARIA,3,NOEE82402G,"""RODARI""",NOVARA,NOVARA,PIEMONTE,SCUOLA PRIMARIA,primaria,1,capacita_esaurita_o_oltre_max_km
202425,1.0,42,statale,SCUOLA PRIMARIA,3,VEEE871032,F.LLI BANDIERA-MALCONTENTA,VENEZIA,VENEZIA,VENETO,SCUOLA PRIMARIA,primaria,1,capacita_esaurita_o_oltre_max_km
202425,1.0,42,statale,SCUOLA PRIMARIA,3,PREE020018,CORAZZA,PARMA,PARMA,EMILIA ROMAGNA,SCUOLA PRIMARIA,primaria,4,capacita_esaurita_o_oltre_max_km
202425,1.0,42,statale,SCUOLA PRIMARIA,3,PCEE007011,RENZO PEZZANI,PIACENZA,PIACENZA,EMILIA ROMAGNA,SCUOLA PRIMARIA,primaria,3,capacita_esaurita_o_oltre_max_km
202425,1.0,42,statale,SCUOLA PRIMARIA,3,ANEE81302A,"ANCONA ""DE AMICIS""",ANCONA,ANCONA,MARCHE,SCUOLA PRIMARIA,primaria,3,capacita_esaurita_o_oltre_max_km
202425,1.0,42,statale,SCUOLA PRIMARIA,3,CREE80802C,"""M.G. VIDA"" (SAN BASSANO)",SAN BASSANO,CREMONA,LOMBARDIA,SCUOLA PRIMARIA,primaria,1,capacita_esaurita_o_oltre_max_km
202425,1.0,42,statale,SCUOLA PRIMARIA,3,BSEE86301E,CASTREZZATO CAP.,CASTREZZATO,BRESCIA,LOMBARDIA,SCUOLA PRIMARIA,primaria,3,capacita_esaurita_o_oltre_max_km
202425,1.0,42,statale,SCUOLA PRIMARIA,3,BOEE87702V,BRUNO MONTERUMICI,BOLOGNA,BOLOGNA,EMILIA ROMAGNA,SCUOLA PRIMARIA,primaria,2,capacita_esaurita_o_oltre_max_km
202425,1.0,42,statale,SCUOLA PRIMARIA,3,BSEE88403N,PRIMARIA QUASIMODO BRESCIA,BRESCIA,BRESCIA,LOMBARDIA,SCUOLA PRIMARIA,primaria,1,capacita_esaurita_o_oltre_max_km
202425,1.0,42,statale,SCUOLA PRIMARIA,3,BSEE886028,PRIMARIA DON VENDER BRESCIA,BRESCIA,BRESCIA,LOMBARDIA,SCUOLA PRIMARIA,primaria,1,capacita_esaurita_o_oltre_max_km
202425,1.0,42,statale,SCUOLA PRIMARIA,3,CSEE823022,VILLAPIANA-LIDO,VILLAPIANA,COSENZA,CALABRIA,SCUOLA PRIMARIA,primaria,1,capacita_esaurita_o_oltre_max_km
202425,1.0,42,statale,SCUOLA PRIMARIA,3,FIEE871022,VIALE ROOSEVELT,CASTELFIORENTINO,FIRENZE,TOSCANA,SCUOLA PRIMARIA,primaria,1,capacita_esaurita_o_oltre_max_km
202425,1.0,42,statale,SCUOLA PRIMARIA,3,MNEE820017,"OSTIGLIA ""C.COLLODI""",OSTIGLIA,MANTOVA,LOMBARDIA,SCUOLA PRIMARIA,primaria,2,capacita_esaurita_o_oltre_max_km
202425,1.0,42,statale,SCUOLA PRIMARIA,3,MOEE824017,""" GASPARINI "" CONCORDIA S/S",CONCORDIA SULLA SECCHIA,MODENA,EMILIA ROMAGNA,SCUOLA PRIMARIA,primaria,2,capacita_esaurita_o_oltre_max_km
202425,1.0,42,statale,SCUOLA PRIMARIA,3,SIEE81801C,SCALO,CHIUSI,SIENA,TOSCANA,SCUOLA PRIMARIA,primaria,1,capacita_esaurita_o_oltre_max_km
202425,1.0,42,statale,SCUOLA PRIMARIA,3,MIEE8FV029,PRIMARIA C. PERONI,MILANO,MILANO,LOMBARDIA,SCUOLA PRIMARIA,primaria,2,capacita_esaurita_o_oltre_max_km
202425,1.0,42,statale,SCUOLA PRIMARIA,3,TOEE8AZ02G,I.C. ALBERTI - SALGARI,TORINO,TORINO,PIEMONTE,SCUOLA PRIMARIA,primaria,1,capacita_esaurita_o_oltre_max_km
202425,1.0,42,statale,SCUOLA PRIMARIA,3,TOEE8B9015,IC MATTEOTTI - PELLICO CAP.,TORINO,TORINO,PIEMONTE,SCUOLA PRIMARIA,primaria,2,capacita_esaurita_o_oltre_max_km
202425,1.0,42,statale,SCUOLA PRIMARIA,3,CREE81001B,CASALBUTTANO CAP.,CASALBUTTANO ED UNITI,CREMONA,LOMBARDIA,SCUOLA PRIMARIA,primaria,1,capacita_esaurita_o_oltre_max_km
202425,1.0,42,statale,SCUOLA PRIMARIA,3,MIEE81903L,PRIMARIA VIA CARNOVALI,MILANO,MILANO,LOMBARDIA,SCUOLA PRIMARIA,primaria,1,capacita_esaurita_o_oltre_max_km
202425,1.0,42,statale,SCUOLA PRIMARIA,3,SVEE82204R,ALBENGA I - VADINO,ALBENGA,SAVONA,LIGURIA,SCUOLA PRIMARIA,primaria,1,capacita_esaurita_o_oltre_max_km
202425,1.0,42,statale,SCUOLA PRIMARIA,3,TOEE87801A,I.C. UMBERTO SABA - GALIMBERTI,TORINO,TORINO,PIEMONTE,SCUOLA PRIMARIA,primaria,2,capacita_esaurita_o_oltre_max_km
202425,1.0,42,statale,SCUOLA PRIMARIA,3,BOEE884022,"""ROBERTO MAZZETTI""",LOIANO,BOLOGNA,EMILIA ROMAGNA,SCUOLA PRIMARIA,primaria,1,capacita_esaurita_o_oltre_max_km
202425,1.0,42,statale,SCUOLA PRIMARIA,3,MIEE8DU017,PRIMARIA VIA MARTINENGO,MILANO,MILANO,LOMBARDIA,SCUOLA PRIMARIA,primaria,2,capacita_esaurita_o_oltre_max_km
202425,1.0,42,statale,SCUOLA PRIMARIA,3,MOEE84801Q,"""ANTONIO GRAMSCI"" MODENA",MODENA,MODENA,EMILIA ROMAGNA,SCUOLA PRIMARIA,primaria,2,capacita_esaurita_o_oltre_max_km
202425,1.0,42,statale,SCUOLA PRIMARIA,3,BSEE84201D,PONTOGLIO- AI CADUTI,PONTOGLIO,BRESCIA,LOMBARDIA,SCUOLA PRIMARIA,primaria,2,capacita_esaurita_o_oltre_max_km
202425,1.0,42,statale,SCUOLA PRIMARIA,3,BSEE84703P,SCUOLA PRIMARIA - ACQUAFREDDA,ACQUAFREDDA,BRESCIA,LOMBARDIA,SCUOLA PRIMARIA,primaria,1,capacita_esaurita_o_oltre_max_km
202425,1.0,42,statale,SCUOLA PRIMARIA,3,GOEE815045,FRAZ. FOSSALON,GRADO,GORIZIA,FRIULI-VENEZIA G.,SCUOLA PRIMARIA,primaria,1,capacita_esaurita_o_oltre_max_km
202425,1.0,42,statale,SCUOLA PRIMARIA,3,MOEE817058,"""LEONARDO DA VINCI"" CARPI",CARPI,MODENA,EMILIA ROMAGNA,SCUOLA PRIMARIA,primaria,1,capacita_esaurita_o_oltre_max_km
202425,1.0,42,statale,SCUOLA PRIMARIA,3,MSEE810065,PRIMARIA TRESANA LOC.BARBARASCO,TRESANA,MASSA-CARRARA,TOSCANA,SCUOLA PRIMARIA,primaria,1,capacita_esaurita_o_oltre_max_km
202425,1.0,42,statale,SCUOLA PRIMARIA,3,BOEE81602B,ADELFO GROSSO,BOLOGNA,BOLOGNA,EMILIA ROMAGNA,SCUOLA PRIMARIA,primaria,1,capacita_esaurita_o_oltre_max_km
202425,1.0,42,statale,SCUOLA PRIMARIA,3,PNEE814025,"PASIANO-CECCHINI""M.T.DICALCUTTA",PASIANO DI PORDENONE,PORDENONE,FRIULI-VENEZIA G.,SCUOLA PRIMARIA,primaria,1,capacita_esaurita_o_oltre_max_km
202425,1.0,42,statale,SCUOLA PRIMARIA,3,REEE849011,RENZO PEZZANI,REGGIO NELL'EMILIA,REGGIO EMILIA,EMILIA ROMAGNA,SCUOLA PRIMARIA,primaria,1,capacita_esaurita_o_oltre_max_km
202425,1.0,42,statale,SCUOLA PRIMARIA,3,APEE82201P,PRIMARIA ALTIDONA,ALTIDONA,FERMO,MARCHE,SCUOLA PRIMARIA,primaria,1,capacita_esaurita_o_oltre_max_km
202425,1.0,42,statale,SCUOLA PRIMARIA,3,ROEE808039,VIA MARCONI-POLESELLA,POLESELLA,ROVIGO,VENETO,SCUOLA PRIMARIA,primaria,1,capacita_esaurita_o_oltre_max_km
202425,1.0,42,statale,SCUOLA PRIMARIA,3,PCEE00801R,DON G. MINZONI,PIACENZA,PIACENZA,EMILIA ROMAGNA,SCUOLA PRIMARIA,primaria,1,capacita_esaurita_o_oltre_max_km
202425,1.0,42,statale,SCUOLA PRIMARIA,3,BOEE825015,PRIMARIA MALALBERGO ALTEDO,MALALBERGO,BOLOGNA,EMILIA ROMAGNA,SCUOLA PRIMARIA,primaria,2,capacita_esaurita_o_oltre_max_km
202425,1.0,42,statale,SCUOLA PRIMARIA,3,BOEE87301E,ZAMBONI - I.C. N. 16 BOLOGNA,BOLOGNA,BOLOGNA,EMILIA ROMAGNA,SCUOLA PRIMARIA,primaria,1,capacita_esaurita_o_oltre_max_km
202425,1.0,42,statale,SCUOLA PRIMARIA,3,BGEE842022,SCUOLA PRIMARIA CISERANO,CISERANO,BERGAMO,LOMBARDIA,SCUOLA PRIMARIA,primaria,1,capacita_esaurita_o_oltre_max_km
202425,1.0,42,statale,SCUOLA PRIMARIA,3,BGEE891038,VILLONGO,VILLONGO,BERGAMO,LOMBARDIA,SCUOLA PRIMARIA,primaria,1,capacita_esaurita_o_oltre_max_km
202425,1.0,42,statale,SCUOLA PRIMARIA,3,BSEE894038,MILZANO CAP.,MILZANO,BRESCIA,LOMBARDIA,SCUOLA PRIMARIA,primaria,1,capacita_esaurita_o_oltre_max_km
202425,1.0,42,statale,SCUOLA PRIMARIA,3,MEEE814069,CASTEL DI LUCIO,CASTEL DI LUCIO,MESSINA,SICILIA,SCUOLA PRIMARIA,primaria,1,capacita_esaurita_o_oltre_max_km
202425,1.0,42,statale,SCUOLA PRIMARIA,3,MIEE8DZ02B,PRIMARIA TRE CASTELLI,MILANO,MILANO,LOMBARDIA,SCUOLA PRIMARIA,primaria,1,capacita_esaurita_o_oltre_max_km
202425,1.0,42,statale,SCUOLA PRIMARIA,3,MNEE81505X,"CASTELDARIO ""G. CARDUCCI""",CASTEL D'ARIO,MANTOVA,LOMBARDIA,SCUOLA PRIMARIA,primaria,1,capacita_esaurita_o_oltre_max_km
202425,1.0,42,statale,SCUOLA PRIMARIA,3,PGEE82901L,I.C.GUALDO CATTANEO/PONTE FERRO,GUALDO CATTANEO,PERUGIA,UMBRIA,SCUOLA PRIMARIA,primaria,1,capacita_esaurita_o_oltre_max_km
202425,1.0,42,statale,SCUOLA PRIMARIA,3,TOEE8BZ026,I.C. ANTONELLI-CASALEGNOMILANI,TORINO,TORINO,PIEMONTE,SCUOLA PRIMARIA,primaria,1,capacita_esaurita_o_oltre_max_km
202425,1.0,42,statale,SCUOLA PRIMARIA,3,VTEE80402C,CANINO,CANINO,VITERBO,LAZIO,SCUOLA PRIMARIA,primaria,1,capacita_esaurita_o_oltre_max_km
202425,1.0,42,statale,SCUOLA PRIMARIA,3,RGEE832027,"""C. ADDARIO""",ACATE,RAGUSA,SICILIA,SCUOLA PRIMARIA,primaria,1,capacita_esaurita_o_oltre_max_km
202425,1.0,42,statale,SCUOLA PRIMARIA,3,ANEE81801C,"ANCONA ""MARINELLI""",ANCONA,ANCONA,MARCHE,SCUOLA PRIMARIA,primaria,1,capacita_esaurita_o_oltre_max_km
202425,1.0,42,statale,SCUOLA PRIMARIA,3,BSEE87503V,REZZATO - TITO SPERI -,REZZATO,BRESCIA,LOMBARDIA,SCUOLA PRIMARIA,primaria,1,capacita_esaurita_o_oltre_max_km
202425,1.0,42,statale,SCUOLA PRIMARIA,3,GEEE825014,S.EL. - G.GARIBALDI -,GENOVA,GENOVA,LIGURIA,SCUOLA PRIMARIA,primaria,1,capacita_esaurita_o_oltre_max_km
202425,1.0,42,statale,SCUOLA PRIMARIA,3,LOEE81204E,PRIMARIA ADA NEGRI-CAVENAGO D.A,CAVENAGO D'ADDA,LODI,LOMBARDIA,SCUOLA PRIMARIA,primaria,1,capacita_esaurita_o_oltre_max_km
202425,1.0,42,statale,SCUOLA PRIMARIA,3,MOEE809026,"""G. GUINIZELLI""CASTELFRANCO E.",CASTELFRANCO EMILIA,MODENA,EMILIA ROMAGNA,SCUOLA PRIMARIA,primaria,1,capacita_esaurita_o_oltre_max_km
202425,1.0,42,statale,SCUOLA PRIMARIA,3,BSEE83301P,CAPRIOLO - VIA GORIZIA,CAPRIOLO,BRESCIA,LOMBARDIA,SCUOLA PRIMARIA,primaria,1,capacita_esaurita_o_oltre_max_km
202425,1.0,42,statale,SCUOLA PRIMARIA,3,MIEE8CZ02N,PRIMARIA VIA U. PISA,MILANO,MILANO,LOMBARDIA,SCUOLA PRIMARIA,primaria,1,capacita_esaurita_o_oltre_max_km
202425,1.0,42,statale,SCUOLA PRIMARIA,3,BGEE83802A,CASTELLI CALEPIO,CASTELLI CALEPIO,BERGAMO,LOMBARDIA,SCUOLA PRIMARIA,primaria,1,capacita_esaurita_o_oltre_max_km
202425,1.0,42,statale,SCUOLA PRIMARIA,3,VEEE87403D,G. LEOPARDI,VENEZIA,VENEZIA,VENETO,SCUOLA PRIMARIA,primaria,1,capacita_esaurita_o_oltre_max_km
202425,1.0,42,statale,SCUOLA PRIMARIA,3,MIEE8CR04B,PRIMARIA VIA GABBRO,MILANO,MILANO,LOMBARDIA,SCUOLA PRIMARIA,primaria,1,capacita_esaurita_o_oltre_max_km
202425,1.0,42,statale,SCUOLA PRIMARIA,4,SAEE87206L,AULETTA CAP.,AULETTA,SALERNO,CAMPANIA,SCUOLA PRIMARIA,primaria,27,capacita_esaurita_o_oltre_max_km
202425,1.0,42,statale,SCUOLA PRIMARIA,4,SAEE87204E,CAGGIANO CAP,CAGGIANO,SALERNO,CAMPANIA,SCUOLA PRIMARIA,primaria,13,capacita_esaurita_o_oltre_max_km
202425,1.0,42,statale,SCUOLA PRIMARIA,4,FIEE872062,CAPOLUOGO-LEONARDO DA VINCI,EMPOLI,FIRENZE,TOSCANA,SCUOLA PRIMARIA,primaria,7,capacita_esaurita_o_oltre_max_km
202425,1.0,42,statale,SCUOLA PRIMARIA,4,MOEE847021,"""GIOVANNI PASCOLI"" MODENA",MODENA,MODENA,EMILIA ROMAGNA,SCUOLA PRIMARIA,primaria,4,capacita_esaurita_o_oltre_max_km
202425,1.0,42,statale,SCUOLA PRIMARIA,4,PREE83801C,BRUNO FERRARI,LANGHIRANO,PARMA,EMILIA ROMAGNA,SCUOLA PRIMARIA,primaria,52,capacita_esaurita_o_oltre_max_km
202425,1.0,42,statale,SCUOLA PRIMARIA,4,BSEE881025,PRIMARIA UNGARETTI BRESCIA,BRESCIA,BRESCIA,LOMBARDIA,SCUOLA PRIMARIA,primaria,7,capacita_esaurita_o_oltre_max_km
202425,1.0,42,statale,SCUOLA PRIMARIA,4,PCEE00201T,GIULIO ALBERONI,PIACENZA,PIACENZA,EMILIA ROMAGNA,SCUOLA PRIMARIA,primaria,27,capacita_esaurita_o_oltre_max_km
202425,1.0,42,statale,SCUOLA PRIMARIA,4,CREE81002C,BORDOLANO-CORTE C. CON CIGNONE,BORDOLANO,CREMONA,LOMBARDIA,SCUOLA PRIMARIA,primaria,6,capacita_esaurita_o_oltre_max_km
202425,1.0,42,statale,SCUOLA PRIMARIA,4,VEEE87201Q,C. BATTISTI,VENEZIA,VENEZIA,VENETO,SCUOLA PRIMARIA,primaria,43,capacita_esaurita_o_oltre_max_km
202425,1.0,42,statale,SCUOLA PRIMARIA,4,TOEE8B802A,IC GABELLI - PESTALOZZI,TORINO,TORINO,PIEMONTE,SCUOLA PRIMARIA,primaria,9,capacita_esaurita_o_oltre_max_km
202425,1.0,42,statale,SCUOLA PRIMARIA,4,BSEE88502C,PRIMARIA DIV. ACQUI BRESCIA,BRESCIA,BRESCIA,LOMBARDIA,SCUOLA PRIMARIA,primaria,15,capacita_esaurita_o_oltre_max_km
202425,1.0,42,statale,SCUOLA PRIMARIA,4,TOEE8B702E,IC C.SO VERCELLI - EX MARCHESA,TORINO,TORINO,PIEMONTE,SCUOLA PRIMARIA,primaria,76,capacita_esaurita_o_oltre_max_km
202425,1.0,42,statale,SCUOLA PRIMARIA,4,VEEE87202R,SILVIO PELLICO-ALTOBELLO,VENEZIA,VENEZIA,VENETO,SCUOLA PRIMARIA,primaria,28,capacita_esaurita_o_oltre_max_km
202425,1.0,42,statale,SCUOLA PRIMARIA,4,BSEE87702D,PRIMARIA E. RINALDINI BRESCIA,BRESCIA,BRESCIA,LOMBARDIA,SCUOLA PRIMARIA,primaria,40,capacita_esaurita_o_oltre_max_km
202425,1.0,42,statale,SCUOLA PRIMARIA,4,FOEE813038,"PREMILCUORE ""ALDO SPALLICCI""",PREMILCUORE,FORLI'-CESENA,EMILIA ROMAGNA,SCUOLA PRIMARIA,primaria,3,capacita_esaurita_o_oltre_max_km
202425,1.0,42,statale,SCUOLA PRIMARIA,4,REEE82405R,COLLODI,REGGIO NELL'EMILIA,REGGIO EMILIA,EMILIA ROMAGNA,SCUOLA PRIMARIA,primaria,4,capacita_esaurita_o_oltre_max_km
202425,1.0,42,statale,SCUOLA PRIMARIA,4,GOEE80303T,DUCA D'AOSTA,MONFALCONE,GORIZIA,FRIULI-VENEZIA G.,SCUOLA PRIMARIA,primaria,31,capacita_esaurita_o_oltre_max_km
202425,1.0,42,statale,SCUOLA PRIMARIA,4,MNEE830041,SAN MATTEO DELLE CHIAVICHE,VIADANA,MANTOVA,LOMBARDIA,SCUOLA PRIMARIA,primaria,12,capacita_esaurita_o_oltre_max_km
202425,1.0,42,statale,SCUOLA PRIMARIA,4,BSEE88501B,PRIMARIA VOLTA BRESCIA,BRESCIA,BRESCIA,LOMBARDIA,SCUOLA PRIMARIA,primaria,10,capacita_esaurita_o_oltre_max_km
202425,1.0,42,statale,SCUOLA PRIMARIA,4,AGEE85701T,CRISPI,RIBERA,AGRIGENTO,SICILIA,SCUOLA PRIMARIA,primaria,3,capacita_esaurita_o_oltre_max_km
202425,1.0,42,statale,SCUOLA PRIMARIA,4,BSEE816044,PRIMARIA CRISPI BRESCIA,BRESCIA,BRESCIA,LOMBARDIA,SCUOLA PRIMARIA,primaria,27,capacita_esaurita_o_oltre_max_km
202425,1.0,42,statale,SCUOLA PRIMARIA,4,MOEE80601N,"""DON B. FERRARI ""PIEVEPELAGO",PIEVEPELAGO,MODENA,EMILIA ROMAGNA,SCUOLA PRIMARIA,primaria,4,capacita_esaurita_o_oltre_max_km
202425,1.0,42,statale,SCUOLA PRIMARIA,4,SAEE83902R,ANGELO PATRI - AVERSANA,BATTIPAGLIA,SALERNO,CAMPANIA,SCUOLA PRIMARIA,primaria,7,capacita_esaurita_o_oltre_max_km
202425,1.0,42,statale,SCUOLA PRIMARIA,4,CREE80001R,SCUOLA PRIMARIA SORESINA,SORESINA,CREMONA,LOMBARDIA,SCUOLA PRIMARIA,primaria,46,capacita_esaurita_o_oltre_max_km
202425,1.0,42,statale,SCUOLA PRIMARIA,4,VEEE846017,F. QUERINI,VENEZIA,VENEZIA,VENETO,SCUOLA PRIMARIA,primaria,42,capacita_esaurita_o_oltre_max_km
202425,1.0,42,statale,SCUOLA PRIMARIA,4,BOEE81603C,FRANCESCO ACRI,BOLOGNA,BOLOGNA,EMILIA ROMAGNA,SCUOLA PRIMARIA,primaria,9,capacita_esaurita_o_oltre_max_km
202425,1.0,42,statale,SCUOLA PRIMARIA,4,GOEE80302R,E. TOTI,MONFALCONE,GORIZIA,FRIULI-VENEZIA G.,SCUOLA PRIMARIA,primaria,28,capacita_esaurita_o_oltre_max_km
202425,1.0,42,statale,SCUOLA PRIMARIA,4,GREE815037,MONTEROTONDO CAPOLUOGO,MONTEROTONDO MARITTIMO,GROSSETO,TOSCANA,SCUOLA PRIMARIA,primaria,5,capacita_esaurita_o_oltre_max_km
202425,1.0,42,statale,SCUOLA PRIMARIA,4,LIEE80702Q,SC. PRIMARIA LA VOCE DEL BOSCO,SASSETTA,LIVORNO,TOSCANA,SCUOLA PRIMARIA,primaria,3,capacita_esaurita_o_oltre_max_km
202425,1.0,42,statale,SCUOLA PRIMARIA,4,POEE804016,C.COLLODI,PRATO,PRATO,TOSCANA,SCUOLA PRIMARIA,primaria,46,capacita_esaurita_o_oltre_max_km
202425,1.0,42,statale,SCUOLA PRIMARIA,4,MOEE84803T,CARLO COLLODI,MODENA,MODENA,EMILIA ROMAGNA,SCUOLA PRIMARIA,primaria,15,capacita_esaurita_o_oltre_max_km
202425,1.0,42,statale,SCUOLA PRIMARIA,4,TOEE8BD034,I.C. ILARIA ALPI - D'ACQUISTO,TORINO,TORINO,PIEMONTE,SCUOLA PRIMARIA,primaria,23,capacita_esaurita_o_oltre_max_km
202425,1.0,42,statale,SCUOLA PRIMARIA,4,ALEE811024,G. REGGIO - GABIANO,GABIANO,ALESSANDRIA,PIEMONTE,SCUOLA PRIMARIA,primaria,3,capacita_esaurita_o_oltre_max_km
202425,1.0,42,statale,SCUOLA PRIMARIA,4,ALEE82311R,"""A.BRONDELLO"" SERRALUNGA CREA",SERRALUNGA DI CREA,ALESSANDRIA,PIEMONTE,SCUOLA PRIMARIA,primaria,2,capacita_esaurita_o_oltre_max_km
202425,1.0,42,statale,SCUOLA PRIMARIA,4,BSEE894049,SENIGA.CAP,SENIGA,BRESCIA,LOMBARDIA,SCUOLA PRIMARIA,primaria,2,capacita_esaurita_o_oltre_max_km
202425,1.0,42,statale,SCUOLA PRIMARIA,4,CNEE81608T,"PRUNETTO - CAPOLUOGO ""A. FRESIA",PRUNETTO,CUNEO,PIEMONTE,SCUOLA PRIMARIA,primaria,1,capacita_esaurita_o_oltre_max_km
202425,1.0,42,statale,SCUOLA PRIMARIA,4,CSEE84807G,BOCCHIGLIERO - CENTRO,BOCCHIGLIERO,COSENZA,CALABRIA,SCUOLA PRIMARIA,primaria,2,capacita_esaurita_o_oltre_max_km
202425,1.0,42,statale,SCUOLA PRIMARIA,4,KREE81704G,CAPOLUOGO (CARFIZZI),CARFIZZI,CROTONE,CALABRIA,SCUOLA PRIMARIA,primaria,2,capacita_esaurita_o_oltre_max_km
202425,1.0,42,statale,SCUOLA PRIMARIA,4,MEEE81603T,FONDACHELLI FANTINA,FONDACHELLI-FANTINA,MESSINA,SICILIA,SCUOLA PRIMARIA,primaria,2,capacita_esaurita_o_oltre_max_km
202425,1.0,42,statale,SCUOLA PRIMARIA,4,REEE819015,BAISO - CAP,BAISO,REGGIO EMILIA,EMILIA ROMAGNA,SCUOLA PRIMARIA,primaria,4,capacita_esaurita_o_oltre_max_km
202425,1.0,42,statale,SCUOLA PRIMARIA,4,ROEE80001L,PIAZZA MARCONI G. - CENESELLI,CENESELLI,ROVIGO,VENETO,SCUOLA PRIMARIA,primaria,2,capacita_esaurita_o_oltre_max_km
202425,1.0,42,statale,SCUOLA PRIMARIA,4,TOEE13710C,D.D.OULX - SESTRIERE,SESTRIERE,TORINO,PIEMONTE,SCUOLA PRIMARIA,primaria,2,capacita_esaurita_o_oltre_max_km
202425,1.0,42,statale,SCUOLA PRIMARIA,4,TREE81508N,SCUOLA PRIMARIA SAN VENANZO,SAN VENANZO,TERNI,UMBRIA,SCUOLA PRIMARIA,primaria,2,capacita_esaurita_o_oltre_max_km
202425,1.0,42,statale,SCUOLA PRIMARIA,4,GEEE85101L,S.EL. - A.CANTORE -,GENOVA,GENOVA,LIGURIA,SCUOLA PRIMARIA,primaria,38,capacita_esaurita_o_oltre_max_km
202425,1.0,42,statale,SCUOLA PRIMARIA,4,GEEE840016,S.EL. - L.ARIOSTO -,GENOVA,GENOVA,LIGURIA,SCUOLA PRIMARIA,primaria,31,capacita_esaurita_o_oltre_max_km
202425,1.0,42,statale,SCUOLA PRIMARIA,4,VREE89701Q,ETTORE RIELLO PORTO-LEGNAGO 2,LEGNAGO,VERONA,VENETO,SCUOLA PRIMARIA,primaria,4,capacita_esaurita_o_oltre_max_km
202425,1.0,42,statale,SCUOLA PRIMARIA,4,BGEE8AD01R,"TREVIGLIO ""BATTISTI""",TREVIGLIO,BERGAMO,LOMBARDIA,SCUOLA PRIMARIA,primaria,8,capacita_esaurita_o_oltre_max_km
202425,1.0,42,statale,SCUOLA PRIMARIA,4,GEEE83703C,S.EL. - O.FOGLIETTA -,GENOVA,GENOVA,LIGURIA,SCUOLA PRIMARIA,primaria,30,capacita_esaurita_o_oltre_max_km
202425,1.0,42,statale,SCUOLA PRIMARIA,4,SVEE81104A,CAIRO MONTENOTTE- S.GIUSEPPE,CAIRO MONTENOTTE,SAVONA,LIGURIA,SCUOLA PRIMARIA,primaria,3,capacita_esaurita_o_oltre_max_km
202425,1.0,42,statale,SCUOLA PRIMARIA,4,SVEE82205T,ALBENGA I - DON BARBERA,ALBENGA,SAVONA,LIGURIA,SCUOLA PRIMARIA,primaria,16,capacita_esaurita_o_oltre_max_km
202425,1.0,42,statale,SCUOLA PRIMARIA,4,VCEE80604P,MONCRIVELLO,MONCRIVELLO,VERCELLI,PIEMONTE,SCUOLA PRIMARIA,primaria,4,capacita_esaurita_o_oltre_max_km
202425,1.0,42,statale,SCUOLA PRIMARIA,4,ALEE82601R,"ALESSANDRIA ""G.CARDUCCI""",ALESSANDRIA,ALESSANDRIA,PIEMONTE,SCUOLA PRIMARIA,primaria,19,capacita_esaurita_o_oltre_max_km
202425,1.0,42,statale,SCUOLA PRIMARIA,4,MIEE8AF013,PRIMARIA VIA A. GRAF 74,MILANO,MILANO,LOMBARDIA,SCUOLA PRIMARIA,primaria,11,capacita_esaurita_o_oltre_max_km
202425,1.0,42,statale,SCUOLA PRIMARIA,4,MNEE80801L,CESARE BATTISTI,CASTIGLIONE DELLE STIVIERE,MANTOVA,LOMBARDIA,SCUOLA PRIMARIA,primaria,15,capacita_esaurita_o_oltre_max_km
202425,1.0,42,statale,SCUOLA PRIMARIA,4,PIEE810018,CARDUCCI,SANTA CROCE SULL'ARNO,PISA,TOSCANA,SCUOLA PRIMARIA,primaria,2,capacita_esaurita_o_oltre_max_km
202425,1.0,42,statale,SCUOLA PRIMARIA,4,PTEE823019,PESCIA-CAPOLUOGO VALCHIUSA,PESCIA,PISTOIA,TOSCANA,SCUOLA PRIMARIA,primaria,6,capacita_esaurita_o_oltre_max_km
202425,1.0,42,statale,SCUOLA PRIMARIA,4,LOEE81501V,PRIMARIA COLLODI - S. ANGELO L.,SANT'ANGELO LODIGIANO,LODI,LOMBARDIA,SCUOLA PRIMARIA,primaria,17,capacita_esaurita_o_oltre_max_km
202425,1.0,42,statale,SCUOLA PRIMARIA,4,IMEE81305D,ALESSANDRO VOLTA,SANREMO,IMPERIA,LIGURIA,SCUOLA PRIMARIA,primaria,9,capacita_esaurita_o_oltre_max_km
202425,1.0,42,statale,SCUOLA PRIMARIA,4,FIEE826024,"PANZANO - ""D.ALIGHIERI""",GREVE IN CHIANTI,FIRENZE,TOSCANA,SCUOLA PRIMARIA,primaria,6,capacita_esaurita_o_oltre_max_km
202425,1.0,42,statale,SCUOLA PRIMARIA,4,RAEE811014,"""BRUNO PASINI""",RAVENNA,RAVENNA,EMILIA ROMAGNA,SCUOLA PRIMARIA,primaria,3,capacita_esaurita_o_oltre_max_km
202425,1.0,42,statale,SCUOLA PRIMARIA,4,MOEE04009E,"""G. PASCOLI"" - S.M. SPINO",MIRANDOLA,MODENA,EMILIA ROMAGNA,SCUOLA PRIMARIA,primaria,8,capacita_esaurita_o_oltre_max_km
202425,1.0,42,statale,SCUOLA PRIMARIA,4,PCEE00301N,G.TAVERNA,PIACENZA,PIACENZA,EMILIA ROMAGNA,SCUOLA PRIMARIA,primaria,11,capacita_esaurita_o_oltre_max_km
202425,1.0,42,statale,SCUOLA PRIMARIA,4,ALEE823019,"""F.MEZZADRA"" - VIGNALE",VIGNALE MONFERRATO,ALESSANDRIA,PIEMONTE,SCUOLA PRIMARIA,primaria,5,capacita_esaurita_o_oltre_max_km
202425,1.0,42,statale,SCUOLA PRIMARIA,4,BOEE81601A,FEDERZONI - I.C. N. 5 BOLOGNA,BOLOGNA,BOLOGNA,EMILIA ROMAGNA,SCUOLA PRIMARIA,primaria,20,capacita_esaurita_o_oltre_max_km
202425,1.0,42,statale,SCUOLA PRIMARIA,4,CSEE83204V,SAN COSMO ALBANESE CENTRO,SAN COSMO ALBANESE,COSENZA,CALABRIA,SCUOLA PRIMARIA,primaria,1,capacita_esaurita_o_oltre_max_km
202425,1.0,42,statale,SCUOLA PRIMARIA,4,IMEE81705R,SCUOLA PRIMARIA G. NATTA,CERIANA,IMPERIA,LIGURIA,SCUOLA PRIMARIA,primaria,3,capacita_esaurita_o_oltre_max_km
202425,1.0,42,statale,SCUOLA PRIMARIA,4,PCEE80506D,VILLANOVA SULL'ARDA-CAPOLUOGO,VILLANOVA SULL'ARDA,PIACENZA,EMILIA ROMAGNA,SCUOLA PRIMARIA,primaria,3,capacita_esaurita_o_oltre_max_km
202425,1.0,42,statale,SCUOLA PRIMARIA,4,VEEE870014,F. GRIMANI-MARGHERA,VENEZIA,VENEZIA,VENETO,SCUOLA PRIMARIA,primaria,28,capacita_esaurita_o_oltre_max_km
202425,1.0,42,statale,SCUOLA PRIMARIA,4,BSEE843019,ROVATO CAP.,ROVATO,BRESCIA,LOMBARDIA,SCUOLA PRIMARIA,primaria,5,capacita_esaurita_o_oltre_max_km
202425,1.0,42,statale,SCUOLA PRIMARIA,4,MOEE06001B,"""G.MAZZINI"" VIGNOLA",VIGNOLA,MODENA,EMILIA ROMAGNA,SCUOLA PRIMARIA,primaria,28,capacita_esaurita_o_oltre_max_km
202425,1.0,42,statale,SCUOLA PRIMARIA,4,BSEE87704G,PRIMARIA CANOSSI BRESCIA,BRESCIA,BRESCIA,LOMBARDIA,SCUOLA PRIMARIA,primaria,10,capacita_esaurita_o_oltre_max_km
202425,1.0,42,statale,SCUOLA PRIMARIA,4,BGEE84304X,COSTA VOLPINO CORTI,COSTA VOLPINO,BERGAMO,LOMBARDIA,SCUOLA PRIMARIA,primaria,2,capacita_esaurita_o_oltre_max_km
202425,1.0,42,statale,SCUOLA PRIMARIA,4,MIEE8AP01B,PRMARIA A. COSTA,CINISELLO BALSAMO,MILANO,LOMBARDIA,SCUOLA PRIMARIA,primaria,8,capacita_esaurita_o_oltre_max_km
202425,1.0,42,statale,SCUOLA PRIMARIA,4,PCEE00403G,DUE GIUGNO,PIACENZA,PIACENZA,EMILIA ROMAGNA,SCUOLA PRIMARIA,primaria,28,capacita_esaurita_o_oltre_max_km
202425,1.0,42,statale,SCUOLA PRIMARIA,4,TOEE8BD023,I.C. ILARIA ALPI - DELEDDA,TORINO,TORINO,PIEMONTE,SCUOLA PRIMARIA,primaria,17,capacita_esaurita_o_oltre_max_km
202425,1.0,42,statale,SCUOLA PRIMARIA,4,BSEE87803A,PRIMARIA RAFFAELLO SANZIO,BRESCIA,BRESCIA,LOMBARDIA,SCUOLA PRIMARIA,primaria,10,capacita_esaurita_o_oltre_max_km
202425,1.0,42,statale,SCUOLA PRIMARIA,4,MNEE82004A,"REVERE ""DON B. GRAZIOLI""",BORGO MANTOVANO,MANTOVA,LOMBARDIA,SCUOLA PRIMARIA,primaria,5,capacita_esaurita_o_oltre_max_km
202425,1.0,42,statale,SCUOLA PRIMARIA,4,MNEE839018,PRIMARIA CAMPITELLO,MARCARIA,MANTOVA,LOMBARDIA,SCUOLA PRIMARIA,primaria,9,capacita_esaurita_o_oltre_max_km
202425,1.0,42,statale,SCUOLA PRIMARIA,4,REEE84703B,G. ZIBORDI,REGGIO NELL'EMILIA,REGGIO EMILIA,EMILIA ROMAGNA,SCUOLA PRIMARIA,primaria,8,capacita_esaurita_o_oltre_max_km
202425,1.0,42,statale,SCUOLA PRIMARIA,4,POEE80802E,BORGONUOVO/BOCCHERINI,PRATO,PRATO,TOSCANA,SCUOLA PRIMARIA,primaria,16,capacita_esaurita_o_oltre_max_km
202425,1.0,42,statale,SCUOLA PRIMARIA,4,BGEE84302T,COSTA VOLPINO -PIANO-,COSTA VOLPINO,BERGAMO,LOMBARDIA,SCUOLA PRIMARIA,primaria,3,capacita_esaurita_o_oltre_max_km
202425,1.0,42,statale,SCUOLA PRIMARIA,4,GEEE83602G,S.EL. - C.SBARBARO -,GENOVA,GENOVA,LIGURIA,SCUOLA PRIMARIA,primaria,9,capacita_esaurita_o_oltre_max_km
202425,1.0,42,statale,SCUOLA PRIMARIA,4,NOEE814065,VICOLUNGO,VICOLUNGO,NOVARA,PIEMONTE,SCUOLA PRIMARIA,primaria,1,capacita_esaurita_o_oltre_max_km
202425,1.0,42,statale,SCUOLA PRIMARIA,4,PREE81606R,PALANZANO,PALANZANO,PARMA,EMILIA ROMAGNA,SCUOLA PRIMARIA,primaria,3,capacita_esaurita_o_oltre_max_km
202425,1.0,42,statale,SCUOLA PRIMARIA,4,PTEE82204L,"""RENATO FUCINI""",MONTECATINI-TERME,PISTOIA,TOSCANA,SCUOLA PRIMARIA,primaria,3,capacita_esaurita_o_oltre_max_km
202425,1.0,42,statale,SCUOLA PRIMARIA,4,REEE83203N,VILLAROTTA,LUZZARA,REGGIO EMILIA,EMILIA ROMAGNA,SCUOLA PRIMARIA,primaria,11,capacita_esaurita_o_oltre_max_km
202425,1.0,42,statale,SCUOLA PRIMARIA,4,VEEE870025,M.L. VISINTINI-MARGHERA,VENEZIA,VENEZIA,VENETO,SCUOLA PRIMARIA,primaria,17,capacita_esaurita_o_oltre_max_km
202425,1.0,42,statale,SCUOLA PRIMARIA,4,VIEE885015,SAN ROCCO,ARZIGNANO,VICENZA,VENETO,SCUOLA PRIMARIA,primaria,4,capacita_esaurita_o_oltre_max_km
202425,1.0,42,statale,SCUOLA PRIMARIA,4,GREE81101T,"CASTELDELPIANO CAP.""L.SANTUCCI""",CASTEL DEL PIANO,GROSSETO,TOSCANA,SCUOLA PRIMARIA,primaria,15,capacita_esaurita_o_oltre_max_km
202425,1.0,42,statale,SCUOLA PRIMARIA,4,ATEE81301Q,GIULIANI - CANELLI,CANELLI,ASTI,PIEMONTE,SCUOLA PRIMARIA,primaria,1,capacita_esaurita_o_oltre_max_km
202425,1.0,42,statale,SCUOLA PRIMARIA,4,PVEE801035,PIEVE PORTO MORONE,PIEVE PORTO MORONE,PAVIA,LOMBARDIA,SCUOLA PRIMARIA,primaria,12,capacita_esaurita_o_oltre_max_km
202425,1.0,42,statale,SCUOLA PRIMARIA,4,GOEE80401G,T.C. AMELIO CUZZI,MONFALCONE,GORIZIA,FRIULI-VENEZIA G.,SCUOLA PRIMARIA,primaria,24,capacita_esaurita_o_oltre_max_km
202425,1.0,42,statale,SCUOLA PRIMARIA,4,REEE82406T,LORIS MALAGUZZI,REGGIO NELL'EMILIA,REGGIO EMILIA,EMILIA ROMAGNA,SCUOLA PRIMARIA,primaria,6,capacita_esaurita_o_oltre_max_km
202425,1.0,42,statale,SCUOLA PRIMARIA,4,ALEE80701B,"SERRAVALLE SCRIVIA ""G.MARCONI""",SERRAVALLE SCRIVIA,ALESSANDRIA,PIEMONTE,SCUOLA PRIMARIA,primaria,5,capacita_esaurita_o_oltre_max_km
202425,1.0,42,statale,SCUOLA PRIMARIA,4,BSEE83202X,SCUOLA PRIMARIA M. SENECI,LUMEZZANE,BRESCIA,LOMBARDIA,SCUOLA PRIMARIA,primaria,6,capacita_esaurita_o_oltre_max_km
202425,1.0,42,statale,SCUOLA PRIMARIA,4,NOEE82504D,"""P.THOUAR""",NOVARA,NOVARA,PIEMONTE,SCUOLA PRIMARIA,primaria,1,capacita_esaurita_o_oltre_max_km
202425,1.0,42,statale,SCUOLA PRIMARIA,4,CNEE813035,CEVA - CAPOLUOGO,CEVA,CUNEO,PIEMONTE,SCUOLA PRIMARIA,primaria,13,capacita_esaurita_o_oltre_max_km
202425,1.0,42,statale,SCUOLA PRIMARIA,4,ANEE81003X,"BARBARA ""FIORINI""",BARBARA,ANCONA,MARCHE,SCUOLA PRIMARIA,primaria,2,capacita_esaurita_o_oltre_max_km
202425,1.0,42,statale,SCUOLA PRIMARIA,4,BOEE87701T,DE AMICIS - I.C. N. 18 BOLOGNA,BOLOGNA,BOLOGNA,EMILIA ROMAGNA,SCUOLA PRIMARIA,primaria,13,capacita_esaurita_o_oltre_max_km
202425,1.0,42,statale,SCUOLA PRIMARIA,4,BSEE816011,"BRESCIA ""MANZONI""",BRESCIA,BRESCIA,LOMBARDIA,SCUOLA PRIMARIA,primaria,7,capacita_esaurita_o_oltre_max_km
202425,1.0,42,statale,SCUOLA PRIMARIA,4,CNEE84902V,"GRINZANE CAVOUR - ""S. VIGLINO""",GRINZANE CAVOUR,CUNEO,PIEMONTE,SCUOLA PRIMARIA,primaria,4,capacita_esaurita_o_oltre_max_km
202425,1.0,42,statale,SCUOLA PRIMARIA,4,GREE815059,PRATA,MASSA MARITTIMA,GROSSETO,TOSCANA,SCUOLA PRIMARIA,primaria,4,capacita_esaurita_o_oltre_max_km
202425,1.0,42,statale,SCUOLA PRIMARIA,4,PSEE811065,MACERATA F. - MONTE GRIMANO,MONTE GRIMANO TERME,PESARO E URBINO,MARCHE,SCUOLA PRIMARIA,primaria,4,capacita_esaurita_o_oltre_max_km
202425,1.0,42,statale,SCUOLA PRIMARIA,4,VREE85704C,BONFERRARO-MARCONI G.,SORGA',VERONA,VENETO,SCUOLA PRIMARIA,primaria,7,capacita_esaurita_o_oltre_max_km
202425,1.0,42,statale,SCUOLA PRIMARIA,4,PREE826016,MICHELI,PARMA,PARMA,EMILIA ROMAGNA,SCUOLA PRIMARIA,primaria,15,capacita_esaurita_o_oltre_max_km
202425,1.0,42,statale,SCUOLA PRIMARIA,4,PDEE83001G,GOZZI - PADOVA,PADOVA,PADOVA,VENETO,SCUOLA PRIMARIA,primaria,1,capacita_esaurita_o_oltre_max_km
202425,1.0,42,statale,SCUOLA PRIMARIA,4,VTEE827014,"PRIMARIA ""SIRTO SACCHETTI""",ORTE,VITERBO,LAZIO,SCUOLA PRIMARIA,primaria,7,capacita_esaurita_o_oltre_max_km
202425,1.0,42,statale,SCUOLA PRIMARIA,4,MIEE8DD017,PRIMARIA CASA DEL SOLE,MILANO,MILANO,LOMBARDIA,SCUOLA PRIMARIA,primaria,12,capacita_esaurita_o_oltre_max_km
202425,1.0,42,statale,SCUOLA PRIMARIA,4,CREE80002T,SCUOLA PRIMARIA ANNICCO,ANNICCO,CREMONA,LOMBARDIA,SCUOLA PRIMARIA,primaria,7,capacita_esaurita_o_oltre_max_km
202425,1.0,42,statale,SCUOLA PRIMARIA,4,REEE84102B,DANTE ALIGHIERI,REGGIO NELL'EMILIA,REGGIO EMILIA,EMILIA ROMAGNA,SCUOLA PRIMARIA,primaria,15,capacita_esaurita_o_oltre_max_km
202425,1.0,42,statale,SCUOLA PRIMARIA,4,CREE80003V,SCUOLA PRIMARIA CASALMORANO,CASALMORANO,CREMONA,LOMBARDIA,SCUOLA PRIMARIA,primaria,4,capacita_esaurita_o_oltre_max_km
202425,1.0,42,statale,SCUOLA PRIMARIA,4,IMEE80008E,BORGOMARO,BORGOMARO,IMPERIA,LIGURIA,SCUOLA PRIMARIA,primaria,4,capacita_esaurita_o_oltre_max_km
202425,1.0,42,statale,SCUOLA PRIMARIA,4,PNEE828045,"VIVARO ""S.DOMENICO SAVIO""",VIVARO,PORDENONE,FRIULI-VENEZIA G.,SCUOLA PRIMARIA,primaria,4,capacita_esaurita_o_oltre_max_km
202425,1.0,42,statale,SCUOLA PRIMARIA,4,MIEE8D102R,PRIMARIA DANTE ALIGHIERI,MILANO,MILANO,LOMBARDIA,SCUOLA PRIMARIA,primaria,16,capacita_esaurita_o_oltre_max_km
202425,1.0,42,statale,SCUOLA PRIMARIA,4,TOEE80504Q,I.C. CENA - ABBA,TORINO,TORINO,PIEMONTE,SCUOLA PRIMARIA,primaria,7,capacita_esaurita_o_oltre_max_km
202425,1.0,42,statale,SCUOLA PRIMARIA,4,SIEE80902P,VIA CASABIANCA,GAIOLE IN CHIANTI,SIENA,TOSCANA,SCUOLA PRIMARIA,primaria,9,capacita_esaurita_o_oltre_max_km
202425,1.0,42,statale,SCUOLA PRIMARIA,4,PDEE888017,GIACOMO LEOPARDI - PD,PADOVA,PADOVA,VENETO,SCUOLA PRIMARIA,primaria,22,capacita_esaurita_o_oltre_max_km
202425,1.0,42,statale,SCUOLA PRIMARIA,4,BGEE8AD02T,"TREVIGLIO "" MOZZI """,TREVIGLIO,BERGAMO,LOMBARDIA,SCUOLA PRIMARIA,primaria,23,capacita_esaurita_o_oltre_max_km
202425,1.0,42,statale,SCUOLA PRIMARIA,4,BOEE840039,TOLE',VERGATO,BOLOGNA,EMILIA ROMAGNA,SCUOLA PRIMARIA,primaria,5,capacita_esaurita_o_oltre_max_km
202425,1.0,42,statale,SCUOLA PRIMARIA,4,CNEE83705Q,SCUOLA PRIMARIA MANGO,MANGO,CUNEO,PIEMONTE,SCUOLA PRIMARIA,primaria,5,capacita_esaurita_o_oltre_max_km
202425,1.0,42,statale,SCUOLA PRIMARIA,4,ROEE81505E,DANTE ALIGHIERI - PAPOZZE,PAPOZZE,ROVIGO,VENETO,SCUOLA PRIMARIA,primaria,5,capacita_esaurita_o_oltre_max_km
202425,1.0,42,statale,SCUOLA PRIMARIA,4,MCEE82901L,A.GRAMSCI - G.MATTEOTTI,PORTO RECANATI,MACERATA,MARCHE,SCUOLA PRIMARIA,primaria,15,capacita_esaurita_o_oltre_max_km
202425,1.0,42,statale,SCUOLA PRIMARIA,4,RAEE80601L,"""QUADRI LUIGI""",MASSA LOMBARDA,RAVENNA,EMILIA ROMAGNA,SCUOLA PRIMARIA,primaria,19,capacita_esaurita_o_oltre_max_km
202425,1.0,42,statale,SCUOLA PRIMARIA,4,LOEE80903N,PRIMARIA ROSOLINO ANDENA-CASALP,CASALPUSTERLENGO,LODI,LOMBARDIA,SCUOLA PRIMARIA,primaria,5,capacita_esaurita_o_oltre_max_km
202425,1.0,42,statale,SCUOLA PRIMARIA,4,MIEE8CW015,PRIMARIA TITO SPERI,MILANO,MILANO,LOMBARDIA,SCUOLA PRIMARIA,primaria,4,capacita_esaurita_o_oltre_max_km
202425,1.0,42,statale,SCUOLA PRIMARIA,4,MOEE84203V,"""EMILIO PO "" VILL. ARTIGIANO",MODENA,MODENA,EMILIA ROMAGNA,SCUOLA PRIMARIA,primaria,4,capacita_esaurita_o_oltre_max_km
202425,1.0,42,statale,SCUOLA PRIMARIA,4,MOEE84701X,"""C.COSTA"" CITTADELLA MO",MODENA,MODENA,EMILIA ROMAGNA,SCUOLA PRIMARIA,primaria,15,capacita_esaurita_o_oltre_max_km
202425,1.0,42,statale,SCUOLA PRIMARIA,4,MIEE89301C,PRIMARIA GIOVANNI XXIII,SAN GIULIANO MILANESE,MILANO,LOMBARDIA,SCUOLA PRIMARIA,primaria,21,capacita_esaurita_o_oltre_max_km
202425,1.0,42,statale,SCUOLA PRIMARIA,4,PCEE00401D,E.DE AMICIS,PIACENZA,PIACENZA,EMILIA ROMAGNA,SCUOLA PRIMARIA,primaria,22,capacita_esaurita_o_oltre_max_km
202425,1.0,42,statale,SCUOLA PRIMARIA,4,GOEE80402L,C. BATTISTI,MONFALCONE,GORIZIA,FRIULI-VENEZIA G.,SCUOLA PRIMARIA,primaria,5,capacita_esaurita_o_oltre_max_km
202425,1.0,42,statale,SCUOLA PRIMARIA,4,MIEE8FP021,PRIMARIA VIA BODIO,MILANO,MILANO,LOMBARDIA,SCUOLA PRIMARIA,primaria,25,capacita_esaurita_o_oltre_max_km
202425,1.0,42,statale,SCUOLA PRIMARIA,4,IMEE81002V,SC. PRIM. T. LITTARDI,IMPERIA,IMPERIA,LIGURIA,SCUOLA PRIMARIA,primaria,13,capacita_esaurita_o_oltre_max_km
202425,1.0,42,statale,SCUOLA PRIMARIA,4,IMEE815044,"VIA GALILEI BORGO ""G. RODARI""",SANREMO,IMPERIA,LIGURIA,SCUOLA PRIMARIA,primaria,11,capacita_esaurita_o_oltre_max_km
202425,1.0,42,statale,SCUOLA PRIMARIA,4,PCEE005019,VITTORINO DA FELTRE,PIACENZA,PIACENZA,EMILIA ROMAGNA,SCUOLA PRIMARIA,primaria,40,capacita_esaurita_o_oltre_max_km
202425,1.0,42,statale,SCUOLA PRIMARIA,4,PDEE846048,"""M.BOSCHETTI ALBERTI""LOC.CASTAG",CADONEGHE,PADOVA,VENETO,SCUOLA PRIMARIA,primaria,4,capacita_esaurita_o_oltre_max_km
202425,1.0,42,statale,SCUOLA PRIMARIA,4,IMEE81001T,SC. PRIM. VIA DEGLI ULIVI,IMPERIA,IMPERIA,LIGURIA,SCUOLA PRIMARIA,primaria,8,capacita_esaurita_o_oltre_max_km
202425,1.0,42,statale,SCUOLA PRIMARIA,4,PDEE888039,ROSMINI (EX IV IC),PADOVA,PADOVA,VENETO,SCUOLA PRIMARIA,primaria,8,capacita_esaurita_o_oltre_max_km
202425,1.0,42,statale,SCUOLA PRIMARIA,4,PVEE821029,BRONI - PAOLO BAFFI,BRONI,PAVIA,LOMBARDIA,SCUOLA PRIMARIA,primaria,23,capacita_esaurita_o_oltre_max_km
202425,1.0,42,statale,SCUOLA PRIMARIA,4,MIEE8AZ02G,PRIMARIA XXV APRILE,SESTO SAN GIOVANNI,MILANO,LOMBARDIA,SCUOLA PRIMARIA,primaria,23,capacita_esaurita_o_oltre_max_km
202425,1.0,42,statale,SCUOLA PRIMARIA,4,NOEE82901N,"""GIANNI RODARI""",TRECATE,NOVARA,PIEMONTE,SCUOLA PRIMARIA,primaria,17,capacita_esaurita_o_oltre_max_km
202425,1.0,42,statale,SCUOLA PRIMARIA,4,TOEE8BD012,I.C. ILARIA ALPI - PEROTTI,TORINO,TORINO,PIEMONTE,SCUOLA PRIMARIA,primaria,32,capacita_esaurita_o_oltre_max_km
202425,1.0,42,statale,SCUOLA PRIMARIA,4,VEEE87101X,C. BASEGGIO,VENEZIA,VENEZIA,VENETO,SCUOLA PRIMARIA,primaria,2,capacita_esaurita_o_oltre_max_km
202425,1.0,42,statale,SCUOLA PRIMARIA,4,FIEE87701X,CAPOLUOGO- CARDUCCI,FUCECCHIO,FIRENZE,TOSCANA,SCUOLA PRIMARIA,primaria,25,capacita_esaurita_o_oltre_max_km
202425,1.0,42,statale,SCUOLA PRIMARIA,4,ALEE839053,"ALESSANDRIA ""A.MORBELLI""",ALESSANDRIA,ALESSANDRIA,PIEMONTE,SCUOLA PRIMARIA,primaria,15,capacita_esaurita_o_oltre_max_km
202425,1.0,42,statale,SCUOLA PRIMARIA,4,ALEE82305D,"PRIM. ""BUSCAGLINO"" FRASSINELLO",FRASSINELLO MONFERRATO,ALESSANDRIA,PIEMONTE,SCUOLA PRIMARIA,primaria,1,capacita_esaurita_o_oltre_max_km
202425,1.0,42,statale,SCUOLA PRIMARIA,4,AREE814033,"""VINCENZO LOPPI""",SESTINO,AREZZO,TOSCANA,SCUOLA PRIMARIA,primaria,3,capacita_esaurita_o_oltre_max_km
202425,1.0,42,statale,SCUOLA PRIMARIA,4,ATEE81509Q,SCUOLA PRIMARIA DI VESIME,VESIME,ASTI,PIEMONTE,SCUOLA PRIMARIA,primaria,2,capacita_esaurita_o_oltre_max_km
202425,1.0,42,statale,SCUOLA PRIMARIA,4,BOEE82404C,V. FABI-CAMUGNANO EE,CAMUGNANO,BOLOGNA,EMILIA ROMAGNA,SCUOLA PRIMARIA,primaria,2,capacita_esaurita_o_oltre_max_km
202425,1.0,42,statale,SCUOLA PRIMARIA,4,CNEE819023,PRIMARIA DI NOVELLO,NOVELLO,CUNEO,PIEMONTE,SCUOLA PRIMARIA,primaria,2,capacita_esaurita_o_oltre_max_km
202425,1.0,42,statale,SCUOLA PRIMARIA,4,CNEE82504C,NARZOLE - CAPOLUOGO,NARZOLE,CUNEO,PIEMONTE,SCUOLA PRIMARIA,primaria,11,capacita_esaurita_o_oltre_max_km
202425,1.0,42,statale,SCUOLA PRIMARIA,4,CSEE824062,FRANCAV/CERCH - S.LORENZO BELL.,SAN LORENZO BELLIZZI,COSENZA,CALABRIA,SCUOLA PRIMARIA,primaria,1,capacita_esaurita_o_oltre_max_km
202425,1.0,42,statale,SCUOLA PRIMARIA,4,CSEE84802A,LONGOBUCCO - DESTRO,LONGOBUCCO,COSENZA,CALABRIA,SCUOLA PRIMARIA,primaria,1,capacita_esaurita_o_oltre_max_km
202425,1.0,42,statale,SCUOLA PRIMARIA,4,FEEE824014,"""MARIA MONTESSORI"" - PORTOMAGGI",PORTOMAGGIORE,FERRARA,EMILIA ROMAGNA,SCUOLA PRIMARIA,primaria,22,capacita_esaurita_o_oltre_max_km
202425,1.0,42,statale,SCUOLA PRIMARIA,4,FGEE819039,VIA RIONE PAGLIA,MONTELEONE DI PUGLIA,FOGGIA,PUGLIA,SCUOLA PRIMARIA,primaria,1,capacita_esaurita_o_oltre_max_km
202425,1.0,42,statale,SCUOLA PRIMARIA,4,FOEE80804T,PORTICO DI R. - A.TRAVERSARI,PORTICO E SAN BENEDETTO,FORLI'-CESENA,EMILIA ROMAGNA,SCUOLA PRIMARIA,primaria,2,capacita_esaurita_o_oltre_max_km
202425,1.0,42,statale,SCUOLA PRIMARIA,4,GREE815015,BOCCHEGGIANO,MONTIERI,GROSSETO,TOSCANA,SCUOLA PRIMARIA,primaria,1,capacita_esaurita_o_oltre_max_km
202425,1.0,42,statale,SCUOLA PRIMARIA,4,IMEE80012Q,LUCINASCO,LUCINASCO,IMPERIA,LIGURIA,SCUOLA PRIMARIA,primaria,1,capacita_esaurita_o_oltre_max_km
202425,1.0,42,statale,SCUOLA PRIMARIA,4,IMEE82004G,"""G.B.SOLERI""-TAGGIA",TAGGIA,IMPERIA,LIGURIA,SCUOLA PRIMARIA,primaria,3,capacita_esaurita_o_oltre_max_km
202425,1.0,42,statale,SCUOLA PRIMARIA,4,LTEE82801P,BORGO HERMADA,TERRACINA,LATINA,LAZIO,SCUOLA PRIMARIA,primaria,3,capacita_esaurita_o_oltre_max_km
202425,1.0,42,statale,SCUOLA PRIMARIA,4,LUEE82604N,GORFIGLIANO/GRAMOLAZZO,MINUCCIANO,LUCCA,TOSCANA,SCUOLA PRIMARIA,primaria,1,capacita_esaurita_o_oltre_max_km
202425,1.0,42,statale,SCUOLA PRIMARIA,4,MIEE8C6029,PRIMARIA PARETO,MILANO,MILANO,LOMBARDIA,SCUOLA PRIMARIA,primaria,9,capacita_esaurita_o_oltre_max_km
202425,1.0,42,statale,SCUOLA PRIMARIA,4,MIEE8CR04B,PRIMARIA VIA GABBRO,MILANO,MILANO,LOMBARDIA,SCUOLA PRIMARIA,primaria,13,capacita_esaurita_o_oltre_max_km
202425,1.0,42,statale,SCUOLA PRIMARIA,4,MNEE820028,"SERRAVALLE PO ""G. GUARESCHI""",SERRAVALLE A PO,MANTOVA,LOMBARDIA,SCUOLA PRIMARIA,primaria,3,capacita_esaurita_o_oltre_max_km
202425,1.0,42,statale,SCUOLA PRIMARIA,4,MSEE810054,PRIMARIA COMANO,COMANO,MASSA-CARRARA,TOSCANA,SCUOLA PRIMARIA,primaria,1,capacita_esaurita_o_oltre_max_km
202425,1.0,42,statale,SCUOLA PRIMARIA,4,MSEE816075,CASOLA LUNIGIANA,CASOLA IN LUNIGIANA,MASSA-CARRARA,TOSCANA,SCUOLA PRIMARIA,primaria,2,capacita_esaurita_o_oltre_max_km
202425,1.0,42,statale,SCUOLA PRIMARIA,4,MSEE824041,PRIMARIA PODENZANA,PODENZANA,MASSA-CARRARA,TOSCANA,SCUOLA PRIMARIA,primaria,1,capacita_esaurita_o_oltre_max_km
202425,1.0,42,statale,SCUOLA PRIMARIA,4,MTEE81102X,VIA DELLA VITTORIA-ALIANO,ALIANO,MATERA,BASILICATA,SCUOLA PRIMARIA,primaria,2,capacita_esaurita_o_oltre_max_km
202425,1.0,42,statale,SCUOLA PRIMARIA,4,MTEE83405Q,ROTONDELLA-VALSINNI,ROTONDELLA,MATERA,BASILICATA,SCUOLA PRIMARIA,primaria,4,capacita_esaurita_o_oltre_max_km
202425,1.0,42,statale,SCUOLA PRIMARIA,4,MTEE83503D,"""RODARI""-METAPONTO BERNALDA",BERNALDA,MATERA,BASILICATA,SCUOLA PRIMARIA,primaria,3,capacita_esaurita_o_oltre_max_km
202425,1.0,42,statale,SCUOLA PRIMARIA,4,NOEE82303R,""" DON PONZETTO """,NOVARA,NOVARA,PIEMONTE,SCUOLA PRIMARIA,primaria,12,capacita_esaurita_o_oltre_max_km
202425,1.0,42,statale,SCUOLA PRIMARIA,4,PCEE002096,G.MAZZINI,PIACENZA,PIACENZA,EMILIA ROMAGNA,SCUOLA PRIMARIA,primaria,15,capacita_esaurita_o_oltre_max_km
202425,1.0,42,statale,SCUOLA PRIMARIA,4,PCEE81702G,"""TINA PESARO""",CASTEL SAN GIOVANNI,PIACENZA,EMILIA ROMAGNA,SCUOLA PRIMARIA,primaria,33,capacita_esaurita_o_oltre_max_km
202425,1.0,42,statale,SCUOLA PRIMARIA,4,PDEE82403A,CORREZZOLA-LOC.CIVE',CORREZZOLA,PADOVA,VENETO,SCUOLA PRIMARIA,primaria,2,capacita_esaurita_o_oltre_max_km
202425,1.0,42,statale,SCUOLA PRIMARIA,4,PDEE882029,DELEDDA -PD-,PADOVA,PADOVA,VENETO,SCUOLA PRIMARIA,primaria,11,capacita_esaurita_o_oltre_max_km
202425,1.0,42,statale,SCUOLA PRIMARIA,4,PGEE821023,PRIMARIA MOIANO,CITTA' DELLA PIEVE,PERUGIA,UMBRIA,SCUOLA PRIMARIA,primaria,1,capacita_esaurita_o_oltre_max_km
202425,1.0,42,statale,SCUOLA PRIMARIA,4,PGEE83103P,SCOPOLI - VERCHIANO - CASENOVE,FOLIGNO,PERUGIA,UMBRIA,SCUOLA PRIMARIA,primaria,1,capacita_esaurita_o_oltre_max_km
202425,1.0,42,statale,SCUOLA PRIMARIA,4,PIEE824027,PELLICO,POMARANCE,PISA,TOSCANA,SCUOLA PRIMARIA,primaria,2,capacita_esaurita_o_oltre_max_km
202425,1.0,42,statale,SCUOLA PRIMARIA,4,POEE81501L,CILIANI,PRATO,PRATO,TOSCANA,SCUOLA PRIMARIA,primaria,32,capacita_esaurita_o_oltre_max_km
202425,1.0,42,statale,SCUOLA PRIMARIA,4,PREE81005R,PELLEGRINO PARMENSE,PELLEGRINO PARMENSE,PARMA,EMILIA ROMAGNA,SCUOLA PRIMARIA,primaria,1,capacita_esaurita_o_oltre_max_km
202425,1.0,42,statale,SCUOLA PRIMARIA,4,PVEE80403L,SARTIRANA,SARTIRANA LOMELLINA,PAVIA,LOMBARDIA,SCUOLA PRIMARIA,primaria,2,capacita_esaurita_o_oltre_max_km
202425,1.0,42,statale,SCUOLA PRIMARIA,4,PVEE80901N,SANNAZZARO SAN FRANCESCO,SANNAZZARO DE' BURGONDI,PAVIA,LOMBARDIA,SCUOLA PRIMARIA,primaria,12,capacita_esaurita_o_oltre_max_km
202425,1.0,42,statale,SCUOLA PRIMARIA,4,RAEE81005C,IQBAL MASIH,RAVENNA,RAVENNA,EMILIA ROMAGNA,SCUOLA PRIMARIA,primaria,14,capacita_esaurita_o_oltre_max_km
202425,1.0,42,statale,SCUOLA PRIMARIA,4,RAEE81201X,CORSO MATTEOTTI,ALFONSINE,RAVENNA,EMILIA ROMAGNA,SCUOLA PRIMARIA,primaria,7,capacita_esaurita_o_oltre_max_km
202425,1.0,42,statale,SCUOLA PRIMARIA,4,RGEE80202B,LEONARDO SCIASCIA,VITTORIA,RAGUSA,SICILIA,SCUOLA PRIMARIA,primaria,12,capacita_esaurita_o_oltre_max_km
202425,1.0,42,statale,SCUOLA PRIMARIA,4,RIEE810078,RINALDO DE SANCTIS,COLLE DI TORA,RIETI,LAZIO,SCUOLA PRIMARIA,primaria,1,capacita_esaurita_o_oltre_max_km
202425,1.0,42,statale,SCUOLA PRIMARIA,4,SVEE80204G,PRIMARIA DI MURIALDO,MURIALDO,SAVONA,LIGURIA,SCUOLA PRIMARIA,primaria,1,capacita_esaurita_o_oltre_max_km
202425,1.0,42,statale,SCUOLA PRIMARIA,4,TOEE81304P,I.C.TORRE PELLICE-VILLAR PELLIC,VILLAR PELLICE,TORINO,PIEMONTE,SCUOLA PRIMARIA,primaria,1,capacita_esaurita_o_oltre_max_km
202425,1.0,42,statale,SCUOLA PRIMARIA,4,TOEE8AP064,I.C. CARMAGNOLA II -GIOV. XXIII,VIRLE PIEMONTE,TORINO,PIEMONTE,SCUOLA PRIMARIA,primaria,3,capacita_esaurita_o_oltre_max_km
202425,1.0,42,statale,SCUOLA PRIMARIA,4,VEEE87301G,LEONARDO DA VINCI,VENEZIA,VENEZIA,VENETO,SCUOLA PRIMARIA,primaria,7,capacita_esaurita_o_oltre_max_km
202425,1.0,42,statale,SCUOLA PRIMARIA,4,BGEE84402N,"""PAPA GIOV.XXIII"" FONTANELLA",FONTANELLA,BERGAMO,LOMBARDIA,SCUOLA PRIMARIA,primaria,17,capacita_esaurita_o_oltre_max_km
202425,1.0,42,statale,SCUOLA PRIMARIA,4,MIEE8AF024,PRIMARIA VIA A. GRAF 70,MILANO,MILANO,LOMBARDIA,SCUOLA PRIMARIA,primaria,14,capacita_esaurita_o_oltre_max_km
202425,1.0,42,statale,SCUOLA PRIMARIA,4,GEEE83701A,N.TOMMASEO,GENOVA,GENOVA,LIGURIA,SCUOLA PRIMARIA,primaria,10,capacita_esaurita_o_oltre_max_km
202425,1.0,42,statale,SCUOLA PRIMARIA,4,PREE835011,"""P. RACAGNI""",PARMA,PARMA,EMILIA ROMAGNA,SCUOLA PRIMARIA,primaria,16,capacita_esaurita_o_oltre_max_km
202425,1.0,42,statale,SCUOLA PRIMARIA,4,BGEE83503X,"PRIMARIA ""MERISI""",CARAVAGGIO,BERGAMO,LOMBARDIA,SCUOLA PRIMARIA,primaria,5,capacita_esaurita_o_oltre_max_km
202425,1.0,42,statale,SCUOLA PRIMARIA,4,PVEE830024,VIDARI,VIGEVANO,PAVIA,LOMBARDIA,SCUOLA PRIMARIA,primaria,25,capacita_esaurita_o_oltre_max_km
202425,1.0,42,statale,SCUOLA PRIMARIA,4,MIEE8CS036,PRIMARIA F.CARACCIOLO,MILANO,MILANO,LOMBARDIA,SCUOLA PRIMARIA,primaria,20,capacita_esaurita_o_oltre_max_km
202425,1.0,42,statale,SCUOLA PRIMARIA,4,PIEE824049,CAPPELLINI,CASTELNUOVO DI VAL DI CECINA,PISA,TOSCANA,SCUOLA PRIMARIA,primaria,7,capacita_esaurita_o_oltre_max_km
202425,1.0,42,statale,SCUOLA PRIMARIA,4,PCEE00402E,CADUTI SUL LAVORO,PIACENZA,PIACENZA,EMILIA ROMAGNA,SCUOLA PRIMARIA,primaria,18,capacita_esaurita_o_oltre_max_km
202425,1.0,42,statale,SCUOLA PRIMARIA,4,PREE83601R,PIETRO COCCONI,PARMA,PARMA,EMILIA ROMAGNA,SCUOLA PRIMARIA,primaria,12,capacita_esaurita_o_oltre_max_km
202425,1.0,42,statale,SCUOLA PRIMARIA,4,ALEE83404V,"""GIANNI RODARI"" - TORTONA",TORTONA,ALESSANDRIA,PIEMONTE,SCUOLA PRIMARIA,primaria,8,capacita_esaurita_o_oltre_max_km
202425,1.0,42,statale,SCUOLA PRIMARIA,4,MIEE89302D,PRIMARIA BORGO LOMBARDO,SAN GIULIANO MILANESE,MILANO,LOMBARDIA,SCUOLA PRIMARIA,primaria,6,capacita_esaurita_o_oltre_max_km
202425,1.0,42,statale,SCUOLA PRIMARIA,4,MIEE8AN01G,PRIMARIALARGO GUERRIERI GONZAGA,MILANO,MILANO,LOMBARDIA,SCUOLA PRIMARIA,primaria,11,capacita_esaurita_o_oltre_max_km
202425,1.0,42,statale,SCUOLA PRIMARIA,4,MOEE84804V,"""ANNA FRANK - MARCONI"" MODENA",MODENA,MODENA,EMILIA ROMAGNA,SCUOLA PRIMARIA,primaria,6,capacita_esaurita_o_oltre_max_km
202425,1.0,42,statale,SCUOLA PRIMARIA,4,GEEE826021,S.EL.ST. - DUCA DEGLI ABRUZZI,GENOVA,GENOVA,LIGURIA,SCUOLA PRIMARIA,primaria,5,capacita_esaurita_o_oltre_max_km
202425,1.0,42,statale,SCUOLA PRIMARIA,4,MIEE80901X,PRIMARIA - VIA ANTONINI,MILANO,MILANO,LOMBARDIA,SCUOLA PRIMARIA,primaria,5,capacita_esaurita_o_oltre_max_km
202425,1.0,42,statale,SCUOLA PRIMARIA,4,PDEE883036,MORANTE-PD,PADOVA,PADOVA,VENETO,SCUOLA PRIMARIA,primaria,10,capacita_esaurita_o_oltre_max_km
202425,1.0,42,statale,SCUOLA PRIMARIA,4,PREE81702C,BEDONIA CPL.,BEDONIA,PARMA,EMILIA ROMAGNA,SCUOLA PRIMARIA,primaria,5,capacita_esaurita_o_oltre_max_km
202425,1.0,42,statale,SCUOLA PRIMARIA,4,VREE89806R,"TERRANEGRA ""G.UNGARETTI""",LEGNAGO,VERONA,VENETO,SCUOLA PRIMARIA,primaria,9,capacita_esaurita_o_oltre_max_km
202425,1.0,42,statale,SCUOLA PRIMARIA,4,PREE07501C,DE AMICIS,FIDENZA,PARMA,EMILIA ROMAGNA,SCUOLA PRIMARIA,primaria,16,capacita_esaurita_o_oltre_max_km
202425,1.0,42,statale,SCUOLA PRIMARIA,4,PVEE83203R,MARAZZANI,VIGEVANO,PAVIA,LOMBARDIA,SCUOLA PRIMARIA,primaria,12,capacita_esaurita_o_oltre_max_km
202425,1.0,42,statale,SCUOLA PRIMARIA,4,ALEE809013,"""G.BARETTI"" - RIVALTA B.",RIVALTA BORMIDA,ALESSANDRIA,PIEMONTE,SCUOLA PRIMARIA,primaria,3,capacita_esaurita_o_oltre_max_km
202425,1.0,42,statale,SCUOLA PRIMARIA,4,LOEE815031,PRIMARIA S.F. D'ASSISI-VALERA F,VALERA FRATTA,LODI,LOMBARDIA,SCUOLA PRIMARIA,primaria,3,capacita_esaurita_o_oltre_max_km
202425,1.0,42,statale,SCUOLA PRIMARIA,4,MOEE845029,"""DE AMICIS"" MODENA",MODENA,MODENA,EMILIA ROMAGNA,SCUOLA PRIMARIA,primaria,11,capacita_esaurita_o_oltre_max_km
202425,1.0,42,statale,SCUOLA PRIMARIA,4,GEEE82301C,S.PRIMARIA- D.ALIGHIERI -,GENOVA,GENOVA,LIGURIA,SCUOLA PRIMARIA,primaria,14,capacita_esaurita_o_oltre_max_km
202425,1.0,42,statale,SCUOLA PRIMARIA,4,RGEE81402N,FALCONE BORSELLINO,SANTA CROCE CAMERINA,RAGUSA,SICILIA,SCUOLA PRIMARIA,primaria,13,capacita_esaurita_o_oltre_max_km
202425,1.0,42,statale,SCUOLA PRIMARIA,4,CSEE83203T,VACCARIZZO ALBANESE CENTRO,VACCARIZZO ALBANESE,COSENZA,CALABRIA,SCUOLA PRIMARIA,primaria,3,capacita_esaurita_o_oltre_max_km
202425,1.0,42,statale,SCUOLA PRIMARIA,4,MIEE8DR01A,PRIMARIA P.SOTTOCORNO,MILANO,MILANO,LOMBARDIA,SCUOLA PRIMARIA,primaria,18,capacita_esaurita_o_oltre_max_km
202425,1.0,42,statale,SCUOLA PRIMARIA,4,MIEE8DU017,PRIMARIA VIA MARTINENGO,MILANO,MILANO,LOMBARDIA,SCUOLA PRIMARIA,primaria,21,capacita_esaurita_o_oltre_max_km
202425,1.0,42,statale,SCUOLA PRIMARIA,4,PDEE890028,MONTEGRAPPA-PD,PADOVA,PADOVA,VENETO,SCUOLA PRIMARIA,primaria,1,capacita_esaurita_o_oltre_max_km
202425,1.0,42,statale,SCUOLA PRIMARIA,4,PSEE81504A,PIANDIMELETO - CAP.GO,PIANDIMELETO,PESARO E URBINO,MARCHE,SCUOLA PRIMARIA,primaria,3,capacita_esaurita_o_oltre_max_km
202425,1.0,42,statale,SCUOLA PRIMARIA,4,ROEE81005B,CARDUCCI GIOSUE' - FICAROLO,FICAROLO,ROVIGO,VENETO,SCUOLA PRIMARIA,primaria,3,capacita_esaurita_o_oltre_max_km
202425,1.0,42,statale,SCUOLA PRIMARIA,4,VEEE847035,S. BARBARA,VENEZIA,VENEZIA,VENETO,SCUOLA PRIMARIA,primaria,9,capacita_esaurita_o_oltre_max_km
202425,1.0,42,statale,SCUOLA PRIMARIA,4,VEEE87403D,G. LEOPARDI,VENEZIA,VENEZIA,VENETO,SCUOLA PRIMARIA,primaria,8,capacita_esaurita_o_oltre_max_km
202425,1.0,42,statale,SCUOLA PRIMARIA,4,BOEE86001C,G. LODI - I.C. CREVALCORE,CREVALCORE,BOLOGNA,EMILIA ROMAGNA,SCUOLA PRIMARIA,primaria,7,capacita_esaurita_o_oltre_max_km
202425,1.0,42,statale,SCUOLA PRIMARIA,4,ALEE82702N,"ALESSANDRIA ""E.DE AMICIS""",ALESSANDRIA,ALESSANDRIA,PIEMONTE,SCUOLA PRIMARIA,primaria,15,capacita_esaurita_o_oltre_max_km
202425,1.0,42,statale,SCUOLA PRIMARIA,4,PIEE81003A,PASCOLI,SANTA CROCE SULL'ARNO,PISA,TOSCANA,SCUOLA PRIMARIA,primaria,5,capacita_esaurita_o_oltre_max_km
202425,1.0,42,statale,SCUOLA PRIMARIA,4,PREE83602T,FILIPPO CORRIDONI,PARMA,PARMA,EMILIA ROMAGNA,SCUOLA PRIMARIA,primaria,10,capacita_esaurita_o_oltre_max_km
202425,1.0,42,statale,SCUOLA PRIMARIA,4,VREE84902B,BRENTINO B. VALLAGARINA,BRENTINO BELLUNO,VERONA,VENETO,SCUOLA PRIMARIA,primaria,3,capacita_esaurita_o_oltre_max_km
202425,1.0,42,statale,SCUOLA PRIMARIA,4,VREE87502X,GIOVANNI SOLINAS,VERONA,VERONA,VENETO,SCUOLA PRIMARIA,primaria,4,capacita_esaurita_o_oltre_max_km
202425,1.0,42,statale,SCUOLA PRIMARIA,4,BSEE816022,"BRESCIA ""CALINI""",BRESCIA,BRESCIA,LOMBARDIA,SCUOLA PRIMARIA,primaria,12,capacita_esaurita_o_oltre_max_km
202425,1.0,42,statale,SCUOLA PRIMARIA,4,VIEE885037,A. FOGAZZARO,ARZIGNANO,VICENZA,VENETO,SCUOLA PRIMARIA,primaria,12,capacita_esaurita_o_oltre_max_km
202425,1.0,42,statale,SCUOLA PRIMARIA,4,BGEE89602A,"ROMANO DI LOMBARDIA ""MOTTINI""",ROMANO DI LOMBARDIA,BERGAMO,LOMBARDIA,SCUOLA PRIMARIA,primaria,7,capacita_esaurita_o_oltre_max_km
202425,1.0,42,statale,SCUOLA PRIMARIA,4,ALEE83403T,"""C.SO ROMITA"" - TORTONA",TORTONA,ALESSANDRIA,PIEMONTE,SCUOLA PRIMARIA,primaria,20,capacita_esaurita_o_oltre_max_km
202425,1.0,42,statale,SCUOLA PRIMARIA,4,BOEE854026,ADELE E DINO ROMAGNOLI PARTIGIA,BOLOGNA,BOLOGNA,EMILIA ROMAGNA,SCUOLA PRIMARIA,primaria,9,capacita_esaurita_o_oltre_max_km
202425,1.0,42,statale,SCUOLA PRIMARIA,4,MIEE82503X,PRIMARIA RICCARDO BAUER,CINISELLO BALSAMO,MILANO,LOMBARDIA,SCUOLA PRIMARIA,primaria,9,capacita_esaurita_o_oltre_max_km
202425,1.0,42,statale,SCUOLA PRIMARIA,4,REEE84002G,"""V. FERRARI ""- CELLA",REGGIO NELL'EMILIA,REGGIO EMILIA,EMILIA ROMAGNA,SCUOLA PRIMARIA,primaria,3,capacita_esaurita_o_oltre_max_km
202425,1.0,42,statale,SCUOLA PRIMARIA,4,VREE890022,FORTI A.,VERONA,VERONA,VENETO,SCUOLA PRIMARIA,primaria,2,capacita_esaurita_o_oltre_max_km
202425,1.0,42,statale,SCUOLA PRIMARIA,4,MOEE845018,"""S. GIOVANNI BOSCO"" MODENA",MODENA,MODENA,EMILIA ROMAGNA,SCUOLA PRIMARIA,primaria,15,capacita_esaurita_o_oltre_max_km
202425,1.0,42,statale,SCUOLA PRIMARIA,4,REEE82901Q,FABBRICO CAP.,FABBRICO,REGGIO EMILIA,EMILIA ROMAGNA,SCUOLA PRIMARIA,primaria,15,capacita_esaurita_o_oltre_max_km
202425,1.0,42,statale,SCUOLA PRIMARIA,4,REEE847019,CARDUCCI G.,REGGIO NELL'EMILIA,REGGIO EMILIA,EMILIA ROMAGNA,SCUOLA PRIMARIA,primaria,15,capacita_esaurita_o_oltre_max_km
202425,1.0,42,statale,SCUOLA PRIMARIA,4,PGEE83201C,I.O. GIANO BASTARDO,GIANO DELL'UMBRIA,PERUGIA,UMBRIA,SCUOLA PRIMARIA,primaria,7,capacita_esaurita_o_oltre_max_km
202425,1.0,42,statale,SCUOLA PRIMARIA,4,PVEE83101V,VIG.VIALE LIBERTA' - DE AMICIS,VIGEVANO,PAVIA,LOMBARDIA,SCUOLA PRIMARIA,primaria,15,capacita_esaurita_o_oltre_max_km
202425,1.0,42,statale,SCUOLA PRIMARIA,4,ALEE825011,"ALESSANDRIA ""G.GALILEI""",ALESSANDRIA,ALESSANDRIA,PIEMONTE,SCUOLA PRIMARIA,primaria,8,capacita_esaurita_o_oltre_max_km
202425,1.0,42,statale,SCUOLA PRIMARIA,4,MOEE81301R,"""J.HILARION LENZI"" ZOCCA",ZOCCA,MODENA,EMILIA ROMAGNA,SCUOLA PRIMARIA,primaria,7,capacita_esaurita_o_oltre_max_km
202425,1.0,42,statale,SCUOLA PRIMARIA,4,MIEE8FW036,PRIMARIA VIA FERABOLI,MILANO,MILANO,LOMBARDIA,SCUOLA PRIMARIA,primaria,2,capacita_esaurita_o_oltre_max_km
202425,1.0,42,statale,SCUOLA PRIMARIA,4,ALEE829029,"NOVI LIGURE ""G.PASCOLI""",NOVI LIGURE,ALESSANDRIA,PIEMONTE,SCUOLA PRIMARIA,primaria,4,capacita_esaurita_o_oltre_max_km
202425,1.0,42,statale,SCUOLA PRIMARIA,4,BGEE84902R,GORLAGO,GORLAGO,BERGAMO,LOMBARDIA,SCUOLA PRIMARIA,primaria,8,capacita_esaurita_o_oltre_max_km
202425,1.0,42,statale,SCUOLA PRIMARIA,4,BLEE82003R,ARSIE',ARSIE',BELLUNO,VENETO,SCUOLA PRIMARIA,primaria,2,capacita_esaurita_o_oltre_max_km
202425,1.0,42,statale,SCUOLA PRIMARIA,4,GEEE86604D,SCUOLA PRIMARIA MARCONI,RAPALLO,GENOVA,LIGURIA,SCUOLA PRIMARIA,primaria,3,capacita_esaurita_o_oltre_max_km
202425,1.0,42,statale,SCUOLA PRIMARIA,4,IMEE800039,PIEVE DI TECO,PIEVE DI TECO,IMPERIA,LIGURIA,SCUOLA PRIMARIA,primaria,4,capacita_esaurita_o_oltre_max_km
202425,1.0,42,statale,SCUOLA PRIMARIA,4,MIEE8C1037,PRIMARIA VIA A.VISCONTI,MILANO,MILANO,LOMBARDIA,SCUOLA PRIMARIA,primaria,4,capacita_esaurita_o_oltre_max_km
202425,1.0,42,statale,SCUOLA PRIMARIA,4,MNEE805015,GOITO,GOITO,MANTOVA,LOMBARDIA,SCUOLA PRIMARIA,primaria,11,capacita_esaurita_o_oltre_max_km
202425,1.0,42,statale,SCUOLA PRIMARIA,4,PDEE83002L,FOGAZZARO-PD,PADOVA,PADOVA,VENETO,SCUOLA PRIMARIA,primaria,2,capacita_esaurita_o_oltre_max_km
202425,1.0,42,statale,SCUOLA PRIMARIA,4,RGEE81401L,SANTA CROCE CAMERINA,SANTA CROCE CAMERINA,RAGUSA,SICILIA,SCUOLA PRIMARIA,primaria,8,capacita_esaurita_o_oltre_max_km
202425,1.0,42,statale,SCUOLA PRIMARIA,4,RGEE83101A,MARINA DI RAGUSA,RAGUSA,RAGUSA,SICILIA,SCUOLA PRIMARIA,primaria,10,capacita_esaurita_o_oltre_max_km
202425,1.0,42,statale,SCUOLA PRIMARIA,4,SIEE80901N,VIA 11 FEBBRAIO,RADDA IN CHIANTI,SIENA,TOSCANA,SCUOLA PRIMARIA,primaria,2,capacita_esaurita_o_oltre_max_km
202425,1.0,42,statale,SCUOLA PRIMARIA,4,SVEE803029,PRIMARIA ALTARE- ALDO CAPASSO,ALTARE,SAVONA,LIGURIA,SCUOLA PRIMARIA,primaria,2,capacita_esaurita_o_oltre_max_km
202425,1.0,42,statale,SCUOLA PRIMARIA,4,VCEE805083,"PRIMARIA ""G. ALLIEVO""",SAN GERMANO VERCELLESE,VERCELLI,PIEMONTE,SCUOLA PRIMARIA,primaria,2,capacita_esaurita_o_oltre_max_km
202425,1.0,42,statale,SCUOLA PRIMARIA,4,BOEE80801B,GIOVANNI XXIII I.C. N 1 BOLOGNA,BOLOGNA,BOLOGNA,EMILIA ROMAGNA,SCUOLA PRIMARIA,primaria,3,capacita_esaurita_o_oltre_max_km
202425,1.0,42,statale,SCUOLA PRIMARIA,4,FIEE821021,VAMBA,CAMPI BISENZIO,FIRENZE,TOSCANA,SCUOLA PRIMARIA,primaria,7,capacita_esaurita_o_oltre_max_km
202425,1.0,42,statale,SCUOLA PRIMARIA,4,PNEE814014,"PASIANO-CAP. ""DANTE ALIGHIERI""",PASIANO DI PORDENONE,PORDENONE,FRIULI-VENEZIA G.,SCUOLA PRIMARIA,primaria,6,capacita_esaurita_o_oltre_max_km
202425,1.0,42,statale,SCUOLA PRIMARIA,4,FEEE82603T,"""G.GONELLI""-MIRABELLO",TERRE DEL RENO,FERRARA,EMILIA ROMAGNA,SCUOLA PRIMARIA,primaria,1,capacita_esaurita_o_oltre_max_km
202425,1.0,42,statale,SCUOLA PRIMARIA,4,PVEE813019,VILLANTERIO,VILLANTERIO,PAVIA,LOMBARDIA,SCUOLA PRIMARIA,primaria,6,capacita_esaurita_o_oltre_max_km
202425,1.0,42,statale,SCUOLA PRIMARIA,4,BSEE887013,PRIMARIA RODARI BRESCIA,BRESCIA,BRESCIA,LOMBARDIA,SCUOLA PRIMARIA,primaria,5,capacita_esaurita_o_oltre_max_km
202425,1.0,42,statale,SCUOLA PRIMARIA,4,BOEE80501X,DE AMICIS IC SAN P. IN CASALE,SAN PIETRO IN CASALE,BOLOGNA,EMILIA ROMAGNA,SCUOLA PRIMARIA,primaria,11,capacita_esaurita_o_oltre_max_km
202425,1.0,42,statale,SCUOLA PRIMARIA,4,VREE88502E,SIMONI R.,VERONA,VERONA,VENETO,SCUOLA PRIMARIA,primaria,3,capacita_esaurita_o_oltre_max_km
202425,1.0,42,statale,SCUOLA PRIMARIA,4,ALEE83005L,"NOVI LIGURE ""MARTIRI BENEDICTA""",NOVI LIGURE,ALESSANDRIA,PIEMONTE,SCUOLA PRIMARIA,primaria,9,capacita_esaurita_o_oltre_max_km
202425,1.0,42,statale,SCUOLA PRIMARIA,4,MNEE82201V,SC.PRIMARIA DI SERMIDE,SERMIDE E FELONICA,MANTOVA,LOMBARDIA,SCUOLA PRIMARIA,primaria,9,capacita_esaurita_o_oltre_max_km
202425,1.0,42,statale,SCUOLA PRIMARIA,4,BSEE87701C,PRIMARIA UGOLINI BRESCIA,BRESCIA,BRESCIA,LOMBARDIA,SCUOLA PRIMARIA,primaria,11,capacita_esaurita_o_oltre_max_km
202425,1.0,42,statale,SCUOLA PRIMARIA,4,PREE84001C,"""COLLODI""",FIDENZA,PARMA,EMILIA ROMAGNA,SCUOLA PRIMARIA,primaria,11,capacita_esaurita_o_oltre_max_km
202425,1.0,42,statale,SCUOLA PRIMARIA,4,VREE882034,GIULIARI BARTOLOMEO-VR 10,VERONA,VERONA,VENETO,SCUOLA PRIMARIA,primaria,4,capacita_esaurita_o_oltre_max_km
202425,1.0,42,statale,SCUOLA PRIMARIA,4,ALEE82701L,ALESSANDRIA VIA SCLAVO,ALESSANDRIA,ALESSANDRIA,PIEMONTE,SCUOLA PRIMARIA,primaria,4,capacita_esaurita_o_oltre_max_km
202425,1.0,42,statale,SCUOLA PRIMARIA,4,ATEE808029,MONTICONE - MOMBERCELLI,MOMBERCELLI,ASTI,PIEMONTE,SCUOLA PRIMARIA,primaria,2,capacita_esaurita_o_oltre_max_km
202425,1.0,42,statale,SCUOLA PRIMARIA,4,BGEE835041,PRIMARIA VIDALENGO,CARAVAGGIO,BERGAMO,LOMBARDIA,SCUOLA PRIMARIA,primaria,4,capacita_esaurita_o_oltre_max_km
202425,1.0,42,statale,SCUOLA PRIMARIA,4,BOEE854037,GIUSEPPE GARIBALDI,BOLOGNA,BOLOGNA,EMILIA ROMAGNA,SCUOLA PRIMARIA,primaria,6,capacita_esaurita_o_oltre_max_km
202425,1.0,42,statale,SCUOLA PRIMARIA,4,GEEE83601E,S.EL. - D.FERRERO -,GENOVA,GENOVA,LIGURIA,SCUOLA PRIMARIA,primaria,12,capacita_esaurita_o_oltre_max_km
202425,1.0,42,statale,SCUOLA PRIMARIA,4,MIEE823027,PRIMARIA VIA VALLARSA,MILANO,MILANO,LOMBARDIA,SCUOLA PRIMARIA,primaria,11,capacita_esaurita_o_oltre_max_km
202425,1.0,42,statale,SCUOLA PRIMARIA,4,MNEE821024,SCUOLA PRIMARIA SCHIVENOGLIA,SCHIVENOGLIA,MANTOVA,LOMBARDIA,SCUOLA PRIMARIA,primaria,2,capacita_esaurita_o_oltre_max_km
202425,1.0,42,statale,SCUOLA PRIMARIA,4,REEE84602E,ADA NEGRI,REGGIO NELL'EMILIA,REGGIO EMILIA,EMILIA ROMAGNA,SCUOLA PRIMARIA,primaria,4,capacita_esaurita_o_oltre_max_km
202425,1.0,42,statale,SCUOLA PRIMARIA,4,SIEE807045,PRIMARIA MONTICIANO,MONTICIANO,SIENA,TOSCANA,SCUOLA PRIMARIA,primaria,2,capacita_esaurita_o_oltre_max_km
202425,1.0,42,statale,SCUOLA PRIMARIA,4,TVEE88103L,S. PIO X - MEDUNA DI L.,MEDUNA DI LIVENZA,TREVISO,VENETO,SCUOLA PRIMARIA,primaria,3,capacita_esaurita_o_oltre_max_km
202425,1.0,42,statale,SCUOLA PRIMARIA,4,UDEE843014,BOSCHETTI ALBERTI,UDINE,UDINE,FRIULI-VENEZIA G.,SCUOLA PRIMARIA,primaria,5,capacita_esaurita_o_oltre_max_km
202425,1.0,42,statale,SCUOLA PRIMARIA,4,MIEE8EU01T,PRIMARIA M.GALLI,SESTO SAN GIOVANNI,MILANO,LOMBARDIA,SCUOLA PRIMARIA,primaria,11,capacita_esaurita_o_oltre_max_km
202425,1.0,42,statale,SCUOLA PRIMARIA,4,MIEE8AG02X,PRIMARIA GHERARDINI,MILANO,MILANO,LOMBARDIA,SCUOLA PRIMARIA,primaria,13,capacita_esaurita_o_oltre_max_km
202425,1.0,42,statale,SCUOLA PRIMARIA,4,CREE82203Q,"""BIANCA MARIA VISCONTI""",CREMONA,CREMONA,LOMBARDIA,SCUOLA PRIMARIA,primaria,9,capacita_esaurita_o_oltre_max_km
202425,1.0,42,statale,SCUOLA PRIMARIA,4,AREE82801V,"""LUIGI GORI""",BIBBIENA,AREZZO,TOSCANA,SCUOLA PRIMARIA,primaria,2,capacita_esaurita_o_oltre_max_km
202425,1.0,42,statale,SCUOLA PRIMARIA,4,IMEE81201D,SC. ELEM. PIAZZA ULISSE CALVI,IMPERIA,IMPERIA,LIGURIA,SCUOLA PRIMARIA,primaria,6,capacita_esaurita_o_oltre_max_km
202425,1.0,42,statale,SCUOLA PRIMARIA,4,MIEE809021,MI/BOGNETTI AGGR. SMS HEINE,MILANO,MILANO,LOMBARDIA,SCUOLA PRIMARIA,primaria,6,capacita_esaurita_o_oltre_max_km
202425,1.0,42,statale,SCUOLA PRIMARIA,4,GREE817073,"SCANSANO CAP. -""UMBERTO I""",SCANSANO,GROSSETO,TOSCANA,SCUOLA PRIMARIA,primaria,5,capacita_esaurita_o_oltre_max_km
202425,1.0,42,statale,SCUOLA PRIMARIA,4,BOEE818023,PRIMARIA SCANDELLARA,BOLOGNA,BOLOGNA,EMILIA ROMAGNA,SCUOLA PRIMARIA,primaria,3,capacita_esaurita_o_oltre_max_km
202425,1.0,42,statale,SCUOLA PRIMARIA,4,PVEE814015,"BELGIOIOSO ""C. LAURENTI""",BELGIOIOSO,PAVIA,LOMBARDIA,SCUOLA PRIMARIA,primaria,6,capacita_esaurita_o_oltre_max_km
202425,1.0,42,statale,SCUOLA PRIMARIA,4,GEEE84201T,S.EL. DI VIA TEGLIA,GENOVA,GENOVA,LIGURIA,SCUOLA PRIMARIA,primaria,7,capacita_esaurita_o_oltre_max_km
202425,1.0,42,statale,SCUOLA PRIMARIA,4,POEE819032,IVANA MARCOCCI,PRATO,PRATO,TOSCANA,SCUOLA PRIMARIA,primaria,2,capacita_esaurita_o_oltre_max_km
202425,1.0,42,statale,SCUOLA PRIMARIA,4,RAEE82803G,"""ETTORE BURIOLI""",RAVENNA,RAVENNA,EMILIA ROMAGNA,SCUOLA PRIMARIA,primaria,4,capacita_esaurita_o_oltre_max_km
202425,1.0,42,statale,SCUOLA PRIMARIA,4,BSEE881014,PRIMARIA A.DIAZ BRESCIA,BRESCIA,BRESCIA,LOMBARDIA,SCUOLA PRIMARIA,primaria,6,capacita_esaurita_o_oltre_max_km
202425,1.0,42,statale,SCUOLA PRIMARIA,4,BOEE87702V,BRUNO MONTERUMICI,BOLOGNA,BOLOGNA,EMILIA ROMAGNA,SCUOLA PRIMARIA,primaria,12,capacita_esaurita_o_oltre_max_km
202425,1.0,42,statale,SCUOLA PRIMARIA,4,FEEE802017,"""C.BATTISTI""-BONDENO",BONDENO,FERRARA,EMILIA ROMAGNA,SCUOLA PRIMARIA,primaria,12,capacita_esaurita_o_oltre_max_km
202425,1.0,42,statale,SCUOLA PRIMARIA,4,ANEE81603V,"ANCONA ""FAIANI""",ANCONA,ANCONA,MARCHE,SCUOLA PRIMARIA,primaria,12,capacita_esaurita_o_oltre_max_km
202425,1.0,42,statale,SCUOLA PRIMARIA,4,MOEE803027,"""P.PERINI "" POLINAGO",POLINAGO,MODENA,EMILIA ROMAGNA,SCUOLA PRIMARIA,primaria,2,capacita_esaurita_o_oltre_max_km
202425,1.0,42,statale,SCUOLA PRIMARIA,4,VREE84705V,"""F.LLI BETTILI-FERRARI"" PALU'",PALU',VERONA,VENETO,SCUOLA PRIMARIA,primaria,1,capacita_esaurita_o_oltre_max_km
202425,1.0,42,statale,SCUOLA PRIMARIA,4,PREE820039,ROMAGNOSI,SALSOMAGGIORE TERME,PARMA,EMILIA ROMAGNA,SCUOLA PRIMARIA,primaria,4,capacita_esaurita_o_oltre_max_km
202425,1.0,42,statale,SCUOLA PRIMARIA,4,MIEE8GF02Q,PRIMARIA A.MANZONI,BRESSO,MILANO,LOMBARDIA,SCUOLA PRIMARIA,primaria,5,capacita_esaurita_o_oltre_max_km
202425,1.0,42,statale,SCUOLA PRIMARIA,4,LOEE80901G,PRIMARIA F. SCOTTI - CASALPUST.,CASALPUSTERLENGO,LODI,LOMBARDIA,SCUOLA PRIMARIA,primaria,15,capacita_esaurita_o_oltre_max_km
202425,1.0,42,statale,SCUOLA PRIMARIA,4,CREE81401P,"""MARIO LODI"" (PIADENA)",PIADENA DRIZZONA,CREMONA,LOMBARDIA,SCUOLA PRIMARIA,primaria,6,capacita_esaurita_o_oltre_max_km
202425,1.0,42,statale,SCUOLA PRIMARIA,4,PGEE82804X,"""A. FRANK"" - VALTOPINA",VALTOPINA,PERUGIA,UMBRIA,SCUOLA PRIMARIA,primaria,3,capacita_esaurita_o_oltre_max_km
202425,1.0,42,statale,SCUOLA PRIMARIA,4,PTEE816027,GIANNI RODARI,SAN MARCELLO PITEGLIO,PISTOIA,TOSCANA,SCUOLA PRIMARIA,primaria,1,capacita_esaurita_o_oltre_max_km
202425,1.0,42,statale,SCUOLA PRIMARIA,4,MIEE8B4012,PRIM. M.DI SAVOIA E C.BORROMEO,MILANO,MILANO,LOMBARDIA,SCUOLA PRIMARIA,primaria,7,capacita_esaurita_o_oltre_max_km
202425,1.0,42,statale,SCUOLA PRIMARIA,4,MIEE8FP01X,PRIMARIA VIA GUICCIARDI,MILANO,MILANO,LOMBARDIA,SCUOLA PRIMARIA,primaria,13,capacita_esaurita_o_oltre_max_km
202425,1.0,42,statale,SCUOLA PRIMARIA,4,MNEE81004Q,PRIMARIA BORGOFORTE,BORGO VIRGILIO,MANTOVA,LOMBARDIA,SCUOLA PRIMARIA,primaria,3,capacita_esaurita_o_oltre_max_km
202425,1.0,42,statale,SCUOLA PRIMARIA,4,PTEE82201D,"""GIOVANNI PASCOLI""",MONTECATINI-TERME,PISTOIA,TOSCANA,SCUOLA PRIMARIA,primaria,7,capacita_esaurita_o_oltre_max_km
202425,1.0,42,statale,SCUOLA PRIMARIA,4,VREE882023,LUDOVICO ARIOSTO-VR 11,VERONA,VERONA,VENETO,SCUOLA PRIMARIA,primaria,5,capacita_esaurita_o_oltre_max_km
202425,1.0,42,statale,SCUOLA PRIMARIA,4,MIEE8EN01N,PRIMARIA A.MANZONI,CORMANO,MILANO,LOMBARDIA,SCUOLA PRIMARIA,primaria,8,capacita_esaurita_o_oltre_max_km
202425,1.0,42,statale,SCUOLA PRIMARIA,4,MIEE8C502D,PRIMARIA .L.RADICE,MILANO,MILANO,LOMBARDIA,SCUOLA PRIMARIA,primaria,5,capacita_esaurita_o_oltre_max_km
202425,1.0,42,statale,SCUOLA PRIMARIA,4,VREE857019,"NOGARA ""DON G. CALABRIA""",NOGARA,VERONA,VENETO,SCUOLA PRIMARIA,primaria,9,capacita_esaurita_o_oltre_max_km
202425,1.0,42,statale,SCUOLA PRIMARIA,4,FEEE825021,VIA MONTESSORI-BERRA,RIVA DEL PO,FERRARA,EMILIA ROMAGNA,SCUOLA PRIMARIA,primaria,5,capacita_esaurita_o_oltre_max_km
202425,1.0,42,statale,SCUOLA PRIMARIA,4,SIEE807056,BALDASSARRE PERUZZI - SOVICILLE,SOVICILLE,SIENA,TOSCANA,SCUOLA PRIMARIA,primaria,5,capacita_esaurita_o_oltre_max_km
202425,1.0,42,statale,SCUOLA PRIMARIA,4,POEE813011,DON LORENZO MILANI -SAN GIUSTO,PRATO,PRATO,TOSCANA,SCUOLA PRIMARIA,primaria,6,capacita_esaurita_o_oltre_max_km
202425,1.0,42,statale,SCUOLA PRIMARIA,4,BSEE86201P,CASTELCOVATI CAP.,CASTELCOVATI,BRESCIA,LOMBARDIA,SCUOLA PRIMARIA,primaria,10,capacita_esaurita_o_oltre_max_km
202425,1.0,42,statale,SCUOLA PRIMARIA,4,BOEE883026,GIAN PAOLO COSTA,BOLOGNA,BOLOGNA,EMILIA ROMAGNA,SCUOLA PRIMARIA,primaria,2,capacita_esaurita_o_oltre_max_km
202425,1.0,42,statale,SCUOLA PRIMARIA,4,RAEE82101P,LUIGI BATTAGLIA,FUSIGNANO,RAVENNA,EMILIA ROMAGNA,SCUOLA PRIMARIA,primaria,9,capacita_esaurita_o_oltre_max_km
202425,1.0,42,statale,SCUOLA PRIMARIA,4,POEE805012,LE FONTI,PRATO,PRATO,TOSCANA,SCUOLA PRIMARIA,primaria,10,capacita_esaurita_o_oltre_max_km
202425,1.0,42,statale,SCUOLA PRIMARIA,4,BGEE88701E,SCUOLA PRIMARIA DI VERDELLO,VERDELLO,BERGAMO,LOMBARDIA,SCUOLA PRIMARIA,primaria,4,capacita_esaurita_o_oltre_max_km
202425,1.0,42,statale,SCUOLA PRIMARIA,4,LOEE81603R,PRIMARIA R. MORZENTI - S.ANGELO,SANT'ANGELO LODIGIANO,LODI,LOMBARDIA,SCUOLA PRIMARIA,primaria,6,capacita_esaurita_o_oltre_max_km
202425,1.0,42,statale,SCUOLA PRIMARIA,4,MIEE8F1011,PRIMARIA F.S.CABRINI,MILANO,MILANO,LOMBARDIA,SCUOLA PRIMARIA,primaria,20,capacita_esaurita_o_oltre_max_km
202425,1.0,42,statale,SCUOLA PRIMARIA,4,BGEE83203C,PUMENENGO,PUMENENGO,BERGAMO,LOMBARDIA,SCUOLA PRIMARIA,primaria,2,capacita_esaurita_o_oltre_max_km
202425,1.0,42,statale,SCUOLA PRIMARIA,4,BGEE84401L,ANTEGNATE,ANTEGNATE,BERGAMO,LOMBARDIA,SCUOLA PRIMARIA,primaria,5,capacita_esaurita_o_oltre_max_km
202425,1.0,42,statale,SCUOLA PRIMARIA,4,BNEE826029,"REINO ""CAP.""",REINO,BENEVENTO,CAMPANIA,SCUOLA PRIMARIA,primaria,1,capacita_esaurita_o_oltre_max_km
202425,1.0,42,statale,SCUOLA PRIMARIA,4,BOEE87201P,CASARALTA - I.C. N. 15 BOLOGNA,BOLOGNA,BOLOGNA,EMILIA ROMAGNA,SCUOLA PRIMARIA,primaria,6,capacita_esaurita_o_oltre_max_km
202425,1.0,42,statale,SCUOLA PRIMARIA,4,BSEE83901N,"SCUOLA PRIMARIA ""DON R.TONOLI""",COCCAGLIO,BRESCIA,LOMBARDIA,SCUOLA PRIMARIA,primaria,6,capacita_esaurita_o_oltre_max_km
202425,1.0,42,statale,SCUOLA PRIMARIA,4,BSEE865016,POLO SCUOLA PRIMARIA IC CHIARI,CHIARI,BRESCIA,LOMBARDIA,SCUOLA PRIMARIA,primaria,23,capacita_esaurita_o_oltre_max_km
202425,1.0,42,statale,SCUOLA PRIMARIA,4,CREE811028,GALLIGNANO,SONCINO,CREMONA,LOMBARDIA,SCUOLA PRIMARIA,primaria,1,capacita_esaurita_o_oltre_max_km
202425,1.0,42,statale,SCUOLA PRIMARIA,4,FIEE826046,"""DOMENICO GIULIOTTI"" -CAPOLUOGO",GREVE IN CHIANTI,FIRENZE,TOSCANA,SCUOLA PRIMARIA,primaria,3,capacita_esaurita_o_oltre_max_km
202425,1.0,42,statale,SCUOLA PRIMARIA,4,GEEE805042,S.EL.-D.SPINETTO-MEZZANEGO,MEZZANEGO,GENOVA,LIGURIA,SCUOLA PRIMARIA,primaria,2,capacita_esaurita_o_oltre_max_km
202425,1.0,42,statale,SCUOLA PRIMARIA,4,GREE82103E,SATURNIA,MANCIANO,GROSSETO,TOSCANA,SCUOLA PRIMARIA,primaria,2,capacita_esaurita_o_oltre_max_km
202425,1.0,42,statale,SCUOLA PRIMARIA,4,IMEE81202E,SC. ELEM. LARGO GHIGLIA,IMPERIA,IMPERIA,LIGURIA,SCUOLA PRIMARIA,primaria,8,capacita_esaurita_o_oltre_max_km
202425,1.0,42,statale,SCUOLA PRIMARIA,4,MCEE80903D,G. LEOPARDI,SERRAVALLE DI CHIENTI,MACERATA,MARCHE,SCUOLA PRIMARIA,primaria,1,capacita_esaurita_o_oltre_max_km
202425,1.0,42,statale,SCUOLA PRIMARIA,4,MCEE820027,VIA F.MARCHETTI,VALFORNACE,MACERATA,MARCHE,SCUOLA PRIMARIA,primaria,1,capacita_esaurita_o_oltre_max_km
202425,1.0,42,statale,SCUOLA PRIMARIA,4,MCEE820038,DE AMICIS,PIEVE TORINA,MACERATA,MARCHE,SCUOLA PRIMARIA,primaria,2,capacita_esaurita_o_oltre_max_km
202425,1.0,42,statale,SCUOLA PRIMARIA,4,MCEE82005A,PIETRO CAPUZI,VISSO,MACERATA,MARCHE,SCUOLA PRIMARIA,primaria,2,capacita_esaurita_o_oltre_max_km
202425,1.0,42,statale,SCUOLA PRIMARIA,4,MEEE81805G,MALFA,MALFA,MESSINA,SICILIA,SCUOLA PRIMARIA,primaria,1,capacita_esaurita_o_oltre_max_km
202425,1.0,42,statale,SCUOLA PRIMARIA,4,MIEE8C6018,PRIMARIA MAGREGLIO,MILANO,MILANO,LOMBARDIA,SCUOLA PRIMARIA,primaria,3,capacita_esaurita_o_oltre_max_km
202425,1.0,42,statale,SCUOLA PRIMARIA,4,MOEE81109D,"""18 MARZO 1944 "" MONCHIO",PALAGANO,MODENA,EMILIA ROMAGNA,SCUOLA PRIMARIA,primaria,1,capacita_esaurita_o_oltre_max_km
202425,1.0,42,statale,SCUOLA PRIMARIA,4,MOEE84401C,"""NICOLA PISANO"" MODENA",MODENA,MODENA,EMILIA ROMAGNA,SCUOLA PRIMARIA,primaria,7,capacita_esaurita_o_oltre_max_km
202425,1.0,42,statale,SCUOLA PRIMARIA,4,MTEE81701T,LARGO EUROPA-NOVA SIRI,NOVA SIRI,MATERA,BASILICATA,SCUOLA PRIMARIA,primaria,1,capacita_esaurita_o_oltre_max_km
202425,1.0,42,statale,SCUOLA PRIMARIA,4,PCEE002052,SAN LAZZARO ALBERONI,PIACENZA,PIACENZA,EMILIA ROMAGNA,SCUOLA PRIMARIA,primaria,8,capacita_esaurita_o_oltre_max_km
202425,1.0,42,statale,SCUOLA PRIMARIA,4,PREE82905T,GIANNI RODARI,PARMA,PARMA,EMILIA ROMAGNA,SCUOLA PRIMARIA,primaria,6,capacita_esaurita_o_oltre_max_km
202425,1.0,42,statale,SCUOLA PRIMARIA,4,REEE81602P,COLLAGNA CAP.,VENTASSO,REGGIO EMILIA,EMILIA ROMAGNA,SCUOLA PRIMARIA,primaria,1,capacita_esaurita_o_oltre_max_km
202425,1.0,42,statale,SCUOLA PRIMARIA,4,RIEE80601A,LEONESSA,LEONESSA,RIETI,LAZIO,SCUOLA PRIMARIA,primaria,2,capacita_esaurita_o_oltre_max_km
202425,1.0,42,statale,SCUOLA PRIMARIA,4,RMEE8C601R,"""LEONARDO DA VINCI""",ANZIO,ROMA,LAZIO,SCUOLA PRIMARIA,primaria,5,capacita_esaurita_o_oltre_max_km
202425,1.0,42,statale,SCUOLA PRIMARIA,4,SAEE81901E,CIOFFI,EBOLI,SALERNO,CAMPANIA,SCUOLA PRIMARIA,primaria,2,capacita_esaurita_o_oltre_max_km
202425,1.0,42,statale,SCUOLA PRIMARIA,4,SVEE80701G,"""A. GRAMSCI"" - BORGHETTO S.S.",BORGHETTO SANTO SPIRITO,SAVONA,LIGURIA,SCUOLA PRIMARIA,primaria,3,capacita_esaurita_o_oltre_max_km
202425,1.0,42,statale,SCUOLA PRIMARIA,4,TOEE808036,ANNA FRANK,TORINO,TORINO,PIEMONTE,SCUOLA PRIMARIA,primaria,6,capacita_esaurita_o_oltre_max_km
202425,1.0,42,statale,SCUOLA PRIMARIA,4,VEEE87402C,T. VECELLIO,VENEZIA,VENEZIA,VENETO,SCUOLA PRIMARIA,primaria,12,capacita_esaurita_o_oltre_max_km
202425,1.0,42,statale,SCUOLA PRIMARIA,4,BGEE84405R,"COVO ""A.LOCATELLI""",COVO,BERGAMO,LOMBARDIA,SCUOLA PRIMARIA,primaria,8,capacita_esaurita_o_oltre_max_km
202425,1.0,42,statale,SCUOLA PRIMARIA,4,BOEE81502G,MARSILI L.F.,BOLOGNA,BOLOGNA,EMILIA ROMAGNA,SCUOLA PRIMARIA,primaria,6,capacita_esaurita_o_oltre_max_km
202425,1.0,42,statale,SCUOLA PRIMARIA,4,CNEE821012,MONTA' - CAPOLUOGO,MONTA',CUNEO,PIEMONTE,SCUOLA PRIMARIA,primaria,1,capacita_esaurita_o_oltre_max_km
202425,1.0,42,statale,SCUOLA PRIMARIA,4,TOEE8CF018,I.C. BOBBIO - NOVARO,TORINO,TORINO,PIEMONTE,SCUOLA PRIMARIA,primaria,6,capacita_esaurita_o_oltre_max_km
202425,1.0,42,statale,SCUOLA PRIMARIA,4,MOEE045019,"""E. DE AMICIS"" PAVULLO",PAVULLO NEL FRIGNANO,MODENA,EMILIA ROMAGNA,SCUOLA PRIMARIA,primaria,2,capacita_esaurita_o_oltre_max_km
202425,1.0,42,statale,SCUOLA PRIMARIA,4,CREE80905B,OSTIANO,OSTIANO,CREMONA,LOMBARDIA,SCUOLA PRIMARIA,primaria,1,capacita_esaurita_o_oltre_max_km
202425,1.0,42,statale,SCUOLA PRIMARIA,4,MOEE81903T,"""P.GIANNONE"" CAMPOSANTO",CAMPOSANTO,MODENA,EMILIA ROMAGNA,SCUOLA PRIMARIA,primaria,5,capacita_esaurita_o_oltre_max_km
202425,1.0,42,statale,SCUOLA PRIMARIA,4,PREE822031,POLESINE - ZIBELLO,POLESINE ZIBELLO,PARMA,EMILIA ROMAGNA,SCUOLA PRIMARIA,primaria,3,capacita_esaurita_o_oltre_max_km
202425,1.0,42,statale,SCUOLA PRIMARIA,4,BGEE898022,"ROMANO DI LOMBARDIA ""G.PASCOLI""",ROMANO DI LOMBARDIA,BERGAMO,LOMBARDIA,SCUOLA PRIMARIA,primaria,6,capacita_esaurita_o_oltre_max_km
202425,1.0,42,statale,SCUOLA PRIMARIA,4,TOEE8B101E,I.C. ALERAMO - CAP,TORINO,TORINO,PIEMONTE,SCUOLA PRIMARIA,primaria,11,capacita_esaurita_o_oltre_max_km
202425,1.0,42,statale,SCUOLA PRIMARIA,4,PVEE822014,STRADELLA,STRADELLA,PAVIA,LOMBARDIA,SCUOLA PRIMARIA,primaria,9,capacita_esaurita_o_oltre_max_km
202425,1.0,42,statale,SCUOLA PRIMARIA,4,ALEE811068,"PONTESTURA ""C.PALAZZO""",PONTESTURA,ALESSANDRIA,PIEMONTE,SCUOLA PRIMARIA,primaria,3,capacita_esaurita_o_oltre_max_km
202425,1.0,42,statale,SCUOLA PRIMARIA,4,AQEE82503V,SCUOLA PRIMARIA LECCE NEI MARSI,LECCE NEI MARSI,L'AQUILA,ABRUZZO,SCUOLA PRIMARIA,primaria,3,capacita_esaurita_o_oltre_max_km
202425,1.0,42,statale,SCUOLA PRIMARIA,4,LOEE80404G,PRIMARIA SR. F. DAMINELLI BARG,VILLANOVA DEL SILLARO,LODI,LOMBARDIA,SCUOLA PRIMARIA,primaria,3,capacita_esaurita_o_oltre_max_km
202425,1.0,42,statale,SCUOLA PRIMARIA,4,MIEE8A5017,PRIMARIA MARTIRI DELLA LIBERTA',SESTO SAN GIOVANNI,MILANO,LOMBARDIA,SCUOLA PRIMARIA,primaria,11,capacita_esaurita_o_oltre_max_km
202425,1.0,42,statale,SCUOLA PRIMARIA,4,BGEE83104N,S.PRIMARIA CALCINATE,CALCINATE,BERGAMO,LOMBARDIA,SCUOLA PRIMARIA,primaria,5,capacita_esaurita_o_oltre_max_km
202425,1.0,42,statale,SCUOLA PRIMARIA,4,PVEE81701L,MORTARA,MORTARA,PAVIA,LOMBARDIA,SCUOLA PRIMARIA,primaria,16,capacita_esaurita_o_oltre_max_km
202425,1.0,42,statale,SCUOLA PRIMARIA,4,PCEE80801Q,BORGONOVO - CAPOLUOGO,BORGONOVO VAL TIDONE,PIACENZA,EMILIA ROMAGNA,SCUOLA PRIMARIA,primaria,8,capacita_esaurita_o_oltre_max_km
202425,1.0,42,statale,SCUOLA PRIMARIA,4,VREE890033,"""MANZONI A.""",VERONA,VERONA,VENETO,SCUOLA PRIMARIA,primaria,4,capacita_esaurita_o_oltre_max_km
202425,1.0,42,statale,SCUOLA PRIMARIA,4,PCEE81801A,FIORENZUOLA - CAPOLUOGO,FIORENZUOLA D'ARDA,PIACENZA,EMILIA ROMAGNA,SCUOLA PRIMARIA,primaria,14,capacita_esaurita_o_oltre_max_km
202425,1.0,42,statale,SCUOLA PRIMARIA,4,ALEE817012,PRIMARIA CARETTA SPINETTA,ALESSANDRIA,ALESSANDRIA,PIEMONTE,SCUOLA PRIMARIA,primaria,3,capacita_esaurita_o_oltre_max_km
202425,1.0,42,statale,SCUOLA PRIMARIA,4,PCEE00304R,ALCIDE DE GASPERI,PIACENZA,PIACENZA,EMILIA ROMAGNA,SCUOLA PRIMARIA,primaria,6,capacita_esaurita_o_oltre_max_km
202425,1.0,42,statale,SCUOLA PRIMARIA,4,MIEE81301G,PRIMARIA - E.TOTI,SAN COLOMBANO AL LAMBRO,MILANO,LOMBARDIA,SCUOLA PRIMARIA,primaria,6,capacita_esaurita_o_oltre_max_km
202425,1.0,42,statale,SCUOLA PRIMARIA,4,BSEE83201V,SCUOLA PRIMARIA V. BACHELET,LUMEZZANE,BRESCIA,LOMBARDIA,SCUOLA PRIMARIA,primaria,7,capacita_esaurita_o_oltre_max_km
202425,1.0,42,statale,SCUOLA PRIMARIA,4,CNEE82610G,COSTIGLIOLE SALUZZO,COSTIGLIOLE SALUZZO,CUNEO,PIEMONTE,SCUOLA PRIMARIA,primaria,4,capacita_esaurita_o_oltre_max_km
202425,1.0,42,statale,SCUOLA PRIMARIA,4,FREE84504X,I.C. 2 ANAGNI SGURGOLA PRIM.,SGURGOLA,FROSINONE,LAZIO,SCUOLA PRIMARIA,primaria,2,capacita_esaurita_o_oltre_max_km
202425,1.0,42,statale,SCUOLA PRIMARIA,4,MIEE815028,PRIMARIA VIA SCROSATI,MILANO,MILANO,LOMBARDIA,SCUOLA PRIMARIA,primaria,7,capacita_esaurita_o_oltre_max_km
202425,1.0,42,statale,SCUOLA PRIMARIA,4,MNEE80701R,SAN PIETRO,CASTIGLIONE DELLE STIVIERE,MANTOVA,LOMBARDIA,SCUOLA PRIMARIA,primaria,8,capacita_esaurita_o_oltre_max_km
202425,1.0,42,statale,SCUOLA PRIMARIA,4,PDEE883014,RODARI - PD,PADOVA,PADOVA,VENETO,SCUOLA PRIMARIA,primaria,2,capacita_esaurita_o_oltre_max_km
202425,1.0,42,statale,SCUOLA PRIMARIA,4,PVEE80905T,OTTOBIANO,OTTOBIANO,PAVIA,LOMBARDIA,SCUOLA PRIMARIA,primaria,2,capacita_esaurita_o_oltre_max_km
202425,1.0,42,statale,SCUOLA PRIMARIA,4,MNEE820017,"OSTIGLIA ""C.COLLODI""",OSTIGLIA,MANTOVA,LOMBARDIA,SCUOLA PRIMARIA,primaria,5,capacita_esaurita_o_oltre_max_km
202425,1.0,42,statale,SCUOLA PRIMARIA,4,NOEE83103Q,"""CARLO LEVI""",NOVARA,NOVARA,PIEMONTE,SCUOLA PRIMARIA,primaria,6,capacita_esaurita_o_oltre_max_km
202425,1.0,42,statale,SCUOLA PRIMARIA,4,BSEE86301E,CASTREZZATO CAP.,CASTREZZATO,BRESCIA,LOMBARDIA,SCUOLA PRIMARIA,primaria,4,capacita_esaurita_o_oltre_max_km
202425,1.0,42,statale,SCUOLA PRIMARIA,4,MIEE8C801X,PRIMARIA DANTE ALIGHIERI,SESTO SAN GIOVANNI,MILANO,LOMBARDIA,SCUOLA PRIMARIA,primaria,7,capacita_esaurita_o_oltre_max_km
202425,1.0,42,statale,SCUOLA PRIMARIA,4,GREE81901C,SCUOLA PRIMARIA ROCCASTRADA,ROCCASTRADA,GROSSETO,TOSCANA,SCUOLA PRIMARIA,primaria,3,capacita_esaurita_o_oltre_max_km
202425,1.0,42,statale,SCUOLA PRIMARIA,4,IMEE81103Q,SC. PRIM. BORGO SAN MORO,IMPERIA,IMPERIA,LIGURIA,SCUOLA PRIMARIA,primaria,3,capacita_esaurita_o_oltre_max_km
202425,1.0,42,statale,SCUOLA PRIMARIA,4,MIEE8BD012,PRIMARIA VIA DELLA SPIGA,MILANO,MILANO,LOMBARDIA,SCUOLA PRIMARIA,primaria,3,capacita_esaurita_o_oltre_max_km
202425,1.0,42,statale,SCUOLA PRIMARIA,4,MIEE8DY03L,PRIMARIA G.FERRARIS,MILANO,MILANO,LOMBARDIA,SCUOLA PRIMARIA,primaria,3,capacita_esaurita_o_oltre_max_km
202425,1.0,42,statale,SCUOLA PRIMARIA,4,VREE89202N,MESSEDAGLIA ANGELO,VERONA,VERONA,VENETO,SCUOLA PRIMARIA,primaria,3,capacita_esaurita_o_oltre_max_km
202425,1.0,42,statale,SCUOLA PRIMARIA,4,REEE83201G,LUZZARA CAP.,LUZZARA,REGGIO EMILIA,EMILIA ROMAGNA,SCUOLA PRIMARIA,primaria,6,capacita_esaurita_o_oltre_max_km
202425,1.0,42,statale,SCUOLA PRIMARIA,4,BGEE83204D,CIVIDATE AL PIANO,CIVIDATE AL PIANO,BERGAMO,LOMBARDIA,SCUOLA PRIMARIA,primaria,5,capacita_esaurita_o_oltre_max_km
202425,1.0,42,statale,SCUOLA PRIMARIA,4,VEEE87303N,VIA VIRGILIO,VENEZIA,VENEZIA,VENETO,SCUOLA PRIMARIA,primaria,5,capacita_esaurita_o_oltre_max_km
202425,1.0,42,statale,SCUOLA PRIMARIA,4,ALEE816049,"SCUOLA PRIMARIA ""PIO BOGGIANI""",BOSCO MARENGO,ALESSANDRIA,PIEMONTE,SCUOLA PRIMARIA,primaria,1,capacita_esaurita_o_oltre_max_km
202425,1.0,42,statale,SCUOLA PRIMARIA,4,AREE82905V,"""DOTT.G.FRACASSI""",CHITIGNANO,AREZZO,TOSCANA,SCUOLA PRIMARIA,primaria,1,capacita_esaurita_o_oltre_max_km
202425,1.0,42,statale,SCUOLA PRIMARIA,4,ATEE809025,PRIMARIA ROCCHETTA TANARO CAP.,ROCCHETTA TANARO,ASTI,PIEMONTE,SCUOLA PRIMARIA,primaria,1,capacita_esaurita_o_oltre_max_km
202425,1.0,42,statale,SCUOLA PRIMARIA,4,BGEE83103L,"SC.PRIMARIA ""DANTE ALIGHIERI""",MORNICO AL SERIO,BERGAMO,LOMBARDIA,SCUOLA PRIMARIA,primaria,3,capacita_esaurita_o_oltre_max_km
202425,1.0,42,statale,SCUOLA PRIMARIA,4,BGEE88601P,VERDELLINO CAP.,VERDELLINO,BERGAMO,LOMBARDIA,SCUOLA PRIMARIA,primaria,3,capacita_esaurita_o_oltre_max_km
202425,1.0,42,statale,SCUOLA PRIMARIA,4,BOEE80802C,MORANDI,BOLOGNA,BOLOGNA,EMILIA ROMAGNA,SCUOLA PRIMARIA,primaria,6,capacita_esaurita_o_oltre_max_km
202425,1.0,42,statale,SCUOLA PRIMARIA,4,BOEE82403B,LAGARO EE,CASTIGLIONE DEI PEPOLI,BOLOGNA,EMILIA ROMAGNA,SCUOLA PRIMARIA,primaria,1,capacita_esaurita_o_oltre_max_km
202425,1.0,42,statale,SCUOLA PRIMARIA,4,BOEE85802D,FIORINI,BOLOGNA,BOLOGNA,EMILIA ROMAGNA,SCUOLA PRIMARIA,primaria,3,capacita_esaurita_o_oltre_max_km
202425,1.0,42,statale,SCUOLA PRIMARIA,4,CNEE83601Q,SCUOLA PRIMARIA BAGNASCO,BAGNASCO,CUNEO,PIEMONTE,SCUOLA PRIMARIA,primaria,1,capacita_esaurita_o_oltre_max_km
202425,1.0,42,statale,SCUOLA PRIMARIA,4,CSEE823033,VILLAPIANA-VILLAGGIO-,VILLAPIANA,COSENZA,CALABRIA,SCUOLA PRIMARIA,primaria,1,capacita_esaurita_o_oltre_max_km
202425,1.0,42,statale,SCUOLA PRIMARIA,4,FIEE81403V,"DICOMANO ""PASCOLI""",DICOMANO,FIRENZE,TOSCANA,SCUOLA PRIMARIA,primaria,5,capacita_esaurita_o_oltre_max_km
202425,1.0,42,statale,SCUOLA PRIMARIA,4,GREE81904G,"PRIM. SASSOFORTINO ""C.COLLODI""",ROCCASTRADA,GROSSETO,TOSCANA,SCUOLA PRIMARIA,primaria,1,capacita_esaurita_o_oltre_max_km
202425,1.0,42,statale,SCUOLA PRIMARIA,4,GREE82504V,"PORTO ERCOLE -""L.RADICE""",MONTE ARGENTARIO,GROSSETO,TOSCANA,SCUOLA PRIMARIA,primaria,2,capacita_esaurita_o_oltre_max_km
202425,1.0,42,statale,SCUOLA PRIMARIA,4,IMEE802064,PIGNA,PIGNA,IMPERIA,LIGURIA,SCUOLA PRIMARIA,primaria,1,capacita_esaurita_o_oltre_max_km
202425,1.0,42,statale,SCUOLA PRIMARIA,4,MIEE8DQ01E,PRIMARIA G.RODARI,MILANO,MILANO,LOMBARDIA,SCUOLA PRIMARIA,primaria,5,capacita_esaurita_o_oltre_max_km
202425,1.0,42,statale,SCUOLA PRIMARIA,4,MIEE8DZ03C,PRIMARIA G.CASATI,MILANO,MILANO,LOMBARDIA,SCUOLA PRIMARIA,primaria,2,capacita_esaurita_o_oltre_max_km
202425,1.0,42,statale,SCUOLA PRIMARIA,4,MIEE8FU01C,PRIMARIA E. TOTI,MILANO,MILANO,LOMBARDIA,SCUOLA PRIMARIA,primaria,2,capacita_esaurita_o_oltre_max_km
202425,1.0,42,statale,SCUOLA PRIMARIA,4,PREE80905L,CELLA - VARANO MARCHESI,MEDESANO,PARMA,EMILIA ROMAGNA,SCUOLA PRIMARIA,primaria,1,capacita_esaurita_o_oltre_max_km
202425,1.0,42,statale,SCUOLA PRIMARIA,4,PREE81001L,BARDI CPL.,BARDI,PARMA,EMILIA ROMAGNA,SCUOLA PRIMARIA,primaria,1,capacita_esaurita_o_oltre_max_km
202425,1.0,42,statale,SCUOLA PRIMARIA,4,PVEE80401E,LOMELLO CATERINA ASSANDRA,LOMELLO,PAVIA,LOMBARDIA,SCUOLA PRIMARIA,primaria,1,capacita_esaurita_o_oltre_max_km
202425,1.0,42,statale,SCUOLA PRIMARIA,4,RMEE8AL11G,SCUOLA PRIMARIA ROVIANO,ROVIANO,ROMA,LAZIO,SCUOLA PRIMARIA,primaria,1,capacita_esaurita_o_oltre_max_km
202425,1.0,42,statale,SCUOLA PRIMARIA,4,SIEE807012,"""DINA FERRI""",CHIUSDINO,SIENA,TOSCANA,SCUOLA PRIMARIA,primaria,2,capacita_esaurita_o_oltre_max_km
202425,1.0,42,statale,SCUOLA PRIMARIA,4,TOEE8BR015,I.C. PARRI - CAPPONI,TORINO,TORINO,PIEMONTE,SCUOLA PRIMARIA,primaria,4,capacita_esaurita_o_oltre_max_km
202425,1.0,42,statale,SCUOLA PRIMARIA,4,VEEE834022,C. COLLODI - TESSERA,VENEZIA,VENEZIA,VENETO,SCUOLA PRIMARIA,primaria,1,capacita_esaurita_o_oltre_max_km
202425,1.0,42,statale,SCUOLA PRIMARIA,4,MNEE82501A,"SCUOLA PRIMARIA ""O.VISENTINI""",SUZZARA,MANTOVA,LOMBARDIA,SCUOLA PRIMARIA,primaria,9,capacita_esaurita_o_oltre_max_km
202425,1.0,42,statale,SCUOLA PRIMARIA,4,MOEE846025,"""G.LEOPARDI"" MODENA",MODENA,MODENA,EMILIA ROMAGNA,SCUOLA PRIMARIA,primaria,8,capacita_esaurita_o_oltre_max_km
202425,1.0,42,statale,SCUOLA PRIMARIA,4,BGEE8AE01L,"TREVIGLIO ""DE AMICIS""",TREVIGLIO,BERGAMO,LOMBARDIA,SCUOLA PRIMARIA,primaria,7,capacita_esaurita_o_oltre_max_km
202425,1.0,42,statale,SCUOLA PRIMARIA,4,BOEE87205V,SALICETO,BOLOGNA,BOLOGNA,EMILIA ROMAGNA,SCUOLA PRIMARIA,primaria,5,capacita_esaurita_o_oltre_max_km
202425,1.0,42,statale,SCUOLA PRIMARIA,4,REEE849011,RENZO PEZZANI,REGGIO NELL'EMILIA,REGGIO EMILIA,EMILIA ROMAGNA,SCUOLA PRIMARIA,primaria,2,capacita_esaurita_o_oltre_max_km
202425,1.0,42,statale,SCUOLA PRIMARIA,4,PREE80701R,COLORNO,COLORNO,PARMA,EMILIA ROMAGNA,SCUOLA PRIMARIA,primaria,5,capacita_esaurita_o_oltre_max_km
202425,1.0,42,statale,SCUOLA PRIMARIA,4,CREE813053,SAN GIOVANNI IN CROCE CAP.,SAN GIOVANNI IN CROCE,CREMONA,LOMBARDIA,SCUOLA PRIMARIA,primaria,1,capacita_esaurita_o_oltre_max_km
202425,1.0,42,statale,SCUOLA PRIMARIA,4,MIEE8CT01X,PRIMARIA VITTORIO LOCCHI,MILANO,MILANO,LOMBARDIA,SCUOLA PRIMARIA,primaria,8,capacita_esaurita_o_oltre_max_km
202425,1.0,42,statale,SCUOLA PRIMARIA,4,BOEE868013,I.C. MOLINELLA CAPOLUOGO,MOLINELLA,BOLOGNA,EMILIA ROMAGNA,SCUOLA PRIMARIA,primaria,8,capacita_esaurita_o_oltre_max_km
202425,1.0,42,statale,SCUOLA PRIMARIA,4,BOEE81602B,ADELFO GROSSO,BOLOGNA,BOLOGNA,EMILIA ROMAGNA,SCUOLA PRIMARIA,primaria,5,capacita_esaurita_o_oltre_max_km
202425,1.0,42,statale,SCUOLA PRIMARIA,4,PREE82201V,BUSSETO CPL,BUSSETO,PARMA,EMILIA ROMAGNA,SCUOLA PRIMARIA,primaria,5,capacita_esaurita_o_oltre_max_km
202425,1.0,42,statale,SCUOLA PRIMARIA,4,FIEE82201Q,"CAP.""L. DA VINCI""",SIGNA,FIRENZE,TOSCANA,SCUOLA PRIMARIA,primaria,5,capacita_esaurita_o_oltre_max_km
202425,1.0,42,statale,SCUOLA PRIMARIA,4,UDEE857023,""" LEA D'ORLANDI """,UDINE,UDINE,FRIULI-VENEZIA G.,SCUOLA PRIMARIA,primaria,2,capacita_esaurita_o_oltre_max_km
202425,1.0,42,statale,SCUOLA PRIMARIA,4,VEEE855012,DANTE ALIGHIERI,CAVARZERE,VENEZIA,VENETO,SCUOLA PRIMARIA,primaria,3,capacita_esaurita_o_oltre_max_km
202425,1.0,42,statale,SCUOLA PRIMARIA,4,BGEE883028,PRIMARIA TRESCORE BALNEARIO,TRESCORE BALNEARIO,BERGAMO,LOMBARDIA,SCUOLA PRIMARIA,primaria,7,capacita_esaurita_o_oltre_max_km
202425,1.0,42,statale,SCUOLA PRIMARIA,4,BGEE84604B,PONTIROLO NUOVO,PONTIROLO NUOVO,BERGAMO,LOMBARDIA,SCUOLA PRIMARIA,primaria,5,capacita_esaurita_o_oltre_max_km
202425,1.0,42,statale,SCUOLA PRIMARIA,4,BSEE82701B,OSPITALETTO CAP.'A.M.CANOSSI',OSPITALETTO,BRESCIA,LOMBARDIA,SCUOLA PRIMARIA,primaria,7,capacita_esaurita_o_oltre_max_km
202425,1.0,42,statale,SCUOLA PRIMARIA,4,AQEE82101D,"""E. DE AMICIS"" - LUCO DEI MARSI",LUCO DEI MARSI,L'AQUILA,ABRUZZO,SCUOLA PRIMARIA,primaria,1,capacita_esaurita_o_oltre_max_km
202425,1.0,42,statale,SCUOLA PRIMARIA,4,BGEE83202B,CALCIO,CALCIO,BERGAMO,LOMBARDIA,SCUOLA PRIMARIA,primaria,4,capacita_esaurita_o_oltre_max_km
202425,1.0,42,statale,SCUOLA PRIMARIA,4,BSEE858013,DARFO BOARIO TERME CAP.,DARFO BOARIO TERME,BRESCIA,LOMBARDIA,SCUOLA PRIMARIA,primaria,1,capacita_esaurita_o_oltre_max_km
202425,1.0,42,statale,SCUOLA PRIMARIA,4,BSEE887024,PRIMARIA DON MILANI BRESCIA,BRESCIA,BRESCIA,LOMBARDIA,SCUOLA PRIMARIA,primaria,4,capacita_esaurita_o_oltre_max_km
202425,1.0,42,statale,SCUOLA PRIMARIA,4,BSEE84803E,"SCUOLA ELEMENTARE""V.CHIZZOLINI""",ISORELLA,BRESCIA,LOMBARDIA,SCUOLA PRIMARIA,primaria,3,capacita_esaurita_o_oltre_max_km
202425,1.0,42,statale,SCUOLA PRIMARIA,4,CNEE819045,PRIMARIA DI MONFORTE D'ALBA,MONFORTE D'ALBA,CUNEO,PIEMONTE,SCUOLA PRIMARIA,primaria,1,capacita_esaurita_o_oltre_max_km
202425,1.0,42,statale,SCUOLA PRIMARIA,4,COEE84804T,CAMPIONE D'ITALIA,CAMPIONE D'ITALIA,COMO,LOMBARDIA,SCUOLA PRIMARIA,primaria,1,capacita_esaurita_o_oltre_max_km
202425,1.0,42,statale,SCUOLA PRIMARIA,4,FEEE82605X,VIA RISORGIMENTO-S.CARLO,TERRE DEL RENO,FERRARA,EMILIA ROMAGNA,SCUOLA PRIMARIA,primaria,1,capacita_esaurita_o_oltre_max_km
202425,1.0,42,statale,SCUOLA PRIMARIA,4,GREE81704X,ARCILLE,CAMPAGNATICO,GROSSETO,TOSCANA,SCUOLA PRIMARIA,primaria,1,capacita_esaurita_o_oltre_max_km
202425,1.0,42,statale,SCUOLA PRIMARIA,4,MNEE81505X,"CASTELDARIO ""G. CARDUCCI""",CASTEL D'ARIO,MANTOVA,LOMBARDIA,SCUOLA PRIMARIA,primaria,4,capacita_esaurita_o_oltre_max_km
202425,1.0,42,statale,SCUOLA PRIMARIA,4,MNEE83905C,PRIMARIA BELFORTE,GAZZUOLO,MANTOVA,LOMBARDIA,SCUOLA PRIMARIA,primaria,1,capacita_esaurita_o_oltre_max_km
202425,1.0,42,statale,SCUOLA PRIMARIA,4,MOEE83502P,"""C.A. DALLA CHIESA "" MASSA FIN.",FINALE EMILIA,MODENA,EMILIA ROMAGNA,SCUOLA PRIMARIA,primaria,4,capacita_esaurita_o_oltre_max_km
202425,1.0,42,statale,SCUOLA PRIMARIA,4,NOEE82301P,"""RIGUTINI""",NOVARA,NOVARA,PIEMONTE,SCUOLA PRIMARIA,primaria,6,capacita_esaurita_o_oltre_max_km
202425,1.0,42,statale,SCUOLA PRIMARIA,4,POEE80902A,F. FILZI,PRATO,PRATO,TOSCANA,SCUOLA PRIMARIA,primaria,2,capacita_esaurita_o_oltre_max_km
202425,1.0,42,statale,SCUOLA PRIMARIA,4,POEE81601C,CLAUDIO PUDDU - LOC.MALISETI,PRATO,PRATO,TOSCANA,SCUOLA PRIMARIA,primaria,7,capacita_esaurita_o_oltre_max_km
202425,1.0,42,statale,SCUOLA PRIMARIA,4,PREE81502R,PRIMARIA NEVIANO,NEVIANO DEGLI ARDUINI,PARMA,EMILIA ROMAGNA,SCUOLA PRIMARIA,primaria,1,capacita_esaurita_o_oltre_max_km
202425,1.0,42,statale,SCUOLA PRIMARIA,4,PVEE801046,SANTA CRISTINA E BISSONE,SANTA CRISTINA E BISSONE,PAVIA,LOMBARDIA,SCUOLA PRIMARIA,primaria,1,capacita_esaurita_o_oltre_max_km
202425,1.0,42,statale,SCUOLA PRIMARIA,4,PVEE822025,ARENA PO,ARENA PO,PAVIA,LOMBARDIA,SCUOLA PRIMARIA,primaria,1,capacita_esaurita_o_oltre_max_km
202425,1.0,42,statale,SCUOLA PRIMARIA,4,REEE82902R,ROLO CAP.,ROLO,REGGIO EMILIA,EMILIA ROMAGNA,SCUOLA PRIMARIA,primaria,3,capacita_esaurita_o_oltre_max_km
202425,1.0,42,statale,SCUOLA PRIMARIA,4,SIEE81204L,VIA MARTIRI MONTEMAGGIO,CASTELLINA IN CHIANTI,SIENA,TOSCANA,SCUOLA PRIMARIA,primaria,2,capacita_esaurita_o_oltre_max_km
202425,1.0,42,statale,SCUOLA PRIMARIA,4,PREE82904R,MARTIRI DI CEFALONIA,PARMA,PARMA,EMILIA ROMAGNA,SCUOLA PRIMARIA,primaria,6,capacita_esaurita_o_oltre_max_km
202425,1.0,42,statale,SCUOLA PRIMARIA,4,NOEE82802V,"""VIA GALVANI""",NOVARA,NOVARA,PIEMONTE,SCUOLA PRIMARIA,primaria,5,capacita_esaurita_o_oltre_max_km
202425,1.0,42,statale,SCUOLA PRIMARIA,4,PTEE82205N,"""DON GIULIO FACIBENI""",MONTECATINI-TERME,PISTOIA,TOSCANA,SCUOLA PRIMARIA,primaria,5,capacita_esaurita_o_oltre_max_km
202425,1.0,42,statale,SCUOLA PRIMARIA,4,SOEE81301E,DELEBIOCAPOLUOGO,DELEBIO,SONDRIO,LOMBARDIA,SCUOLA PRIMARIA,primaria,3,capacita_esaurita_o_oltre_max_km
202425,1.0,42,statale,SCUOLA PRIMARIA,4,MIEE8AR02G,PRIMARIA C.VILLA,CINISELLO BALSAMO,MILANO,LOMBARDIA,SCUOLA PRIMARIA,primaria,4,capacita_esaurita_o_oltre_max_km
202425,1.0,42,statale,SCUOLA PRIMARIA,4,MOEE81402N,"""ANNA FRANK "" FORMICA",SAVIGNANO SUL PANARO,MODENA,EMILIA ROMAGNA,SCUOLA PRIMARIA,primaria,3,capacita_esaurita_o_oltre_max_km
202425,1.0,42,statale,SCUOLA PRIMARIA,4,SVEE81505P,VILLANOVA D'ALBENGA - PRIMARIA,VILLANOVA D'ALBENGA,SAVONA,LIGURIA,SCUOLA PRIMARIA,primaria,2,capacita_esaurita_o_oltre_max_km
202425,1.0,42,statale,SCUOLA PRIMARIA,4,BGEE84901Q,ELEMENTARE CAROBBIO,CAROBBIO DEGLI ANGELI,BERGAMO,LOMBARDIA,SCUOLA PRIMARIA,primaria,6,capacita_esaurita_o_oltre_max_km
202425,1.0,42,statale,SCUOLA PRIMARIA,4,NOEE80901C,DON CARLO FELICE SAINO,CERANO,NOVARA,PIEMONTE,SCUOLA PRIMARIA,primaria,7,capacita_esaurita_o_oltre_max_km
202425,1.0,42,statale,SCUOLA PRIMARIA,4,MIEE8DQ02G,PRIMARIA LOCATELLI,MILANO,MILANO,LOMBARDIA,SCUOLA PRIMARIA,primaria,6,capacita_esaurita_o_oltre_max_km
202425,1.0,42,statale,SCUOLA PRIMARIA,4,GEEE85102N,S.EL. - E.MONTALE -,GENOVA,GENOVA,LIGURIA,SCUOLA PRIMARIA,primaria,3,capacita_esaurita_o_oltre_max_km
202425,1.0,42,statale,SCUOLA PRIMARIA,4,MNEE834026,"MOGLIA -PRIMARIA ""A. MARTINI""",MOGLIA,MANTOVA,LOMBARDIA,SCUOLA PRIMARIA,primaria,4,capacita_esaurita_o_oltre_max_km
202425,1.0,42,statale,SCUOLA PRIMARIA,4,VREE88301T,SCUOLA DEI CILIEGI,VERONA,VERONA,VENETO,SCUOLA PRIMARIA,primaria,1,capacita_esaurita_o_oltre_max_km
202425,1.0,42,statale,SCUOLA PRIMARIA,4,IMEE81102P,SC. PRIM. CASTELVECCHIO,IMPERIA,IMPERIA,LIGURIA,SCUOLA PRIMARIA,primaria,4,capacita_esaurita_o_oltre_max_km
202425,1.0,42,statale,SCUOLA PRIMARIA,4,MOEE82204P,"PRIMARIA ""GIUSEPPE VERDI """,CARPI,MODENA,EMILIA ROMAGNA,SCUOLA PRIMARIA,primaria,2,capacita_esaurita_o_oltre_max_km
202425,1.0,42,statale,SCUOLA PRIMARIA,4,FIEE871033,S.VERDIANA-TILLI,CASTELFIORENTINO,FIRENZE,TOSCANA,SCUOLA PRIMARIA,primaria,1,capacita_esaurita_o_oltre_max_km
202425,1.0,42,statale,SCUOLA PRIMARIA,4,MIEE81902G,PRIMARIA VIA S.UGUZZONE,MILANO,MILANO,LOMBARDIA,SCUOLA PRIMARIA,primaria,3,capacita_esaurita_o_oltre_max_km
202425,1.0,42,statale,SCUOLA PRIMARIA,4,UDEE84205C,""" S. PELLICO "". S. OSVALDO",UDINE,UDINE,FRIULI-VENEZIA G.,SCUOLA PRIMARIA,primaria,3,capacita_esaurita_o_oltre_max_km
202425,1.0,42,statale,SCUOLA PRIMARIA,4,AREE82401G,"""CARLO SALVETTI""",PIEVE SANTO STEFANO,AREZZO,TOSCANA,SCUOLA PRIMARIA,primaria,2,capacita_esaurita_o_oltre_max_km
202425,1.0,42,statale,SCUOLA PRIMARIA,4,BOEE84802V,CRISTINA DA PIZZANO,MONTERENZIO,BOLOGNA,EMILIA ROMAGNA,SCUOLA PRIMARIA,primaria,2,capacita_esaurita_o_oltre_max_km
202425,1.0,42,statale,SCUOLA PRIMARIA,4,CREE81502G,S.DANIELE PO,SAN DANIELE PO,CREMONA,LOMBARDIA,SCUOLA PRIMARIA,primaria,2,capacita_esaurita_o_oltre_max_km
202425,1.0,42,statale,SCUOLA PRIMARIA,4,FEEE808016,VIA MASI-S.BARTOLOMEO IN B.,FERRARA,FERRARA,EMILIA ROMAGNA,SCUOLA PRIMARIA,primaria,2,capacita_esaurita_o_oltre_max_km
202425,1.0,42,statale,SCUOLA PRIMARIA,4,GEEE81403Q,SC.PRIMARIA DI ROSSIGLIONE,ROSSIGLIONE,GENOVA,LIGURIA,SCUOLA PRIMARIA,primaria,2,capacita_esaurita_o_oltre_max_km
202425,1.0,42,statale,SCUOLA PRIMARIA,4,LOEE814035,PRIMARIA ARCOBALENO - LODI,LODI,LODI,LOMBARDIA,SCUOLA PRIMARIA,primaria,4,capacita_esaurita_o_oltre_max_km
202425,1.0,42,statale,SCUOLA PRIMARIA,4,ROEE80003P,PANZACCHI ENRICO - CASTELMASSA,CASTELMASSA,ROVIGO,VENETO,SCUOLA PRIMARIA,primaria,3,capacita_esaurita_o_oltre_max_km
202425,1.0,42,statale,SCUOLA PRIMARIA,4,VEEE82506B,PAOLA E ANGELA RAMPULLA,ANNONE VENETO,VENEZIA,VENETO,SCUOLA PRIMARIA,primaria,1,capacita_esaurita_o_oltre_max_km
202425,1.0,42,statale,SCUOLA PRIMARIA,4,MIEE8AP02C,PRIMARIA A. MANZONI,CINISELLO BALSAMO,MILANO,LOMBARDIA,SCUOLA PRIMARIA,primaria,5,capacita_esaurita_o_oltre_max_km
202425,1.0,42,statale,SCUOLA PRIMARIA,4,BSEE86907Q,PRIMARIA TOSCOLANO MADERNO CAP.,TOSCOLANO-MADERNO,BRESCIA,LOMBARDIA,SCUOLA PRIMARIA,primaria,1,capacita_esaurita_o_oltre_max_km
202425,1.0,42,statale,SCUOLA PRIMARIA,4,BSEE88302R,PRIMARIA BATTISTI BRESCIA,BRESCIA,BRESCIA,LOMBARDIA,SCUOLA PRIMARIA,primaria,2,capacita_esaurita_o_oltre_max_km
202425,1.0,42,statale,SCUOLA PRIMARIA,4,GEEE841034,SC.ELEM. XXV APRILE,GENOVA,GENOVA,LIGURIA,SCUOLA PRIMARIA,primaria,3,capacita_esaurita_o_oltre_max_km
202425,1.0,42,statale,SCUOLA PRIMARIA,4,MIEE82201A,PRIMARIA VIA A. MANZONI,COLOGNO MONZESE,MILANO,LOMBARDIA,SCUOLA PRIMARIA,primaria,2,capacita_esaurita_o_oltre_max_km
202425,1.0,42,statale,SCUOLA PRIMARIA,4,MIEE8C503E,PRIMARIA VIA MONTE BALDO,MILANO,MILANO,LOMBARDIA,SCUOLA PRIMARIA,primaria,2,capacita_esaurita_o_oltre_max_km
202425,1.0,42,statale,SCUOLA PRIMARIA,4,MNEE83801C,VIADANA,VIADANA,MANTOVA,LOMBARDIA,SCUOLA PRIMARIA,primaria,1,capacita_esaurita_o_oltre_max_km
202425,1.0,42,statale,SCUOLA PRIMARIA,4,PREE805037,"""GUGLIELMO MARCONI"" - LOC. SIS",SISSA TRECASALI,PARMA,EMILIA ROMAGNA,SCUOLA PRIMARIA,primaria,3,capacita_esaurita_o_oltre_max_km
202425,1.0,42,statale,SCUOLA PRIMARIA,4,PVEE808041,PALESTRO,PALESTRO,PAVIA,LOMBARDIA,SCUOLA PRIMARIA,primaria,2,capacita_esaurita_o_oltre_max_km
202425,1.0,42,statale,SCUOLA PRIMARIA,4,REEE84401T,"VEZZANO ""G. MARCONI""",VEZZANO SUL CROSTOLO,REGGIO EMILIA,EMILIA ROMAGNA,SCUOLA PRIMARIA,primaria,2,capacita_esaurita_o_oltre_max_km
202425,1.0,42,statale,SCUOLA PRIMARIA,4,SPEE814018,LA SPEZIA CHIAPPA A.MANZONI,LA SPEZIA,LA SPEZIA,LIGURIA,SCUOLA PRIMARIA,primaria,2,capacita_esaurita_o_oltre_max_km
202425,1.0,42,statale,SCUOLA PRIMARIA,4,TOEE808058,E. GIACHINO,TORINO,TORINO,PIEMONTE,SCUOLA PRIMARIA,primaria,3,capacita_esaurita_o_oltre_max_km
202425,1.0,42,statale,SCUOLA PRIMARIA,4,SPEE81403A,LA SPEZIA FOSSITERMI A.REVERE,LA SPEZIA,LA SPEZIA,LIGURIA,SCUOLA PRIMARIA,primaria,3,capacita_esaurita_o_oltre_max_km
202425,1.0,42,statale,SCUOLA PRIMARIA,4,MIEE8AG01V,PRIMARIA VIA VAL LAGARINA,MILANO,MILANO,LOMBARDIA,SCUOLA PRIMARIA,primaria,5,capacita_esaurita_o_oltre_max_km
202425,1.0,42,statale,SCUOLA PRIMARIA,4,BOEE87301E,ZAMBONI - I.C. N. 16 BOLOGNA,BOLOGNA,BOLOGNA,EMILIA ROMAGNA,SCUOLA PRIMARIA,primaria,4,capacita_esaurita_o_oltre_max_km
202425,1.0,42,statale,SCUOLA PRIMARIA,4,BSEE808034,PIAN CAMUNO CAP.,PIAN CAMUNO,BRESCIA,LOMBARDIA,SCUOLA PRIMARIA,primaria,2,capacita_esaurita_o_oltre_max_km
202425,1.0,42,statale,SCUOLA PRIMARIA,4,SIEE81101N,SCUOLA PRIMARIA DI MONTALCINO,MONTALCINO,SIENA,TOSCANA,SCUOLA PRIMARIA,primaria,2,capacita_esaurita_o_oltre_max_km
202425,1.0,42,statale,SCUOLA PRIMARIA,4,MOEE83501N,"""E.CASTELFRANCHI"" FINALE E.",FINALE EMILIA,MODENA,EMILIA ROMAGNA,SCUOLA PRIMARIA,primaria,7,capacita_esaurita_o_oltre_max_km
202425,1.0,42,statale,SCUOLA PRIMARIA,4,CNEE82201T,CANALE - CAPOLUOGO,CANALE,CUNEO,PIEMONTE,SCUOLA PRIMARIA,primaria,3,capacita_esaurita_o_oltre_max_km
202425,1.0,42,statale,SCUOLA PRIMARIA,4,POEE812037,ALBERTO MANZI,PRATO,PRATO,TOSCANA,SCUOLA PRIMARIA,primaria,3,capacita_esaurita_o_oltre_max_km
202425,1.0,42,statale,SCUOLA PRIMARIA,4,PVEE81308L,MIRADOLO TERME,MIRADOLO TERME,PAVIA,LOMBARDIA,SCUOLA PRIMARIA,primaria,4,capacita_esaurita_o_oltre_max_km
202425,1.0,42,statale,SCUOLA PRIMARIA,4,PVEE82601B,DE AMICIS VOGHERA,VOGHERA,PAVIA,LOMBARDIA,SCUOLA PRIMARIA,primaria,5,capacita_esaurita_o_oltre_max_km
202425,1.0,42,statale,SCUOLA PRIMARIA,4,IMEE81306E,CASTILLO,SANREMO,IMPERIA,LIGURIA,SCUOLA PRIMARIA,primaria,2,capacita_esaurita_o_oltre_max_km
202425,1.0,42,statale,SCUOLA PRIMARIA,4,MIEE8GH01A,PRIMARIA BOTTEGO,MILANO,MILANO,LOMBARDIA,SCUOLA PRIMARIA,primaria,6,capacita_esaurita_o_oltre_max_km
202425,1.0,42,statale,SCUOLA PRIMARIA,4,FGEE83801L,VIA VERDI,STORNARELLA,FOGGIA,PUGLIA,SCUOLA PRIMARIA,primaria,4,capacita_esaurita_o_oltre_max_km
202425,1.0,42,statale,SCUOLA PRIMARIA,4,PGEE871068,MASSA MARTANA VIALE EUROPA,MASSA MARTANA,PERUGIA,UMBRIA,SCUOLA PRIMARIA,primaria,2,capacita_esaurita_o_oltre_max_km
202425,1.0,42,statale,SCUOLA PRIMARIA,4,BSEE84801C,SCUOLA ELEMENTARE DI CALVISANO,CALVISANO,BRESCIA,LOMBARDIA,SCUOLA PRIMARIA,primaria,4,capacita_esaurita_o_oltre_max_km
202425,1.0,42,statale,SCUOLA PRIMARIA,4,ATEE804033,"MONCALVO CAP. ""F.SARZANO""",MONCALVO,ASTI,PIEMONTE,SCUOLA PRIMARIA,primaria,2,capacita_esaurita_o_oltre_max_km
202425,1.0,42,statale,SCUOLA PRIMARIA,4,MNEE821013,SCUOLA PRIMARIA QUISTELLO,QUISTELLO,MANTOVA,LOMBARDIA,SCUOLA PRIMARIA,primaria,3,capacita_esaurita_o_oltre_max_km
202425,1.0,42,statale,SCUOLA PRIMARIA,4,BSEE84201D,PONTOGLIO- AI CADUTI,PONTOGLIO,BRESCIA,LOMBARDIA,SCUOLA PRIMARIA,primaria,4,capacita_esaurita_o_oltre_max_km
202425,1.0,42,statale,SCUOLA PRIMARIA,4,BSEE8AH01L,"""PADRE G.BEVILACQUA""",BORGO SAN GIACOMO,BRESCIA,LOMBARDIA,SCUOLA PRIMARIA,primaria,3,capacita_esaurita_o_oltre_max_km
202425,1.0,42,statale,SCUOLA PRIMARIA,4,GEEE854014,"PRIMARIA ""G.GRILLO""",GENOVA,GENOVA,LIGURIA,SCUOLA PRIMARIA,primaria,3,capacita_esaurita_o_oltre_max_km
202425,1.0,42,statale,SCUOLA PRIMARIA,4,PIEE810029,COPERNICO,SANTA CROCE SULL'ARNO,PISA,TOSCANA,SCUOLA PRIMARIA,primaria,1,capacita_esaurita_o_oltre_max_km
202425,1.0,42,statale,SCUOLA PRIMARIA,4,BGEE825028,SCUOLA PRIMARIA BARIANO,BARIANO,BERGAMO,LOMBARDIA,SCUOLA PRIMARIA,primaria,3,capacita_esaurita_o_oltre_max_km
202425,1.0,42,statale,SCUOLA PRIMARIA,4,BSEE849018,SCUOLA PRIMARIA CAPOLUOGO,CARPENEDOLO,BRESCIA,LOMBARDIA,SCUOLA PRIMARIA,primaria,8,capacita_esaurita_o_oltre_max_km
202425,1.0,42,statale,SCUOLA PRIMARIA,4,GEEE85103P,S.EL. - F.TAVIANI -,GENOVA,GENOVA,LIGURIA,SCUOLA PRIMARIA,primaria,3,capacita_esaurita_o_oltre_max_km
202425,1.0,42,statale,SCUOLA PRIMARIA,4,BGEE898011,"ROMANO DI LOMBARDIA ""DE AMICIS""",ROMANO DI LOMBARDIA,BERGAMO,LOMBARDIA,SCUOLA PRIMARIA,primaria,3,capacita_esaurita_o_oltre_max_km
202425,1.0,42,statale,SCUOLA PRIMARIA,4,REEE84004N,"""G. VERDI"" - PIEVE MODOLENA",REGGIO NELL'EMILIA,REGGIO EMILIA,EMILIA ROMAGNA,SCUOLA PRIMARIA,primaria,3,capacita_esaurita_o_oltre_max_km
202425,1.0,42,statale,SCUOLA PRIMARIA,4,RAEE81802X,"""GINNASI ALESSANDRO""",CASTEL BOLOGNESE,RAVENNA,EMILIA ROMAGNA,SCUOLA PRIMARIA,primaria,3,capacita_esaurita_o_oltre_max_km
202425,1.0,42,statale,SCUOLA PRIMARIA,4,ALEE83602C,"ACQUI TERME ""G.SARACCO""",ACQUI TERME,ALESSANDRIA,PIEMONTE,SCUOLA PRIMARIA,primaria,4,capacita_esaurita_o_oltre_max_km
202425,1.0,42,statale,SCUOLA PRIMARIA,4,RAEE808018,"""FORESTI F.""",CONSELICE,RAVENNA,EMILIA ROMAGNA,SCUOLA PRIMARIA,primaria,1,capacita_esaurita_o_oltre_max_km
202425,1.0,42,statale,SCUOLA PRIMARIA,4,BOEE87302G,DON BOSCO,BOLOGNA,BOLOGNA,EMILIA ROMAGNA,SCUOLA PRIMARIA,primaria,4,capacita_esaurita_o_oltre_max_km
202425,1.0,42,statale,SCUOLA PRIMARIA,4,MIEE8DW01V,PRIMARIA S.QUASIMODO,MILANO,MILANO,LOMBARDIA,SCUOLA PRIMARIA,primaria,4,capacita_esaurita_o_oltre_max_km
202425,1.0,42,statale,SCUOLA PRIMARIA,4,MIEE8DU028,PRIMARIA VIALE PUGLIE,MILANO,MILANO,LOMBARDIA,SCUOLA PRIMARIA,primaria,4,capacita_esaurita_o_oltre_max_km
202425,1.0,42,statale,SCUOLA PRIMARIA,4,MIEE8D801E,LIA DE VECCHI FISOGNI,PADERNO DUGNANO,MILANO,LOMBARDIA,SCUOLA PRIMARIA,primaria,5,capacita_esaurita_o_oltre_max_km
202425,1.0,42,statale,SCUOLA PRIMARIA,4,TOEE8CF029,I.C. BOBBIO - NOVARO - C.LEVI,TORINO,TORINO,PIEMONTE,SCUOLA PRIMARIA,primaria,5,capacita_esaurita_o_oltre_max_km
202425,1.0,42,statale,SCUOLA PRIMARIA,4,ALEE810039,"""G.UNGARETTI - MONTECHIARO",MONTECHIARO D'ACQUI,ALESSANDRIA,PIEMONTE,SCUOLA PRIMARIA,primaria,1,capacita_esaurita_o_oltre_max_km
202425,1.0,42,statale,SCUOLA PRIMARIA,4,ALEE81005B,"""L. DA VINCI"" - CARTOSIO",CARTOSIO,ALESSANDRIA,PIEMONTE,SCUOLA PRIMARIA,primaria,1,capacita_esaurita_o_oltre_max_km
202425,1.0,42,statale,SCUOLA PRIMARIA,4,ALEE812042,"SAN SEBASTIANO CURONE- ""F.GIANI",SAN SEBASTIANO CURONE,ALESSANDRIA,PIEMONTE,SCUOLA PRIMARIA,primaria,1,capacita_esaurita_o_oltre_max_km
202425,1.0,42,statale,SCUOLA PRIMARIA,4,AQEE823015,CAPESTRANO CAP.,CAPESTRANO,L'AQUILA,ABRUZZO,SCUOLA PRIMARIA,primaria,1,capacita_esaurita_o_oltre_max_km
202425,1.0,42,statale,SCUOLA PRIMARIA,4,AQEE82705L,ROCCA DI MEZZO,ROCCA DI MEZZO,L'AQUILA,ABRUZZO,SCUOLA PRIMARIA,primaria,1,capacita_esaurita_o_oltre_max_km
202425,1.0,42,statale,SCUOLA PRIMARIA,4,AREE82903R,COREZZO,CHIUSI DELLA VERNA,AREZZO,TOSCANA,SCUOLA PRIMARIA,primaria,1,capacita_esaurita_o_oltre_max_km
202425,1.0,42,statale,SCUOLA PRIMARIA,4,ATEE81501B,SCUOLA PRIMARIA DI MOMBARUZZO,MOMBARUZZO,ASTI,PIEMONTE,SCUOLA PRIMARIA,primaria,1,capacita_esaurita_o_oltre_max_km
202425,1.0,42,statale,SCUOLA PRIMARIA,4,BGEE840019,"PRIM. BOLGARE ""PAPA G. XXIII""",BOLGARE,BERGAMO,LOMBARDIA,SCUOLA PRIMARIA,primaria,4,capacita_esaurita_o_oltre_max_km
202425,1.0,42,statale,SCUOLA PRIMARIA,4,BGEE842022,SCUOLA PRIMARIA CISERANO,CISERANO,BERGAMO,LOMBARDIA,SCUOLA PRIMARIA,primaria,3,capacita_esaurita_o_oltre_max_km
202425,1.0,42,statale,SCUOLA PRIMARIA,4,BOEE84004A,GIORGIO MORANDI,GRIZZANA MORANDI,BOLOGNA,EMILIA ROMAGNA,SCUOLA PRIMARIA,primaria,1,capacita_esaurita_o_oltre_max_km
202425,1.0,42,statale,SCUOLA PRIMARIA,4,BOEE84801T,A. E V. DIODATO IC MONTERENZIO,MONTERENZIO,BOLOGNA,EMILIA ROMAGNA,SCUOLA PRIMARIA,primaria,1,capacita_esaurita_o_oltre_max_km
202425,1.0,42,statale,SCUOLA PRIMARIA,4,BOEE884011,O. MEZZINI I.C. LOIANO MONGHID.,MONGHIDORO,BOLOGNA,EMILIA ROMAGNA,SCUOLA PRIMARIA,primaria,1,capacita_esaurita_o_oltre_max_km
202425,1.0,42,statale,SCUOLA PRIMARIA,4,BSEE80603C,CAPOVALLE CAP.,CAPOVALLE,BRESCIA,LOMBARDIA,SCUOLA PRIMARIA,primaria,1,capacita_esaurita_o_oltre_max_km
202425,1.0,42,statale,SCUOLA PRIMARIA,4,BSEE86901D,PRIMARIA GARGNANO CAP.,GARGNANO,BRESCIA,LOMBARDIA,SCUOLA PRIMARIA,primaria,1,capacita_esaurita_o_oltre_max_km
202425,1.0,42,statale,SCUOLA PRIMARIA,4,BSEE895012,PONTEVICO,PONTEVICO,BRESCIA,LOMBARDIA,SCUOLA PRIMARIA,primaria,2,capacita_esaurita_o_oltre_max_km
202425,1.0,42,statale,SCUOLA PRIMARIA,4,CAEE885116,SCUOLA PRIMARIA VILLASALTO,VILLASALTO,SUD SARDEGNA,SARDEGNA,SCUOLA PRIMARIA,primaria,1,capacita_esaurita_o_oltre_max_km
202425,1.0,42,statale,SCUOLA PRIMARIA,4,CNEE819034,LA MORRA - SCUOLA PRIMARIA,LA MORRA,CUNEO,PIEMONTE,SCUOLA PRIMARIA,primaria,1,capacita_esaurita_o_oltre_max_km
202425,1.0,42,statale,SCUOLA PRIMARIA,4,CREE817038,"""VIA DELLA PACE"" (SPINO D'ADDA)",SPINO D'ADDA,CREMONA,LOMBARDIA,SCUOLA PRIMARIA,primaria,2,capacita_esaurita_o_oltre_max_km
202425,1.0,42,statale,SCUOLA PRIMARIA,4,CSEE84906A,SCALA COELI CENTRO-,SCALA COELI,COSENZA,CALABRIA,SCUOLA PRIMARIA,primaria,1,capacita_esaurita_o_oltre_max_km
202425,1.0,42,statale,SCUOLA PRIMARIA,4,CTEE808034,MAZZARRONE - R. GUTTUSO,MAZZARRONE,CATANIA,SICILIA,SCUOLA PRIMARIA,primaria,1,capacita_esaurita_o_oltre_max_km
202425,1.0,42,statale,SCUOLA PRIMARIA,4,FGEE81602R,PANNI,PANNI,FOGGIA,PUGLIA,SCUOLA PRIMARIA,primaria,1,capacita_esaurita_o_oltre_max_km
202425,1.0,42,statale,SCUOLA PRIMARIA,4,FOEE814012,PIETRO ALPI - MODIGLIANA,MODIGLIANA,FORLI'-CESENA,EMILIA ROMAGNA,SCUOLA PRIMARIA,primaria,2,capacita_esaurita_o_oltre_max_km
202425,1.0,42,statale,SCUOLA PRIMARIA,4,GEEE80501V,S.EL.-G.TRAVERSONE-REZZOAGLIO,REZZOAGLIO,GENOVA,LIGURIA,SCUOLA PRIMARIA,primaria,1,capacita_esaurita_o_oltre_max_km
202425,1.0,42,statale,SCUOLA PRIMARIA,4,GEEE81504L,S.EL. DI ROVEGNO,ROVEGNO,GENOVA,LIGURIA,SCUOLA PRIMARIA,primaria,1,capacita_esaurita_o_oltre_max_km
202425,1.0,42,statale,SCUOLA PRIMARIA,4,GREE817051,"CINIGIANO CAP. - ""G.ALFIERI""",CINIGIANO,GROSSETO,TOSCANA,SCUOLA PRIMARIA,primaria,1,capacita_esaurita_o_oltre_max_km
202425,1.0,42,statale,SCUOLA PRIMARIA,4,GREE817084,POMONTE,SCANSANO,GROSSETO,TOSCANA,SCUOLA PRIMARIA,primaria,1,capacita_esaurita_o_oltre_max_km
202425,1.0,42,statale,SCUOLA PRIMARIA,4,GREE822029,"ROCCALBEGNA CAP.""A.GHEZZI""",ROCCALBEGNA,GROSSETO,TOSCANA,SCUOLA PRIMARIA,primaria,1,capacita_esaurita_o_oltre_max_km
202425,1.0,42,statale,SCUOLA PRIMARIA,4,IMEE82001C,"""P.F.FERRAIRONI""-TRIORA",TRIORA,IMPERIA,LIGURIA,SCUOLA PRIMARIA,primaria,1,capacita_esaurita_o_oltre_max_km
202425,1.0,42,statale,SCUOLA PRIMARIA,4,ISEE81203R,CAPRACOTTA CAPOLUOGO,CAPRACOTTA,ISERNIA,MOLISE,SCUOLA PRIMARIA,primaria,1,capacita_esaurita_o_oltre_max_km
202425,1.0,42,statale,SCUOLA PRIMARIA,4,MIEE8DZ02B,PRIMARIA TRE CASTELLI,MILANO,MILANO,LOMBARDIA,SCUOLA PRIMARIA,primaria,3,capacita_esaurita_o_oltre_max_km
202425,1.0,42,statale,SCUOLA PRIMARIA,4,MNEE805037,MAIOLI,GOITO,MANTOVA,LOMBARDIA,SCUOLA PRIMARIA,primaria,1,capacita_esaurita_o_oltre_max_km
202425,1.0,42,statale,SCUOLA PRIMARIA,4,MOEE80501T,"""ANNA FRANK"" NOVI DI MODENA",NOVI DI MODENA,MODENA,EMILIA ROMAGNA,SCUOLA PRIMARIA,primaria,3,capacita_esaurita_o_oltre_max_km
202425,1.0,42,statale,SCUOLA PRIMARIA,4,MOEE83603G,LA CARRUCOLA,GUIGLIA,MODENA,EMILIA ROMAGNA,SCUOLA PRIMARIA,primaria,1,capacita_esaurita_o_oltre_max_km
202425,1.0,42,statale,SCUOLA PRIMARIA,4,MOEE839011,ANNA FRANK,CARPI,MODENA,EMILIA ROMAGNA,SCUOLA PRIMARIA,primaria,1,capacita_esaurita_o_oltre_max_km
202425,1.0,42,statale,SCUOLA PRIMARIA,4,MTEE83402L,SAN GIORGIO LUCANO-VALSINNI,SAN GIORGIO LUCANO,MATERA,BASILICATA,SCUOLA PRIMARIA,primaria,1,capacita_esaurita_o_oltre_max_km
202425,1.0,42,statale,SCUOLA PRIMARIA,4,NOEE814087,CASALINO-FRAZ. CAMERIANO,CASALINO,NOVARA,PIEMONTE,SCUOLA PRIMARIA,primaria,1,capacita_esaurita_o_oltre_max_km
202425,1.0,42,statale,SCUOLA PRIMARIA,4,NOEE82401E,DON LORENZO MILANI,NOVARA,NOVARA,PIEMONTE,SCUOLA PRIMARIA,primaria,1,capacita_esaurita_o_oltre_max_km
202425,1.0,42,statale,SCUOLA PRIMARIA,4,PCEE007033,25 APRILE,PIACENZA,PIACENZA,EMILIA ROMAGNA,SCUOLA PRIMARIA,primaria,1,capacita_esaurita_o_oltre_max_km
202425,1.0,42,statale,SCUOLA PRIMARIA,4,PGEE813035,"""DOMENICO MUSTAFA' ""- SELLANO",SELLANO,PERUGIA,UMBRIA,SCUOLA PRIMARIA,primaria,1,capacita_esaurita_o_oltre_max_km
202425,1.0,42,statale,SCUOLA PRIMARIA,4,PREE82305V,"CALESTANO ""VERTI-OLLARI""",CALESTANO,PARMA,EMILIA ROMAGNA,SCUOLA PRIMARIA,primaria,1,capacita_esaurita_o_oltre_max_km
202425,1.0,42,statale,SCUOLA PRIMARIA,4,PSEE81505B,PIANDIMELETO - BELFORTE ALL'IS.,BELFORTE ALL'ISAURO,PESARO E URBINO,MARCHE,SCUOLA PRIMARIA,primaria,1,capacita_esaurita_o_oltre_max_km
202425,1.0,42,statale,SCUOLA PRIMARIA,4,PTEE824015,CAPOLUOGO SIMONETTI,PESCIA,PISTOIA,TOSCANA,SCUOLA PRIMARIA,primaria,2,capacita_esaurita_o_oltre_max_km
202425,1.0,42,statale,SCUOLA PRIMARIA,4,PVEE801013,CHIGNOLO PO,CHIGNOLO PO,PAVIA,LOMBARDIA,SCUOLA PRIMARIA,primaria,2,capacita_esaurita_o_oltre_max_km
202425,1.0,42,statale,SCUOLA PRIMARIA,4,PVEE80902P,FERRERA ERBOGNONE,FERRERA ERBOGNONE,PAVIA,LOMBARDIA,SCUOLA PRIMARIA,primaria,1,capacita_esaurita_o_oltre_max_km
202425,1.0,42,statale,SCUOLA PRIMARIA,4,RAEE81003A,M. MORETTI,RAVENNA,RAVENNA,EMILIA ROMAGNA,SCUOLA PRIMARIA,primaria,2,capacita_esaurita_o_oltre_max_km
202425,1.0,42,statale,SCUOLA PRIMARIA,4,RCEE86501N,AGNANA CAPOLUOGO,AGNANA CALABRA,REGGIO CALABRIA,CALABRIA,SCUOLA PRIMARIA,primaria,1,capacita_esaurita_o_oltre_max_km
202425,1.0,42,statale,SCUOLA PRIMARIA,4,REEE81502V,PRIMARIA CAVOLA MATILDE SALATI,TOANO,REGGIO EMILIA,EMILIA ROMAGNA,SCUOLA PRIMARIA,primaria,1,capacita_esaurita_o_oltre_max_km
202425,1.0,42,statale,SCUOLA PRIMARIA,4,REEE81503X,PRIMARIA CERREDOLO - M. TORI,TOANO,REGGIO EMILIA,EMILIA ROMAGNA,SCUOLA PRIMARIA,primaria,1,capacita_esaurita_o_oltre_max_km
202425,1.0,42,statale,SCUOLA PRIMARIA,4,REEE821037,MONCHIO -FERNANDO DOTT. CASOLI,CANOSSA,REGGIO EMILIA,EMILIA ROMAGNA,SCUOLA PRIMARIA,primaria,1,capacita_esaurita_o_oltre_max_km
202425,1.0,42,statale,SCUOLA PRIMARIA,4,ROEE80504V,G.MARCONI-ARIANO NEL POLESINE,ARIANO NEL POLESINE,ROVIGO,VENETO,SCUOLA PRIMARIA,primaria,1,capacita_esaurita_o_oltre_max_km
202425,1.0,42,statale,SCUOLA PRIMARIA,4,SOEE81303L,DUBINOCAPOLUOGO,DUBINO,SONDRIO,LOMBARDIA,SCUOLA PRIMARIA,primaria,1,capacita_esaurita_o_oltre_max_km
202425,1.0,42,statale,SCUOLA PRIMARIA,4,SPEE80210C,ROCCHETTA VARA CAPOLUOGO,ROCCHETTA DI VARA,LA SPEZIA,LIGURIA,SCUOLA PRIMARIA,primaria,1,capacita_esaurita_o_oltre_max_km
202425,1.0,42,statale,SCUOLA PRIMARIA,4,SREE85805B,I.C. MAIORE C/DA GRANIERI,NOTO,SIRACUSA,SICILIA,SCUOLA PRIMARIA,primaria,1,capacita_esaurita_o_oltre_max_km
202425,1.0,42,statale,SCUOLA PRIMARIA,4,TOEE80706D,I.C.PEROSA ARGENTINA -PERRERO,PERRERO,TORINO,PIEMONTE,SCUOLA PRIMARIA,primaria,1,capacita_esaurita_o_oltre_max_km
202425,1.0,42,statale,SCUOLA PRIMARIA,4,TREE81006C,GUARDEA (I.C.ATTIGLIANO-GUARD),GUARDEA,TERNI,UMBRIA,SCUOLA PRIMARIA,primaria,1,capacita_esaurita_o_oltre_max_km
202425,1.0,42,statale,SCUOLA PRIMARIA,4,TREE82204L,MONTECCHIO (I.C. ORVIETO-MONT),MONTECCHIO,TERNI,UMBRIA,SCUOLA PRIMARIA,primaria,1,capacita_esaurita_o_oltre_max_km
202425,1.0,42,statale,SCUOLA PRIMARIA,4,VCEE80307A,FORMIGLIANA,FORMIGLIANA,VERCELLI,PIEMONTE,SCUOLA PRIMARIA,primaria,1,capacita_esaurita_o_oltre_max_km
202425,1.0,42,statale,SCUOLA PRIMARIA,4,VEEE84402L,E. TOTI,VENEZIA,VENEZIA,VENETO,SCUOLA PRIMARIA,primaria,4,capacita_esaurita_o_oltre_max_km
202425,1.0,42,statale,SCUOLA PRIMARIA,4,VIEE85202V,IC ARSIERO -PEDEMONTE,PEDEMONTE,VICENZA,VENETO,SCUOLA PRIMARIA,primaria,1,capacita_esaurita_o_oltre_max_km
202425,1.0,42,statale,SCUOLA PRIMARIA,4,VREE84204P,"BEVILACQUA ""LA MASA G.""",BEVILACQUA,VERONA,VENETO,SCUOLA PRIMARIA,primaria,1,capacita_esaurita_o_oltre_max_km
202425,1.0,42,statale,SCUOLA PRIMARIA,4,BSEE815037,PRIMARIA MARCOLINI BRESCIA,BRESCIA,BRESCIA,LOMBARDIA,SCUOLA PRIMARIA,primaria,3,capacita_esaurita_o_oltre_max_km
202425,1.0,42,statale,SCUOLA PRIMARIA,4,MIEE8AQ02Q,PRIMARIA M.TE ORTIGARA,CINISELLO BALSAMO,MILANO,LOMBARDIA,SCUOLA PRIMARIA,primaria,3,capacita_esaurita_o_oltre_max_km
202425,1.0,42,statale,SCUOLA PRIMARIA,4,FGEE83701R,STORNARA,STORNARA,FOGGIA,PUGLIA,SCUOLA PRIMARIA,primaria,2,capacita_esaurita_o_oltre_max_km
202425,1.0,42,statale,SCUOLA PRIMARIA,4,BOEE81705A,GIORDANI,BOLOGNA,BOLOGNA,EMILIA ROMAGNA,SCUOLA PRIMARIA,primaria,2,capacita_esaurita_o_oltre_max_km
202425,1.0,42,statale,SCUOLA PRIMARIA,4,MNEE80204R,"CASALOLDO ""DANTE ALIGHIERI""",CASALOLDO,MANTOVA,LOMBARDIA,SCUOLA PRIMARIA,primaria,2,capacita_esaurita_o_oltre_max_km
202425,1.0,42,statale,SCUOLA PRIMARIA,4,VREE88901R,MASSALONGO A.-VR 18 VERONETTA,VERONA,VERONA,VENETO,SCUOLA PRIMARIA,primaria,2,capacita_esaurita_o_oltre_max_km
202425,1.0,42,statale,SCUOLA PRIMARIA,4,LOEE80401C,PRIMARIA ETTORE ARCHINTI - BORG,BORGHETTO LODIGIANO,LODI,LOMBARDIA,SCUOLA PRIMARIA,primaria,2,capacita_esaurita_o_oltre_max_km
202425,1.0,42,statale,SCUOLA PRIMARIA,4,GREE81103X,"ARCIDOSSO CAP.-""D.ALIGHIERI""",ARCIDOSSO,GROSSETO,TOSCANA,SCUOLA PRIMARIA,primaria,2,capacita_esaurita_o_oltre_max_km
202425,1.0,42,statale,SCUOLA PRIMARIA,4,ALEE809024,D.ALIGHIERI - CASSINE,CASSINE,ALESSANDRIA,PIEMONTE,SCUOLA PRIMARIA,primaria,1,capacita_esaurita_o_oltre_max_km
202425,1.0,42,statale,SCUOLA PRIMARIA,4,PVEE827017,DANTE ALIGHIERI - VOGHERA,VOGHERA,PAVIA,LOMBARDIA,SCUOLA PRIMARIA,primaria,3,capacita_esaurita_o_oltre_max_km
202425,1.0,42,statale,SCUOLA PRIMARIA,4,VTEE805028,PESCIA ROMANA,MONTALTO DI CASTRO,VITERBO,LAZIO,SCUOLA PRIMARIA,primaria,1,capacita_esaurita_o_oltre_max_km
202425,1.0,42,statale,SCUOLA PRIMARIA,4,RAEE81402L,"""FERMI E."" - VOLTANA",LUGO,RAVENNA,EMILIA ROMAGNA,SCUOLA PRIMARIA,primaria,1,capacita_esaurita_o_oltre_max_km
202425,1.0,42,statale,SCUOLA PRIMARIA,4,BOEE840017,XXV APRILE 1945 - I.C. VERGATO,VERGATO,BOLOGNA,EMILIA ROMAGNA,SCUOLA PRIMARIA,primaria,2,capacita_esaurita_o_oltre_max_km
202425,1.0,42,statale,SCUOLA PRIMARIA,4,BSEE84101N,G.A. GALIGNANI,PALAZZOLO SULL'OGLIO,BRESCIA,LOMBARDIA,SCUOLA PRIMARIA,primaria,2,capacita_esaurita_o_oltre_max_km
202425,1.0,42,statale,SCUOLA PRIMARIA,4,GEEE825036,S.EL. - L.CICALA -,GENOVA,GENOVA,LIGURIA,SCUOLA PRIMARIA,primaria,1,capacita_esaurita_o_oltre_max_km
202425,1.0,42,statale,SCUOLA PRIMARIA,4,RAEE82701N,"""F. MORDANI""",RAVENNA,RAVENNA,EMILIA ROMAGNA,SCUOLA PRIMARIA,primaria,2,capacita_esaurita_o_oltre_max_km
202425,1.0,42,statale,SCUOLA PRIMARIA,4,RMEE86601L,MAZZANO ROMANO,MAZZANO ROMANO,ROMA,LAZIO,SCUOLA PRIMARIA,primaria,1,capacita_esaurita_o_oltre_max_km
202425,1.0,42,statale,SCUOLA PRIMARIA,4,TOEE004041,ALLIEVO-FRANCHETTI,TORINO,TORINO,PIEMONTE,SCUOLA PRIMARIA,primaria,2,capacita_esaurita_o_oltre_max_km
202425,1.0,42,statale,SCUOLA PRIMARIA,4,VREE89301C,COLOGNA VITTORIO EMANUELE II,COLOGNA VENETA,VERONA,VENETO,SCUOLA PRIMARIA,primaria,2,capacita_esaurita_o_oltre_max_km
202425,1.0,42,statale,SCUOLA PRIMARIA,4,LTEE820025,DON G. CAPITANIO B.GO MONTENERO,SAN FELICE CIRCEO,LATINA,LAZIO,SCUOLA PRIMARIA,primaria,1,capacita_esaurita_o_oltre_max_km
202425,1.0,42,statale,SCUOLA PRIMARIA,4,MOEE04514X,"""UGO FOSCOLO"" BUDRIA",PAVULLO NEL FRIGNANO,MODENA,EMILIA ROMAGNA,SCUOLA PRIMARIA,primaria,2,capacita_esaurita_o_oltre_max_km
202425,1.0,42,statale,SCUOLA PRIMARIA,4,POEE811019,CARLO E MARIA TERESA ARMELLINI,VERNIO,PRATO,TOSCANA,SCUOLA PRIMARIA,primaria,1,capacita_esaurita_o_oltre_max_km
202425,1.0,42,statale,SCUOLA PRIMARIA,4,REEE850026,MIRABELLO (DALL'AGLIO P.),REGGIO NELL'EMILIA,REGGIO EMILIA,EMILIA ROMAGNA,SCUOLA PRIMARIA,primaria,1,capacita_esaurita_o_oltre_max_km
202425,1.0,42,statale,SCUOLA PRIMARIA,4,TOEE88001A,I.C. SUSA-CORSO L. COUVERT,SUSA,TORINO,PIEMONTE,SCUOLA PRIMARIA,primaria,1,capacita_esaurita_o_oltre_max_km
202425,1.0,42,statale,SCUOLA PRIMARIA,4,ANEE80401E,"ANCONA NORD ""D. ALIGHIERI""",ANCONA,ANCONA,MARCHE,SCUOLA PRIMARIA,primaria,1,capacita_esaurita_o_oltre_max_km
202425,1.0,42,statale,SCUOLA PRIMARIA,4,MIEE8D001X,PRIMARIA VIA VITERBO,MILANO,MILANO,LOMBARDIA,SCUOLA PRIMARIA,primaria,2,capacita_esaurita_o_oltre_max_km
202425,1.0,42,statale,SCUOLA PRIMARIA,4,TOEE81301G,I.C.TORRE PELLICE-CAP.,TORRE PELLICE,TORINO,PIEMONTE,SCUOLA PRIMARIA,primaria,1,capacita_esaurita_o_oltre_max_km
202425,1.0,42,statale,SCUOLA PRIMARIA,4,VREE84301B,OPPEANO,OPPEANO,VERONA,VENETO,SCUOLA PRIMARIA,primaria,1,capacita_esaurita_o_oltre_max_km
202425,1.0,42,statale,SCUOLA PRIMARIA,4,BSEE8AN048,"MONTICHIARI ""G. B. ALBERTI""",MONTICHIARI,BRESCIA,LOMBARDIA,SCUOLA PRIMARIA,primaria,1,capacita_esaurita_o_oltre_max_km
202425,1.0,42,statale,SCUOLA PRIMARIA,4,CTEE808012,L. SCIASCIA,MAZZARRONE,CATANIA,SICILIA,SCUOLA PRIMARIA,primaria,1,capacita_esaurita_o_oltre_max_km
202425,1.0,42,statale,SCUOLA PRIMARIA,4,RMEE8C702N,GIANNI RODARI,ANZIO,ROMA,LAZIO,SCUOLA PRIMARIA,primaria,1,capacita_esaurita_o_oltre_max_km
202425,1.0,42,statale,SCUOLA PRIMARIA,4,SPEE80209A,BRUGNATO CAPOLUOGO E.DE AMICIS,BRUGNATO,LA SPEZIA,LIGURIA,SCUOLA PRIMARIA,primaria,1,capacita_esaurita_o_oltre_max_km
202425,1.0,42,statale,SCUOLA PRIMARIA,4,TOEE81401B,I.C. PONT C.SE CADUTI LIBERTA',PONT-CANAVESE,TORINO,PIEMONTE,SCUOLA PRIMARIA,primaria,1,capacita_esaurita_o_oltre_max_km
202425,1.0,42,statale,SCUOLA PRIMARIA,4,LOEE80301L,PRIMARIA ADA NEGRI - LODI VECCH,LODI VECCHIO,LODI,LOMBARDIA,SCUOLA PRIMARIA,primaria,2,capacita_esaurita_o_oltre_max_km
202425,1.0,42,statale,SCUOLA PRIMARIA,4,ALEE83503N,"""SALVO D'ACQUISTO"" - TORTONA",TORTONA,ALESSANDRIA,PIEMONTE,SCUOLA PRIMARIA,primaria,1,capacita_esaurita_o_oltre_max_km
202425,1.0,42,statale,SCUOLA PRIMARIA,4,PREE805015,"""ELSA MORANTE"" LOC. TRECASALI",SISSA TRECASALI,PARMA,EMILIA ROMAGNA,SCUOLA PRIMARIA,primaria,1,capacita_esaurita_o_oltre_max_km
202425,1.0,42,statale,SCUOLA PRIMARIA,4,PREE821024,"""A.FRANK""",PARMA,PARMA,EMILIA ROMAGNA,SCUOLA PRIMARIA,primaria,1,capacita_esaurita_o_oltre_max_km
202425,1.0,42,statale,SCUOLA PRIMARIA,4,BGEE84002A,"PRIMARIA CHIUDUNO ""MON. VALOTI""",CHIUDUNO,BERGAMO,LOMBARDIA,SCUOLA PRIMARIA,primaria,1,capacita_esaurita_o_oltre_max_km
202425,1.0,42,statale,SCUOLA PRIMARIA,4,TVEE88101E,ALEANDRO - MOTTA DI L. CAP.,MOTTA DI LIVENZA,TREVISO,VENETO,SCUOLA PRIMARIA,primaria,1,capacita_esaurita_o_oltre_max_km
202425,1.0,42,statale,SCUOLA PRIMARIA,4,BSEE86101V,RUDIANO CAP.'M.A.CHIECCA',RUDIANO,BRESCIA,LOMBARDIA,SCUOLA PRIMARIA,primaria,2,capacita_esaurita_o_oltre_max_km
202425,1.0,42,statale,SCUOLA PRIMARIA,4,TOEE879016,I.C. VIVALDI-MURIALDO,TORINO,TORINO,PIEMONTE,SCUOLA PRIMARIA,primaria,2,capacita_esaurita_o_oltre_max_km
202425,1.0,42,statale,SCUOLA PRIMARIA,4,BSEE82401X,"LONATO CAP. ""DON L. MILANI""",LONATO DEL GARDA,BRESCIA,LOMBARDIA,SCUOLA PRIMARIA,primaria,2,capacita_esaurita_o_oltre_max_km
202425,1.0,42,statale,SCUOLA PRIMARIA,4,BLEE81803R,SAN VITO DI CADORE,SAN VITO DI CADORE,BELLUNO,VENETO,SCUOLA PRIMARIA,primaria,1,capacita_esaurita_o_oltre_max_km
202425,1.0,42,statale,SCUOLA PRIMARIA,4,CREE809028,GRONTARDO CAP.,GRONTARDO,CREMONA,LOMBARDIA,SCUOLA PRIMARIA,primaria,1,capacita_esaurita_o_oltre_max_km
202425,1.0,42,statale,SCUOLA PRIMARIA,4,IMEE80015V,SC. PRIM. PONTEDASSIO,PONTEDASSIO,IMPERIA,LIGURIA,SCUOLA PRIMARIA,primaria,1,capacita_esaurita_o_oltre_max_km
202425,1.0,42,statale,SCUOLA PRIMARIA,4,MIEE8CV019,PRIMARIA PAOLO E LARISSA PINI,MILANO,MILANO,LOMBARDIA,SCUOLA PRIMARIA,primaria,1,capacita_esaurita_o_oltre_max_km
202425,1.0,42,statale,SCUOLA PRIMARIA,4,MIEE8EN02P,PRIMARIA XXV APRILE,CORMANO,MILANO,LOMBARDIA,SCUOLA PRIMARIA,primaria,1,capacita_esaurita_o_oltre_max_km
202425,1.0,42,statale,SCUOLA PRIMARIA,4,MNEE821035,PRIMARIA SAN GIACOMO SEGNATE,SAN GIACOMO DELLE SEGNATE,MANTOVA,LOMBARDIA,SCUOLA PRIMARIA,primaria,1,capacita_esaurita_o_oltre_max_km
202425,1.0,42,statale,SCUOLA PRIMARIA,4,PGEE05802P,"""ANNA FRANK"" BANCHETTI",UMBERTIDE,PERUGIA,UMBRIA,SCUOLA PRIMARIA,primaria,1,capacita_esaurita_o_oltre_max_km
202425,1.0,42,statale,SCUOLA PRIMARIA,4,PREE07504G,"""ONGARO""",FIDENZA,PARMA,EMILIA ROMAGNA,SCUOLA PRIMARIA,primaria,1,capacita_esaurita_o_oltre_max_km
202425,1.0,42,statale,SCUOLA PRIMARIA,4,PVEE800017,SC. PRIM. S. MARIA DELLA VERSA,SANTA MARIA DELLA VERSA,PAVIA,LOMBARDIA,SCUOLA PRIMARIA,primaria,1,capacita_esaurita_o_oltre_max_km
202425,1.0,42,statale,SCUOLA PRIMARIA,4,PVEE81302A,MAGHERNO,MAGHERNO,PAVIA,LOMBARDIA,SCUOLA PRIMARIA,primaria,1,capacita_esaurita_o_oltre_max_km
202425,1.0,42,statale,SCUOLA PRIMARIA,4,MIEE8FA033,PRIMARIA M.LUTHER KING,SAN DONATO MILANESE,MILANO,LOMBARDIA,SCUOLA PRIMARIA,primaria,1,capacita_esaurita_o_oltre_max_km
202425,1.0,42,statale,SCUOLA PRIMARIA,4,PCEE806036,"""L.TONCINI""",CAORSO,PIACENZA,EMILIA ROMAGNA,SCUOLA PRIMARIA,primaria,1,capacita_esaurita_o_oltre_max_km
202425,1.0,42,statale,SCUOLA PRIMARIA,4,BOEE85202E,SAN DOMENICO SAVIO,BOLOGNA,BOLOGNA,EMILIA ROMAGNA,SCUOLA PRIMARIA,primaria,1,capacita_esaurita_o_oltre_max_km
202425,1.0,42,statale,SCUOLA PRIMARIA,4,CREE820034,"""A.STRADIVARI""",CREMONA,CREMONA,LOMBARDIA,SCUOLA PRIMARIA,primaria,1,capacita_esaurita_o_oltre_max_km
202425,1.0,42,statale,SCUOLA PRIMARIA,4,PCEE80802R,ZIANO-CAPOLUOGO,ZIANO PIACENTINO,PIACENZA,EMILIA ROMAGNA,SCUOLA PRIMARIA,primaria,1,capacita_esaurita_o_oltre_max_km
202425,1.0,42,statale,SCUOLA PRIMARIA,4,PIEE824016,TABARRINI,POMARANCE,PISA,TOSCANA,SCUOLA PRIMARIA,primaria,1,capacita_esaurita_o_oltre_max_km
202425,1.0,42,statale,SCUOLA PRIMARIA,4,REEE848015,CA' BIANCA,REGGIO NELL'EMILIA,REGGIO EMILIA,EMILIA ROMAGNA,SCUOLA PRIMARIA,primaria,1,capacita_esaurita_o_oltre_max_km
202425,1.0,42,statale,SCUOLA PRIMARIA,4,IMEE81707V,RUBINO,SANREMO,IMPERIA,LIGURIA,SCUOLA PRIMARIA,primaria,1,capacita_esaurita_o_oltre_max_km
202425,1.0,42,statale,SCUOLA PRIMARIA,4,MNEE83002V,DOSOLO,DOSOLO,MANTOVA,LOMBARDIA,SCUOLA PRIMARIA,primaria,1,capacita_esaurita_o_oltre_max_km
202425,1.0,42,statale,SCUOLA PRIMARIA,4,BSEE8AM03B,"SCUOLA PRIMARIA ""S.CUORE""",PALAZZOLO SULL'OGLIO,BRESCIA,LOMBARDIA,SCUOLA PRIMARIA,primaria,1,capacita_esaurita_o_oltre_max_km
202425,1.0,42,statale,SCUOLA PRIMARIA,4,MIEE8DV013,PRIMARIA MURATORI E MENOTTI,MILANO,MILANO,LOMBARDIA,SCUOLA PRIMARIA,primaria,1,capacita_esaurita_o_oltre_max_km
202425,1.0,42,statale,SCUOLA PRIMARIA,5,PCEE00201T,GIULIO ALBERONI,PIACENZA,PIACENZA,EMILIA ROMAGNA,SCUOLA PRIMARIA,primaria,16,capacita_esaurita_o_oltre_max_km
202425,1.0,42,statale,SCUOLA PRIMARIA,5,PCEE00301N,G.TAVERNA,PIACENZA,PIACENZA,EMILIA ROMAGNA,SCUOLA PRIMARIA,primaria,17,capacita_esaurita_o_oltre_max_km
202425,1.0,42,statale,SCUOLA PRIMARIA,5,BSEE815026,PRIMARIA G. DELEDDA BRESCIA,BRESCIA,BRESCIA,LOMBARDIA,SCUOLA PRIMARIA,primaria,16,capacita_esaurita_o_oltre_max_km
202425,1.0,42,statale,SCUOLA PRIMARIA,5,FOEE80306R,"SARSINA ""PAPA GIOVANNI XXIII""",SARSINA,FORLI'-CESENA,EMILIA ROMAGNA,SCUOLA PRIMARIA,primaria,5,capacita_esaurita_o_oltre_max_km
202425,1.0,42,statale,SCUOLA PRIMARIA,5,NOEE814043,CASALVOLONE,CASALVOLONE,NOVARA,PIEMONTE,SCUOLA PRIMARIA,primaria,4,capacita_esaurita_o_oltre_max_km
202425,1.0,42,statale,SCUOLA PRIMARIA,5,VEEE870025,M.L. VISINTINI-MARGHERA,VENEZIA,VENEZIA,VENETO,SCUOLA PRIMARIA,primaria,21,capacita_esaurita_o_oltre_max_km
202425,1.0,42,statale,SCUOLA PRIMARIA,5,REEE82405R,COLLODI,REGGIO NELL'EMILIA,REGGIO EMILIA,EMILIA ROMAGNA,SCUOLA PRIMARIA,primaria,5,capacita_esaurita_o_oltre_max_km
202425,1.0,42,statale,SCUOLA PRIMARIA,5,VEEE87201Q,C. BATTISTI,VENEZIA,VENEZIA,VENETO,SCUOLA PRIMARIA,primaria,41,capacita_esaurita_o_oltre_max_km
202425,1.0,42,statale,SCUOLA PRIMARIA,5,BSEE887013,PRIMARIA RODARI BRESCIA,BRESCIA,BRESCIA,LOMBARDIA,SCUOLA PRIMARIA,primaria,14,capacita_esaurita_o_oltre_max_km
202425,1.0,42,statale,SCUOLA PRIMARIA,5,MNEE819024,S. GIOVANNI DEL DOSSO,SAN GIOVANNI DEL DOSSO,MANTOVA,LOMBARDIA,SCUOLA PRIMARIA,primaria,8,capacita_esaurita_o_oltre_max_km
202425,1.0,42,statale,SCUOLA PRIMARIA,5,TOEE8B802A,IC GABELLI - PESTALOZZI,TORINO,TORINO,PIEMONTE,SCUOLA PRIMARIA,primaria,3,capacita_esaurita_o_oltre_max_km
202425,1.0,42,statale,SCUOLA PRIMARIA,5,BSEE816011,"BRESCIA ""MANZONI""",BRESCIA,BRESCIA,LOMBARDIA,SCUOLA PRIMARIA,primaria,23,capacita_esaurita_o_oltre_max_km
202425,1.0,42,statale,SCUOLA PRIMARIA,5,POEE80802E,BORGONUOVO/BOCCHERINI,PRATO,PRATO,TOSCANA,SCUOLA PRIMARIA,primaria,39,capacita_esaurita_o_oltre_max_km
202425,1.0,42,statale,SCUOLA PRIMARIA,5,FIEE826024,"PANZANO - ""D.ALIGHIERI""",GREVE IN CHIANTI,FIRENZE,TOSCANA,SCUOLA PRIMARIA,primaria,12,capacita_esaurita_o_oltre_max_km
202425,1.0,42,statale,SCUOLA PRIMARIA,5,BOEE86002D,UGO PIZZOLI,CREVALCORE,BOLOGNA,EMILIA ROMAGNA,SCUOLA PRIMARIA,primaria,5,capacita_esaurita_o_oltre_max_km
202425,1.0,42,statale,SCUOLA PRIMARIA,5,POEE804016,C.COLLODI,PRATO,PRATO,TOSCANA,SCUOLA PRIMARIA,primaria,43,capacita_esaurita_o_oltre_max_km
202425,1.0,42,statale,SCUOLA PRIMARIA,5,PVEE80803X,CONFIENZA,CONFIENZA,PAVIA,LOMBARDIA,SCUOLA PRIMARIA,primaria,1,capacita_esaurita_o_oltre_max_km
202425,1.0,42,statale,SCUOLA PRIMARIA,5,GOEE80303T,DUCA D'AOSTA,MONFALCONE,GORIZIA,FRIULI-VENEZIA G.,SCUOLA PRIMARIA,primaria,49,capacita_esaurita_o_oltre_max_km
202425,1.0,42,statale,SCUOLA PRIMARIA,5,POEE809019,CESARE GUASTI,PRATO,PRATO,TOSCANA,SCUOLA PRIMARIA,primaria,35,capacita_esaurita_o_oltre_max_km
202425,1.0,42,statale,SCUOLA PRIMARIA,5,ATEE81301Q,GIULIANI - CANELLI,CANELLI,ASTI,PIEMONTE,SCUOLA PRIMARIA,primaria,2,capacita_esaurita_o_oltre_max_km
202425,1.0,42,statale,SCUOLA PRIMARIA,5,PREE81501Q,PRIMARIA BAZZANO,NEVIANO DEGLI ARDUINI,PARMA,EMILIA ROMAGNA,SCUOLA PRIMARIA,primaria,2,capacita_esaurita_o_oltre_max_km
202425,1.0,42,statale,SCUOLA PRIMARIA,5,PVEE800039,SCUOLA PRIMARIA ROVESCALA,ROVESCALA,PAVIA,LOMBARDIA,SCUOLA PRIMARIA,primaria,1,capacita_esaurita_o_oltre_max_km
202425,1.0,42,statale,SCUOLA PRIMARIA,5,GOEE80302R,E. TOTI,MONFALCONE,GORIZIA,FRIULI-VENEZIA G.,SCUOLA PRIMARIA,primaria,26,capacita_esaurita_o_oltre_max_km
202425,1.0,42,statale,SCUOLA PRIMARIA,5,PCEE80506D,VILLANOVA SULL'ARDA-CAPOLUOGO,VILLANOVA SULL'ARDA,PIACENZA,EMILIA ROMAGNA,SCUOLA PRIMARIA,primaria,6,capacita_esaurita_o_oltre_max_km
202425,1.0,42,statale,SCUOLA PRIMARIA,5,REEE848059,L. ARIOSTO (VILLA S.MAURIZIO),REGGIO NELL'EMILIA,REGGIO EMILIA,EMILIA ROMAGNA,SCUOLA PRIMARIA,primaria,2,capacita_esaurita_o_oltre_max_km
202425,1.0,42,statale,SCUOLA PRIMARIA,5,TOEE8B8019,IC GABELLI - CAP.,TORINO,TORINO,PIEMONTE,SCUOLA PRIMARIA,primaria,46,capacita_esaurita_o_oltre_max_km
202425,1.0,42,statale,SCUOLA PRIMARIA,5,VEEE846017,F. QUERINI,VENEZIA,VENEZIA,VENETO,SCUOLA PRIMARIA,primaria,28,capacita_esaurita_o_oltre_max_km
202425,1.0,42,statale,SCUOLA PRIMARIA,5,VEEE870014,F. GRIMANI-MARGHERA,VENEZIA,VENEZIA,VENETO,SCUOLA PRIMARIA,primaria,38,capacita_esaurita_o_oltre_max_km
202425,1.0,42,statale,SCUOLA PRIMARIA,5,REEE84603G,PASCOLI G.,REGGIO NELL'EMILIA,REGGIO EMILIA,EMILIA ROMAGNA,SCUOLA PRIMARIA,primaria,3,capacita_esaurita_o_oltre_max_km
202425,1.0,42,statale,SCUOLA PRIMARIA,5,BSEE881025,PRIMARIA UNGARETTI BRESCIA,BRESCIA,BRESCIA,LOMBARDIA,SCUOLA PRIMARIA,primaria,17,capacita_esaurita_o_oltre_max_km
202425,1.0,42,statale,SCUOLA PRIMARIA,5,GREE815026,MONTIERI CAPOLUOGO,MONTIERI,GROSSETO,TOSCANA,SCUOLA PRIMARIA,primaria,2,capacita_esaurita_o_oltre_max_km
202425,1.0,42,statale,SCUOLA PRIMARIA,5,GREE81701R,C.PAGANICO,CIVITELLA PAGANICO,GROSSETO,TOSCANA,SCUOLA PRIMARIA,primaria,5,capacita_esaurita_o_oltre_max_km
202425,1.0,42,statale,SCUOLA PRIMARIA,5,IMEE806016,PERINALDO,PERINALDO,IMPERIA,LIGURIA,SCUOLA PRIMARIA,primaria,1,capacita_esaurita_o_oltre_max_km
202425,1.0,42,statale,SCUOLA PRIMARIA,5,KREE81704G,CAPOLUOGO (CARFIZZI),CARFIZZI,CROTONE,CALABRIA,SCUOLA PRIMARIA,primaria,2,capacita_esaurita_o_oltre_max_km
202425,1.0,42,statale,SCUOLA PRIMARIA,5,MCEE820038,DE AMICIS,PIEVE TORINA,MACERATA,MARCHE,SCUOLA PRIMARIA,primaria,2,capacita_esaurita_o_oltre_max_km
202425,1.0,42,statale,SCUOLA PRIMARIA,5,MOEE045229,"""A.CORSINI "" VERICA",PAVULLO NEL FRIGNANO,MODENA,EMILIA ROMAGNA,SCUOLA PRIMARIA,primaria,2,capacita_esaurita_o_oltre_max_km
202425,1.0,42,statale,SCUOLA PRIMARIA,5,PIEE824049,CAPPELLINI,CASTELNUOVO DI VAL DI CECINA,PISA,TOSCANA,SCUOLA PRIMARIA,primaria,8,capacita_esaurita_o_oltre_max_km
202425,1.0,42,statale,SCUOLA PRIMARIA,5,POEE012016,"CONVITTO NAZIONALE ""CICOGNINI""",PRATO,PRATO,TOSCANA,SCUOLA PRIMARIA,primaria,10,capacita_esaurita_o_oltre_max_km
202425,1.0,42,statale,SCUOLA PRIMARIA,5,SVEE81501E,ALBENGA II - ARNASCO,ARNASCO,SAVONA,LIGURIA,SCUOLA PRIMARIA,primaria,2,capacita_esaurita_o_oltre_max_km
202425,1.0,42,statale,SCUOLA PRIMARIA,5,TOEE137089,D.D.OULX - SALBERTRAND,SALBERTRAND,TORINO,PIEMONTE,SCUOLA PRIMARIA,primaria,2,capacita_esaurita_o_oltre_max_km
202425,1.0,42,statale,SCUOLA PRIMARIA,5,ALEE82805L,"ALESSANDRIA ""G.BOVIO""",ALESSANDRIA,ALESSANDRIA,PIEMONTE,SCUOLA PRIMARIA,primaria,10,capacita_esaurita_o_oltre_max_km
202425,1.0,42,statale,SCUOLA PRIMARIA,5,PREE83801C,BRUNO FERRARI,LANGHIRANO,PARMA,EMILIA ROMAGNA,SCUOLA PRIMARIA,primaria,34,capacita_esaurita_o_oltre_max_km
202425,1.0,42,statale,SCUOLA PRIMARIA,5,BSEE816044,PRIMARIA CRISPI BRESCIA,BRESCIA,BRESCIA,LOMBARDIA,SCUOLA PRIMARIA,primaria,19,capacita_esaurita_o_oltre_max_km
202425,1.0,42,statale,SCUOLA PRIMARIA,5,TOEE8BE02V,I.C. TORINO II-AURORA,TORINO,TORINO,PIEMONTE,SCUOLA PRIMARIA,primaria,21,capacita_esaurita_o_oltre_max_km
202425,1.0,42,statale,SCUOLA PRIMARIA,5,PTEE823019,PESCIA-CAPOLUOGO VALCHIUSA,PESCIA,PISTOIA,TOSCANA,SCUOLA PRIMARIA,primaria,8,capacita_esaurita_o_oltre_max_km
202425,1.0,42,statale,SCUOLA PRIMARIA,5,VEEE847035,S. BARBARA,VENEZIA,VENEZIA,VENETO,SCUOLA PRIMARIA,primaria,16,capacita_esaurita_o_oltre_max_km
202425,1.0,42,statale,SCUOLA PRIMARIA,5,AQEE82503V,SCUOLA PRIMARIA LECCE NEI MARSI,LECCE NEI MARSI,L'AQUILA,ABRUZZO,SCUOLA PRIMARIA,primaria,9,capacita_esaurita_o_oltre_max_km
202425,1.0,42,statale,SCUOLA PRIMARIA,5,PCEE005019,VITTORINO DA FELTRE,PIACENZA,PIACENZA,EMILIA ROMAGNA,SCUOLA PRIMARIA,primaria,44,capacita_esaurita_o_oltre_max_km
202425,1.0,42,statale,SCUOLA PRIMARIA,5,NOEE82504D,"""P.THOUAR""",NOVARA,NOVARA,PIEMONTE,SCUOLA PRIMARIA,primaria,4,capacita_esaurita_o_oltre_max_km
202425,1.0,42,statale,SCUOLA PRIMARIA,5,MIEE89302D,PRIMARIA BORGO LOMBARDO,SAN GIULIANO MILANESE,MILANO,LOMBARDIA,SCUOLA PRIMARIA,primaria,10,capacita_esaurita_o_oltre_max_km
202425,1.0,42,statale,SCUOLA PRIMARIA,5,CREE81404T,"""DON PRIMO MAZZOLARI"" TORRE P.",TORRE DE' PICENARDI,CREMONA,LOMBARDIA,SCUOLA PRIMARIA,primaria,8,capacita_esaurita_o_oltre_max_km
202425,1.0,42,statale,SCUOLA PRIMARIA,5,MCEE80903D,G. LEOPARDI,SERRAVALLE DI CHIENTI,MACERATA,MARCHE,SCUOLA PRIMARIA,primaria,4,capacita_esaurita_o_oltre_max_km
202425,1.0,42,statale,SCUOLA PRIMARIA,5,TOEE8BD023,I.C. ILARIA ALPI - DELEDDA,TORINO,TORINO,PIEMONTE,SCUOLA PRIMARIA,primaria,19,capacita_esaurita_o_oltre_max_km
202425,1.0,42,statale,SCUOLA PRIMARIA,5,TOEE00401T,GIUSEPPE ALLIEVO,TORINO,TORINO,PIEMONTE,SCUOLA PRIMARIA,primaria,23,capacita_esaurita_o_oltre_max_km
202425,1.0,42,statale,SCUOLA PRIMARIA,5,ALEE82701L,ALESSANDRIA VIA SCLAVO,ALESSANDRIA,ALESSANDRIA,PIEMONTE,SCUOLA PRIMARIA,primaria,10,capacita_esaurita_o_oltre_max_km
202425,1.0,42,statale,SCUOLA PRIMARIA,5,GREE82101C,"MANCIANO CAPOLUOGO -""P.ALDI""",MANCIANO,GROSSETO,TOSCANA,SCUOLA PRIMARIA,primaria,10,capacita_esaurita_o_oltre_max_km
202425,1.0,42,statale,SCUOLA PRIMARIA,5,PCEE00403G,DUE GIUGNO,PIACENZA,PIACENZA,EMILIA ROMAGNA,SCUOLA PRIMARIA,primaria,31,capacita_esaurita_o_oltre_max_km
202425,1.0,42,statale,SCUOLA PRIMARIA,5,BSEE88302R,PRIMARIA BATTISTI BRESCIA,BRESCIA,BRESCIA,LOMBARDIA,SCUOLA PRIMARIA,primaria,8,capacita_esaurita_o_oltre_max_km
202425,1.0,42,statale,SCUOLA PRIMARIA,5,NOEE82501A,"""I. CALVINO""",NOVARA,NOVARA,PIEMONTE,SCUOLA PRIMARIA,primaria,11,capacita_esaurita_o_oltre_max_km
202425,1.0,42,statale,SCUOLA PRIMARIA,5,GEEE83601E,S.EL. - D.FERRERO -,GENOVA,GENOVA,LIGURIA,SCUOLA PRIMARIA,primaria,12,capacita_esaurita_o_oltre_max_km
202425,1.0,42,statale,SCUOLA PRIMARIA,5,BOEE80904A,GRAZIA DELEDDA,CASALFIUMANESE,BOLOGNA,EMILIA ROMAGNA,SCUOLA PRIMARIA,primaria,3,capacita_esaurita_o_oltre_max_km
202425,1.0,42,statale,SCUOLA PRIMARIA,5,GREE815037,MONTEROTONDO CAPOLUOGO,MONTEROTONDO MARITTIMO,GROSSETO,TOSCANA,SCUOLA PRIMARIA,primaria,7,capacita_esaurita_o_oltre_max_km
202425,1.0,42,statale,SCUOLA PRIMARIA,5,GREE815059,PRATA,MASSA MARITTIMA,GROSSETO,TOSCANA,SCUOLA PRIMARIA,primaria,3,capacita_esaurita_o_oltre_max_km
202425,1.0,42,statale,SCUOLA PRIMARIA,5,NOEE82303R,""" DON PONZETTO """,NOVARA,NOVARA,PIEMONTE,SCUOLA PRIMARIA,primaria,15,capacita_esaurita_o_oltre_max_km
202425,1.0,42,statale,SCUOLA PRIMARIA,5,VIEE84604N,IC ALTISSIMO- CRESPADORO,CRESPADORO,VICENZA,VENETO,SCUOLA PRIMARIA,primaria,2,capacita_esaurita_o_oltre_max_km
202425,1.0,42,statale,SCUOLA PRIMARIA,5,POEE813011,DON LORENZO MILANI -SAN GIUSTO,PRATO,PRATO,TOSCANA,SCUOLA PRIMARIA,primaria,20,capacita_esaurita_o_oltre_max_km
202425,1.0,42,statale,SCUOLA PRIMARIA,5,CREE80001R,SCUOLA PRIMARIA SORESINA,SORESINA,CREMONA,LOMBARDIA,SCUOLA PRIMARIA,primaria,36,capacita_esaurita_o_oltre_max_km
202425,1.0,42,statale,SCUOLA PRIMARIA,5,MIEE8AF024,PRIMARIA VIA A. GRAF 70,MILANO,MILANO,LOMBARDIA,SCUOLA PRIMARIA,primaria,21,capacita_esaurita_o_oltre_max_km
202425,1.0,42,statale,SCUOLA PRIMARIA,5,BGEE898011,"ROMANO DI LOMBARDIA ""DE AMICIS""",ROMANO DI LOMBARDIA,BERGAMO,LOMBARDIA,SCUOLA PRIMARIA,primaria,12,capacita_esaurita_o_oltre_max_km
202425,1.0,42,statale,SCUOLA PRIMARIA,5,PNEE814014,"PASIANO-CAP. ""DANTE ALIGHIERI""",PASIANO DI PORDENONE,PORDENONE,FRIULI-VENEZIA G.,SCUOLA PRIMARIA,primaria,10,capacita_esaurita_o_oltre_max_km
202425,1.0,42,statale,SCUOLA PRIMARIA,5,BSEE87704G,PRIMARIA CANOSSI BRESCIA,BRESCIA,BRESCIA,LOMBARDIA,SCUOLA PRIMARIA,primaria,19,capacita_esaurita_o_oltre_max_km
202425,1.0,42,statale,SCUOLA PRIMARIA,5,ALEE83404V,"""GIANNI RODARI"" - TORTONA",TORTONA,ALESSANDRIA,PIEMONTE,SCUOLA PRIMARIA,primaria,15,capacita_esaurita_o_oltre_max_km
202425,1.0,42,statale,SCUOLA PRIMARIA,5,MIEE8AF013,PRIMARIA VIA A. GRAF 74,MILANO,MILANO,LOMBARDIA,SCUOLA PRIMARIA,primaria,10,capacita_esaurita_o_oltre_max_km
202425,1.0,42,statale,SCUOLA PRIMARIA,5,SAEE83902R,ANGELO PATRI - AVERSANA,BATTIPAGLIA,SALERNO,CAMPANIA,SCUOLA PRIMARIA,primaria,2,capacita_esaurita_o_oltre_max_km
202425,1.0,42,statale,SCUOLA PRIMARIA,5,BSEE87702D,PRIMARIA E. RINALDINI BRESCIA,BRESCIA,BRESCIA,LOMBARDIA,SCUOLA PRIMARIA,primaria,19,capacita_esaurita_o_oltre_max_km
202425,1.0,42,statale,SCUOLA PRIMARIA,5,LOEE81501V,PRIMARIA COLLODI - S. ANGELO L.,SANT'ANGELO LODIGIANO,LODI,LOMBARDIA,SCUOLA PRIMARIA,primaria,14,capacita_esaurita_o_oltre_max_km
202425,1.0,42,statale,SCUOLA PRIMARIA,5,PVEE83201P,VIG.VITT.VEN. REGINA MARGHERITA,VIGEVANO,PAVIA,LOMBARDIA,SCUOLA PRIMARIA,primaria,13,capacita_esaurita_o_oltre_max_km
202425,1.0,42,statale,SCUOLA PRIMARIA,5,ALEE811024,G. REGGIO - GABIANO,GABIANO,ALESSANDRIA,PIEMONTE,SCUOLA PRIMARIA,primaria,3,capacita_esaurita_o_oltre_max_km
202425,1.0,42,statale,SCUOLA PRIMARIA,5,BGEE8AD01R,"TREVIGLIO ""BATTISTI""",TREVIGLIO,BERGAMO,LOMBARDIA,SCUOLA PRIMARIA,primaria,17,capacita_esaurita_o_oltre_max_km
202425,1.0,42,statale,SCUOLA PRIMARIA,5,BOEE82403B,LAGARO EE,CASTIGLIONE DEI PEPOLI,BOLOGNA,EMILIA ROMAGNA,SCUOLA PRIMARIA,primaria,3,capacita_esaurita_o_oltre_max_km
202425,1.0,42,statale,SCUOLA PRIMARIA,5,BOEE84801T,A. E V. DIODATO IC MONTERENZIO,MONTERENZIO,BOLOGNA,EMILIA ROMAGNA,SCUOLA PRIMARIA,primaria,6,capacita_esaurita_o_oltre_max_km
202425,1.0,42,statale,SCUOLA PRIMARIA,5,BSEE88502C,PRIMARIA DIV. ACQUI BRESCIA,BRESCIA,BRESCIA,LOMBARDIA,SCUOLA PRIMARIA,primaria,9,capacita_esaurita_o_oltre_max_km
202425,1.0,42,statale,SCUOLA PRIMARIA,5,IMEE80008E,BORGOMARO,BORGOMARO,IMPERIA,LIGURIA,SCUOLA PRIMARIA,primaria,3,capacita_esaurita_o_oltre_max_km
202425,1.0,42,statale,SCUOLA PRIMARIA,5,IMEE81001T,SC. PRIM. VIA DEGLI ULIVI,IMPERIA,IMPERIA,LIGURIA,SCUOLA PRIMARIA,primaria,5,capacita_esaurita_o_oltre_max_km
202425,1.0,42,statale,SCUOLA PRIMARIA,5,MOEE80601N,"""DON B. FERRARI ""PIEVEPELAGO",PIEVEPELAGO,MODENA,EMILIA ROMAGNA,SCUOLA PRIMARIA,primaria,2,capacita_esaurita_o_oltre_max_km
202425,1.0,42,statale,SCUOLA PRIMARIA,5,PVEE808085,ZEME,ZEME,PAVIA,LOMBARDIA,SCUOLA PRIMARIA,primaria,2,capacita_esaurita_o_oltre_max_km
202425,1.0,42,statale,SCUOLA PRIMARIA,5,RGEE81402N,FALCONE BORSELLINO,SANTA CROCE CAMERINA,RAGUSA,SICILIA,SCUOLA PRIMARIA,primaria,22,capacita_esaurita_o_oltre_max_km
202425,1.0,42,statale,SCUOLA PRIMARIA,5,SPEE815036,"""DON ANTONIO MORI"" - 2 GIUGNO",LA SPEZIA,LA SPEZIA,LIGURIA,SCUOLA PRIMARIA,primaria,5,capacita_esaurita_o_oltre_max_km
202425,1.0,42,statale,SCUOLA PRIMARIA,5,PREE835011,"""P. RACAGNI""",PARMA,PARMA,EMILIA ROMAGNA,SCUOLA PRIMARIA,primaria,18,capacita_esaurita_o_oltre_max_km
202425,1.0,42,statale,SCUOLA PRIMARIA,5,ALEE839053,"ALESSANDRIA ""A.MORBELLI""",ALESSANDRIA,ALESSANDRIA,PIEMONTE,SCUOLA PRIMARIA,primaria,15,capacita_esaurita_o_oltre_max_km
202425,1.0,42,statale,SCUOLA PRIMARIA,5,PDEE882018,ANDREA MANTEGNA - PD,PADOVA,PADOVA,VENETO,SCUOLA PRIMARIA,primaria,15,capacita_esaurita_o_oltre_max_km
202425,1.0,42,statale,SCUOLA PRIMARIA,5,TOEE8CF018,I.C. BOBBIO - NOVARO,TORINO,TORINO,PIEMONTE,SCUOLA PRIMARIA,primaria,14,capacita_esaurita_o_oltre_max_km
202425,1.0,42,statale,SCUOLA PRIMARIA,5,POEE818036,NELSON MANDELA,PRATO,PRATO,TOSCANA,SCUOLA PRIMARIA,primaria,3,capacita_esaurita_o_oltre_max_km
202425,1.0,42,statale,SCUOLA PRIMARIA,5,PREE812029,BORGOTARO SAN ROCCO,BORGO VAL DI TARO,PARMA,EMILIA ROMAGNA,SCUOLA PRIMARIA,primaria,6,capacita_esaurita_o_oltre_max_km
202425,1.0,42,statale,SCUOLA PRIMARIA,5,FEEE824014,"""MARIA MONTESSORI"" - PORTOMAGGI",PORTOMAGGIORE,FERRARA,EMILIA ROMAGNA,SCUOLA PRIMARIA,primaria,28,capacita_esaurita_o_oltre_max_km
202425,1.0,42,statale,SCUOLA PRIMARIA,5,PVEE813019,VILLANTERIO,VILLANTERIO,PAVIA,LOMBARDIA,SCUOLA PRIMARIA,primaria,7,capacita_esaurita_o_oltre_max_km
202425,1.0,42,statale,SCUOLA PRIMARIA,5,ALEE82601R,"ALESSANDRIA ""G.CARDUCCI""",ALESSANDRIA,ALESSANDRIA,PIEMONTE,SCUOLA PRIMARIA,primaria,20,capacita_esaurita_o_oltre_max_km
202425,1.0,42,statale,SCUOLA PRIMARIA,5,AREE818029,"""GALILEO GALILEI""",FOIANO DELLA CHIANA,AREZZO,TOSCANA,SCUOLA PRIMARIA,primaria,5,capacita_esaurita_o_oltre_max_km
202425,1.0,42,statale,SCUOLA PRIMARIA,5,FEEE825021,VIA MONTESSORI-BERRA,RIVA DEL PO,FERRARA,EMILIA ROMAGNA,SCUOLA PRIMARIA,primaria,2,capacita_esaurita_o_oltre_max_km
202425,1.0,42,statale,SCUOLA PRIMARIA,5,RGEE81401L,SANTA CROCE CAMERINA,SANTA CROCE CAMERINA,RAGUSA,SICILIA,SCUOLA PRIMARIA,primaria,14,capacita_esaurita_o_oltre_max_km
202425,1.0,42,statale,SCUOLA PRIMARIA,5,SIEE80902P,VIA CASABIANCA,GAIOLE IN CHIANTI,SIENA,TOSCANA,SCUOLA PRIMARIA,primaria,7,capacita_esaurita_o_oltre_max_km
202425,1.0,42,statale,SCUOLA PRIMARIA,5,MNEE82202X,SC.PRIMARIA DI CARBONARA DI PO,BORGOCARBONARA,MANTOVA,LOMBARDIA,SCUOLA PRIMARIA,primaria,7,capacita_esaurita_o_oltre_max_km
202425,1.0,42,statale,SCUOLA PRIMARIA,5,PIEE810018,CARDUCCI,SANTA CROCE SULL'ARNO,PISA,TOSCANA,SCUOLA PRIMARIA,primaria,5,capacita_esaurita_o_oltre_max_km
202425,1.0,42,statale,SCUOLA PRIMARIA,5,PCEE00401D,E.DE AMICIS,PIACENZA,PIACENZA,EMILIA ROMAGNA,SCUOLA PRIMARIA,primaria,23,capacita_esaurita_o_oltre_max_km
202425,1.0,42,statale,SCUOLA PRIMARIA,5,PREE826016,MICHELI,PARMA,PARMA,EMILIA ROMAGNA,SCUOLA PRIMARIA,primaria,24,capacita_esaurita_o_oltre_max_km
202425,1.0,42,statale,SCUOLA PRIMARIA,5,PREE83602T,FILIPPO CORRIDONI,PARMA,PARMA,EMILIA ROMAGNA,SCUOLA PRIMARIA,primaria,16,capacita_esaurita_o_oltre_max_km
202425,1.0,42,statale,SCUOLA PRIMARIA,5,REEE847019,CARDUCCI G.,REGGIO NELL'EMILIA,REGGIO EMILIA,EMILIA ROMAGNA,SCUOLA PRIMARIA,primaria,24,capacita_esaurita_o_oltre_max_km
202425,1.0,42,statale,SCUOLA PRIMARIA,5,VAEE83801T,"PRIMARIA ""G. MACCHI"" SOMMA L.DO",SOMMA LOMBARDO,VARESE,LOMBARDIA,SCUOLA PRIMARIA,primaria,2,capacita_esaurita_o_oltre_max_km
202425,1.0,42,statale,SCUOLA PRIMARIA,5,BGEE8AE01L,"TREVIGLIO ""DE AMICIS""",TREVIGLIO,BERGAMO,LOMBARDIA,SCUOLA PRIMARIA,primaria,25,capacita_esaurita_o_oltre_max_km
202425,1.0,42,statale,SCUOLA PRIMARIA,5,IMEE810063,"SCUOLA PRIMARIA ""A. MAGLIANO""",IMPERIA,IMPERIA,LIGURIA,SCUOLA PRIMARIA,primaria,9,capacita_esaurita_o_oltre_max_km
202425,1.0,42,statale,SCUOLA PRIMARIA,5,VREE882023,LUDOVICO ARIOSTO-VR 11,VERONA,VERONA,VENETO,SCUOLA PRIMARIA,primaria,6,capacita_esaurita_o_oltre_max_km
202425,1.0,42,statale,SCUOLA PRIMARIA,5,TOEE8B101E,I.C. ALERAMO - CAP,TORINO,TORINO,PIEMONTE,SCUOLA PRIMARIA,primaria,25,capacita_esaurita_o_oltre_max_km
202425,1.0,42,statale,SCUOLA PRIMARIA,5,MOEE06003D,"""JACOPO BAROZZI"" VIGNOLA",VIGNOLA,MODENA,EMILIA ROMAGNA,SCUOLA PRIMARIA,primaria,7,capacita_esaurita_o_oltre_max_km
202425,1.0,42,statale,SCUOLA PRIMARIA,5,PCEE00402E,CADUTI SUL LAVORO,PIACENZA,PIACENZA,EMILIA ROMAGNA,SCUOLA PRIMARIA,primaria,23,capacita_esaurita_o_oltre_max_km
202425,1.0,42,statale,SCUOLA PRIMARIA,5,BGEE89602A,"ROMANO DI LOMBARDIA ""MOTTINI""",ROMANO DI LOMBARDIA,BERGAMO,LOMBARDIA,SCUOLA PRIMARIA,primaria,25,capacita_esaurita_o_oltre_max_km
202425,1.0,42,statale,SCUOLA PRIMARIA,5,CNEE83705Q,SCUOLA PRIMARIA MANGO,MANGO,CUNEO,PIEMONTE,SCUOLA PRIMARIA,primaria,2,capacita_esaurita_o_oltre_max_km
202425,1.0,42,statale,SCUOLA PRIMARIA,5,RAEE82801D,CASTIGLIONE DI RAVENNA,RAVENNA,RAVENNA,EMILIA ROMAGNA,SCUOLA PRIMARIA,primaria,3,capacita_esaurita_o_oltre_max_km
202425,1.0,42,statale,SCUOLA PRIMARIA,5,VEEE855056,MADDALENA LAURA LOMBARDINI,CAVARZERE,VENEZIA,VENETO,SCUOLA PRIMARIA,primaria,5,capacita_esaurita_o_oltre_max_km
202425,1.0,42,statale,SCUOLA PRIMARIA,5,VREE84204P,"BEVILACQUA ""LA MASA G.""",BEVILACQUA,VERONA,VENETO,SCUOLA PRIMARIA,primaria,5,capacita_esaurita_o_oltre_max_km
202425,1.0,42,statale,SCUOLA PRIMARIA,5,ALEE817012,PRIMARIA CARETTA SPINETTA,ALESSANDRIA,ALESSANDRIA,PIEMONTE,SCUOLA PRIMARIA,primaria,12,capacita_esaurita_o_oltre_max_km
202425,1.0,42,statale,SCUOLA PRIMARIA,5,BSEE88304V,PRIMARIA CORRIDONI BRESCIA,BRESCIA,BRESCIA,LOMBARDIA,SCUOLA PRIMARIA,primaria,7,capacita_esaurita_o_oltre_max_km
202425,1.0,42,statale,SCUOLA PRIMARIA,5,RAEE81402L,"""FERMI E."" - VOLTANA",LUGO,RAVENNA,EMILIA ROMAGNA,SCUOLA PRIMARIA,primaria,6,capacita_esaurita_o_oltre_max_km
202425,1.0,42,statale,SCUOLA PRIMARIA,5,REEE84602E,ADA NEGRI,REGGIO NELL'EMILIA,REGGIO EMILIA,EMILIA ROMAGNA,SCUOLA PRIMARIA,primaria,7,capacita_esaurita_o_oltre_max_km
202425,1.0,42,statale,SCUOLA PRIMARIA,5,BSEE87803A,PRIMARIA RAFFAELLO SANZIO,BRESCIA,BRESCIA,LOMBARDIA,SCUOLA PRIMARIA,primaria,8,capacita_esaurita_o_oltre_max_km
202425,1.0,42,statale,SCUOLA PRIMARIA,5,REEE82406T,LORIS MALAGUZZI,REGGIO NELL'EMILIA,REGGIO EMILIA,EMILIA ROMAGNA,SCUOLA PRIMARIA,primaria,8,capacita_esaurita_o_oltre_max_km
202425,1.0,42,statale,SCUOLA PRIMARIA,5,POEE81501L,CILIANI,PRATO,PRATO,TOSCANA,SCUOLA PRIMARIA,primaria,32,capacita_esaurita_o_oltre_max_km
202425,1.0,42,statale,SCUOLA PRIMARIA,5,MIEE8C503E,PRIMARIA VIA MONTE BALDO,MILANO,MILANO,LOMBARDIA,SCUOLA PRIMARIA,primaria,2,capacita_esaurita_o_oltre_max_km
202425,1.0,42,statale,SCUOLA PRIMARIA,5,BGEE83202B,CALCIO,CALCIO,BERGAMO,LOMBARDIA,SCUOLA PRIMARIA,primaria,11,capacita_esaurita_o_oltre_max_km
202425,1.0,42,statale,SCUOLA PRIMARIA,5,MIEE8C6018,PRIMARIA MAGREGLIO,MILANO,MILANO,LOMBARDIA,SCUOLA PRIMARIA,primaria,12,capacita_esaurita_o_oltre_max_km
202425,1.0,42,statale,SCUOLA PRIMARIA,5,MIEE8CR04B,PRIMARIA VIA GABBRO,MILANO,MILANO,LOMBARDIA,SCUOLA PRIMARIA,primaria,14,capacita_esaurita_o_oltre_max_km
202425,1.0,42,statale,SCUOLA PRIMARIA,5,PCEE002096,G.MAZZINI,PIACENZA,PIACENZA,EMILIA ROMAGNA,SCUOLA PRIMARIA,primaria,15,capacita_esaurita_o_oltre_max_km
202425,1.0,42,statale,SCUOLA PRIMARIA,5,ALEE80701B,"SERRAVALLE SCRIVIA ""G.MARCONI""",SERRAVALLE SCRIVIA,ALESSANDRIA,PIEMONTE,SCUOLA PRIMARIA,primaria,8,capacita_esaurita_o_oltre_max_km
202425,1.0,42,statale,SCUOLA PRIMARIA,5,MOEE84701X,"""C.COSTA"" CITTADELLA MO",MODENA,MODENA,EMILIA ROMAGNA,SCUOLA PRIMARIA,primaria,10,capacita_esaurita_o_oltre_max_km
202425,1.0,42,statale,SCUOLA PRIMARIA,5,NOEE82901N,"""GIANNI RODARI""",TRECATE,NOVARA,PIEMONTE,SCUOLA PRIMARIA,primaria,28,capacita_esaurita_o_oltre_max_km
202425,1.0,42,statale,SCUOLA PRIMARIA,5,PVEE830024,VIDARI,VIGEVANO,PAVIA,LOMBARDIA,SCUOLA PRIMARIA,primaria,33,capacita_esaurita_o_oltre_max_km
202425,1.0,42,statale,SCUOLA PRIMARIA,5,ALEE82204L,"""GREPPI ALFIERI"" - FRASSINETO",FRASSINETO PO,ALESSANDRIA,PIEMONTE,SCUOLA PRIMARIA,primaria,2,capacita_esaurita_o_oltre_max_km
202425,1.0,42,statale,SCUOLA PRIMARIA,5,ALEE82305D,"PRIM. ""BUSCAGLINO"" FRASSINELLO",FRASSINELLO MONFERRATO,ALESSANDRIA,PIEMONTE,SCUOLA PRIMARIA,primaria,1,capacita_esaurita_o_oltre_max_km
202425,1.0,42,statale,SCUOLA PRIMARIA,5,APEE805066,S.VITTORIA IN MATENANO,SANTA VITTORIA IN MATENANO,FERMO,MARCHE,SCUOLA PRIMARIA,primaria,2,capacita_esaurita_o_oltre_max_km
202425,1.0,42,statale,SCUOLA PRIMARIA,5,AQEE83502C,CAMPO DI GIOVE CAP.,CAMPO DI GIOVE,L'AQUILA,ABRUZZO,SCUOLA PRIMARIA,primaria,1,capacita_esaurita_o_oltre_max_km
202425,1.0,42,statale,SCUOLA PRIMARIA,5,BIEE80003N,CAMPIGLIA CERVO,CAMPIGLIA CERVO,BIELLA,PIEMONTE,SCUOLA PRIMARIA,primaria,1,capacita_esaurita_o_oltre_max_km
202425,1.0,42,statale,SCUOLA PRIMARIA,5,BOEE84802V,CRISTINA DA PIZZANO,MONTERENZIO,BOLOGNA,EMILIA ROMAGNA,SCUOLA PRIMARIA,primaria,6,capacita_esaurita_o_oltre_max_km
202425,1.0,42,statale,SCUOLA PRIMARIA,5,BOEE868046,S.PIETRO CAPOFIUME PRIMARIA,MOLINELLA,BOLOGNA,EMILIA ROMAGNA,SCUOLA PRIMARIA,primaria,2,capacita_esaurita_o_oltre_max_km
202425,1.0,42,statale,SCUOLA PRIMARIA,5,BSEE859031,MACLODIO 'BENTI MATTEO',MACLODIO,BRESCIA,LOMBARDIA,SCUOLA PRIMARIA,primaria,3,capacita_esaurita_o_oltre_max_km
202425,1.0,42,statale,SCUOLA PRIMARIA,5,CREE820034,"""A.STRADIVARI""",CREMONA,CREMONA,LOMBARDIA,SCUOLA PRIMARIA,primaria,8,capacita_esaurita_o_oltre_max_km
202425,1.0,42,statale,SCUOLA PRIMARIA,5,FEEE81402E,G.CARDUCCI-DOGATO,OSTELLATO,FERRARA,EMILIA ROMAGNA,SCUOLA PRIMARIA,primaria,3,capacita_esaurita_o_oltre_max_km
202425,1.0,42,statale,SCUOLA PRIMARIA,5,GEEE818033,S.EL.MALINVERNI ISOLA DEL C.,ISOLA DEL CANTONE,GENOVA,LIGURIA,SCUOLA PRIMARIA,primaria,1,capacita_esaurita_o_oltre_max_km
202425,1.0,42,statale,SCUOLA PRIMARIA,5,GEEE84201T,S.EL. DI VIA TEGLIA,GENOVA,GENOVA,LIGURIA,SCUOLA PRIMARIA,primaria,14,capacita_esaurita_o_oltre_max_km
202425,1.0,42,statale,SCUOLA PRIMARIA,5,GREE815015,BOCCHEGGIANO,MONTIERI,GROSSETO,TOSCANA,SCUOLA PRIMARIA,primaria,2,capacita_esaurita_o_oltre_max_km
202425,1.0,42,statale,SCUOLA PRIMARIA,5,GREE81804Q,"GIUNCARICO ""L.DA VINCI""",GAVORRANO,GROSSETO,TOSCANA,SCUOLA PRIMARIA,primaria,2,capacita_esaurita_o_oltre_max_km
202425,1.0,42,statale,SCUOLA PRIMARIA,5,IMEE81705R,SCUOLA PRIMARIA G. NATTA,CERIANA,IMPERIA,LIGURIA,SCUOLA PRIMARIA,primaria,2,capacita_esaurita_o_oltre_max_km
202425,1.0,42,statale,SCUOLA PRIMARIA,5,LIEE82903N,NORMA PARENTI POPULONIA,PIOMBINO,LIVORNO,TOSCANA,SCUOLA PRIMARIA,primaria,1,capacita_esaurita_o_oltre_max_km
202425,1.0,42,statale,SCUOLA PRIMARIA,5,LOEE80901G,PRIMARIA F. SCOTTI - CASALPUST.,CASALPUSTERLENGO,LODI,LOMBARDIA,SCUOLA PRIMARIA,primaria,16,capacita_esaurita_o_oltre_max_km
202425,1.0,42,statale,SCUOLA PRIMARIA,5,MCEE80404B,G. COLUCCI,PENNA SAN GIOVANNI,MACERATA,MARCHE,SCUOLA PRIMARIA,primaria,1,capacita_esaurita_o_oltre_max_km
202425,1.0,42,statale,SCUOLA PRIMARIA,5,MIEE8D202L,PRIMARIA CAPPELLINI,MILANO,MILANO,LOMBARDIA,SCUOLA PRIMARIA,primaria,16,capacita_esaurita_o_oltre_max_km
202425,1.0,42,statale,SCUOLA PRIMARIA,5,MNEE80205T,"SC. PRIMARIA ""MART. BELFIORE""",GAZOLDO DEGLI IPPOLITI,MANTOVA,LOMBARDIA,SCUOLA PRIMARIA,primaria,7,capacita_esaurita_o_oltre_max_km
202425,1.0,42,statale,SCUOLA PRIMARIA,5,MOEE045019,"""E. DE AMICIS"" PAVULLO",PAVULLO NEL FRIGNANO,MODENA,EMILIA ROMAGNA,SCUOLA PRIMARIA,primaria,1,capacita_esaurita_o_oltre_max_km
202425,1.0,42,statale,SCUOLA PRIMARIA,5,MOEE82303D,GIOTTO - AREA CROTTI,CARPI,MODENA,EMILIA ROMAGNA,SCUOLA PRIMARIA,primaria,11,capacita_esaurita_o_oltre_max_km
202425,1.0,42,statale,SCUOLA PRIMARIA,5,PCEE80503A,BESENZONE-CAPOLUOGO,BESENZONE,PIACENZA,EMILIA ROMAGNA,SCUOLA PRIMARIA,primaria,4,capacita_esaurita_o_oltre_max_km
202425,1.0,42,statale,SCUOLA PRIMARIA,5,PCEE81101G,"""PIERA BAIARDI""",PIANELLO VAL TIDONE,PIACENZA,EMILIA ROMAGNA,SCUOLA PRIMARIA,primaria,1,capacita_esaurita_o_oltre_max_km
202425,1.0,42,statale,SCUOLA PRIMARIA,5,PGEE813024,SANT'ANATOLIA DI NARCO,SANT'ANATOLIA DI NARCO,PERUGIA,UMBRIA,SCUOLA PRIMARIA,primaria,1,capacita_esaurita_o_oltre_max_km
202425,1.0,42,statale,SCUOLA PRIMARIA,5,PGEE82901L,I.C.GUALDO CATTANEO/PONTE FERRO,GUALDO CATTANEO,PERUGIA,UMBRIA,SCUOLA PRIMARIA,primaria,5,capacita_esaurita_o_oltre_max_km
202425,1.0,42,statale,SCUOLA PRIMARIA,5,PREE81605Q,TIZZANO CPL,TIZZANO VAL PARMA,PARMA,EMILIA ROMAGNA,SCUOLA PRIMARIA,primaria,3,capacita_esaurita_o_oltre_max_km
202425,1.0,42,statale,SCUOLA PRIMARIA,5,PREE84001C,"""COLLODI""",FIDENZA,PARMA,EMILIA ROMAGNA,SCUOLA PRIMARIA,primaria,14,capacita_esaurita_o_oltre_max_km
202425,1.0,42,statale,SCUOLA PRIMARIA,5,PSEE83502D,CAGLI - PIANELLO,CAGLI,PESARO E URBINO,MARCHE,SCUOLA PRIMARIA,primaria,1,capacita_esaurita_o_oltre_max_km
202425,1.0,42,statale,SCUOLA PRIMARIA,5,PVEE82404V,MONTALTO PAVESE,MONTALTO PAVESE,PAVIA,LOMBARDIA,SCUOLA PRIMARIA,primaria,2,capacita_esaurita_o_oltre_max_km
202425,1.0,42,statale,SCUOLA PRIMARIA,5,PZEE88511R,"CASTRONUOVO ""SENATRO LA CAVA""",CASTRONUOVO DI SANT'ANDREA,POTENZA,BASILICATA,SCUOLA PRIMARIA,primaria,1,capacita_esaurita_o_oltre_max_km
202425,1.0,42,statale,SCUOLA PRIMARIA,5,RAEE81005C,IQBAL MASIH,RAVENNA,RAVENNA,EMILIA ROMAGNA,SCUOLA PRIMARIA,primaria,15,capacita_esaurita_o_oltre_max_km
202425,1.0,42,statale,SCUOLA PRIMARIA,5,REEE81603Q,LIGONCHIO CAP.,VENTASSO,REGGIO EMILIA,EMILIA ROMAGNA,SCUOLA PRIMARIA,primaria,1,capacita_esaurita_o_oltre_max_km
202425,1.0,42,statale,SCUOLA PRIMARIA,5,REEE819015,BAISO - CAP,BAISO,REGGIO EMILIA,EMILIA ROMAGNA,SCUOLA PRIMARIA,primaria,2,capacita_esaurita_o_oltre_max_km
202425,1.0,42,statale,SCUOLA PRIMARIA,5,RGEE80601N,FRAZ. ROCCAZZO,CHIARAMONTE GULFI,RAGUSA,SICILIA,SCUOLA PRIMARIA,primaria,1,capacita_esaurita_o_oltre_max_km
202425,1.0,42,statale,SCUOLA PRIMARIA,5,SPEE802012,SESTA GODANO CAPOLUOGO,SESTA GODANO,LA SPEZIA,LIGURIA,SCUOLA PRIMARIA,primaria,1,capacita_esaurita_o_oltre_max_km
202425,1.0,42,statale,SCUOLA PRIMARIA,5,SREE85805B,I.C. MAIORE C/DA GRANIERI,NOTO,SIRACUSA,SICILIA,SCUOLA PRIMARIA,primaria,1,capacita_esaurita_o_oltre_max_km
202425,1.0,42,statale,SCUOLA PRIMARIA,5,SVEE82205T,ALBENGA I - DON BARBERA,ALBENGA,SAVONA,LIGURIA,SCUOLA PRIMARIA,primaria,15,capacita_esaurita_o_oltre_max_km
202425,1.0,42,statale,SCUOLA PRIMARIA,5,TOEE81406L,"I.C.PONT C.SE-""G.COSTA"" SPARONE",SPARONE,TORINO,PIEMONTE,SCUOLA PRIMARIA,primaria,2,capacita_esaurita_o_oltre_max_km
202425,1.0,42,statale,SCUOLA PRIMARIA,5,VCEE805083,"PRIMARIA ""G. ALLIEVO""",SAN GERMANO VERCELLESE,VERCELLI,PIEMONTE,SCUOLA PRIMARIA,primaria,3,capacita_esaurita_o_oltre_max_km
202425,1.0,42,statale,SCUOLA PRIMARIA,5,VREE816013,ALBARO,RONCO ALL'ADIGE,VERONA,VENETO,SCUOLA PRIMARIA,primaria,5,capacita_esaurita_o_oltre_max_km
202425,1.0,42,statale,SCUOLA PRIMARIA,5,BOEE81301V,BOTTEGO - I.C. N. 3 BOLOGNA,BOLOGNA,BOLOGNA,EMILIA ROMAGNA,SCUOLA PRIMARIA,primaria,14,capacita_esaurita_o_oltre_max_km
202425,1.0,42,statale,SCUOLA PRIMARIA,5,MOEE845018,"""S. GIOVANNI BOSCO"" MODENA",MODENA,MODENA,EMILIA ROMAGNA,SCUOLA PRIMARIA,primaria,16,capacita_esaurita_o_oltre_max_km
202425,1.0,42,statale,SCUOLA PRIMARIA,5,MOEE82204P,"PRIMARIA ""GIUSEPPE VERDI """,CARPI,MODENA,EMILIA ROMAGNA,SCUOLA PRIMARIA,primaria,7,capacita_esaurita_o_oltre_max_km
202425,1.0,42,statale,SCUOLA PRIMARIA,5,BOEE87701T,DE AMICIS - I.C. N. 18 BOLOGNA,BOLOGNA,BOLOGNA,EMILIA ROMAGNA,SCUOLA PRIMARIA,primaria,13,capacita_esaurita_o_oltre_max_km
202425,1.0,42,statale,SCUOLA PRIMARIA,5,BOEE87201P,CASARALTA - I.C. N. 15 BOLOGNA,BOLOGNA,BOLOGNA,EMILIA ROMAGNA,SCUOLA PRIMARIA,primaria,12,capacita_esaurita_o_oltre_max_km
202425,1.0,42,statale,SCUOLA PRIMARIA,5,BGEE85902B,SCUOLA PRIMARIA CAP,MARTINENGO,BERGAMO,LOMBARDIA,SCUOLA PRIMARIA,primaria,20,capacita_esaurita_o_oltre_max_km
202425,1.0,42,statale,SCUOLA PRIMARIA,5,BSEE83202X,SCUOLA PRIMARIA M. SENECI,LUMEZZANE,BRESCIA,LOMBARDIA,SCUOLA PRIMARIA,primaria,5,capacita_esaurita_o_oltre_max_km
202425,1.0,42,statale,SCUOLA PRIMARIA,5,TOEE87801A,I.C. UMBERTO SABA - GALIMBERTI,TORINO,TORINO,PIEMONTE,SCUOLA PRIMARIA,primaria,16,capacita_esaurita_o_oltre_max_km
202425,1.0,42,statale,SCUOLA PRIMARIA,5,CNEE813035,CEVA - CAPOLUOGO,CEVA,CUNEO,PIEMONTE,SCUOLA PRIMARIA,primaria,12,capacita_esaurita_o_oltre_max_km
202425,1.0,42,statale,SCUOLA PRIMARIA,5,PCEE81702G,"""TINA PESARO""",CASTEL SAN GIOVANNI,PIACENZA,EMILIA ROMAGNA,SCUOLA PRIMARIA,primaria,32,capacita_esaurita_o_oltre_max_km
202425,1.0,42,statale,SCUOLA PRIMARIA,5,PREE82201V,BUSSETO CPL,BUSSETO,PARMA,EMILIA ROMAGNA,SCUOLA PRIMARIA,primaria,13,capacita_esaurita_o_oltre_max_km
202425,1.0,42,statale,SCUOLA PRIMARIA,5,PVEE81701L,MORTARA,MORTARA,PAVIA,LOMBARDIA,SCUOLA PRIMARIA,primaria,30,capacita_esaurita_o_oltre_max_km
202425,1.0,42,statale,SCUOLA PRIMARIA,5,PVEE821029,BRONI - PAOLO BAFFI,BRONI,PAVIA,LOMBARDIA,SCUOLA PRIMARIA,primaria,15,capacita_esaurita_o_oltre_max_km
202425,1.0,42,statale,SCUOLA PRIMARIA,5,MIEE82503X,PRIMARIA RICCARDO BAUER,CINISELLO BALSAMO,MILANO,LOMBARDIA,SCUOLA PRIMARIA,primaria,16,capacita_esaurita_o_oltre_max_km
202425,1.0,42,statale,SCUOLA PRIMARIA,5,VIEE86202D,IC VICENZA 9 L. ZECCHETTO,VICENZA,VICENZA,VENETO,SCUOLA PRIMARIA,primaria,8,capacita_esaurita_o_oltre_max_km
202425,1.0,42,statale,SCUOLA PRIMARIA,5,PREE82904R,MARTIRI DI CEFALONIA,PARMA,PARMA,EMILIA ROMAGNA,SCUOLA PRIMARIA,primaria,14,capacita_esaurita_o_oltre_max_km
202425,1.0,42,statale,SCUOLA PRIMARIA,5,PDEE888028,MURATORI,PADOVA,PADOVA,VENETO,SCUOLA PRIMARIA,primaria,9,capacita_esaurita_o_oltre_max_km
202425,1.0,42,statale,SCUOLA PRIMARIA,5,CREE81001B,CASALBUTTANO CAP.,CASALBUTTANO ED UNITI,CREMONA,LOMBARDIA,SCUOLA PRIMARIA,primaria,8,capacita_esaurita_o_oltre_max_km
202425,1.0,42,statale,SCUOLA PRIMARIA,5,VREE8AA032,"""BENIAMINO BURATO"" ARCOLE",ARCOLE,VERONA,VENETO,SCUOLA PRIMARIA,primaria,5,capacita_esaurita_o_oltre_max_km
202425,1.0,42,statale,SCUOLA PRIMARIA,5,MIEE8CV03E,PRIMARIA MARTIRI DI GORLA,MILANO,MILANO,LOMBARDIA,SCUOLA PRIMARIA,primaria,19,capacita_esaurita_o_oltre_max_km
202425,1.0,42,statale,SCUOLA PRIMARIA,5,ALEE811013,"CERRINA ""E. DE PETRINI BOLLO""",CERRINA MONFERRATO,ALESSANDRIA,PIEMONTE,SCUOLA PRIMARIA,primaria,4,capacita_esaurita_o_oltre_max_km
202425,1.0,42,statale,SCUOLA PRIMARIA,5,CNEE82610G,COSTIGLIOLE SALUZZO,COSTIGLIOLE SALUZZO,CUNEO,PIEMONTE,SCUOLA PRIMARIA,primaria,8,capacita_esaurita_o_oltre_max_km
202425,1.0,42,statale,SCUOLA PRIMARIA,5,CREE81401P,"""MARIO LODI"" (PIADENA)",PIADENA DRIZZONA,CREMONA,LOMBARDIA,SCUOLA PRIMARIA,primaria,8,capacita_esaurita_o_oltre_max_km
202425,1.0,42,statale,SCUOLA PRIMARIA,5,CREE821074,"""G. MORI"" (STAGNO LOMBARDO)",STAGNO LOMBARDO,CREMONA,LOMBARDIA,SCUOLA PRIMARIA,primaria,4,capacita_esaurita_o_oltre_max_km
202425,1.0,42,statale,SCUOLA PRIMARIA,5,LOEE807021,PRIMARIA - BREMBIO,BREMBIO,LODI,LOMBARDIA,SCUOLA PRIMARIA,primaria,2,capacita_esaurita_o_oltre_max_km
202425,1.0,42,statale,SCUOLA PRIMARIA,5,RGEE80202B,LEONARDO SCIASCIA,VITTORIA,RAGUSA,SICILIA,SCUOLA PRIMARIA,primaria,15,capacita_esaurita_o_oltre_max_km
202425,1.0,42,statale,SCUOLA PRIMARIA,5,REEE84703B,G. ZIBORDI,REGGIO NELL'EMILIA,REGGIO EMILIA,EMILIA ROMAGNA,SCUOLA PRIMARIA,primaria,10,capacita_esaurita_o_oltre_max_km
202425,1.0,42,statale,SCUOLA PRIMARIA,5,MNEE80801L,CESARE BATTISTI,CASTIGLIONE DELLE STIVIERE,MANTOVA,LOMBARDIA,SCUOLA PRIMARIA,primaria,3,capacita_esaurita_o_oltre_max_km
202425,1.0,42,statale,SCUOLA PRIMARIA,5,ROEE817012,BACCARI F. - LENDINARA,LENDINARA,ROVIGO,VENETO,SCUOLA PRIMARIA,primaria,8,capacita_esaurita_o_oltre_max_km
202425,1.0,42,statale,SCUOLA PRIMARIA,5,SIEE807045,PRIMARIA MONTICIANO,MONTICIANO,SIENA,TOSCANA,SCUOLA PRIMARIA,primaria,3,capacita_esaurita_o_oltre_max_km
202425,1.0,42,statale,SCUOLA PRIMARIA,5,BGEE84402N,"""PAPA GIOV.XXIII"" FONTANELLA",FONTANELLA,BERGAMO,LOMBARDIA,SCUOLA PRIMARIA,primaria,13,capacita_esaurita_o_oltre_max_km
202425,1.0,42,statale,SCUOLA PRIMARIA,5,MOEE839022,"""COLLODI ""CARPI",CARPI,MODENA,EMILIA ROMAGNA,SCUOLA PRIMARIA,primaria,9,capacita_esaurita_o_oltre_max_km
202425,1.0,42,statale,SCUOLA PRIMARIA,5,CREE820023,"""REALDO COLOMBO-FERRANTE APORTI",CREMONA,CREMONA,LOMBARDIA,SCUOLA PRIMARIA,primaria,11,capacita_esaurita_o_oltre_max_km
202425,1.0,42,statale,SCUOLA PRIMARIA,5,GEEE86602B,SCUOLA PRIMARIA ANTOLA,RAPALLO,GENOVA,LIGURIA,SCUOLA PRIMARIA,primaria,2,capacita_esaurita_o_oltre_max_km
202425,1.0,42,statale,SCUOLA PRIMARIA,5,BOEE81601A,FEDERZONI - I.C. N. 5 BOLOGNA,BOLOGNA,BOLOGNA,EMILIA ROMAGNA,SCUOLA PRIMARIA,primaria,13,capacita_esaurita_o_oltre_max_km
202425,1.0,42,statale,SCUOLA PRIMARIA,5,REEE84102B,DANTE ALIGHIERI,REGGIO NELL'EMILIA,REGGIO EMILIA,EMILIA ROMAGNA,SCUOLA PRIMARIA,primaria,10,capacita_esaurita_o_oltre_max_km
202425,1.0,42,statale,SCUOLA PRIMARIA,5,ALEE83602C,"ACQUI TERME ""G.SARACCO""",ACQUI TERME,ALESSANDRIA,PIEMONTE,SCUOLA PRIMARIA,primaria,14,capacita_esaurita_o_oltre_max_km
202425,1.0,42,statale,SCUOLA PRIMARIA,5,MOEE816018,"""L. CASOLARI"" SERRAMAZZONI",SERRAMAZZONI,MODENA,EMILIA ROMAGNA,SCUOLA PRIMARIA,primaria,5,capacita_esaurita_o_oltre_max_km
202425,1.0,42,statale,SCUOLA PRIMARIA,5,LOEE80401C,PRIMARIA ETTORE ARCHINTI - BORG,BORGHETTO LODIGIANO,LODI,LOMBARDIA,SCUOLA PRIMARIA,primaria,9,capacita_esaurita_o_oltre_max_km
202425,1.0,42,statale,SCUOLA PRIMARIA,5,MIEE8C6029,PRIMARIA PARETO,MILANO,MILANO,LOMBARDIA,SCUOLA PRIMARIA,primaria,9,capacita_esaurita_o_oltre_max_km
202425,1.0,42,statale,SCUOLA PRIMARIA,5,MNEE818028,MALAVICINA,ROVERBELLA,MANTOVA,LOMBARDIA,SCUOLA PRIMARIA,primaria,1,capacita_esaurita_o_oltre_max_km
202425,1.0,42,statale,SCUOLA PRIMARIA,5,TOEE80504Q,I.C. CENA - ABBA,TORINO,TORINO,PIEMONTE,SCUOLA PRIMARIA,primaria,9,capacita_esaurita_o_oltre_max_km
202425,1.0,42,statale,SCUOLA PRIMARIA,5,TOEE8BD012,I.C. ILARIA ALPI - PEROTTI,TORINO,TORINO,PIEMONTE,SCUOLA PRIMARIA,primaria,22,capacita_esaurita_o_oltre_max_km
202425,1.0,42,statale,SCUOLA PRIMARIA,5,MIEE8AG01V,PRIMARIA VIA VAL LAGARINA,MILANO,MILANO,LOMBARDIA,SCUOLA PRIMARIA,primaria,14,capacita_esaurita_o_oltre_max_km
202425,1.0,42,statale,SCUOLA PRIMARIA,5,PREE07501C,DE AMICIS,FIDENZA,PARMA,EMILIA ROMAGNA,SCUOLA PRIMARIA,primaria,16,capacita_esaurita_o_oltre_max_km
202425,1.0,42,statale,SCUOLA PRIMARIA,5,MIEE8BL01E,PRIMARIA VIA MOLISE,PIOLTELLO,MILANO,LOMBARDIA,SCUOLA PRIMARIA,primaria,3,capacita_esaurita_o_oltre_max_km
202425,1.0,42,statale,SCUOLA PRIMARIA,5,VREE87802B,MONSIGNOR CHIOT,VERONA,VERONA,VENETO,SCUOLA PRIMARIA,primaria,10,capacita_esaurita_o_oltre_max_km
202425,1.0,42,statale,SCUOLA PRIMARIA,5,MIEE8CW015,PRIMARIA TITO SPERI,MILANO,MILANO,LOMBARDIA,SCUOLA PRIMARIA,primaria,1,capacita_esaurita_o_oltre_max_km
202425,1.0,42,statale,SCUOLA PRIMARIA,5,CNEE82504C,NARZOLE - CAPOLUOGO,NARZOLE,CUNEO,PIEMONTE,SCUOLA PRIMARIA,primaria,8,capacita_esaurita_o_oltre_max_km
202425,1.0,42,statale,SCUOLA PRIMARIA,5,CREE811039,GENIVOLTA,GENIVOLTA,CREMONA,LOMBARDIA,SCUOLA PRIMARIA,primaria,2,capacita_esaurita_o_oltre_max_km
202425,1.0,42,statale,SCUOLA PRIMARIA,5,FIEE871033,S.VERDIANA-TILLI,CASTELFIORENTINO,FIRENZE,TOSCANA,SCUOLA PRIMARIA,primaria,13,capacita_esaurita_o_oltre_max_km
202425,1.0,42,statale,SCUOLA PRIMARIA,5,MIEE8A5028,PRIMARIA B.ORIANI,SESTO SAN GIOVANNI,MILANO,LOMBARDIA,SCUOLA PRIMARIA,primaria,10,capacita_esaurita_o_oltre_max_km
202425,1.0,42,statale,SCUOLA PRIMARIA,5,MNEE820028,"SERRAVALLE PO ""G. GUARESCHI""",SERRAVALLE A PO,MANTOVA,LOMBARDIA,SCUOLA PRIMARIA,primaria,2,capacita_esaurita_o_oltre_max_km
202425,1.0,42,statale,SCUOLA PRIMARIA,5,MNEE821035,PRIMARIA SAN GIACOMO SEGNATE,SAN GIACOMO DELLE SEGNATE,MANTOVA,LOMBARDIA,SCUOLA PRIMARIA,primaria,2,capacita_esaurita_o_oltre_max_km
202425,1.0,42,statale,SCUOLA PRIMARIA,5,SAEE8AP053,PISCIOTTA CAP.P.P.,PISCIOTTA,SALERNO,CAMPANIA,SCUOLA PRIMARIA,primaria,2,capacita_esaurita_o_oltre_max_km
202425,1.0,42,statale,SCUOLA PRIMARIA,5,VEEE87301G,LEONARDO DA VINCI,VENEZIA,VENEZIA,VENETO,SCUOLA PRIMARIA,primaria,4,capacita_esaurita_o_oltre_max_km
202425,1.0,42,statale,SCUOLA PRIMARIA,5,VREE85704C,BONFERRARO-MARCONI G.,SORGA',VERONA,VENETO,SCUOLA PRIMARIA,primaria,3,capacita_esaurita_o_oltre_max_km
202425,1.0,42,statale,SCUOLA PRIMARIA,5,BSEE88504E,PRIMARIA TORRICELLA BRESCIA,BRESCIA,BRESCIA,LOMBARDIA,SCUOLA PRIMARIA,primaria,18,capacita_esaurita_o_oltre_max_km
202425,1.0,42,statale,SCUOLA PRIMARIA,5,POEE805012,LE FONTI,PRATO,PRATO,TOSCANA,SCUOLA PRIMARIA,primaria,15,capacita_esaurita_o_oltre_max_km
202425,1.0,42,statale,SCUOLA PRIMARIA,5,IMEE801035,DIANO MARINA,DIANO MARINA,IMPERIA,LIGURIA,SCUOLA PRIMARIA,primaria,1,capacita_esaurita_o_oltre_max_km
202425,1.0,42,statale,SCUOLA PRIMARIA,5,BGEE883028,PRIMARIA TRESCORE BALNEARIO,TRESCORE BALNEARIO,BERGAMO,LOMBARDIA,SCUOLA PRIMARIA,primaria,15,capacita_esaurita_o_oltre_max_km
202425,1.0,42,statale,SCUOLA PRIMARIA,5,PVEE83102X,BOTTO,VIGEVANO,PAVIA,LOMBARDIA,SCUOLA PRIMARIA,primaria,8,capacita_esaurita_o_oltre_max_km
202425,1.0,42,statale,SCUOLA PRIMARIA,5,TOEE004041,ALLIEVO-FRANCHETTI,TORINO,TORINO,PIEMONTE,SCUOLA PRIMARIA,primaria,14,capacita_esaurita_o_oltre_max_km
202425,1.0,42,statale,SCUOLA PRIMARIA,5,ALEE82702N,"ALESSANDRIA ""E.DE AMICIS""",ALESSANDRIA,ALESSANDRIA,PIEMONTE,SCUOLA PRIMARIA,primaria,12,capacita_esaurita_o_oltre_max_km
202425,1.0,42,statale,SCUOLA PRIMARIA,5,MTEE83405Q,ROTONDELLA-VALSINNI,ROTONDELLA,MATERA,BASILICATA,SCUOLA PRIMARIA,primaria,4,capacita_esaurita_o_oltre_max_km
202425,1.0,42,statale,SCUOLA PRIMARIA,5,PIEE817024,GUERRAZZI,CASTELFRANCO DI SOTTO,PISA,TOSCANA,SCUOLA PRIMARIA,primaria,11,capacita_esaurita_o_oltre_max_km
202425,1.0,42,statale,SCUOLA PRIMARIA,5,POEE818014,"""IQBAL""",PRATO,PRATO,TOSCANA,SCUOLA PRIMARIA,primaria,1,capacita_esaurita_o_oltre_max_km
202425,1.0,42,statale,SCUOLA PRIMARIA,5,BGEE84401L,ANTEGNATE,ANTEGNATE,BERGAMO,LOMBARDIA,SCUOLA PRIMARIA,primaria,8,capacita_esaurita_o_oltre_max_km
202425,1.0,42,statale,SCUOLA PRIMARIA,5,CREE820045,"""A. MANZONI""",CREMONA,CREMONA,LOMBARDIA,SCUOLA PRIMARIA,primaria,9,capacita_esaurita_o_oltre_max_km
202425,1.0,42,statale,SCUOLA PRIMARIA,5,PCEE80801Q,BORGONOVO - CAPOLUOGO,BORGONOVO VAL TIDONE,PIACENZA,EMILIA ROMAGNA,SCUOLA PRIMARIA,primaria,14,capacita_esaurita_o_oltre_max_km
202425,1.0,42,statale,SCUOLA PRIMARIA,5,MIEE8DQ02G,PRIMARIA LOCATELLI,MILANO,MILANO,LOMBARDIA,SCUOLA PRIMARIA,primaria,11,capacita_esaurita_o_oltre_max_km
202425,1.0,42,statale,SCUOLA PRIMARIA,5,ALEE83403T,"""C.SO ROMITA"" - TORTONA",TORTONA,ALESSANDRIA,PIEMONTE,SCUOLA PRIMARIA,primaria,13,capacita_esaurita_o_oltre_max_km
202425,1.0,42,statale,SCUOLA PRIMARIA,5,TOEE8B102G,I.C. ALERAMO-B.V. CAMPAGNA,TORINO,TORINO,PIEMONTE,SCUOLA PRIMARIA,primaria,13,capacita_esaurita_o_oltre_max_km
202425,1.0,42,statale,SCUOLA PRIMARIA,5,MOEE81301R,"""J.HILARION LENZI"" ZOCCA",ZOCCA,MODENA,EMILIA ROMAGNA,SCUOLA PRIMARIA,primaria,7,capacita_esaurita_o_oltre_max_km
202425,1.0,42,statale,SCUOLA PRIMARIA,5,BGEE83802A,CASTELLI CALEPIO,CASTELLI CALEPIO,BERGAMO,LOMBARDIA,SCUOLA PRIMARIA,primaria,1,capacita_esaurita_o_oltre_max_km
202425,1.0,42,statale,SCUOLA PRIMARIA,5,BSEE85501G,"""GIANNI RODARI"" GARDONE CENTRO",GARDONE VAL TROMPIA,BRESCIA,LOMBARDIA,SCUOLA PRIMARIA,primaria,1,capacita_esaurita_o_oltre_max_km
202425,1.0,42,statale,SCUOLA PRIMARIA,5,GOEE815045,FRAZ. FOSSALON,GRADO,GORIZIA,FRIULI-VENEZIA G.,SCUOLA PRIMARIA,primaria,3,capacita_esaurita_o_oltre_max_km
202425,1.0,42,statale,SCUOLA PRIMARIA,5,IMEE802064,PIGNA,PIGNA,IMPERIA,LIGURIA,SCUOLA PRIMARIA,primaria,2,capacita_esaurita_o_oltre_max_km
202425,1.0,42,statale,SCUOLA PRIMARIA,5,IMEE815022,FRAZIONE COLDIRODI,SANREMO,IMPERIA,LIGURIA,SCUOLA PRIMARIA,primaria,1,capacita_esaurita_o_oltre_max_km
202425,1.0,42,statale,SCUOLA PRIMARIA,5,MOEE06001B,"""G.MAZZINI"" VIGNOLA",VIGNOLA,MODENA,EMILIA ROMAGNA,SCUOLA PRIMARIA,primaria,13,capacita_esaurita_o_oltre_max_km
202425,1.0,42,statale,SCUOLA PRIMARIA,5,PREE821024,"""A.FRANK""",PARMA,PARMA,EMILIA ROMAGNA,SCUOLA PRIMARIA,primaria,8,capacita_esaurita_o_oltre_max_km
202425,1.0,42,statale,SCUOLA PRIMARIA,5,PREE827023,ULISSE ADORNI,PARMA,PARMA,EMILIA ROMAGNA,SCUOLA PRIMARIA,primaria,8,capacita_esaurita_o_oltre_max_km
202425,1.0,42,statale,SCUOLA PRIMARIA,5,PSEE811054,MACERATA F. - MERCATINO CONCA,MERCATINO CONCA,PESARO E URBINO,MARCHE,SCUOLA PRIMARIA,primaria,2,capacita_esaurita_o_oltre_max_km
202425,1.0,42,statale,SCUOLA PRIMARIA,5,SVEE80604V,ALASSIO - ORTOVERO,ORTOVERO,SAVONA,LIGURIA,SCUOLA PRIMARIA,primaria,5,capacita_esaurita_o_oltre_max_km
202425,1.0,42,statale,SCUOLA PRIMARIA,5,VREE816024,RONCO ALL'ADIGE,RONCO ALL'ADIGE,VERONA,VENETO,SCUOLA PRIMARIA,primaria,6,capacita_esaurita_o_oltre_max_km
202425,1.0,42,statale,SCUOLA PRIMARIA,5,AQEE82101D,"""E. DE AMICIS"" - LUCO DEI MARSI",LUCO DEI MARSI,L'AQUILA,ABRUZZO,SCUOLA PRIMARIA,primaria,12,capacita_esaurita_o_oltre_max_km
202425,1.0,42,statale,SCUOLA PRIMARIA,5,BSEE878018,PRIMARIA S.M. BAMBINA BRESCIA,BRESCIA,BRESCIA,LOMBARDIA,SCUOLA PRIMARIA,primaria,3,capacita_esaurita_o_oltre_max_km
202425,1.0,42,statale,SCUOLA PRIMARIA,5,BSEE8AM03B,"SCUOLA PRIMARIA ""S.CUORE""",PALAZZOLO SULL'OGLIO,BRESCIA,LOMBARDIA,SCUOLA PRIMARIA,primaria,5,capacita_esaurita_o_oltre_max_km
202425,1.0,42,statale,SCUOLA PRIMARIA,5,PDEE882029,DELEDDA -PD-,PADOVA,PADOVA,VENETO,SCUOLA PRIMARIA,primaria,8,capacita_esaurita_o_oltre_max_km
202425,1.0,42,statale,SCUOLA PRIMARIA,5,LOEE80402D,PRIMARIA GALILEO GALILEI - GRAF,GRAFFIGNANA,LODI,LOMBARDIA,SCUOLA PRIMARIA,primaria,6,capacita_esaurita_o_oltre_max_km
202425,1.0,42,statale,SCUOLA PRIMARIA,5,VREE857019,"NOGARA ""DON G. CALABRIA""",NOGARA,VERONA,VENETO,SCUOLA PRIMARIA,primaria,11,capacita_esaurita_o_oltre_max_km
202425,1.0,42,statale,SCUOLA PRIMARIA,5,SIEE807012,"""DINA FERRI""",CHIUSDINO,SIENA,TOSCANA,SCUOLA PRIMARIA,primaria,5,capacita_esaurita_o_oltre_max_km
202425,1.0,42,statale,SCUOLA PRIMARIA,5,BGEE83204D,CIVIDATE AL PIANO,CIVIDATE AL PIANO,BERGAMO,LOMBARDIA,SCUOLA PRIMARIA,primaria,8,capacita_esaurita_o_oltre_max_km
202425,1.0,42,statale,SCUOLA PRIMARIA,5,CREE82402A,""" L. BISSOLATI """,CREMONA,CREMONA,LOMBARDIA,SCUOLA PRIMARIA,primaria,8,capacita_esaurita_o_oltre_max_km
202425,1.0,42,statale,SCUOLA PRIMARIA,5,MIEE8DV013,PRIMARIA MURATORI E MENOTTI,MILANO,MILANO,LOMBARDIA,SCUOLA PRIMARIA,primaria,16,capacita_esaurita_o_oltre_max_km
202425,1.0,42,statale,SCUOLA PRIMARIA,5,MNEE80701R,SAN PIETRO,CASTIGLIONE DELLE STIVIERE,MANTOVA,LOMBARDIA,SCUOLA PRIMARIA,primaria,12,capacita_esaurita_o_oltre_max_km
202425,1.0,42,statale,SCUOLA PRIMARIA,5,BOEE84005B,GIUSEPPE BONTA',VERGATO,BOLOGNA,EMILIA ROMAGNA,SCUOLA PRIMARIA,primaria,1,capacita_esaurita_o_oltre_max_km
202425,1.0,42,statale,SCUOLA PRIMARIA,5,IMEE81002V,SC. PRIM. T. LITTARDI,IMPERIA,IMPERIA,LIGURIA,SCUOLA PRIMARIA,primaria,7,capacita_esaurita_o_oltre_max_km
202425,1.0,42,statale,SCUOLA PRIMARIA,5,SPEE81403A,LA SPEZIA FOSSITERMI A.REVERE,LA SPEZIA,LA SPEZIA,LIGURIA,SCUOLA PRIMARIA,primaria,7,capacita_esaurita_o_oltre_max_km
202425,1.0,42,statale,SCUOLA PRIMARIA,5,IMEE81202E,SC. ELEM. LARGO GHIGLIA,IMPERIA,IMPERIA,LIGURIA,SCUOLA PRIMARIA,primaria,9,capacita_esaurita_o_oltre_max_km
202425,1.0,42,statale,SCUOLA PRIMARIA,5,FEEE802017,"""C.BATTISTI""-BONDENO",BONDENO,FERRARA,EMILIA ROMAGNA,SCUOLA PRIMARIA,primaria,16,capacita_esaurita_o_oltre_max_km
202425,1.0,42,statale,SCUOLA PRIMARIA,5,BSEE816022,"BRESCIA ""CALINI""",BRESCIA,BRESCIA,LOMBARDIA,SCUOLA PRIMARIA,primaria,8,capacita_esaurita_o_oltre_max_km
202425,1.0,42,statale,SCUOLA PRIMARIA,5,PREE82905T,GIANNI RODARI,PARMA,PARMA,EMILIA ROMAGNA,SCUOLA PRIMARIA,primaria,8,capacita_esaurita_o_oltre_max_km
202425,1.0,42,statale,SCUOLA PRIMARIA,5,FIEE871022,VIALE ROOSEVELT,CASTELFIORENTINO,FIRENZE,TOSCANA,SCUOLA PRIMARIA,primaria,4,capacita_esaurita_o_oltre_max_km
202425,1.0,42,statale,SCUOLA PRIMARIA,5,MIEE8CV019,PRIMARIA PAOLO E LARISSA PINI,MILANO,MILANO,LOMBARDIA,SCUOLA PRIMARIA,primaria,2,capacita_esaurita_o_oltre_max_km
202425,1.0,42,statale,SCUOLA PRIMARIA,5,MIEE8FU01C,PRIMARIA E. TOTI,MILANO,MILANO,LOMBARDIA,SCUOLA PRIMARIA,primaria,2,capacita_esaurita_o_oltre_max_km
202425,1.0,42,statale,SCUOLA PRIMARIA,5,MNEE80101T,ACQUANEGRA SUL CHIESE V. LOCCHI,ACQUANEGRA SUL CHIESE,MANTOVA,LOMBARDIA,SCUOLA PRIMARIA,primaria,4,capacita_esaurita_o_oltre_max_km
202425,1.0,42,statale,SCUOLA PRIMARIA,5,MNEE80102V,PRIMARIA CANNETO SULL' OGLIO,CANNETO SULL'OGLIO,MANTOVA,LOMBARDIA,SCUOLA PRIMARIA,primaria,6,capacita_esaurita_o_oltre_max_km
202425,1.0,42,statale,SCUOLA PRIMARIA,5,NOEE80901C,DON CARLO FELICE SAINO,CERANO,NOVARA,PIEMONTE,SCUOLA PRIMARIA,primaria,12,capacita_esaurita_o_oltre_max_km
202425,1.0,42,statale,SCUOLA PRIMARIA,5,PREE81706L,FRAZ. ISOLA,COMPIANO,PARMA,EMILIA ROMAGNA,SCUOLA PRIMARIA,primaria,1,capacita_esaurita_o_oltre_max_km
202425,1.0,42,statale,SCUOLA PRIMARIA,5,PREE820039,ROMAGNOSI,SALSOMAGGIORE TERME,PARMA,EMILIA ROMAGNA,SCUOLA PRIMARIA,primaria,8,capacita_esaurita_o_oltre_max_km
202425,1.0,42,statale,SCUOLA PRIMARIA,5,VEEE84402L,E. TOTI,VENEZIA,VENEZIA,VENETO,SCUOLA PRIMARIA,primaria,8,capacita_esaurita_o_oltre_max_km
202425,1.0,42,statale,SCUOLA PRIMARIA,5,CREE82203Q,"""BIANCA MARIA VISCONTI""",CREMONA,CREMONA,LOMBARDIA,SCUOLA PRIMARIA,primaria,7,capacita_esaurita_o_oltre_max_km
202425,1.0,42,statale,SCUOLA PRIMARIA,5,FIEE87701X,CAPOLUOGO- CARDUCCI,FUCECCHIO,FIRENZE,TOSCANA,SCUOLA PRIMARIA,primaria,17,capacita_esaurita_o_oltre_max_km
202425,1.0,42,statale,SCUOLA PRIMARIA,5,BGEE83701D,CALVENZANO,CALVENZANO,BERGAMO,LOMBARDIA,SCUOLA PRIMARIA,primaria,5,capacita_esaurita_o_oltre_max_km
202425,1.0,42,statale,SCUOLA PRIMARIA,5,MIEE8CF018,PRIMARIA C.CANTU',MILANO,MILANO,LOMBARDIA,SCUOLA PRIMARIA,primaria,10,capacita_esaurita_o_oltre_max_km
202425,1.0,42,statale,SCUOLA PRIMARIA,5,RAEE81401G,"""GARIBALDI G."" - LUGO",LUGO,RAVENNA,EMILIA ROMAGNA,SCUOLA PRIMARIA,primaria,1,capacita_esaurita_o_oltre_max_km
202425,1.0,42,statale,SCUOLA PRIMARIA,5,BOEE884011,O. MEZZINI I.C. LOIANO MONGHID.,MONGHIDORO,BOLOGNA,EMILIA ROMAGNA,SCUOLA PRIMARIA,primaria,1,capacita_esaurita_o_oltre_max_km
202425,1.0,42,statale,SCUOLA PRIMARIA,5,GEEE818011,S.EL. DE AMICIS RONCO SCRIVIA,RONCO SCRIVIA,GENOVA,LIGURIA,SCUOLA PRIMARIA,primaria,2,capacita_esaurita_o_oltre_max_km
202425,1.0,42,statale,SCUOLA PRIMARIA,5,SVEE82204R,ALBENGA I - VADINO,ALBENGA,SAVONA,LIGURIA,SCUOLA PRIMARIA,primaria,3,capacita_esaurita_o_oltre_max_km
202425,1.0,42,statale,SCUOLA PRIMARIA,5,MNEE80803P,SCUOLA PRIMARIA MEDOLE,MEDOLE,MANTOVA,LOMBARDIA,SCUOLA PRIMARIA,primaria,7,capacita_esaurita_o_oltre_max_km
202425,1.0,42,statale,SCUOLA PRIMARIA,5,REEE850026,MIRABELLO (DALL'AGLIO P.),REGGIO NELL'EMILIA,REGGIO EMILIA,EMILIA ROMAGNA,SCUOLA PRIMARIA,primaria,7,capacita_esaurita_o_oltre_max_km
202425,1.0,42,statale,SCUOLA PRIMARIA,5,GOEE80401G,T.C. AMELIO CUZZI,MONFALCONE,GORIZIA,FRIULI-VENEZIA G.,SCUOLA PRIMARIA,primaria,7,capacita_esaurita_o_oltre_max_km
202425,1.0,42,statale,SCUOLA PRIMARIA,5,NOEE82301P,"""RIGUTINI""",NOVARA,NOVARA,PIEMONTE,SCUOLA PRIMARIA,primaria,11,capacita_esaurita_o_oltre_max_km
202425,1.0,42,statale,SCUOLA PRIMARIA,5,PNEE836022,"PRATA-VILLANOVA ""RENATO SERRA""",PRATA DI PORDENONE,PORDENONE,FRIULI-VENEZIA G.,SCUOLA PRIMARIA,primaria,4,capacita_esaurita_o_oltre_max_km
202425,1.0,42,statale,SCUOLA PRIMARIA,5,TOEE8B5041,SCUOLA PRIMARIA CARDUCCI,TORINO,TORINO,PIEMONTE,SCUOLA PRIMARIA,primaria,4,capacita_esaurita_o_oltre_max_km
202425,1.0,42,statale,SCUOLA PRIMARIA,5,BGEE8AD02T,"TREVIGLIO "" MOZZI """,TREVIGLIO,BERGAMO,LOMBARDIA,SCUOLA PRIMARIA,primaria,5,capacita_esaurita_o_oltre_max_km
202425,1.0,42,statale,SCUOLA PRIMARIA,5,GREE81101T,"CASTELDELPIANO CAP.""L.SANTUCCI""",CASTEL DEL PIANO,GROSSETO,TOSCANA,SCUOLA PRIMARIA,primaria,5,capacita_esaurita_o_oltre_max_km
202425,1.0,42,statale,SCUOLA PRIMARIA,5,MOEE81903T,"""P.GIANNONE"" CAMPOSANTO",CAMPOSANTO,MODENA,EMILIA ROMAGNA,SCUOLA PRIMARIA,primaria,5,capacita_esaurita_o_oltre_max_km
202425,1.0,42,statale,SCUOLA PRIMARIA,5,BSEE881014,PRIMARIA A.DIAZ BRESCIA,BRESCIA,BRESCIA,LOMBARDIA,SCUOLA PRIMARIA,primaria,5,capacita_esaurita_o_oltre_max_km
202425,1.0,42,statale,SCUOLA PRIMARIA,5,MIEE8CT01X,PRIMARIA VITTORIO LOCCHI,MILANO,MILANO,LOMBARDIA,SCUOLA PRIMARIA,primaria,10,capacita_esaurita_o_oltre_max_km
202425,1.0,42,statale,SCUOLA PRIMARIA,5,FEEE80001G,"""C.DELLA SALA""-PONTELAGOSCURO",FERRARA,FERRARA,EMILIA ROMAGNA,SCUOLA PRIMARIA,primaria,1,capacita_esaurita_o_oltre_max_km
202425,1.0,42,statale,SCUOLA PRIMARIA,5,MIEE8FA033,PRIMARIA M.LUTHER KING,SAN DONATO MILANESE,MILANO,LOMBARDIA,SCUOLA PRIMARIA,primaria,6,capacita_esaurita_o_oltre_max_km
202425,1.0,42,statale,SCUOLA PRIMARIA,5,GEEE82301C,S.PRIMARIA- D.ALIGHIERI -,GENOVA,GENOVA,LIGURIA,SCUOLA PRIMARIA,primaria,6,capacita_esaurita_o_oltre_max_km
202425,1.0,42,statale,SCUOLA PRIMARIA,5,BSEE85502L,"""ANDERSEN"" GARDONE V.T.",GARDONE VAL TROMPIA,BRESCIA,LOMBARDIA,SCUOLA PRIMARIA,primaria,7,capacita_esaurita_o_oltre_max_km
202425,1.0,42,statale,SCUOLA PRIMARIA,5,BOEE805043,MAZZACURATI,GALLIERA,BOLOGNA,EMILIA ROMAGNA,SCUOLA PRIMARIA,primaria,8,capacita_esaurita_o_oltre_max_km
202425,1.0,42,statale,SCUOLA PRIMARIA,5,PVEE83101V,VIG.VIALE LIBERTA' - DE AMICIS,VIGEVANO,PAVIA,LOMBARDIA,SCUOLA PRIMARIA,primaria,12,capacita_esaurita_o_oltre_max_km
202425,1.0,42,statale,SCUOLA PRIMARIA,5,PCEE81801A,FIORENZUOLA - CAPOLUOGO,FIORENZUOLA D'ARDA,PIACENZA,EMILIA ROMAGNA,SCUOLA PRIMARIA,primaria,17,capacita_esaurita_o_oltre_max_km
202425,1.0,42,statale,SCUOLA PRIMARIA,5,APEE804037,"COSSIGNANO ""GAETANO PASSALI""",COSSIGNANO,ASCOLI PICENO,MARCHE,SCUOLA PRIMARIA,primaria,1,capacita_esaurita_o_oltre_max_km
202425,1.0,42,statale,SCUOLA PRIMARIA,5,BSEE829035,"P.S.MARCO ""PEDRINI E CARLONI""",CALCINATO,BRESCIA,LOMBARDIA,SCUOLA PRIMARIA,primaria,4,capacita_esaurita_o_oltre_max_km
202425,1.0,42,statale,SCUOLA PRIMARIA,5,BSEE89801D,SCUOLA PRIMARIA STATALE,MANERBIO,BRESCIA,LOMBARDIA,SCUOLA PRIMARIA,primaria,10,capacita_esaurita_o_oltre_max_km
202425,1.0,42,statale,SCUOLA PRIMARIA,5,CNEE81104E,SAN MICHELE MONDOVI',SAN MICHELE MONDOVI',CUNEO,PIEMONTE,SCUOLA PRIMARIA,primaria,3,capacita_esaurita_o_oltre_max_km
202425,1.0,42,statale,SCUOLA PRIMARIA,5,CNEE814064,FEISOGLIO,FEISOGLIO,CUNEO,PIEMONTE,SCUOLA PRIMARIA,primaria,1,capacita_esaurita_o_oltre_max_km
202425,1.0,42,statale,SCUOLA PRIMARIA,5,CREE80803D,"""S. FRANCESCA SAVERIO CABRINI""",GRUMELLO CREMONESE ED UNITI,CREMONA,LOMBARDIA,SCUOLA PRIMARIA,primaria,3,capacita_esaurita_o_oltre_max_km
202425,1.0,42,statale,SCUOLA PRIMARIA,5,FOEE826018,I.C. 1 - DIEGO FABBRI,FORLI',FORLI'-CESENA,EMILIA ROMAGNA,SCUOLA PRIMARIA,primaria,1,capacita_esaurita_o_oltre_max_km
202425,1.0,42,statale,SCUOLA PRIMARIA,5,GEEE80501V,S.EL.-G.TRAVERSONE-REZZOAGLIO,REZZOAGLIO,GENOVA,LIGURIA,SCUOLA PRIMARIA,primaria,1,capacita_esaurita_o_oltre_max_km
202425,1.0,42,statale,SCUOLA PRIMARIA,5,GREE81102V,"MONTENERO - ""E.TOTI""",CASTEL DEL PIANO,GROSSETO,TOSCANA,SCUOLA PRIMARIA,primaria,1,capacita_esaurita_o_oltre_max_km
202425,1.0,42,statale,SCUOLA PRIMARIA,5,LOEE81001Q,PRIMARIA ADA NEGRI - ORIO LITTA,ORIO LITTA,LODI,LOMBARDIA,SCUOLA PRIMARIA,primaria,3,capacita_esaurita_o_oltre_max_km
202425,1.0,42,statale,SCUOLA PRIMARIA,5,MIEE8AU02C,PRIMARIA ITALO CALVINO,COLOGNO MONZESE,MILANO,LOMBARDIA,SCUOLA PRIMARIA,primaria,2,capacita_esaurita_o_oltre_max_km
202425,1.0,42,statale,SCUOLA PRIMARIA,5,MIEE8C504G,PRIMARIA DON GNOCCHI,MILANO,MILANO,LOMBARDIA,SCUOLA PRIMARIA,primaria,2,capacita_esaurita_o_oltre_max_km
202425,1.0,42,statale,SCUOLA PRIMARIA,5,PCEE814035,SCUOLA PRIMARIA GROPPARELLO,GROPPARELLO,PIACENZA,EMILIA ROMAGNA,SCUOLA PRIMARIA,primaria,1,capacita_esaurita_o_oltre_max_km
202425,1.0,42,statale,SCUOLA PRIMARIA,5,PIEE81402L,VIVIANI,PISA,PISA,TOSCANA,SCUOLA PRIMARIA,primaria,1,capacita_esaurita_o_oltre_max_km
202425,1.0,42,statale,SCUOLA PRIMARIA,5,PREE80904G,S.ANDREA BAGNI,MEDESANO,PARMA,EMILIA ROMAGNA,SCUOLA PRIMARIA,primaria,3,capacita_esaurita_o_oltre_max_km
202425,1.0,42,statale,SCUOLA PRIMARIA,5,PREE80905L,CELLA - VARANO MARCHESI,MEDESANO,PARMA,EMILIA ROMAGNA,SCUOLA PRIMARIA,primaria,1,capacita_esaurita_o_oltre_max_km
202425,1.0,42,statale,SCUOLA PRIMARIA,5,PVEE80401E,LOMELLO CATERINA ASSANDRA,LOMELLO,PAVIA,LOMBARDIA,SCUOLA PRIMARIA,primaria,1,capacita_esaurita_o_oltre_max_km
202425,1.0,42,statale,SCUOLA PRIMARIA,5,PVEE80405P,PIEVE DEL CAIRO,PIEVE DEL CAIRO,PAVIA,LOMBARDIA,SCUOLA PRIMARIA,primaria,2,capacita_esaurita_o_oltre_max_km
202425,1.0,42,statale,SCUOLA PRIMARIA,5,PVEE83203R,MARAZZANI,VIGEVANO,PAVIA,LOMBARDIA,SCUOLA PRIMARIA,primaria,8,capacita_esaurita_o_oltre_max_km
202425,1.0,42,statale,SCUOLA PRIMARIA,5,RAEE82802E,CARDUCCI G.- CASTIGLIONE CERVIA,CERVIA,RAVENNA,EMILIA ROMAGNA,SCUOLA PRIMARIA,primaria,4,capacita_esaurita_o_oltre_max_km
202425,1.0,42,statale,SCUOLA PRIMARIA,5,REEE826029,SCUOLA PRIMARIA D.CASSINADRI,CARPINETI,REGGIO EMILIA,EMILIA ROMAGNA,SCUOLA PRIMARIA,primaria,1,capacita_esaurita_o_oltre_max_km
202425,1.0,42,statale,SCUOLA PRIMARIA,5,ROEE81606B,E. DE AMICIS - TRECENTA,TRECENTA,ROVIGO,VENETO,SCUOLA PRIMARIA,primaria,3,capacita_esaurita_o_oltre_max_km
202425,1.0,42,statale,SCUOLA PRIMARIA,5,TOEE84803L,I.C. FORNO C.SE - PRATIGLIONE,PRATIGLIONE,TORINO,PIEMONTE,SCUOLA PRIMARIA,primaria,1,capacita_esaurita_o_oltre_max_km
202425,1.0,42,statale,SCUOLA PRIMARIA,5,TOEE88401N,I.C. M. L. SPAZIANI - CASATI,TORINO,TORINO,PIEMONTE,SCUOLA PRIMARIA,primaria,5,capacita_esaurita_o_oltre_max_km
202425,1.0,42,statale,SCUOLA PRIMARIA,5,TOEE8B501T,IC PACCHIOTTI-VIA REVEL CAP.,TORINO,TORINO,PIEMONTE,SCUOLA PRIMARIA,primaria,5,capacita_esaurita_o_oltre_max_km
202425,1.0,42,statale,SCUOLA PRIMARIA,5,VCEE803036,SCUOLA PRIMARIA CARISIO,CARISIO,VERCELLI,PIEMONTE,SCUOLA PRIMARIA,primaria,1,capacita_esaurita_o_oltre_max_km
202425,1.0,42,statale,SCUOLA PRIMARIA,5,VIEE852063,IC ARSIERO -POSINA,POSINA,VICENZA,VENETO,SCUOLA PRIMARIA,primaria,1,capacita_esaurita_o_oltre_max_km
202425,1.0,42,statale,SCUOLA PRIMARIA,5,MIEE8AN02L,PRIMARIA S.GIOVANNI BOSCO,MILANO,MILANO,LOMBARDIA,SCUOLA PRIMARIA,primaria,10,capacita_esaurita_o_oltre_max_km
202425,1.0,42,statale,SCUOLA PRIMARIA,5,PREE83601R,PIETRO COCCONI,PARMA,PARMA,EMILIA ROMAGNA,SCUOLA PRIMARIA,primaria,10,capacita_esaurita_o_oltre_max_km
202425,1.0,42,statale,SCUOLA PRIMARIA,5,MIEE8FD03E,PRIMARIA D'ACQUISTO V.TOGLIATTI,PIOLTELLO,MILANO,LOMBARDIA,SCUOLA PRIMARIA,primaria,7,capacita_esaurita_o_oltre_max_km
202425,1.0,42,statale,SCUOLA PRIMARIA,5,MOEE81302T,"""AUGUSTO RIGHI"" MONTESE",MONTESE,MODENA,EMILIA ROMAGNA,SCUOLA PRIMARIA,primaria,1,capacita_esaurita_o_oltre_max_km
202425,1.0,42,statale,SCUOLA PRIMARIA,5,MIEE8GH01A,PRIMARIA BOTTEGO,MILANO,MILANO,LOMBARDIA,SCUOLA PRIMARIA,primaria,11,capacita_esaurita_o_oltre_max_km
202425,1.0,42,statale,SCUOLA PRIMARIA,5,POEE819043,LAURA POLI,PRATO,PRATO,TOSCANA,SCUOLA PRIMARIA,primaria,7,capacita_esaurita_o_oltre_max_km
202425,1.0,42,statale,SCUOLA PRIMARIA,5,FEEE81903P,SCUOLA PRIMARIA PENZALE,CENTO,FERRARA,EMILIA ROMAGNA,SCUOLA PRIMARIA,primaria,1,capacita_esaurita_o_oltre_max_km
202425,1.0,42,statale,SCUOLA PRIMARIA,5,VREE896021,GIUSEPPE CAILOTTO,TREVENZUOLO,VERONA,VENETO,SCUOLA PRIMARIA,primaria,2,capacita_esaurita_o_oltre_max_km
202425,1.0,42,statale,SCUOLA PRIMARIA,5,MIEE8CC01R,PRIMARIA QUINT. DI VONA,CASSANO D'ADDA,MILANO,LOMBARDIA,SCUOLA PRIMARIA,primaria,5,capacita_esaurita_o_oltre_max_km
202425,1.0,42,statale,SCUOLA PRIMARIA,5,PNEE82601A,"SPILIMBERGO ""G.B.CAVEDALIS""",SPILIMBERGO,PORDENONE,FRIULI-VENEZIA G.,SCUOLA PRIMARIA,primaria,7,capacita_esaurita_o_oltre_max_km
202425,1.0,42,statale,SCUOLA PRIMARIA,5,TVEE88201A,S.VENANZIO FORTUNATO-VALDOBB.,VALDOBBIADENE,TREVISO,VENETO,SCUOLA PRIMARIA,primaria,2,capacita_esaurita_o_oltre_max_km
202425,1.0,42,statale,SCUOLA PRIMARIA,5,BOEE81001B,PRIMARIA CASTELLETTO,VALSAMOGGIA,BOLOGNA,EMILIA ROMAGNA,SCUOLA PRIMARIA,primaria,4,capacita_esaurita_o_oltre_max_km
202425,1.0,42,statale,SCUOLA PRIMARIA,5,BSEE86402B,"DARFO BOARIO T.""S.F.D'ASSISI""",DARFO BOARIO TERME,BRESCIA,LOMBARDIA,SCUOLA PRIMARIA,primaria,3,capacita_esaurita_o_oltre_max_km
202425,1.0,42,statale,SCUOLA PRIMARIA,5,FEEE81406P,E.DE AMICIS-MASSAFISCAGLIA,FISCAGLIA,FERRARA,EMILIA ROMAGNA,SCUOLA PRIMARIA,primaria,3,capacita_esaurita_o_oltre_max_km
202425,1.0,42,statale,SCUOLA PRIMARIA,5,IMEE81103Q,SC. PRIM. BORGO SAN MORO,IMPERIA,IMPERIA,LIGURIA,SCUOLA PRIMARIA,primaria,3,capacita_esaurita_o_oltre_max_km
202425,1.0,42,statale,SCUOLA PRIMARIA,5,MNEE82004A,"REVERE ""DON B. GRAZIOLI""",BORGO MANTOVANO,MANTOVA,LOMBARDIA,SCUOLA PRIMARIA,primaria,3,capacita_esaurita_o_oltre_max_km
202425,1.0,42,statale,SCUOLA PRIMARIA,5,SVEE81507R,ALBENGA II - COMANEDI CISANO,CISANO SUL NEVA,SAVONA,LIGURIA,SCUOLA PRIMARIA,primaria,3,capacita_esaurita_o_oltre_max_km
202425,1.0,42,statale,SCUOLA PRIMARIA,5,MOEE824017,""" GASPARINI "" CONCORDIA S/S",CONCORDIA SULLA SECCHIA,MODENA,EMILIA ROMAGNA,SCUOLA PRIMARIA,primaria,9,capacita_esaurita_o_oltre_max_km
202425,1.0,42,statale,SCUOLA PRIMARIA,5,PREE813014,FONTANELLATO CPL,FONTANELLATO,PARMA,EMILIA ROMAGNA,SCUOLA PRIMARIA,primaria,8,capacita_esaurita_o_oltre_max_km
202425,1.0,42,statale,SCUOLA PRIMARIA,5,LOEE80801Q,PRIMARIA - CASTIGLIONE D'ADDA,CASTIGLIONE D'ADDA,LODI,LOMBARDIA,SCUOLA PRIMARIA,primaria,2,capacita_esaurita_o_oltre_max_km
202425,1.0,42,statale,SCUOLA PRIMARIA,5,MIEE8F1011,PRIMARIA F.S.CABRINI,MILANO,MILANO,LOMBARDIA,SCUOLA PRIMARIA,primaria,17,capacita_esaurita_o_oltre_max_km
202425,1.0,42,statale,SCUOLA PRIMARIA,5,POEE812037,ALBERTO MANZI,PRATO,PRATO,TOSCANA,SCUOLA PRIMARIA,primaria,7,capacita_esaurita_o_oltre_max_km
202425,1.0,42,statale,SCUOLA PRIMARIA,5,TVEE88004T,FRANCESCO DALL'ONGARO - MANSUE',MANSUE',TREVISO,VENETO,SCUOLA PRIMARIA,primaria,7,capacita_esaurita_o_oltre_max_km
202425,1.0,42,statale,SCUOLA PRIMARIA,5,LOEE81603R,PRIMARIA R. MORZENTI - S.ANGELO,SANT'ANGELO LODIGIANO,LODI,LOMBARDIA,SCUOLA PRIMARIA,primaria,4,capacita_esaurita_o_oltre_max_km
202425,1.0,42,statale,SCUOLA PRIMARIA,5,NOEE814065,VICOLUNGO,VICOLUNGO,NOVARA,PIEMONTE,SCUOLA PRIMARIA,primaria,2,capacita_esaurita_o_oltre_max_km
202425,1.0,42,statale,SCUOLA PRIMARIA,5,ROEE81605A,PASINI GRISETTI - BARUCHELLA,GIACCIANO CON BARUCHELLA,ROVIGO,VENETO,SCUOLA PRIMARIA,primaria,2,capacita_esaurita_o_oltre_max_km
202425,1.0,42,statale,SCUOLA PRIMARIA,5,RAEE816017,"""G. PASCOLI"" - RIOLO TERME",RIOLO TERME,RAVENNA,EMILIA ROMAGNA,SCUOLA PRIMARIA,primaria,6,capacita_esaurita_o_oltre_max_km
202425,1.0,42,statale,SCUOLA PRIMARIA,5,TOEE8AZ01E,I.C. ALBERTI-SALGARI SANTAROSA,TORINO,TORINO,PIEMONTE,SCUOLA PRIMARIA,primaria,6,capacita_esaurita_o_oltre_max_km
202425,1.0,42,statale,SCUOLA PRIMARIA,5,BOEE82204R,FILIPPO BASSI,CASTEL MAGGIORE,BOLOGNA,EMILIA ROMAGNA,SCUOLA PRIMARIA,primaria,3,capacita_esaurita_o_oltre_max_km
202425,1.0,42,statale,SCUOLA PRIMARIA,5,MIEE8AG02X,PRIMARIA GHERARDINI,MILANO,MILANO,LOMBARDIA,SCUOLA PRIMARIA,primaria,8,capacita_esaurita_o_oltre_max_km
202425,1.0,42,statale,SCUOLA PRIMARIA,5,MIEE8B003R,PRIMARIA VIA FIUME,VIMODRONE,MILANO,LOMBARDIA,SCUOLA PRIMARIA,primaria,4,capacita_esaurita_o_oltre_max_km
202425,1.0,42,statale,SCUOLA PRIMARIA,5,PREE82801T,ALBERTELLI,PARMA,PARMA,EMILIA ROMAGNA,SCUOLA PRIMARIA,primaria,11,capacita_esaurita_o_oltre_max_km
202425,1.0,42,statale,SCUOLA PRIMARIA,5,BSEE84201D,PONTOGLIO- AI CADUTI,PONTOGLIO,BRESCIA,LOMBARDIA,SCUOLA PRIMARIA,primaria,9,capacita_esaurita_o_oltre_max_km
202425,1.0,42,statale,SCUOLA PRIMARIA,5,BLEE81301G,"""SALVO D'ACQUISTO"" - QUERO",SETTEVILLE,BELLUNO,VENETO,SCUOLA PRIMARIA,primaria,1,capacita_esaurita_o_oltre_max_km
202425,1.0,42,statale,SCUOLA PRIMARIA,5,LOEE80903N,PRIMARIA ROSOLINO ANDENA-CASALP,CASALPUSTERLENGO,LODI,LOMBARDIA,SCUOLA PRIMARIA,primaria,5,capacita_esaurita_o_oltre_max_km
202425,1.0,42,statale,SCUOLA PRIMARIA,5,TOEE808058,E. GIACHINO,TORINO,TORINO,PIEMONTE,SCUOLA PRIMARIA,primaria,3,capacita_esaurita_o_oltre_max_km
202425,1.0,42,statale,SCUOLA PRIMARIA,5,VREE89202N,MESSEDAGLIA ANGELO,VERONA,VERONA,VENETO,SCUOLA PRIMARIA,primaria,2,capacita_esaurita_o_oltre_max_km
202425,1.0,42,statale,SCUOLA PRIMARIA,5,MIEE8CV02A,PRIMARIA F.CRISPI,MILANO,MILANO,LOMBARDIA,SCUOLA PRIMARIA,primaria,6,capacita_esaurita_o_oltre_max_km
202425,1.0,42,statale,SCUOLA PRIMARIA,5,BOEE80501X,DE AMICIS IC SAN P. IN CASALE,SAN PIETRO IN CASALE,BOLOGNA,EMILIA ROMAGNA,SCUOLA PRIMARIA,primaria,7,capacita_esaurita_o_oltre_max_km
202425,1.0,42,statale,SCUOLA PRIMARIA,5,BSEE86102X,ROCCAFRANCA CAP.,ROCCAFRANCA,BRESCIA,LOMBARDIA,SCUOLA PRIMARIA,primaria,7,capacita_esaurita_o_oltre_max_km
202425,1.0,42,statale,SCUOLA PRIMARIA,5,MOEE845029,"""DE AMICIS"" MODENA",MODENA,MODENA,EMILIA ROMAGNA,SCUOLA PRIMARIA,primaria,5,capacita_esaurita_o_oltre_max_km
202425,1.0,42,statale,SCUOLA PRIMARIA,5,VREE84301B,OPPEANO,OPPEANO,VERONA,VENETO,SCUOLA PRIMARIA,primaria,4,capacita_esaurita_o_oltre_max_km
202425,1.0,42,statale,SCUOLA PRIMARIA,5,ALEE829029,"NOVI LIGURE ""G.PASCOLI""",NOVI LIGURE,ALESSANDRIA,PIEMONTE,SCUOLA PRIMARIA,primaria,2,capacita_esaurita_o_oltre_max_km
202425,1.0,42,statale,SCUOLA PRIMARIA,5,MIEE8EU01T,PRIMARIA M.GALLI,SESTO SAN GIOVANNI,MILANO,LOMBARDIA,SCUOLA PRIMARIA,primaria,11,capacita_esaurita_o_oltre_max_km
202425,1.0,42,statale,SCUOLA PRIMARIA,5,ATEE81510T,SCUOLA PRIMARIA DI BUBBIO,BUBBIO,ASTI,PIEMONTE,SCUOLA PRIMARIA,primaria,1,capacita_esaurita_o_oltre_max_km
202425,1.0,42,statale,SCUOLA PRIMARIA,5,BSEE88301Q,PRIMARIA 28 MAGGIO BRESCIA,BRESCIA,BRESCIA,LOMBARDIA,SCUOLA PRIMARIA,primaria,5,capacita_esaurita_o_oltre_max_km
202425,1.0,42,statale,SCUOLA PRIMARIA,5,FEEE81405N,D.ALIGHIERI-MIGLIARINO,FISCAGLIA,FERRARA,EMILIA ROMAGNA,SCUOLA PRIMARIA,primaria,3,capacita_esaurita_o_oltre_max_km
202425,1.0,42,statale,SCUOLA PRIMARIA,5,GREE82504V,"PORTO ERCOLE -""L.RADICE""",MONTE ARGENTARIO,GROSSETO,TOSCANA,SCUOLA PRIMARIA,primaria,1,capacita_esaurita_o_oltre_max_km
202425,1.0,42,statale,SCUOLA PRIMARIA,5,IMEE800039,PIEVE DI TECO,PIEVE DI TECO,IMPERIA,LIGURIA,SCUOLA PRIMARIA,primaria,2,capacita_esaurita_o_oltre_max_km
202425,1.0,42,statale,SCUOLA PRIMARIA,5,MNEE830041,SAN MATTEO DELLE CHIAVICHE,VIADANA,MANTOVA,LOMBARDIA,SCUOLA PRIMARIA,primaria,1,capacita_esaurita_o_oltre_max_km
202425,1.0,42,statale,SCUOLA PRIMARIA,5,PCEE805018,CORTEMAGGIORE - CAPOLUOGO,CORTEMAGGIORE,PIACENZA,EMILIA ROMAGNA,SCUOLA PRIMARIA,primaria,4,capacita_esaurita_o_oltre_max_km
202425,1.0,42,statale,SCUOLA PRIMARIA,5,PDEE883036,MORANTE-PD,PADOVA,PADOVA,VENETO,SCUOLA PRIMARIA,primaria,2,capacita_esaurita_o_oltre_max_km
202425,1.0,42,statale,SCUOLA PRIMARIA,5,PVEE808041,PALESTRO,PALESTRO,PAVIA,LOMBARDIA,SCUOLA PRIMARIA,primaria,2,capacita_esaurita_o_oltre_max_km
202425,1.0,42,statale,SCUOLA PRIMARIA,5,RNEE812049,"S.AGATA F.""C.ELKAN"" (IC PENNAB)",SANT'AGATA FELTRIA,RIMINI,EMILIA ROMAGNA,SCUOLA PRIMARIA,primaria,1,capacita_esaurita_o_oltre_max_km
202425,1.0,42,statale,SCUOLA PRIMARIA,5,VCEE80702C,"""G.B. VIOTTI"" FONTANETTO PO",FONTANETTO PO,VERCELLI,PIEMONTE,SCUOLA PRIMARIA,primaria,1,capacita_esaurita_o_oltre_max_km
202425,1.0,42,statale,SCUOLA PRIMARIA,5,TOEE808036,ANNA FRANK,TORINO,TORINO,PIEMONTE,SCUOLA PRIMARIA,primaria,9,capacita_esaurita_o_oltre_max_km
202425,1.0,42,statale,SCUOLA PRIMARIA,5,POEE820025,G.PUCCINI/BARTOLINI,PRATO,PRATO,TOSCANA,SCUOLA PRIMARIA,primaria,7,capacita_esaurita_o_oltre_max_km
202425,1.0,42,statale,SCUOLA PRIMARIA,5,MNEE805015,GOITO,GOITO,MANTOVA,LOMBARDIA,SCUOLA PRIMARIA,primaria,6,capacita_esaurita_o_oltre_max_km
202425,1.0,42,statale,SCUOLA PRIMARIA,5,MNEE83801C,VIADANA,VIADANA,MANTOVA,LOMBARDIA,SCUOLA PRIMARIA,primaria,3,capacita_esaurita_o_oltre_max_km
202425,1.0,42,statale,SCUOLA PRIMARIA,5,BSEE882021,PRIMARIA ALIGHIERI - BRESCIA,BRESCIA,BRESCIA,LOMBARDIA,SCUOLA PRIMARIA,primaria,5,capacita_esaurita_o_oltre_max_km
202425,1.0,42,statale,SCUOLA PRIMARIA,5,MIEE8A101X,PRIMARIA A.FRANK,SESTO SAN GIOVANNI,MILANO,LOMBARDIA,SCUOLA PRIMARIA,primaria,5,capacita_esaurita_o_oltre_max_km
202425,1.0,42,statale,SCUOLA PRIMARIA,5,PVEE814015,"BELGIOIOSO ""C. LAURENTI""",BELGIOIOSO,PAVIA,LOMBARDIA,SCUOLA PRIMARIA,primaria,7,capacita_esaurita_o_oltre_max_km
202425,1.0,42,statale,SCUOLA PRIMARIA,5,LIEE82803T,PRIMARIA ALIGHIERI,PIOMBINO,LIVORNO,TOSCANA,SCUOLA PRIMARIA,primaria,8,capacita_esaurita_o_oltre_max_km
202425,1.0,42,statale,SCUOLA PRIMARIA,5,CREE81601A,"""G. MARCONI""(CASALMAGGIORE CAP)",CASALMAGGIORE,CREMONA,LOMBARDIA,SCUOLA PRIMARIA,primaria,6,capacita_esaurita_o_oltre_max_km
202425,1.0,42,statale,SCUOLA PRIMARIA,5,MIEE8C501C,PRIMARIA GIUSEPPE CALASANZIO,MILANO,MILANO,LOMBARDIA,SCUOLA PRIMARIA,primaria,8,capacita_esaurita_o_oltre_max_km
202425,1.0,42,statale,SCUOLA PRIMARIA,5,MSEE810021,PRIMARIA TERRAROSSA,LICCIANA NARDI,MASSA-CARRARA,TOSCANA,SCUOLA PRIMARIA,primaria,2,capacita_esaurita_o_oltre_max_km
202425,1.0,42,statale,SCUOLA PRIMARIA,5,PGEE83201C,I.O. GIANO BASTARDO,GIANO DELL'UMBRIA,PERUGIA,UMBRIA,SCUOLA PRIMARIA,primaria,4,capacita_esaurita_o_oltre_max_km
202425,1.0,42,statale,SCUOLA PRIMARIA,5,PVEE808096,VALLE LOMELLINA,VALLE LOMELLINA,PAVIA,LOMBARDIA,SCUOLA PRIMARIA,primaria,2,capacita_esaurita_o_oltre_max_km
202425,1.0,42,statale,SCUOLA PRIMARIA,5,VREE816046,ALBAREDO D'ADIGE,ALBAREDO D'ADIGE,VERONA,VENETO,SCUOLA PRIMARIA,primaria,2,capacita_esaurita_o_oltre_max_km
202425,1.0,42,statale,SCUOLA PRIMARIA,5,VREE84102R,CASTELLETTO - CASTELLO,BRENZONE SUL GARDA,VERONA,VENETO,SCUOLA PRIMARIA,primaria,2,capacita_esaurita_o_oltre_max_km
202425,1.0,42,statale,SCUOLA PRIMARIA,5,PCEE80903N,PONTENURE-CAPOLUOGO,PONTENURE,PIACENZA,EMILIA ROMAGNA,SCUOLA PRIMARIA,primaria,2,capacita_esaurita_o_oltre_max_km
202425,1.0,42,statale,SCUOLA PRIMARIA,5,BOEE81602B,ADELFO GROSSO,BOLOGNA,BOLOGNA,EMILIA ROMAGNA,SCUOLA PRIMARIA,primaria,4,capacita_esaurita_o_oltre_max_km
202425,1.0,42,statale,SCUOLA PRIMARIA,5,CNEE833018,BARGE-CAPOLUOGO,BARGE,CUNEO,PIEMONTE,SCUOLA PRIMARIA,primaria,1,capacita_esaurita_o_oltre_max_km
202425,1.0,42,statale,SCUOLA PRIMARIA,5,ATEE816017,"""ROSSIGNOLI"" - NIZZA CAP.",NIZZA MONFERRATO,ASTI,PIEMONTE,SCUOLA PRIMARIA,primaria,9,capacita_esaurita_o_oltre_max_km
202425,1.0,42,statale,SCUOLA PRIMARIA,5,ATEE804044,"PRIMARIA ""TEN.TE F. RIVA""",MONTEMAGNO,ASTI,PIEMONTE,SCUOLA PRIMARIA,primaria,1,capacita_esaurita_o_oltre_max_km
202425,1.0,42,statale,SCUOLA PRIMARIA,5,BSEE85503N,A. FRANK INZINO,GARDONE VAL TROMPIA,BRESCIA,LOMBARDIA,SCUOLA PRIMARIA,primaria,2,capacita_esaurita_o_oltre_max_km
202425,1.0,42,statale,SCUOLA PRIMARIA,5,GREE82104G,CAPALBIO CAPOLUOGO PRIMARIA,CAPALBIO,GROSSETO,TOSCANA,SCUOLA PRIMARIA,primaria,1,capacita_esaurita_o_oltre_max_km
202425,1.0,42,statale,SCUOLA PRIMARIA,5,REEE81606V,VETTO CAP.,VETTO,REGGIO EMILIA,EMILIA ROMAGNA,SCUOLA PRIMARIA,primaria,1,capacita_esaurita_o_oltre_max_km
202425,1.0,42,statale,SCUOLA PRIMARIA,5,RGEE83101A,MARINA DI RAGUSA,RAGUSA,RAGUSA,SICILIA,SCUOLA PRIMARIA,primaria,4,capacita_esaurita_o_oltre_max_km
202425,1.0,42,statale,SCUOLA PRIMARIA,5,VREE89803N,"S.PIETRO DI LEGNAGO ""D. TRECCA""",LEGNAGO,VERONA,VENETO,SCUOLA PRIMARIA,primaria,1,capacita_esaurita_o_oltre_max_km
202425,1.0,42,statale,SCUOLA PRIMARIA,5,VEEE87402C,T. VECELLIO,VENEZIA,VENEZIA,VENETO,SCUOLA PRIMARIA,primaria,6,capacita_esaurita_o_oltre_max_km
202425,1.0,42,statale,SCUOLA PRIMARIA,5,ALEE83902X,"ALESSANDRIA ""A.FERRERO""",ALESSANDRIA,ALESSANDRIA,PIEMONTE,SCUOLA PRIMARIA,primaria,5,capacita_esaurita_o_oltre_max_km
202425,1.0,42,statale,SCUOLA PRIMARIA,5,BSEE84101N,G.A. GALIGNANI,PALAZZOLO SULL'OGLIO,BRESCIA,LOMBARDIA,SCUOLA PRIMARIA,primaria,5,capacita_esaurita_o_oltre_max_km
202425,1.0,42,statale,SCUOLA PRIMARIA,5,MNEE82802V,POMPONAZZO,MANTOVA,MANTOVA,LOMBARDIA,SCUOLA PRIMARIA,primaria,1,capacita_esaurita_o_oltre_max_km
202425,1.0,42,statale,SCUOLA PRIMARIA,5,SIEE807056,BALDASSARRE PERUZZI - SOVICILLE,SOVICILLE,SIENA,TOSCANA,SCUOLA PRIMARIA,primaria,5,capacita_esaurita_o_oltre_max_km
202425,1.0,42,statale,SCUOLA PRIMARIA,5,VREE882034,GIULIARI BARTOLOMEO-VR 10,VERONA,VERONA,VENETO,SCUOLA PRIMARIA,primaria,5,capacita_esaurita_o_oltre_max_km
202425,1.0,42,statale,SCUOLA PRIMARIA,5,VEEE871032,F.LLI BANDIERA-MALCONTENTA,VENEZIA,VENEZIA,VENETO,SCUOLA PRIMARIA,primaria,4,capacita_esaurita_o_oltre_max_km
202425,1.0,42,statale,SCUOLA PRIMARIA,5,VREE87202C,"BOVOLONE ""SCIPIONI""",BOVOLONE,VERONA,VENETO,SCUOLA PRIMARIA,primaria,3,capacita_esaurita_o_oltre_max_km
202425,1.0,42,statale,SCUOLA PRIMARIA,5,RAEE80601L,"""QUADRI LUIGI""",MASSA LOMBARDA,RAVENNA,EMILIA ROMAGNA,SCUOLA PRIMARIA,primaria,2,capacita_esaurita_o_oltre_max_km
202425,1.0,42,statale,SCUOLA PRIMARIA,5,GEEE80702G,SC. PR - L. GARAVENTA -A. GALLO,GENOVA,GENOVA,LIGURIA,SCUOLA PRIMARIA,primaria,3,capacita_esaurita_o_oltre_max_km
202425,1.0,42,statale,SCUOLA PRIMARIA,5,REEE813016,CAMPAGNOLA CAP.,CAMPAGNOLA EMILIA,REGGIO EMILIA,EMILIA ROMAGNA,SCUOLA PRIMARIA,primaria,5,capacita_esaurita_o_oltre_max_km
202425,1.0,42,statale,SCUOLA PRIMARIA,5,ROEE810028,VITT.DA FELTRE -CASTELGUGLIELMO,CASTELGUGLIELMO,ROVIGO,VENETO,SCUOLA PRIMARIA,primaria,2,capacita_esaurita_o_oltre_max_km
202425,1.0,42,statale,SCUOLA PRIMARIA,5,CREE80303A,PRIMARIA SESTO CREMONESE CAP.,SESTO ED UNITI,CREMONA,LOMBARDIA,SCUOLA PRIMARIA,primaria,4,capacita_esaurita_o_oltre_max_km
202425,1.0,42,statale,SCUOLA PRIMARIA,5,ATEE810029,SCUOLA PRIMARIA FERRERE CAP.,FERRERE,ASTI,PIEMONTE,SCUOLA PRIMARIA,primaria,1,capacita_esaurita_o_oltre_max_km
202425,1.0,42,statale,SCUOLA PRIMARIA,5,PCEE00304R,ALCIDE DE GASPERI,PIACENZA,PIACENZA,EMILIA ROMAGNA,SCUOLA PRIMARIA,primaria,4,capacita_esaurita_o_oltre_max_km
202425,1.0,42,statale,SCUOLA PRIMARIA,5,PVEE800017,SC. PRIM. S. MARIA DELLA VERSA,SANTA MARIA DELLA VERSA,PAVIA,LOMBARDIA,SCUOLA PRIMARIA,primaria,2,capacita_esaurita_o_oltre_max_km
202425,1.0,42,statale,SCUOLA PRIMARIA,5,BGEE84405R,"COVO ""A.LOCATELLI""",COVO,BERGAMO,LOMBARDIA,SCUOLA PRIMARIA,primaria,4,capacita_esaurita_o_oltre_max_km
202425,1.0,42,statale,SCUOLA PRIMARIA,5,MOEE81901Q,"""L.A. MURATORI "" SAN FELICE S/P",SAN FELICE SUL PANARO,MODENA,EMILIA ROMAGNA,SCUOLA PRIMARIA,primaria,7,capacita_esaurita_o_oltre_max_km
202425,1.0,42,statale,SCUOLA PRIMARIA,5,BOEE87203R,CROCE COPERTA,BOLOGNA,BOLOGNA,EMILIA ROMAGNA,SCUOLA PRIMARIA,primaria,4,capacita_esaurita_o_oltre_max_km
202425,1.0,42,statale,SCUOLA PRIMARIA,5,IMEE81201D,SC. ELEM. PIAZZA ULISSE CALVI,IMPERIA,IMPERIA,LIGURIA,SCUOLA PRIMARIA,primaria,4,capacita_esaurita_o_oltre_max_km
202425,1.0,42,statale,SCUOLA PRIMARIA,5,PREE833019,"""RENZO PEZZANI""",PARMA,PARMA,EMILIA ROMAGNA,SCUOLA PRIMARIA,primaria,5,capacita_esaurita_o_oltre_max_km
202425,1.0,42,statale,SCUOLA PRIMARIA,5,BSEE849018,SCUOLA PRIMARIA CAPOLUOGO,CARPENEDOLO,BRESCIA,LOMBARDIA,SCUOLA PRIMARIA,primaria,9,capacita_esaurita_o_oltre_max_km
202425,1.0,42,statale,SCUOLA PRIMARIA,5,CREE813042,""" A. MAROLI "" (MARTIGNANA PO)",MARTIGNANA DI PO,CREMONA,LOMBARDIA,SCUOLA PRIMARIA,primaria,2,capacita_esaurita_o_oltre_max_km
202425,1.0,42,statale,SCUOLA PRIMARIA,5,GEEE825025,S.EL. - CHIABRERA -,GENOVA,GENOVA,LIGURIA,SCUOLA PRIMARIA,primaria,3,capacita_esaurita_o_oltre_max_km
202425,1.0,42,statale,SCUOLA PRIMARIA,5,MIEE82201A,PRIMARIA VIA A. MANZONI,COLOGNO MONZESE,MILANO,LOMBARDIA,SCUOLA PRIMARIA,primaria,6,capacita_esaurita_o_oltre_max_km
202425,1.0,42,statale,SCUOLA PRIMARIA,5,PCEE007033,25 APRILE,PIACENZA,PIACENZA,EMILIA ROMAGNA,SCUOLA PRIMARIA,primaria,2,capacita_esaurita_o_oltre_max_km
202425,1.0,42,statale,SCUOLA PRIMARIA,5,BOEE840017,XXV APRILE 1945 - I.C. VERGATO,VERGATO,BOLOGNA,EMILIA ROMAGNA,SCUOLA PRIMARIA,primaria,2,capacita_esaurita_o_oltre_max_km
202425,1.0,42,statale,SCUOLA PRIMARIA,5,ALEE829018,"NOVI LIGURE ""G.RODARI""",NOVI LIGURE,ALESSANDRIA,PIEMONTE,SCUOLA PRIMARIA,primaria,2,capacita_esaurita_o_oltre_max_km
202425,1.0,42,statale,SCUOLA PRIMARIA,5,BGEE898022,"ROMANO DI LOMBARDIA ""G.PASCOLI""",ROMANO DI LOMBARDIA,BERGAMO,LOMBARDIA,SCUOLA PRIMARIA,primaria,3,capacita_esaurita_o_oltre_max_km
202425,1.0,42,statale,SCUOLA PRIMARIA,5,PCEE00303Q,FRAZ. SAN'ANTONIO,PIACENZA,PIACENZA,EMILIA ROMAGNA,SCUOLA PRIMARIA,primaria,2,capacita_esaurita_o_oltre_max_km
202425,1.0,42,statale,SCUOLA PRIMARIA,5,VREE895014,PRADELLE-MACULAN-BAGNOLO,NOGAROLE ROCCA,VERONA,VENETO,SCUOLA PRIMARIA,primaria,3,capacita_esaurita_o_oltre_max_km
202425,1.0,42,statale,SCUOLA PRIMARIA,5,BSEE865016,POLO SCUOLA PRIMARIA IC CHIARI,CHIARI,BRESCIA,LOMBARDIA,SCUOLA PRIMARIA,primaria,14,capacita_esaurita_o_oltre_max_km
202425,1.0,42,statale,SCUOLA PRIMARIA,5,FEEE823018,VIA XVIII APRILE-ARGENTA,ARGENTA,FERRARA,EMILIA ROMAGNA,SCUOLA PRIMARIA,primaria,1,capacita_esaurita_o_oltre_max_km
202425,1.0,42,statale,SCUOLA PRIMARIA,5,MIEE815017,MI-MASSAUA AGGR. SMS CARDARELLI,MILANO,MILANO,LOMBARDIA,SCUOLA PRIMARIA,primaria,3,capacita_esaurita_o_oltre_max_km
202425,1.0,42,statale,SCUOLA PRIMARIA,5,BSEE8AM02A,"PRIMARIA ""D. LORENZO MILANI""",PALAZZOLO SULL'OGLIO,BRESCIA,LOMBARDIA,SCUOLA PRIMARIA,primaria,2,capacita_esaurita_o_oltre_max_km
202425,1.0,42,statale,SCUOLA PRIMARIA,5,MIEE8DQ01E,PRIMARIA G.RODARI,MILANO,MILANO,LOMBARDIA,SCUOLA PRIMARIA,primaria,4,capacita_esaurita_o_oltre_max_km
202425,1.0,42,statale,SCUOLA PRIMARIA,5,TVEE88103L,S. PIO X - MEDUNA DI L.,MEDUNA DI LIVENZA,TREVISO,VENETO,SCUOLA PRIMARIA,primaria,1,capacita_esaurita_o_oltre_max_km
202425,1.0,42,statale,SCUOLA PRIMARIA,5,VEEE87404E,LOMBARDO RADICE,VENEZIA,VENEZIA,VENETO,SCUOLA PRIMARIA,primaria,4,capacita_esaurita_o_oltre_max_km
202425,1.0,42,statale,SCUOLA PRIMARIA,5,GREE81901C,SCUOLA PRIMARIA ROCCASTRADA,ROCCASTRADA,GROSSETO,TOSCANA,SCUOLA PRIMARIA,primaria,1,capacita_esaurita_o_oltre_max_km
202425,1.0,42,statale,SCUOLA PRIMARIA,5,NOEE81401X,BIANDRATE,BIANDRATE,NOVARA,PIEMONTE,SCUOLA PRIMARIA,primaria,2,capacita_esaurita_o_oltre_max_km
202425,1.0,42,statale,SCUOLA PRIMARIA,5,PVEE814026,"LINAROLO ""G. CORDONE""",LINAROLO,PAVIA,LOMBARDIA,SCUOLA PRIMARIA,primaria,2,capacita_esaurita_o_oltre_max_km
202425,1.0,42,statale,SCUOLA PRIMARIA,5,SIEE80503C,L. BONAZIA,SINALUNGA,SIENA,TOSCANA,SCUOLA PRIMARIA,primaria,2,capacita_esaurita_o_oltre_max_km
202425,1.0,42,statale,SCUOLA PRIMARIA,5,VTEE805028,PESCIA ROMANA,MONTALTO DI CASTRO,VITERBO,LAZIO,SCUOLA PRIMARIA,primaria,2,capacita_esaurita_o_oltre_max_km
202425,1.0,42,statale,SCUOLA PRIMARIA,5,CREE80002T,SCUOLA PRIMARIA ANNICCO,ANNICCO,CREMONA,LOMBARDIA,SCUOLA PRIMARIA,primaria,2,capacita_esaurita_o_oltre_max_km
202425,1.0,42,statale,SCUOLA PRIMARIA,5,CREE81301V,""" A. MINA "" (GUSSOLA)",GUSSOLA,CREMONA,LOMBARDIA,SCUOLA PRIMARIA,primaria,3,capacita_esaurita_o_oltre_max_km
202425,1.0,42,statale,SCUOLA PRIMARIA,5,MNEE81505X,"CASTELDARIO ""G. CARDUCCI""",CASTEL D'ARIO,MANTOVA,LOMBARDIA,SCUOLA PRIMARIA,primaria,3,capacita_esaurita_o_oltre_max_km
202425,1.0,42,statale,SCUOLA PRIMARIA,5,RAEE81802X,"""GINNASI ALESSANDRO""",CASTEL BOLOGNESE,RAVENNA,EMILIA ROMAGNA,SCUOLA PRIMARIA,primaria,3,capacita_esaurita_o_oltre_max_km
202425,1.0,42,statale,SCUOLA PRIMARIA,5,NOEE82402G,"""RODARI""",NOVARA,NOVARA,PIEMONTE,SCUOLA PRIMARIA,primaria,3,capacita_esaurita_o_oltre_max_km
202425,1.0,42,statale,SCUOLA PRIMARIA,5,GREE81506A,"MASSA M/MA ""DON CURZIO BRESCHI""",MASSA MARITTIMA,GROSSETO,TOSCANA,SCUOLA PRIMARIA,primaria,3,capacita_esaurita_o_oltre_max_km
202425,1.0,42,statale,SCUOLA PRIMARIA,5,LIEE80802G,"""MARGHERITA HACK""",CASTAGNETO CARDUCCI,LIVORNO,TOSCANA,SCUOLA PRIMARIA,primaria,2,capacita_esaurita_o_oltre_max_km
202425,1.0,42,statale,SCUOLA PRIMARIA,5,BOEE854037,GIUSEPPE GARIBALDI,BOLOGNA,BOLOGNA,EMILIA ROMAGNA,SCUOLA PRIMARIA,primaria,3,capacita_esaurita_o_oltre_max_km
202425,1.0,42,statale,SCUOLA PRIMARIA,5,REEE84101A,GINO BARTALI,REGGIO NELL'EMILIA,REGGIO EMILIA,EMILIA ROMAGNA,SCUOLA PRIMARIA,primaria,3,capacita_esaurita_o_oltre_max_km
202425,1.0,42,statale,SCUOLA PRIMARIA,5,MOEE846025,"""G.LEOPARDI"" MODENA",MODENA,MODENA,EMILIA ROMAGNA,SCUOLA PRIMARIA,primaria,4,capacita_esaurita_o_oltre_max_km
202425,1.0,42,statale,SCUOLA PRIMARIA,5,MIEE8FP01X,PRIMARIA VIA GUICCIARDI,MILANO,MILANO,LOMBARDIA,SCUOLA PRIMARIA,primaria,4,capacita_esaurita_o_oltre_max_km
202425,1.0,42,statale,SCUOLA PRIMARIA,5,MIEE8CS036,PRIMARIA F.CARACCIOLO,MILANO,MILANO,LOMBARDIA,SCUOLA PRIMARIA,primaria,5,capacita_esaurita_o_oltre_max_km
202425,1.0,42,statale,SCUOLA PRIMARIA,5,BOEE825015,PRIMARIA MALALBERGO ALTEDO,MALALBERGO,BOLOGNA,EMILIA ROMAGNA,SCUOLA PRIMARIA,primaria,5,capacita_esaurita_o_oltre_max_km
202425,1.0,42,statale,SCUOLA PRIMARIA,5,ALEE810039,"""G.UNGARETTI - MONTECHIARO",MONTECHIARO D'ACQUI,ALESSANDRIA,PIEMONTE,SCUOLA PRIMARIA,primaria,1,capacita_esaurita_o_oltre_max_km
202425,1.0,42,statale,SCUOLA PRIMARIA,5,ALEE812042,"SAN SEBASTIANO CURONE- ""F.GIANI",SAN SEBASTIANO CURONE,ALESSANDRIA,PIEMONTE,SCUOLA PRIMARIA,primaria,1,capacita_esaurita_o_oltre_max_km
202425,1.0,42,statale,SCUOLA PRIMARIA,5,ALEE82201D,"""G. LANZA"" - TICINETO",TICINETO,ALESSANDRIA,PIEMONTE,SCUOLA PRIMARIA,primaria,1,capacita_esaurita_o_oltre_max_km
202425,1.0,42,statale,SCUOLA PRIMARIA,5,ATEE81501B,SCUOLA PRIMARIA DI MOMBARUZZO,MOMBARUZZO,ASTI,PIEMONTE,SCUOLA PRIMARIA,primaria,1,capacita_esaurita_o_oltre_max_km
202425,1.0,42,statale,SCUOLA PRIMARIA,5,ATEE81506L,SCUOLA PRIMAR CASTEL BOGLIONE,CASTEL BOGLIONE,ASTI,PIEMONTE,SCUOLA PRIMARIA,primaria,1,capacita_esaurita_o_oltre_max_km
202425,1.0,42,statale,SCUOLA PRIMARIA,5,BGEE85105X,VALBONDIONE - CAP.,VALBONDIONE,BERGAMO,LOMBARDIA,SCUOLA PRIMARIA,primaria,1,capacita_esaurita_o_oltre_max_km
202425,1.0,42,statale,SCUOLA PRIMARIA,5,BGEE891038,VILLONGO,VILLONGO,BERGAMO,LOMBARDIA,SCUOLA PRIMARIA,primaria,3,capacita_esaurita_o_oltre_max_km
202425,1.0,42,statale,SCUOLA PRIMARIA,5,BOEE85802D,FIORINI,BOLOGNA,BOLOGNA,EMILIA ROMAGNA,SCUOLA PRIMARIA,primaria,1,capacita_esaurita_o_oltre_max_km
202425,1.0,42,statale,SCUOLA PRIMARIA,5,BOEE87301E,ZAMBONI - I.C. N. 16 BOLOGNA,BOLOGNA,BOLOGNA,EMILIA ROMAGNA,SCUOLA PRIMARIA,primaria,2,capacita_esaurita_o_oltre_max_km
202425,1.0,42,statale,SCUOLA PRIMARIA,5,BSEE808012,"ARTOGNE ""DIVISIONE ACQUI""",ARTOGNE,BRESCIA,LOMBARDIA,SCUOLA PRIMARIA,primaria,2,capacita_esaurita_o_oltre_max_km
202425,1.0,42,statale,SCUOLA PRIMARIA,5,BSEE86904L,PRIMARIA TIGNALE FRAZ.GARDOLA,TIGNALE,BRESCIA,LOMBARDIA,SCUOLA PRIMARIA,primaria,1,capacita_esaurita_o_oltre_max_km
202425,1.0,42,statale,SCUOLA PRIMARIA,5,BSEE8AE048,SCUOLA PRIMARIA MURA,MURA,BRESCIA,LOMBARDIA,SCUOLA PRIMARIA,primaria,1,capacita_esaurita_o_oltre_max_km
202425,1.0,42,statale,SCUOLA PRIMARIA,5,CHEE034023,CARPINETO SINELLO CAPOLUOGO,CARPINETO SINELLO,CHIETI,ABRUZZO,SCUOLA PRIMARIA,primaria,1,capacita_esaurita_o_oltre_max_km
202425,1.0,42,statale,SCUOLA PRIMARIA,5,CNEE81414D,MURAZZANO CAPOL.,MURAZZANO,CUNEO,PIEMONTE,SCUOLA PRIMARIA,primaria,1,capacita_esaurita_o_oltre_max_km
202425,1.0,42,statale,SCUOLA PRIMARIA,5,CREE82403B,CAVATIGOZZI,CREMONA,CREMONA,LOMBARDIA,SCUOLA PRIMARIA,primaria,1,capacita_esaurita_o_oltre_max_km
202425,1.0,42,statale,SCUOLA PRIMARIA,5,CSEE824062,FRANCAV/CERCH - S.LORENZO BELL.,SAN LORENZO BELLIZZI,COSENZA,CALABRIA,SCUOLA PRIMARIA,primaria,1,capacita_esaurita_o_oltre_max_km
202425,1.0,42,statale,SCUOLA PRIMARIA,5,CSEE83202R,SAN GIORGIO ALBANESE - CENTRO,SAN GIORGIO ALBANESE,COSENZA,CALABRIA,SCUOLA PRIMARIA,primaria,1,capacita_esaurita_o_oltre_max_km
202425,1.0,42,statale,SCUOLA PRIMARIA,5,FEEE808016,VIA MASI-S.BARTOLOMEO IN B.,FERRARA,FERRARA,EMILIA ROMAGNA,SCUOLA PRIMARIA,primaria,1,capacita_esaurita_o_oltre_max_km
202425,1.0,42,statale,SCUOLA PRIMARIA,5,FIEE826046,"""DOMENICO GIULIOTTI"" -CAPOLUOGO",GREVE IN CHIANTI,FIRENZE,TOSCANA,SCUOLA PRIMARIA,primaria,3,capacita_esaurita_o_oltre_max_km
202425,1.0,42,statale,SCUOLA PRIMARIA,5,FREE807034,TREVI NEL LAZIO CAPOLUOGO,TREVI NEL LAZIO,FROSINONE,LAZIO,SCUOLA PRIMARIA,primaria,1,capacita_esaurita_o_oltre_max_km
202425,1.0,42,statale,SCUOLA PRIMARIA,5,GREE817051,"CINIGIANO CAP. - ""G.ALFIERI""",CINIGIANO,GROSSETO,TOSCANA,SCUOLA PRIMARIA,primaria,1,capacita_esaurita_o_oltre_max_km
202425,1.0,42,statale,SCUOLA PRIMARIA,5,IMEE80006C,RANZO - BACELEGA -,RANZO,IMPERIA,LIGURIA,SCUOLA PRIMARIA,primaria,1,capacita_esaurita_o_oltre_max_km
202425,1.0,42,statale,SCUOLA PRIMARIA,5,IMEE81102P,SC. PRIM. CASTELVECCHIO,IMPERIA,IMPERIA,LIGURIA,SCUOLA PRIMARIA,primaria,2,capacita_esaurita_o_oltre_max_km
202425,1.0,42,statale,SCUOLA PRIMARIA,5,LUEE822039,PRIMARIA SCESTA,BAGNI DI LUCCA,LUCCA,TOSCANA,SCUOLA PRIMARIA,primaria,1,capacita_esaurita_o_oltre_max_km
202425,1.0,42,statale,SCUOLA PRIMARIA,5,MTEE81102X,VIA DELLA VITTORIA-ALIANO,ALIANO,MATERA,BASILICATA,SCUOLA PRIMARIA,primaria,1,capacita_esaurita_o_oltre_max_km
202425,1.0,42,statale,SCUOLA PRIMARIA,5,PGEE813035,"""DOMENICO MUSTAFA' ""- SELLANO",SELLANO,PERUGIA,UMBRIA,SCUOLA PRIMARIA,primaria,1,capacita_esaurita_o_oltre_max_km
202425,1.0,42,statale,SCUOLA PRIMARIA,5,PNEE81702L,"PRAVISDOMINI ""P. A. BUODO""",PRAVISDOMINI,PORDENONE,FRIULI-VENEZIA G.,SCUOLA PRIMARIA,primaria,1,capacita_esaurita_o_oltre_max_km
202425,1.0,42,statale,SCUOLA PRIMARIA,5,POEE81102A,MEROPE,VERNIO,PRATO,TOSCANA,SCUOLA PRIMARIA,primaria,1,capacita_esaurita_o_oltre_max_km
202425,1.0,42,statale,SCUOLA PRIMARIA,5,PREE822031,POLESINE - ZIBELLO,POLESINE ZIBELLO,PARMA,EMILIA ROMAGNA,SCUOLA PRIMARIA,primaria,1,capacita_esaurita_o_oltre_max_km
202425,1.0,42,statale,SCUOLA PRIMARIA,5,PSEE808025,APECCHIO - CAP.GO,APECCHIO,PESARO E URBINO,MARCHE,SCUOLA PRIMARIA,primaria,1,capacita_esaurita_o_oltre_max_km
202425,1.0,42,statale,SCUOLA PRIMARIA,5,PVEE801035,PIEVE PORTO MORONE,PIEVE PORTO MORONE,PAVIA,LOMBARDIA,SCUOLA PRIMARIA,primaria,2,capacita_esaurita_o_oltre_max_km
202425,1.0,42,statale,SCUOLA PRIMARIA,5,RIEE81103X,"""PROF. BENEDETTO BARBERI""",CITTAREALE,RIETI,LAZIO,SCUOLA PRIMARIA,primaria,1,capacita_esaurita_o_oltre_max_km
202425,1.0,42,statale,SCUOLA PRIMARIA,5,SAEE83006E,BELLOSGUARDO CAP. P.P.,BELLOSGUARDO,SALERNO,CAMPANIA,SCUOLA PRIMARIA,primaria,1,capacita_esaurita_o_oltre_max_km
202425,1.0,42,statale,SCUOLA PRIMARIA,5,SPEE802089,BORGHETTO VARA CAPOLUOGO,BORGHETTO DI VARA,LA SPEZIA,LIGURIA,SCUOLA PRIMARIA,primaria,1,capacita_esaurita_o_oltre_max_km
202425,1.0,42,statale,SCUOLA PRIMARIA,5,SVEE81508T,ALBENGA II - ZUCCARELLO,ZUCCARELLO,SAVONA,LIGURIA,SCUOLA PRIMARIA,primaria,1,capacita_esaurita_o_oltre_max_km
202425,1.0,42,statale,SCUOLA PRIMARIA,5,TOEE8CF029,I.C. BOBBIO - NOVARO - C.LEVI,TORINO,TORINO,PIEMONTE,SCUOLA PRIMARIA,primaria,4,capacita_esaurita_o_oltre_max_km
202425,1.0,42,statale,SCUOLA PRIMARIA,5,VREE816035,CORIANO,ALBAREDO D'ADIGE,VERONA,VENETO,SCUOLA PRIMARIA,primaria,1,capacita_esaurita_o_oltre_max_km
202425,1.0,42,statale,SCUOLA PRIMARIA,5,VREE84203N,"BONAVIGO ""ALEARDI A.""",BONAVIGO,VERONA,VENETO,SCUOLA PRIMARIA,primaria,1,capacita_esaurita_o_oltre_max_km
202425,1.0,42,statale,SCUOLA PRIMARIA,5,VVEE822124,CAPOLUOGO (IOPPOLO),JOPPOLO,VIBO VALENTIA,CALABRIA,SCUOLA PRIMARIA,primaria,1,capacita_esaurita_o_oltre_max_km
202425,1.0,42,statale,SCUOLA PRIMARIA,5,PREE82501A,"""L. EINAUDI""",PARMA,PARMA,EMILIA ROMAGNA,SCUOLA PRIMARIA,primaria,5,capacita_esaurita_o_oltre_max_km
202425,1.0,42,statale,SCUOLA PRIMARIA,5,PVEE822014,STRADELLA,STRADELLA,PAVIA,LOMBARDIA,SCUOLA PRIMARIA,primaria,1,capacita_esaurita_o_oltre_max_km
202425,1.0,42,statale,SCUOLA PRIMARIA,5,BOEE87702V,BRUNO MONTERUMICI,BOLOGNA,BOLOGNA,EMILIA ROMAGNA,SCUOLA PRIMARIA,primaria,3,capacita_esaurita_o_oltre_max_km
202425,1.0,42,statale,SCUOLA PRIMARIA,5,BGEE842022,SCUOLA PRIMARIA CISERANO,CISERANO,BERGAMO,LOMBARDIA,SCUOLA PRIMARIA,primaria,1,capacita_esaurita_o_oltre_max_km
202425,1.0,42,statale,SCUOLA PRIMARIA,5,MIEE836018,RITA LEVI-MONTALCINI,TURBIGO,MILANO,LOMBARDIA,SCUOLA PRIMARIA,primaria,3,capacita_esaurita_o_oltre_max_km
202425,1.0,42,statale,SCUOLA PRIMARIA,5,PIEE810029,COPERNICO,SANTA CROCE SULL'ARNO,PISA,TOSCANA,SCUOLA PRIMARIA,primaria,2,capacita_esaurita_o_oltre_max_km
202425,1.0,42,statale,SCUOLA PRIMARIA,5,POEE81601C,CLAUDIO PUDDU - LOC.MALISETI,PRATO,PRATO,TOSCANA,SCUOLA PRIMARIA,primaria,2,capacita_esaurita_o_oltre_max_km
202425,1.0,42,statale,SCUOLA PRIMARIA,5,TOEE8BV03X,I.C. DUCA D'AOSTA - CALVINO,TORINO,TORINO,PIEMONTE,SCUOLA PRIMARIA,primaria,2,capacita_esaurita_o_oltre_max_km
202425,1.0,42,statale,SCUOLA PRIMARIA,5,FIEE86501N,L. IL MAGNIFICO,CAMPI BISENZIO,FIRENZE,TOSCANA,SCUOLA PRIMARIA,primaria,4,capacita_esaurita_o_oltre_max_km
202425,1.0,42,statale,SCUOLA PRIMARIA,5,MIEE8EH026,PRIMARIAVESPUCCI,COLOGNO MONZESE,MILANO,LOMBARDIA,SCUOLA PRIMARIA,primaria,2,capacita_esaurita_o_oltre_max_km
202425,1.0,42,statale,SCUOLA PRIMARIA,5,SVEE81506Q,ALBENGA II - PACCINI,ALBENGA,SAVONA,LIGURIA,SCUOLA PRIMARIA,primaria,2,capacita_esaurita_o_oltre_max_km
202425,1.0,42,statale,SCUOLA PRIMARIA,5,BGEE843051,ROGNO CAP.,ROGNO,BERGAMO,LOMBARDIA,SCUOLA PRIMARIA,primaria,2,capacita_esaurita_o_oltre_max_km
202425,1.0,42,statale,SCUOLA PRIMARIA,5,GEEE826032,S.EL.ST. M. MAZZA,GENOVA,GENOVA,LIGURIA,SCUOLA PRIMARIA,primaria,2,capacita_esaurita_o_oltre_max_km
202425,1.0,42,statale,SCUOLA PRIMARIA,5,FIEE871011,VIALE DI VITTORIO,CASTELFIORENTINO,FIRENZE,TOSCANA,SCUOLA PRIMARIA,primaria,3,capacita_esaurita_o_oltre_max_km
202425,1.0,42,statale,SCUOLA PRIMARIA,5,MIEE8DG03R,PRIMARIA C.POERIO,MILANO,MILANO,LOMBARDIA,SCUOLA PRIMARIA,primaria,3,capacita_esaurita_o_oltre_max_km
202425,1.0,42,statale,SCUOLA PRIMARIA,5,VCEE80002N,TRINO CAPOLUOGO,TRINO,VERCELLI,PIEMONTE,SCUOLA PRIMARIA,primaria,2,capacita_esaurita_o_oltre_max_km
202425,1.0,42,statale,SCUOLA PRIMARIA,5,MOEE817058,"""LEONARDO DA VINCI"" CARPI",CARPI,MODENA,EMILIA ROMAGNA,SCUOLA PRIMARIA,primaria,2,capacita_esaurita_o_oltre_max_km
202425,1.0,42,statale,SCUOLA PRIMARIA,5,MIEE8C8032,PRIMARIA MARZABOTTO,SESTO SAN GIOVANNI,MILANO,LOMBARDIA,SCUOLA PRIMARIA,primaria,2,capacita_esaurita_o_oltre_max_km
202425,1.0,42,statale,SCUOLA PRIMARIA,5,FOEE827014,I.C. 6 - SAFFI A.,FORLI',FORLI'-CESENA,EMILIA ROMAGNA,SCUOLA PRIMARIA,primaria,3,capacita_esaurita_o_oltre_max_km
202425,1.0,42,statale,SCUOLA PRIMARIA,5,REEE848015,CA' BIANCA,REGGIO NELL'EMILIA,REGGIO EMILIA,EMILIA ROMAGNA,SCUOLA PRIMARIA,primaria,2,capacita_esaurita_o_oltre_max_km
202425,1.0,42,statale,SCUOLA PRIMARIA,5,ROEE80005R,FLEMING A.- CASTELNOVO BARIANO,CASTELNOVO BARIANO,ROVIGO,VENETO,SCUOLA PRIMARIA,primaria,1,capacita_esaurita_o_oltre_max_km
202425,1.0,42,statale,SCUOLA PRIMARIA,5,ROEE808039,VIA MARCONI-POLESELLA,POLESELLA,ROVIGO,VENETO,SCUOLA PRIMARIA,primaria,1,capacita_esaurita_o_oltre_max_km
202425,1.0,42,statale,SCUOLA PRIMARIA,5,VREE84201G,ROVERCHIARA-PASCOLI G.,ROVERCHIARA,VERONA,VENETO,SCUOLA PRIMARIA,primaria,1,capacita_esaurita_o_oltre_max_km
202425,1.0,42,statale,SCUOLA PRIMARIA,5,RAEE808018,"""FORESTI F.""",CONSELICE,RAVENNA,EMILIA ROMAGNA,SCUOLA PRIMARIA,primaria,2,capacita_esaurita_o_oltre_max_km
202425,1.0,42,statale,SCUOLA PRIMARIA,5,MNEE80302E,CASTEL GOFFREDO,CASTEL GOFFREDO,MANTOVA,LOMBARDIA,SCUOLA PRIMARIA,primaria,1,capacita_esaurita_o_oltre_max_km
202425,1.0,42,statale,SCUOLA PRIMARIA,5,MNEE820017,"OSTIGLIA ""C.COLLODI""",OSTIGLIA,MANTOVA,LOMBARDIA,SCUOLA PRIMARIA,primaria,2,capacita_esaurita_o_oltre_max_km
202425,1.0,42,statale,SCUOLA PRIMARIA,5,ALEE81802V,"""ROBOTTI"" - FUBINE",FUBINE MONFERRATO,ALESSANDRIA,PIEMONTE,SCUOLA PRIMARIA,primaria,1,capacita_esaurita_o_oltre_max_km
202425,1.0,42,statale,SCUOLA PRIMARIA,5,BGEE83203C,PUMENENGO,PUMENENGO,BERGAMO,LOMBARDIA,SCUOLA PRIMARIA,primaria,1,capacita_esaurita_o_oltre_max_km
202425,1.0,42,statale,SCUOLA PRIMARIA,5,LOEE807043,PRIMARIA - SENNA LODIGIANA,SENNA LODIGIANA,LODI,LOMBARDIA,SCUOLA PRIMARIA,primaria,1,capacita_esaurita_o_oltre_max_km
202425,1.0,42,statale,SCUOLA PRIMARIA,5,MOEE80502V,"""C. BATTISTI"" NOVI DI MODENA",NOVI DI MODENA,MODENA,EMILIA ROMAGNA,SCUOLA PRIMARIA,primaria,1,capacita_esaurita_o_oltre_max_km
202425,1.0,42,statale,SCUOLA PRIMARIA,5,PREE812018,BORGOTARO V. MONTEGRAPPA,BORGO VAL DI TARO,PARMA,EMILIA ROMAGNA,SCUOLA PRIMARIA,primaria,1,capacita_esaurita_o_oltre_max_km
202425,1.0,42,statale,SCUOLA PRIMARIA,5,RAEE81201X,CORSO MATTEOTTI,ALFONSINE,RAVENNA,EMILIA ROMAGNA,SCUOLA PRIMARIA,primaria,1,capacita_esaurita_o_oltre_max_km
202425,1.0,42,statale,SCUOLA PRIMARIA,5,AREE83301A,"""ENRICO FERMI""",MARCIANO DELLA CHIANA,AREZZO,TOSCANA,SCUOLA PRIMARIA,primaria,1,capacita_esaurita_o_oltre_max_km
202425,1.0,42,statale,SCUOLA PRIMARIA,5,BOEE825026,PRIMARIA BRUNO MUNARI BARICELLA,BARICELLA,BOLOGNA,EMILIA ROMAGNA,SCUOLA PRIMARIA,primaria,2,capacita_esaurita_o_oltre_max_km
202425,1.0,42,statale,SCUOLA PRIMARIA,5,BSEE808034,PIAN CAMUNO CAP.,PIAN CAMUNO,BRESCIA,LOMBARDIA,SCUOLA PRIMARIA,primaria,1,capacita_esaurita_o_oltre_max_km
202425,1.0,42,statale,SCUOLA PRIMARIA,5,MNEE819046,VILLA POMA,BORGO MANTOVANO,MANTOVA,LOMBARDIA,SCUOLA PRIMARIA,primaria,1,capacita_esaurita_o_oltre_max_km
202425,1.0,42,statale,SCUOLA PRIMARIA,5,PVEE808063,CANDIA LOMELLINA,CANDIA LOMELLINA,PAVIA,LOMBARDIA,SCUOLA PRIMARIA,primaria,1,capacita_esaurita_o_oltre_max_km
202425,1.0,42,statale,SCUOLA PRIMARIA,5,RAEE82101P,LUIGI BATTAGLIA,FUSIGNANO,RAVENNA,EMILIA ROMAGNA,SCUOLA PRIMARIA,primaria,2,capacita_esaurita_o_oltre_max_km
202425,1.0,42,statale,SCUOLA PRIMARIA,5,PREE020018,CORAZZA,PARMA,PARMA,EMILIA ROMAGNA,SCUOLA PRIMARIA,primaria,2,capacita_esaurita_o_oltre_max_km
202425,1.0,42,statale,SCUOLA PRIMARIA,5,REEE82901Q,FABBRICO CAP.,FABBRICO,REGGIO EMILIA,EMILIA ROMAGNA,SCUOLA PRIMARIA,primaria,1,capacita_esaurita_o_oltre_max_km
202425,1.0,42,statale,SCUOLA PRIMARIA,5,BOEE85302A,CARLO CHIOSTRI,BOLOGNA,BOLOGNA,EMILIA ROMAGNA,SCUOLA PRIMARIA,primaria,1,capacita_esaurita_o_oltre_max_km
202425,1.0,42,statale,SCUOLA PRIMARIA,5,MIEE8AQ02Q,PRIMARIA M.TE ORTIGARA,CINISELLO BALSAMO,MILANO,LOMBARDIA,SCUOLA PRIMARIA,primaria,2,capacita_esaurita_o_oltre_max_km
202425,1.0,42,statale,SCUOLA PRIMARIA,5,BGEE84902R,GORLAGO,GORLAGO,BERGAMO,LOMBARDIA,SCUOLA PRIMARIA,primaria,1,capacita_esaurita_o_oltre_max_km
202425,1.0,42,statale,SCUOLA PRIMARIA,5,TVEE88101E,ALEANDRO - MOTTA DI L. CAP.,MOTTA DI LIVENZA,TREVISO,VENETO,SCUOLA PRIMARIA,primaria,1,capacita_esaurita_o_oltre_max_km
202425,1.0,42,statale,SCUOLA PRIMARIA,5,ALEE825022,"ALESSANDRIA ""VILLAGGIO EUROPA""",ALESSANDRIA,ALESSANDRIA,PIEMONTE,SCUOLA PRIMARIA,primaria,1,capacita_esaurita_o_oltre_max_km
202425,1.0,42,statale,SCUOLA PRIMARIA,5,GEEE85202D,S.EL. - E.SALGARI -,GENOVA,GENOVA,LIGURIA,SCUOLA PRIMARIA,primaria,1,capacita_esaurita_o_oltre_max_km
202425,1.0,42,statale,SCUOLA PRIMARIA,5,ALEE81301P,"ARQUATA SCRIVIA ""G.PASCOLI""",ARQUATA SCRIVIA,ALESSANDRIA,PIEMONTE,SCUOLA PRIMARIA,primaria,1,capacita_esaurita_o_oltre_max_km
202425,1.0,42,statale,SCUOLA PRIMARIA,5,LOEE807054,PRIMARIA - SALVO D'ACQUISTO,OSPEDALETTO LODIGIANO,LODI,LOMBARDIA,SCUOLA PRIMARIA,primaria,1,capacita_esaurita_o_oltre_max_km
202425,1.0,42,statale,SCUOLA PRIMARIA,5,MOEE83502P,"""C.A. DALLA CHIESA "" MASSA FIN.",FINALE EMILIA,MODENA,EMILIA ROMAGNA,SCUOLA PRIMARIA,primaria,1,capacita_esaurita_o_oltre_max_km
202425,1.0,42,statale,SCUOLA PRIMARIA,5,PREE83802D,LUIGI RICCARDI,LANGHIRANO,PARMA,EMILIA ROMAGNA,SCUOLA PRIMARIA,primaria,1,capacita_esaurita_o_oltre_max_km
202425,1.0,42,statale,SCUOLA PRIMARIA,5,TOEE879016,I.C. VIVALDI-MURIALDO,TORINO,TORINO,PIEMONTE,SCUOLA PRIMARIA,primaria,1,capacita_esaurita_o_oltre_max_km
202425,1.0,42,statale,SCUOLA PRIMARIA,5,BGEE84901Q,ELEMENTARE CAROBBIO,CAROBBIO DEGLI ANGELI,BERGAMO,LOMBARDIA,SCUOLA PRIMARIA,primaria,1,capacita_esaurita_o_oltre_max_km
202425,1.0,42,statale,SCUOLA PRIMARIA,5,CREE821052,"""CAPRA PLASIO""",CREMONA,CREMONA,LOMBARDIA,SCUOLA PRIMARIA,primaria,1,capacita_esaurita_o_oltre_max_km
202425,1.0,42,statale,SCUOLA PRIMARIA,5,VEEE82506B,PAOLA E ANGELA RAMPULLA,ANNONE VENETO,VENEZIA,VENETO,SCUOLA PRIMARIA,primaria,1,capacita_esaurita_o_oltre_max_km
202425,1.0,42,statale,SCUOLA PRIMARIA,5,FEEE80501P,SCUOLA PRIMARIA G. LEOPARDI,POGGIO RENATICO,FERRARA,EMILIA ROMAGNA,SCUOLA PRIMARIA,primaria,1,capacita_esaurita_o_oltre_max_km
202425,1.0,42,statale,SCUOLA PRIMARIA,5,ALEE825011,"ALESSANDRIA ""G.GALILEI""",ALESSANDRIA,ALESSANDRIA,PIEMONTE,SCUOLA PRIMARIA,primaria,1,capacita_esaurita_o_oltre_max_km
202425,1.0,42,statale,SCUOLA PRIMARIA,5,AREE83302B,"""GUGLIELMO MARCONI""",MARCIANO DELLA CHIANA,AREZZO,TOSCANA,SCUOLA PRIMARIA,primaria,1,capacita_esaurita_o_oltre_max_km
202425,1.0,42,statale,SCUOLA PRIMARIA,5,ATEE80504X,MONTECHIARO D'ASTI,MONTECHIARO D'ASTI,ASTI,PIEMONTE,SCUOLA PRIMARIA,primaria,1,capacita_esaurita_o_oltre_max_km
202425,1.0,42,statale,SCUOLA PRIMARIA,5,BOEE81503L,MADER - I.C. N. 4 BOLOGNA,BOLOGNA,BOLOGNA,EMILIA ROMAGNA,SCUOLA PRIMARIA,primaria,1,capacita_esaurita_o_oltre_max_km
202425,1.0,42,statale,SCUOLA PRIMARIA,5,BOEE85804G,ALDO MORO,BOLOGNA,BOLOGNA,EMILIA ROMAGNA,SCUOLA PRIMARIA,primaria,1,capacita_esaurita_o_oltre_max_km
202425,1.0,42,statale,SCUOLA PRIMARIA,5,BOEE87202Q,DOZZA,BOLOGNA,BOLOGNA,EMILIA ROMAGNA,SCUOLA PRIMARIA,primaria,1,capacita_esaurita_o_oltre_max_km
202425,1.0,42,statale,SCUOLA PRIMARIA,5,BSEE887035,PRIMARIA E. MONTALE BRESCIA,BRESCIA,BRESCIA,LOMBARDIA,SCUOLA PRIMARIA,primaria,1,capacita_esaurita_o_oltre_max_km
202425,1.0,42,statale,SCUOLA PRIMARIA,5,MOEE84401C,"""NICOLA PISANO"" MODENA",MODENA,MODENA,EMILIA ROMAGNA,SCUOLA PRIMARIA,primaria,1,capacita_esaurita_o_oltre_max_km
202425,1.0,42,statale,SCUOLA PRIMARIA,5,PREE82305V,"CALESTANO ""VERTI-OLLARI""",CALESTANO,PARMA,EMILIA ROMAGNA,SCUOLA PRIMARIA,primaria,1,capacita_esaurita_o_oltre_max_km
202425,1.0,42,statale,SCUOLA PRIMARIA,5,VREE89806R,"TERRANEGRA ""G.UNGARETTI""",LEGNAGO,VERONA,VENETO,SCUOLA PRIMARIA,primaria,1,capacita_esaurita_o_oltre_max_km
202425,1.0,42,statale,SCUOLA PRIMARIA,5,VREE88502E,SIMONI R.,VERONA,VERONA,VENETO,SCUOLA PRIMARIA,primaria,1,capacita_esaurita_o_oltre_max_km
202425,1.0,42,statale,SCUOLA SECONDARIA I GRADO,1,ANMM81801B,"ANCONA ""PODESTI""",ANCONA,ANCONA,MARCHE,SCUOLA PRIMO GRADO,secondaria_primo_grado,5,capacita_esaurita_o_oltre_max_km
202425,1.0,42,statale,SCUOLA SECONDARIA I GRADO,1,POMM80801C,BOGARDO BURICCHI,PRATO,PRATO,TOSCANA,SCUOLA PRIMO GRADO,secondaria_primo_grado,76,capacita_esaurita_o_oltre_max_km
202425,1.0,42,statale,SCUOLA SECONDARIA I GRADO,1,POMM809018,SER LAPO MAZZEI,PRATO,PRATO,TOSCANA,SCUOLA PRIMO GRADO,secondaria_primo_grado,44,capacita_esaurita_o_oltre_max_km
202425,1.0,42,statale,SCUOLA SECONDARIA I GRADO,1,BSMM88501A,SEC. I ROMANINO BRESCIA,BRESCIA,BRESCIA,LOMBARDIA,SCUOLA PRIMO GRADO,secondaria_primo_grado,14,capacita_esaurita_o_oltre_max_km
202425,1.0,42,statale,SCUOLA SECONDARIA I GRADO,1,POMM804015,CURZIO MALAPARTE,PRATO,PRATO,TOSCANA,SCUOLA PRIMO GRADO,secondaria_primo_grado,61,capacita_esaurita_o_oltre_max_km
202425,1.0,42,statale,SCUOLA SECONDARIA I GRADO,1,GRMM82101B,SATURNIA MEDIE,MANCIANO,GROSSETO,TOSCANA,SCUOLA PRIMO GRADO,secondaria_primo_grado,3,capacita_esaurita_o_oltre_max_km
202425,1.0,42,statale,SCUOLA SECONDARIA I GRADO,1,TOMM8B8018,I.C. GABELLI - VIA SCARLATTI,TORINO,TORINO,PIEMONTE,SCUOLA PRIMO GRADO,secondaria_primo_grado,23,capacita_esaurita_o_oltre_max_km
202425,1.0,42,statale,SCUOLA SECONDARIA I GRADO,1,GOMM80301P,GIACICH EZIO,MONFALCONE,GORIZIA,FRIULI-VENEZIA G.,SCUOLA PRIMO GRADO,secondaria_primo_grado,45,capacita_esaurita_o_oltre_max_km
202425,1.0,42,statale,SCUOLA SECONDARIA I GRADO,1,ALMM82701G,ALESSANDRIA - A. MANZONI,ALESSANDRIA,ALESSANDRIA,PIEMONTE,SCUOLA PRIMO GRADO,secondaria_primo_grado,21,capacita_esaurita_o_oltre_max_km
202425,1.0,42,statale,SCUOLA SECONDARIA I GRADO,1,TOMM8B701C,I.C.C.SO VERCELLI - G.B.VIOTTI,TORINO,TORINO,PIEMONTE,SCUOLA PRIMO GRADO,secondaria_primo_grado,80,capacita_esaurita_o_oltre_max_km
202425,1.0,42,statale,SCUOLA SECONDARIA I GRADO,1,VEMM87201P,CAIO GIULIO CESARE,VENEZIA,VENEZIA,VENETO,SCUOLA PRIMO GRADO,secondaria_primo_grado,63,capacita_esaurita_o_oltre_max_km
202425,1.0,42,statale,SCUOLA SECONDARIA I GRADO,1,CRMM80001Q,"""GIACOMO BERTESI"" (SORESINA)",SORESINA,CREMONA,LOMBARDIA,SCUOLA PRIMO GRADO,secondaria_primo_grado,53,capacita_esaurita_o_oltre_max_km
202425,1.0,42,statale,SCUOLA SECONDARIA I GRADO,1,LOMM81501T,SEC.I GRADO S.FRANCESCA CABRINI,SANT'ANGELO LODIGIANO,LODI,LOMBARDIA,SCUOLA PRIMO GRADO,secondaria_primo_grado,33,capacita_esaurita_o_oltre_max_km
202425,1.0,42,statale,SCUOLA SECONDARIA I GRADO,1,VEMM870013,LUIGI EINAUDI,VENEZIA,VENEZIA,VENETO,SCUOLA PRIMO GRADO,secondaria_primo_grado,58,capacita_esaurita_o_oltre_max_km
202425,1.0,42,statale,SCUOLA SECONDARIA I GRADO,1,PRMM83801B,"LANGHIRANO - ""E. FERMI""",LANGHIRANO,PARMA,EMILIA ROMAGNA,SCUOLA PRIMO GRADO,secondaria_primo_grado,43,capacita_esaurita_o_oltre_max_km
202425,1.0,42,statale,SCUOLA SECONDARIA I GRADO,1,POMM01000C,"C/O CONVITTO NAZ. ""CICOGNINI""",PRATO,PRATO,TOSCANA,SCUOLA PRIMO GRADO,secondaria_primo_grado,38,capacita_esaurita_o_oltre_max_km
202425,1.0,42,statale,SCUOLA SECONDARIA I GRADO,1,TOMM87701D,I.C. REGIO PARCO-GIACOSA/VERGA,TORINO,TORINO,PIEMONTE,SCUOLA PRIMO GRADO,secondaria_primo_grado,19,capacita_esaurita_o_oltre_max_km
202425,1.0,42,statale,SCUOLA SECONDARIA I GRADO,1,BGMM85902A,"S.M.S. ""PINETTI"" MARTINENGO",MARTINENGO,BERGAMO,LOMBARDIA,SCUOLA PRIMO GRADO,secondaria_primo_grado,32,capacita_esaurita_o_oltre_max_km
202425,1.0,42,statale,SCUOLA SECONDARIA I GRADO,1,BSMM86904G,SCUOLA SEC. I GRADO LIMONE,LIMONE SUL GARDA,BRESCIA,LOMBARDIA,SCUOLA PRIMO GRADO,secondaria_primo_grado,3,capacita_esaurita_o_oltre_max_km
202425,1.0,42,statale,SCUOLA SECONDARIA I GRADO,1,FEMM824013,SCUOLA MEDIA - PORTOMAGGIORE,PORTOMAGGIORE,FERRARA,EMILIA ROMAGNA,SCUOLA PRIMO GRADO,secondaria_primo_grado,41,capacita_esaurita_o_oltre_max_km
202425,1.0,42,statale,SCUOLA SECONDARIA I GRADO,1,GOMM80401E,RANDACCIO GIOVANNI,MONFALCONE,GORIZIA,FRIULI-VENEZIA G.,SCUOLA PRIMO GRADO,secondaria_primo_grado,42,capacita_esaurita_o_oltre_max_km
202425,1.0,42,statale,SCUOLA SECONDARIA I GRADO,1,SIMM807022,RITA LEVI MONTALCINI,MONTICIANO,SIENA,TOSCANA,SCUOLA PRIMO GRADO,secondaria_primo_grado,6,capacita_esaurita_o_oltre_max_km
202425,1.0,42,statale,SCUOLA SECONDARIA I GRADO,1,PIMM810028,"""C.BANTI""",SANTA CROCE SULL'ARNO,PISA,TOSCANA,SCUOLA PRIMO GRADO,secondaria_primo_grado,43,capacita_esaurita_o_oltre_max_km
202425,1.0,42,statale,SCUOLA SECONDARIA I GRADO,1,IMMM81702L,CERIANA,CERIANA,IMPERIA,LIGURIA,SCUOLA PRIMO GRADO,secondaria_primo_grado,3,capacita_esaurita_o_oltre_max_km
202425,1.0,42,statale,SCUOLA SECONDARIA I GRADO,1,MCMM820026,MONS.LUIGI PAOLETTI,PIEVE TORINA,MACERATA,MARCHE,SCUOLA PRIMO GRADO,secondaria_primo_grado,3,capacita_esaurita_o_oltre_max_km
202425,1.0,42,statale,SCUOLA SECONDARIA I GRADO,1,MIMM89301B,SECONDARIA I GRADO E. FERMI,SAN GIULIANO MILANESE,MILANO,LOMBARDIA,SCUOLA PRIMO GRADO,secondaria_primo_grado,3,capacita_esaurita_o_oltre_max_km
202425,1.0,42,statale,SCUOLA SECONDARIA I GRADO,1,BGMM85201E,"SEC. TELGATE ""A. N. MARENZI""",TELGATE,BERGAMO,LOMBARDIA,SCUOLA PRIMO GRADO,secondaria_primo_grado,8,capacita_esaurita_o_oltre_max_km
202425,1.0,42,statale,SCUOLA SECONDARIA I GRADO,1,MNMM83002T,SCUOLA MEDIA SAN MATTEO D/C,VIADANA,MANTOVA,LOMBARDIA,SCUOLA PRIMO GRADO,secondaria_primo_grado,10,capacita_esaurita_o_oltre_max_km
202425,1.0,42,statale,SCUOLA SECONDARIA I GRADO,1,MTMM83404N,"""GIOVANNI XXIII""- ROTONDELLA",ROTONDELLA,MATERA,BASILICATA,SCUOLA PRIMO GRADO,secondaria_primo_grado,5,capacita_esaurita_o_oltre_max_km
202425,1.0,42,statale,SCUOLA SECONDARIA I GRADO,1,IMMM800027,"PONTEDASSIO ""G.NATTA""",PONTEDASSIO,IMPERIA,LIGURIA,SCUOLA PRIMO GRADO,secondaria_primo_grado,16,capacita_esaurita_o_oltre_max_km
202425,1.0,42,statale,SCUOLA SECONDARIA I GRADO,1,PVMM80803V,FELICE RESSICO - PALESTRO,PALESTRO,PAVIA,LOMBARDIA,SCUOLA PRIMO GRADO,secondaria_primo_grado,7,capacita_esaurita_o_oltre_max_km
202425,1.0,42,statale,SCUOLA SECONDARIA I GRADO,1,VRMM84801D,"GARDA - ""PISANELLO""",GARDA,VERONA,VENETO,SCUOLA PRIMO GRADO,secondaria_primo_grado,5,capacita_esaurita_o_oltre_max_km
202425,1.0,42,statale,SCUOLA SECONDARIA I GRADO,1,GRMM81903D,"ROCCASTRADA - ""G.GOZZANO""",ROCCASTRADA,GROSSETO,TOSCANA,SCUOLA PRIMO GRADO,secondaria_primo_grado,12,capacita_esaurita_o_oltre_max_km
202425,1.0,42,statale,SCUOLA SECONDARIA I GRADO,1,PRMM826015,"""L. VICINI"" - PARMA",PARMA,PARMA,EMILIA ROMAGNA,SCUOLA PRIMO GRADO,secondaria_primo_grado,47,capacita_esaurita_o_oltre_max_km
202425,1.0,42,statale,SCUOLA SECONDARIA I GRADO,1,PIMM824026,E.FERMI,CASTELNUOVO DI VAL DI CECINA,PISA,TOSCANA,SCUOLA PRIMO GRADO,secondaria_primo_grado,9,capacita_esaurita_o_oltre_max_km
202425,1.0,42,statale,SCUOLA SECONDARIA I GRADO,1,BSMM81601X,MOMPIANI-BRESCIA,BRESCIA,BRESCIA,LOMBARDIA,SCUOLA PRIMO GRADO,secondaria_primo_grado,32,capacita_esaurita_o_oltre_max_km
202425,1.0,42,statale,SCUOLA SECONDARIA I GRADO,1,TVMM86502L,SMS CAVASO/POSSAGNO,CAVASO DEL TOMBA,TREVISO,VENETO,SCUOLA PRIMO GRADO,secondaria_primo_grado,2,capacita_esaurita_o_oltre_max_km
202425,1.0,42,statale,SCUOLA SECONDARIA I GRADO,1,TOMM8CF017,I.C. BOBBIO NOVARO - BOBBIO,TORINO,TORINO,PIEMONTE,SCUOLA PRIMO GRADO,secondaria_primo_grado,38,capacita_esaurita_o_oltre_max_km
202425,1.0,42,statale,SCUOLA SECONDARIA I GRADO,1,PVMM801034,CORTEOLONA E GENZONE,CORTEOLONA E GENZONE,PAVIA,LOMBARDIA,SCUOLA PRIMO GRADO,secondaria_primo_grado,14,capacita_esaurita_o_oltre_max_km
202425,1.0,42,statale,SCUOLA SECONDARIA I GRADO,1,ALMM80701A,SERRAVALLE SCRIVIA-M.BENEDICTA,SERRAVALLE SCRIVIA,ALESSANDRIA,PIEMONTE,SCUOLA PRIMO GRADO,secondaria_primo_grado,9,capacita_esaurita_o_oltre_max_km
202425,1.0,42,statale,SCUOLA SECONDARIA I GRADO,1,GEMM85101G,I.C. SAMPIERDARENA/ S.M.S.,GENOVA,GENOVA,LIGURIA,SCUOLA PRIMO GRADO,secondaria_primo_grado,62,capacita_esaurita_o_oltre_max_km
202425,1.0,42,statale,SCUOLA SECONDARIA I GRADO,1,MIMM8CF017,SECONDARIA I GRADO U.SABA,MILANO,MILANO,LOMBARDIA,SCUOLA PRIMO GRADO,secondaria_primo_grado,22,capacita_esaurita_o_oltre_max_km
202425,1.0,42,statale,SCUOLA SECONDARIA I GRADO,1,PCMM00300G,"""FAUSTINI-FRANK-NICOLINI""",PIACENZA,PIACENZA,EMILIA ROMAGNA,SCUOLA PRIMO GRADO,secondaria_primo_grado,89,capacita_esaurita_o_oltre_max_km
202425,1.0,42,statale,SCUOLA SECONDARIA I GRADO,1,PCMM00200Q,SMS DANTE - CARDUCCI,PIACENZA,PIACENZA,EMILIA ROMAGNA,SCUOLA PRIMO GRADO,secondaria_primo_grado,104,capacita_esaurita_o_oltre_max_km
202425,1.0,42,statale,SCUOLA SECONDARIA I GRADO,1,BSMM88301P,SEC. I LANA FERMI BRESCIA,BRESCIA,BRESCIA,LOMBARDIA,SCUOLA PRIMO GRADO,secondaria_primo_grado,30,capacita_esaurita_o_oltre_max_km
202425,1.0,42,statale,SCUOLA SECONDARIA I GRADO,1,MIMM895013,SEC. I GRADO L. MILANI,SAN GIULIANO MILANESE,MILANO,LOMBARDIA,SCUOLA PRIMO GRADO,secondaria_primo_grado,39,capacita_esaurita_o_oltre_max_km
202425,1.0,42,statale,SCUOLA SECONDARIA I GRADO,1,RMMM8G7012,SANTA PALOMBA,POMEZIA,ROMA,LAZIO,SCUOLA PRIMO GRADO,secondaria_primo_grado,14,capacita_esaurita_o_oltre_max_km
202425,1.0,42,statale,SCUOLA SECONDARIA I GRADO,1,CRMM820011,"SMS ""MARCO GEROLAMO VIDA"" (CR)",CREMONA,CREMONA,LOMBARDIA,SCUOLA PRIMO GRADO,secondaria_primo_grado,17,capacita_esaurita_o_oltre_max_km
202425,1.0,42,statale,SCUOLA SECONDARIA I GRADO,1,RGMM802019,LEONARDO SCIASCIA,VITTORIA,RAGUSA,SICILIA,SCUOLA PRIMO GRADO,secondaria_primo_grado,23,capacita_esaurita_o_oltre_max_km
202425,1.0,42,statale,SCUOLA SECONDARIA I GRADO,1,MCMM821011,L.LOTTO,MONTE SAN GIUSTO,MACERATA,MARCHE,SCUOLA PRIMO GRADO,secondaria_primo_grado,13,capacita_esaurita_o_oltre_max_km
202425,1.0,42,statale,SCUOLA SECONDARIA I GRADO,1,TVMM86601B,"SC.SECONDARIA I GR. ""BRUSTOLON""",CONEGLIANO,TREVISO,VENETO,SCUOLA PRIMO GRADO,secondaria_primo_grado,9,capacita_esaurita_o_oltre_max_km
202425,1.0,42,statale,SCUOLA SECONDARIA I GRADO,1,BSMM86101T,G.DALE' - ROCCAFRANCA,ROCCAFRANCA,BRESCIA,LOMBARDIA,SCUOLA PRIMO GRADO,secondaria_primo_grado,14,capacita_esaurita_o_oltre_max_km
202425,1.0,42,statale,SCUOLA SECONDARIA I GRADO,1,BGMM832019,"S.M.S""MARTIRI RESISTENZA""CALCIO",CALCIO,BERGAMO,LOMBARDIA,SCUOLA PRIMO GRADO,secondaria_primo_grado,16,capacita_esaurita_o_oltre_max_km
202425,1.0,42,statale,SCUOLA SECONDARIA I GRADO,1,FEMM80001E,COSME' TURA - PONTELAGOSCURO,FERRARA,FERRARA,EMILIA ROMAGNA,SCUOLA PRIMO GRADO,secondaria_primo_grado,20,capacita_esaurita_o_oltre_max_km
202425,1.0,42,statale,SCUOLA SECONDARIA I GRADO,1,AQMM82101C,""" IGNAZIO SILONE """,LUCO DEI MARSI,L'AQUILA,ABRUZZO,SCUOLA PRIMO GRADO,secondaria_primo_grado,14,capacita_esaurita_o_oltre_max_km
202425,1.0,42,statale,SCUOLA SECONDARIA I GRADO,1,BSMM86902D,SCUOLA SEC. I GRADO TIGNALE,TIGNALE,BRESCIA,LOMBARDIA,SCUOLA PRIMO GRADO,secondaria_primo_grado,1,capacita_esaurita_o_oltre_max_km
202425,1.0,42,statale,SCUOLA SECONDARIA I GRADO,1,BSMM881013,SEC. I CARDUCCI BRESCIA,BRESCIA,BRESCIA,LOMBARDIA,SCUOLA PRIMO GRADO,secondaria_primo_grado,11,capacita_esaurita_o_oltre_max_km
202425,1.0,42,statale,SCUOLA SECONDARIA I GRADO,1,CSMM823021,SM PLATACI (IC VILLAPIANA),PLATACI,COSENZA,CALABRIA,SCUOLA PRIMO GRADO,secondaria_primo_grado,1,capacita_esaurita_o_oltre_max_km
202425,1.0,42,statale,SCUOLA SECONDARIA I GRADO,1,GEMM81503E,I.C.VAL TREBBIA / ROVEGNO,ROVEGNO,GENOVA,LIGURIA,SCUOLA PRIMO GRADO,secondaria_primo_grado,3,capacita_esaurita_o_oltre_max_km
202425,1.0,42,statale,SCUOLA SECONDARIA I GRADO,1,GRMM815036,MONTIERI,MONTIERI,GROSSETO,TOSCANA,SCUOLA PRIMO GRADO,secondaria_primo_grado,4,capacita_esaurita_o_oltre_max_km
202425,1.0,42,statale,SCUOLA SECONDARIA I GRADO,1,MCMM820048,F.LLI A. G. E L. FERRI,FIASTRA,MACERATA,MARCHE,SCUOLA PRIMO GRADO,secondaria_primo_grado,1,capacita_esaurita_o_oltre_max_km
202425,1.0,42,statale,SCUOLA SECONDARIA I GRADO,1,PRMM81602G,"TIZZANO - ""RENZO PEZZANI""",TIZZANO VAL PARMA,PARMA,EMILIA ROMAGNA,SCUOLA PRIMO GRADO,secondaria_primo_grado,5,capacita_esaurita_o_oltre_max_km
202425,1.0,42,statale,SCUOLA SECONDARIA I GRADO,1,PRMM839039,"SOLIGNANO - ""F. ZANETTI""",SOLIGNANO,PARMA,EMILIA ROMAGNA,SCUOLA PRIMO GRADO,secondaria_primo_grado,3,capacita_esaurita_o_oltre_max_km
202425,1.0,42,statale,SCUOLA SECONDARIA I GRADO,1,PVMM83201N,IC VIG. VITTORIO VENETO-BUSSI,VIGEVANO,PAVIA,LOMBARDIA,SCUOLA PRIMO GRADO,secondaria_primo_grado,32,capacita_esaurita_o_oltre_max_km
202425,1.0,42,statale,SCUOLA SECONDARIA I GRADO,1,PZMM874074,"""G.PALADINO"" S.CHIRICO RAPARO",SAN CHIRICO RAPARO,POTENZA,BASILICATA,SCUOLA PRIMO GRADO,secondaria_primo_grado,1,capacita_esaurita_o_oltre_max_km
202425,1.0,42,statale,SCUOLA SECONDARIA I GRADO,1,PZMM88506D,"""S.A.AVELLINO"" CASTRONUOVO",CASTRONUOVO DI SANT'ANDREA,POTENZA,BASILICATA,SCUOLA PRIMO GRADO,secondaria_primo_grado,1,capacita_esaurita_o_oltre_max_km
202425,1.0,42,statale,SCUOLA SECONDARIA I GRADO,1,RGMM81401G,PSAUMIDE CAMARINENSE,SANTA CROCE CAMERINA,RAGUSA,SICILIA,SCUOLA PRIMO GRADO,secondaria_primo_grado,28,capacita_esaurita_o_oltre_max_km
202425,1.0,42,statale,SCUOLA SECONDARIA I GRADO,1,BSMM865015,SMS MORCELLI/TOSCANINI CHIARI,CHIARI,BRESCIA,LOMBARDIA,SCUOLA PRIMO GRADO,secondaria_primo_grado,49,capacita_esaurita_o_oltre_max_km
202425,1.0,42,statale,SCUOLA SECONDARIA I GRADO,1,VRMM882011,VR N.10-11 MAZZA-MENEGHETTI,VERONA,VERONA,VENETO,SCUOLA PRIMO GRADO,secondaria_primo_grado,8,capacita_esaurita_o_oltre_max_km
202425,1.0,42,statale,SCUOLA SECONDARIA I GRADO,1,PCMM81701D,"SCUOLA SEC. I GRADO ""G.MAZZINI""",CASTEL SAN GIOVANNI,PIACENZA,EMILIA ROMAGNA,SCUOLA PRIMO GRADO,secondaria_primo_grado,38,capacita_esaurita_o_oltre_max_km
202425,1.0,42,statale,SCUOLA SECONDARIA I GRADO,1,TVMM88002P,SMS MANSUE' (IC GORGO),MANSUE',TREVISO,VENETO,SCUOLA PRIMO GRADO,secondaria_primo_grado,19,capacita_esaurita_o_oltre_max_km
202425,1.0,42,statale,SCUOLA SECONDARIA I GRADO,1,PCMM818019,G. GATTI,FIORENZUOLA D'ARDA,PIACENZA,EMILIA ROMAGNA,SCUOLA PRIMO GRADO,secondaria_primo_grado,37,capacita_esaurita_o_oltre_max_km
202425,1.0,42,statale,SCUOLA SECONDARIA I GRADO,1,GEMM83601D,I.C.CORNIGLIANO - EX VOLTA,GENOVA,GENOVA,LIGURIA,SCUOLA PRIMO GRADO,secondaria_primo_grado,13,capacita_esaurita_o_oltre_max_km
202425,1.0,42,statale,SCUOLA SECONDARIA I GRADO,1,PVMM821017,BRONI - FERRINI,BRONI,PAVIA,LOMBARDIA,SCUOLA PRIMO GRADO,secondaria_primo_grado,29,capacita_esaurita_o_oltre_max_km
202425,1.0,42,statale,SCUOLA SECONDARIA I GRADO,1,BOMM86001B,MARCO POLO-CREVALCORE,CREVALCORE,BOLOGNA,EMILIA ROMAGNA,SCUOLA PRIMO GRADO,secondaria_primo_grado,31,capacita_esaurita_o_oltre_max_km
202425,1.0,42,statale,SCUOLA SECONDARIA I GRADO,1,IMMM81201C,M.NOVARO,IMPERIA,IMPERIA,LIGURIA,SCUOLA PRIMO GRADO,secondaria_primo_grado,25,capacita_esaurita_o_oltre_max_km
202425,1.0,42,statale,SCUOLA SECONDARIA I GRADO,1,MIMM8AG01T,SECONDARIA I GR G.B. VICO,MILANO,MILANO,LOMBARDIA,SCUOLA PRIMO GRADO,secondaria_primo_grado,34,capacita_esaurita_o_oltre_max_km
202425,1.0,42,statale,SCUOLA SECONDARIA I GRADO,1,POMM81501G,F.LIPPI,PRATO,PRATO,TOSCANA,SCUOLA PRIMO GRADO,secondaria_primo_grado,45,capacita_esaurita_o_oltre_max_km
202425,1.0,42,statale,SCUOLA SECONDARIA I GRADO,1,BSMM84701G,SECONDARIA I GRADO - REMEDELLO,REMEDELLO,BRESCIA,LOMBARDIA,SCUOLA PRIMO GRADO,secondaria_primo_grado,3,capacita_esaurita_o_oltre_max_km
202425,1.0,42,statale,SCUOLA SECONDARIA I GRADO,1,GRMM81102T,"ARCIDOSSO - ""G.CARDUCCI""",ARCIDOSSO,GROSSETO,TOSCANA,SCUOLA PRIMO GRADO,secondaria_primo_grado,12,capacita_esaurita_o_oltre_max_km
202425,1.0,42,statale,SCUOLA SECONDARIA I GRADO,1,GRMM81704V,"SCANSANO - ""B.CROCE""",SCANSANO,GROSSETO,TOSCANA,SCUOLA PRIMO GRADO,secondaria_primo_grado,6,capacita_esaurita_o_oltre_max_km
202425,1.0,42,statale,SCUOLA SECONDARIA I GRADO,1,PRMM82201T,DI BUSSETO,BUSSETO,PARMA,EMILIA ROMAGNA,SCUOLA PRIMO GRADO,secondaria_primo_grado,18,capacita_esaurita_o_oltre_max_km
202425,1.0,42,statale,SCUOLA SECONDARIA I GRADO,1,POMM812014,LEONETTO TINTORI,PRATO,PRATO,TOSCANA,SCUOLA PRIMO GRADO,secondaria_primo_grado,13,capacita_esaurita_o_oltre_max_km
202425,1.0,42,statale,SCUOLA SECONDARIA I GRADO,1,CNMM825029,CHERASCO SS NARZOLE,NARZOLE,CUNEO,PIEMONTE,SCUOLA PRIMO GRADO,secondaria_primo_grado,9,capacita_esaurita_o_oltre_max_km
202425,1.0,42,statale,SCUOLA SECONDARIA I GRADO,1,PVMM81303A,MIRADOLO TERME -MICHELANGELO -,MIRADOLO TERME,PAVIA,LOMBARDIA,SCUOLA PRIMO GRADO,secondaria_primo_grado,4,capacita_esaurita_o_oltre_max_km
202425,1.0,42,statale,SCUOLA SECONDARIA I GRADO,1,BGMM83702D,S.M.S. CASIRATE D'ADDA,CASIRATE D'ADDA,BERGAMO,LOMBARDIA,SCUOLA PRIMO GRADO,secondaria_primo_grado,6,capacita_esaurita_o_oltre_max_km
202425,1.0,42,statale,SCUOLA SECONDARIA I GRADO,1,ANMM82001B,"ANCONA ""MARCONI""",ANCONA,ANCONA,MARCHE,SCUOLA PRIMO GRADO,secondaria_primo_grado,29,capacita_esaurita_o_oltre_max_km
202425,1.0,42,statale,SCUOLA SECONDARIA I GRADO,1,PVMM80802T,BOSCHI - CONFIENZA,CONFIENZA,PAVIA,LOMBARDIA,SCUOLA PRIMO GRADO,secondaria_primo_grado,4,capacita_esaurita_o_oltre_max_km
202425,1.0,42,statale,SCUOLA SECONDARIA I GRADO,1,BOMM853018,F.BESTA - 10 BOLOGNA,BOLOGNA,BOLOGNA,EMILIA ROMAGNA,SCUOLA PRIMO GRADO,secondaria_primo_grado,27,capacita_esaurita_o_oltre_max_km
202425,1.0,42,statale,SCUOLA SECONDARIA I GRADO,1,MOMM84801P,MARCONI,MODENA,MODENA,EMILIA ROMAGNA,SCUOLA PRIMO GRADO,secondaria_primo_grado,9,capacita_esaurita_o_oltre_max_km
202425,1.0,42,statale,SCUOLA SECONDARIA I GRADO,1,AQMM823047,BARISCIANO,BARISCIANO,L'AQUILA,ABRUZZO,SCUOLA PRIMO GRADO,secondaria_primo_grado,2,capacita_esaurita_o_oltre_max_km
202425,1.0,42,statale,SCUOLA SECONDARIA I GRADO,1,LIMM81001D,"""MURATORI LODOVICO ANTONIO""",SUVERETO,LIVORNO,TOSCANA,SCUOLA PRIMO GRADO,secondaria_primo_grado,3,capacita_esaurita_o_oltre_max_km
202425,1.0,42,statale,SCUOLA SECONDARIA I GRADO,1,PSMM811031,"CARPEGNA ""G. O. FALCONIERI""",CARPEGNA,PESARO E URBINO,MARCHE,SCUOLA PRIMO GRADO,secondaria_primo_grado,3,capacita_esaurita_o_oltre_max_km
202425,1.0,42,statale,SCUOLA SECONDARIA I GRADO,1,BSMM86201N,M.L.KING - CASTELCOVATI,CASTELCOVATI,BRESCIA,LOMBARDIA,SCUOLA PRIMO GRADO,secondaria_primo_grado,18,capacita_esaurita_o_oltre_max_km
202425,1.0,42,statale,SCUOLA SECONDARIA I GRADO,1,AQMM84601R,SCUOLA MEDIA CELESTINO V,L'AQUILA,L'AQUILA,ABRUZZO,SCUOLA PRIMO GRADO,secondaria_primo_grado,3,capacita_esaurita_o_oltre_max_km
202425,1.0,42,statale,SCUOLA SECONDARIA I GRADO,1,GEMM84201R,I.C. TEGLIA - MEDIA TEGLIA,GENOVA,GENOVA,LIGURIA,SCUOLA PRIMO GRADO,secondaria_primo_grado,8,capacita_esaurita_o_oltre_max_km
202425,1.0,42,statale,SCUOLA SECONDARIA I GRADO,1,ROMM80002L,G.SANI - CASTELMASSA,CASTELMASSA,ROVIGO,VENETO,SCUOLA PRIMO GRADO,secondaria_primo_grado,14,capacita_esaurita_o_oltre_max_km
202425,1.0,42,statale,SCUOLA SECONDARIA I GRADO,1,POMM81901V,IVANA MARCOCCI,PRATO,PRATO,TOSCANA,SCUOLA PRIMO GRADO,secondaria_primo_grado,5,capacita_esaurita_o_oltre_max_km
202425,1.0,42,statale,SCUOLA SECONDARIA I GRADO,1,BSMM878017,TOVINI VERROCCHIO DE FILIPPO,BRESCIA,BRESCIA,LOMBARDIA,SCUOLA PRIMO GRADO,secondaria_primo_grado,19,capacita_esaurita_o_oltre_max_km
202425,1.0,42,statale,SCUOLA SECONDARIA I GRADO,1,MIMM8D001V,SECOND. I GR. IQBAL MASIH,MILANO,MILANO,LOMBARDIA,SCUOLA PRIMO GRADO,secondaria_primo_grado,25,capacita_esaurita_o_oltre_max_km
202425,1.0,42,statale,SCUOLA SECONDARIA I GRADO,1,PNMM814013,CELSO COSTANTINI,PASIANO DI PORDENONE,PORDENONE,FRIULI-VENEZIA G.,SCUOLA PRIMO GRADO,secondaria_primo_grado,16,capacita_esaurita_o_oltre_max_km
202425,1.0,42,statale,SCUOLA SECONDARIA I GRADO,1,BGMM84902Q,S.M.S. CAROBBIO DEGLI ANGELI,CAROBBIO DEGLI ANGELI,BERGAMO,LOMBARDIA,SCUOLA PRIMO GRADO,secondaria_primo_grado,4,capacita_esaurita_o_oltre_max_km
202425,1.0,42,statale,SCUOLA SECONDARIA I GRADO,1,MIMM8FP01V,SECONDARIA I GR. VIA MAFFUCCI,MILANO,MILANO,LOMBARDIA,SCUOLA PRIMO GRADO,secondaria_primo_grado,4,capacita_esaurita_o_oltre_max_km
202425,1.0,42,statale,SCUOLA SECONDARIA I GRADO,1,IMMM800016,"PIEVE DI TECO ""G.GABRIELLI""",PIEVE DI TECO,IMPERIA,LIGURIA,SCUOLA PRIMO GRADO,secondaria_primo_grado,7,capacita_esaurita_o_oltre_max_km
202425,1.0,42,statale,SCUOLA SECONDARIA I GRADO,1,NOMM80901B,"""P. RAMATI"" CERANO",CERANO,NOVARA,PIEMONTE,SCUOLA PRIMO GRADO,secondaria_primo_grado,3,capacita_esaurita_o_oltre_max_km
202425,1.0,42,statale,SCUOLA SECONDARIA I GRADO,1,BGMM825016,"S.M.S. ""DON MILANI"" BARIANO",BARIANO,BERGAMO,LOMBARDIA,SCUOLA PRIMO GRADO,secondaria_primo_grado,2,capacita_esaurita_o_oltre_max_km
202425,1.0,42,statale,SCUOLA SECONDARIA I GRADO,1,BSMM843018,L.DA VINCI ROVATO,ROVATO,BRESCIA,LOMBARDIA,SCUOLA PRIMO GRADO,secondaria_primo_grado,11,capacita_esaurita_o_oltre_max_km
202425,1.0,42,statale,SCUOLA SECONDARIA I GRADO,1,GRMM81101R,"CASTELDELPIANO - ""O.VANNINI""",CASTEL DEL PIANO,GROSSETO,TOSCANA,SCUOLA PRIMO GRADO,secondaria_primo_grado,10,capacita_esaurita_o_oltre_max_km
202425,1.0,42,statale,SCUOLA SECONDARIA I GRADO,1,GRMM81703T,"ARCILLE - ""F.PAOLIERI""",CAMPAGNATICO,GROSSETO,TOSCANA,SCUOLA PRIMO GRADO,secondaria_primo_grado,2,capacita_esaurita_o_oltre_max_km
202425,1.0,42,statale,SCUOLA SECONDARIA I GRADO,1,MIMM8DU016,SECOND. I GR. VIA MARTINENGO,MILANO,MILANO,LOMBARDIA,SCUOLA PRIMO GRADO,secondaria_primo_grado,26,capacita_esaurita_o_oltre_max_km
202425,1.0,42,statale,SCUOLA SECONDARIA I GRADO,1,PIMM824037,MONTEVERDI MARITTIMO,MONTEVERDI MARITTIMO,PISA,TOSCANA,SCUOLA PRIMO GRADO,secondaria_primo_grado,2,capacita_esaurita_o_oltre_max_km
202425,1.0,42,statale,SCUOLA SECONDARIA I GRADO,1,PRMM81001G,"BARDI - ""GIUSEPPE FORLINI""",BARDI,PARMA,EMILIA ROMAGNA,SCUOLA PRIMO GRADO,secondaria_primo_grado,2,capacita_esaurita_o_oltre_max_km
202425,1.0,42,statale,SCUOLA SECONDARIA I GRADO,1,BGMM883016,"S.M.S.""L.DA VINCI"" TRESCORE",TRESCORE BALNEARIO,BERGAMO,LOMBARDIA,SCUOLA PRIMO GRADO,secondaria_primo_grado,16,capacita_esaurita_o_oltre_max_km
202425,1.0,42,statale,SCUOLA SECONDARIA I GRADO,1,NOMM82301N,"""BELLINI""",NOVARA,NOVARA,PIEMONTE,SCUOLA PRIMO GRADO,secondaria_primo_grado,25,capacita_esaurita_o_oltre_max_km
202425,1.0,42,statale,SCUOLA SECONDARIA I GRADO,1,MNMM827011,"CASTELLUCCHIO ""R. GANDOLFO""",CASTELLUCCHIO,MANTOVA,LOMBARDIA,SCUOLA PRIMO GRADO,secondaria_primo_grado,12,capacita_esaurita_o_oltre_max_km
202425,1.0,42,statale,SCUOLA SECONDARIA I GRADO,1,GRMM81702R,"PAGANICO - ""F.TOZZI""",CIVITELLA PAGANICO,GROSSETO,TOSCANA,SCUOLA PRIMO GRADO,secondaria_primo_grado,5,capacita_esaurita_o_oltre_max_km
202425,1.0,42,statale,SCUOLA SECONDARIA I GRADO,1,PVMM808051,CANDIA LOMELLINA,CANDIA LOMELLINA,PAVIA,LOMBARDIA,SCUOLA PRIMO GRADO,secondaria_primo_grado,5,capacita_esaurita_o_oltre_max_km
202425,1.0,42,statale,SCUOLA SECONDARIA I GRADO,1,BSMM86301D,A.ZAMMARCHI - CASTREZZATO,CASTREZZATO,BRESCIA,LOMBARDIA,SCUOLA PRIMO GRADO,secondaria_primo_grado,11,capacita_esaurita_o_oltre_max_km
202425,1.0,42,statale,SCUOLA SECONDARIA I GRADO,1,MIMM8C501B,SECONDARIA I GR. G. NEGRI,MILANO,MILANO,LOMBARDIA,SCUOLA PRIMO GRADO,secondaria_primo_grado,25,capacita_esaurita_o_oltre_max_km
202425,1.0,42,statale,SCUOLA SECONDARIA I GRADO,1,MNMM82201T,"SERMIDE ""VIRGILIO""",SERMIDE E FELONICA,MANTOVA,LOMBARDIA,SCUOLA PRIMO GRADO,secondaria_primo_grado,9,capacita_esaurita_o_oltre_max_km
202425,1.0,42,statale,SCUOLA SECONDARIA I GRADO,1,TOMM8B101D,I.C. ALERAMO - VIA GUBBIO TO,TORINO,TORINO,PIEMONTE,SCUOLA PRIMO GRADO,secondaria_primo_grado,7,capacita_esaurita_o_oltre_max_km
202425,1.0,42,statale,SCUOLA SECONDARIA I GRADO,1,ALMM811012,MURISENGO - GUGLIELMO MARCONI,MURISENGO,ALESSANDRIA,PIEMONTE,SCUOLA PRIMO GRADO,secondaria_primo_grado,4,capacita_esaurita_o_oltre_max_km
202425,1.0,42,statale,SCUOLA SECONDARIA I GRADO,1,MIMM8D101P,SECONDARIA I GR. PUECHER,MILANO,MILANO,LOMBARDIA,SCUOLA PRIMO GRADO,secondaria_primo_grado,27,capacita_esaurita_o_oltre_max_km
202425,1.0,42,statale,SCUOLA SECONDARIA I GRADO,1,PRMM839017,"FORNOVO - ""ZUFFARDI""",FORNOVO DI TARO,PARMA,EMILIA ROMAGNA,SCUOLA PRIMO GRADO,secondaria_primo_grado,11,capacita_esaurita_o_oltre_max_km
202425,1.0,42,statale,SCUOLA SECONDARIA I GRADO,1,LOMM81601N,SEC.I GRADO S.FRANCESCA CABRINI,SANT'ANGELO LODIGIANO,LODI,LOMBARDIA,SCUOLA PRIMO GRADO,secondaria_primo_grado,20,capacita_esaurita_o_oltre_max_km
202425,1.0,42,statale,SCUOLA SECONDARIA I GRADO,1,PRMM83601Q,"""PARMIGIANINO"" - PARMA",PARMA,PARMA,EMILIA ROMAGNA,SCUOLA PRIMO GRADO,secondaria_primo_grado,38,capacita_esaurita_o_oltre_max_km
202425,1.0,42,statale,SCUOLA SECONDARIA I GRADO,1,LOMM80401B,SECOND.I GRAD D.DEGLI ABRUZZI,BORGHETTO LODIGIANO,LODI,LOMBARDIA,SCUOLA PRIMO GRADO,secondaria_primo_grado,9,capacita_esaurita_o_oltre_max_km
202425,1.0,42,statale,SCUOLA SECONDARIA I GRADO,1,VIMM885014,ZANELLA,ARZIGNANO,VICENZA,VENETO,SCUOLA PRIMO GRADO,secondaria_primo_grado,1,capacita_esaurita_o_oltre_max_km
202425,1.0,42,statale,SCUOLA SECONDARIA I GRADO,1,FOMM821014,PIERO MARONCELLI,FORLI',FORLI'-CESENA,EMILIA ROMAGNA,SCUOLA PRIMO GRADO,secondaria_primo_grado,12,capacita_esaurita_o_oltre_max_km
202425,1.0,42,statale,SCUOLA SECONDARIA I GRADO,1,MOMM81901P,GIOVANNI PASCOLI,SAN FELICE SUL PANARO,MODENA,EMILIA ROMAGNA,SCUOLA PRIMO GRADO,secondaria_primo_grado,20,capacita_esaurita_o_oltre_max_km
202425,1.0,42,statale,SCUOLA SECONDARIA I GRADO,1,FOMM81601L,G. CESARE,SAVIGNANO SUL RUBICONE,FORLI'-CESENA,EMILIA ROMAGNA,SCUOLA PRIMO GRADO,secondaria_primo_grado,18,capacita_esaurita_o_oltre_max_km
202425,1.0,42,statale,SCUOLA SECONDARIA I GRADO,1,PRMM80701Q,"COLORNO - "" PIER LUIGI BELLONI""",COLORNO,PARMA,EMILIA ROMAGNA,SCUOLA PRIMO GRADO,secondaria_primo_grado,14,capacita_esaurita_o_oltre_max_km
202425,1.0,42,statale,SCUOLA SECONDARIA I GRADO,1,REMM847018,"""DA VINCI""",REGGIO NELL'EMILIA,REGGIO EMILIA,EMILIA ROMAGNA,SCUOLA PRIMO GRADO,secondaria_primo_grado,20,capacita_esaurita_o_oltre_max_km
202425,1.0,42,statale,SCUOLA SECONDARIA I GRADO,1,MIMM8A5016,SECONDARIA I GR. DON MILANI,SESTO SAN GIOVANNI,MILANO,LOMBARDIA,SCUOLA PRIMO GRADO,secondaria_primo_grado,23,capacita_esaurita_o_oltre_max_km
202425,1.0,42,statale,SCUOLA SECONDARIA I GRADO,1,ALMM808038,"CASTELLETTO D'ORBA - ""MARCONI""",CASTELLETTO D'ORBA,ALESSANDRIA,PIEMONTE,SCUOLA PRIMO GRADO,secondaria_primo_grado,2,capacita_esaurita_o_oltre_max_km
202425,1.0,42,statale,SCUOLA SECONDARIA I GRADO,1,PIMM824015,FRANCESCO DE LARDEREL,POMARANCE,PISA,TOSCANA,SCUOLA PRIMO GRADO,secondaria_primo_grado,3,capacita_esaurita_o_oltre_max_km
202425,1.0,42,statale,SCUOLA SECONDARIA I GRADO,1,POMM817017,SCUOLA SEC. I GRADO G.B.MAZZONI,PRATO,PRATO,TOSCANA,SCUOLA PRIMO GRADO,secondaria_primo_grado,21,capacita_esaurita_o_oltre_max_km
202425,1.0,42,statale,SCUOLA SECONDARIA I GRADO,1,PRMM82202V,DI POLESINE - ZIBELLO,POLESINE ZIBELLO,PARMA,EMILIA ROMAGNA,SCUOLA PRIMO GRADO,secondaria_primo_grado,4,capacita_esaurita_o_oltre_max_km
202425,1.0,42,statale,SCUOLA SECONDARIA I GRADO,1,PZMM857025,"""FORTUNATO"" MONTEMILONE",MONTEMILONE,POTENZA,BASILICATA,SCUOLA PRIMO GRADO,secondaria_primo_grado,2,capacita_esaurita_o_oltre_max_km
202425,1.0,42,statale,SCUOLA SECONDARIA I GRADO,1,TRMM810049,LUGNANO IN TEVERINA,LUGNANO IN TEVERINA,TERNI,UMBRIA,SCUOLA PRIMO GRADO,secondaria_primo_grado,2,capacita_esaurita_o_oltre_max_km
202425,1.0,42,statale,SCUOLA SECONDARIA I GRADO,1,PRMM825019,"""ARTURO TOSCANINI"" - PARMA",PARMA,PARMA,EMILIA ROMAGNA,SCUOLA PRIMO GRADO,secondaria_primo_grado,23,capacita_esaurita_o_oltre_max_km
202425,1.0,42,statale,SCUOLA SECONDARIA I GRADO,1,MNMM80101R,"CANNETO SULL' OGLIO ""G. CORVI""",CANNETO SULL'OGLIO,MANTOVA,LOMBARDIA,SCUOLA PRIMO GRADO,secondaria_primo_grado,8,capacita_esaurita_o_oltre_max_km
202425,1.0,42,statale,SCUOLA SECONDARIA I GRADO,1,PVMM801012,CRISPI - PIEVE PORTO MORONE,PIEVE PORTO MORONE,PAVIA,LOMBARDIA,SCUOLA PRIMO GRADO,secondaria_primo_grado,6,capacita_esaurita_o_oltre_max_km
202425,1.0,42,statale,SCUOLA SECONDARIA I GRADO,1,ALMM82601Q,ALESSANDRIA - A. VOCHIERI,ALESSANDRIA,ALESSANDRIA,PIEMONTE,SCUOLA PRIMO GRADO,secondaria_primo_grado,34,capacita_esaurita_o_oltre_max_km
202425,1.0,42,statale,SCUOLA SECONDARIA I GRADO,1,FIMM87701V,MONTANELLI - PETRARCA,FUCECCHIO,FIRENZE,TOSCANA,SCUOLA PRIMO GRADO,secondaria_primo_grado,34,capacita_esaurita_o_oltre_max_km
202425,1.0,42,statale,SCUOLA SECONDARIA I GRADO,1,BGMM88601N,S.M.S. VERDELLINO,VERDELLINO,BERGAMO,LOMBARDIA,SCUOLA PRIMO GRADO,secondaria_primo_grado,1,capacita_esaurita_o_oltre_max_km
202425,1.0,42,statale,SCUOLA SECONDARIA I GRADO,1,MOMM81902Q,ELISEO GOZZI,CAMPOSANTO,MODENA,EMILIA ROMAGNA,SCUOLA PRIMO GRADO,secondaria_primo_grado,5,capacita_esaurita_o_oltre_max_km
202425,1.0,42,statale,SCUOLA SECONDARIA I GRADO,1,PVMM800016,SC. SEC. S.MARIA DELLA VERSA,SANTA MARIA DELLA VERSA,PAVIA,LOMBARDIA,SCUOLA PRIMO GRADO,secondaria_primo_grado,5,capacita_esaurita_o_oltre_max_km
202425,1.0,42,statale,SCUOLA SECONDARIA I GRADO,1,SIMM81201C,RONCALLI CASTELLINA,CASTELLINA IN CHIANTI,SIENA,TOSCANA,SCUOLA PRIMO GRADO,secondaria_primo_grado,4,capacita_esaurita_o_oltre_max_km
202425,1.0,42,statale,SCUOLA SECONDARIA I GRADO,1,NOMM82901L,"""CASSANO"" TRECATE",TRECATE,NOVARA,PIEMONTE,SCUOLA PRIMO GRADO,secondaria_primo_grado,34,capacita_esaurita_o_oltre_max_km
202425,1.0,42,statale,SCUOLA SECONDARIA I GRADO,1,REMM83801D,"BORETTO ""NIZOLIO""",BORETTO,REGGIO EMILIA,EMILIA ROMAGNA,SCUOLA PRIMO GRADO,secondaria_primo_grado,1,capacita_esaurita_o_oltre_max_km
202425,1.0,42,statale,SCUOLA SECONDARIA I GRADO,1,BSMM89801C,A.ZAMMARCHI - MANERBIO,MANERBIO,BRESCIA,LOMBARDIA,SCUOLA PRIMO GRADO,secondaria_primo_grado,18,capacita_esaurita_o_oltre_max_km
202425,1.0,42,statale,SCUOLA SECONDARIA I GRADO,1,MNMM81503R,"CASTELDARIO ""ENRICO FERMI""",CASTEL D'ARIO,MANTOVA,LOMBARDIA,SCUOLA PRIMO GRADO,secondaria_primo_grado,6,capacita_esaurita_o_oltre_max_km
202425,1.0,42,statale,SCUOLA SECONDARIA I GRADO,1,GEMM84901G,I.C.RIVAROLO/SMS UGO FOSCOLO,GENOVA,GENOVA,LIGURIA,SCUOLA PRIMO GRADO,secondaria_primo_grado,25,capacita_esaurita_o_oltre_max_km
202425,1.0,42,statale,SCUOLA SECONDARIA I GRADO,1,CNMM819011,LA MORRA,LA MORRA,CUNEO,PIEMONTE,SCUOLA PRIMO GRADO,secondaria_primo_grado,5,capacita_esaurita_o_oltre_max_km
202425,1.0,42,statale,SCUOLA SECONDARIA I GRADO,1,CRMM81001A,"""STEFANO JACINI"" (CASALBUTTANO)",CASALBUTTANO ED UNITI,CREMONA,LOMBARDIA,SCUOLA PRIMO GRADO,secondaria_primo_grado,5,capacita_esaurita_o_oltre_max_km
202425,1.0,42,statale,SCUOLA SECONDARIA I GRADO,1,TOMM8B2019,I.C. FRASSATI - P.G. FRASSATI,TORINO,TORINO,PIEMONTE,SCUOLA PRIMO GRADO,secondaria_primo_grado,22,capacita_esaurita_o_oltre_max_km
202425,1.0,42,statale,SCUOLA SECONDARIA I GRADO,1,BGMM840018,"SEC. CHIUDUNO ""PAPA G. XXIII """,CHIUDUNO,BERGAMO,LOMBARDIA,SCUOLA PRIMO GRADO,secondaria_primo_grado,11,capacita_esaurita_o_oltre_max_km
202425,1.0,42,statale,SCUOLA SECONDARIA I GRADO,1,REMM84001D,"""FONTANESI""",REGGIO NELL'EMILIA,REGGIO EMILIA,EMILIA ROMAGNA,SCUOLA PRIMO GRADO,secondaria_primo_grado,20,capacita_esaurita_o_oltre_max_km
202425,1.0,42,statale,SCUOLA SECONDARIA I GRADO,1,FEMM803023,A. MANZONI - JOLANDA DI SAVOIA,JOLANDA DI SAVOIA,FERRARA,EMILIA ROMAGNA,SCUOLA PRIMO GRADO,secondaria_primo_grado,4,capacita_esaurita_o_oltre_max_km
202425,1.0,42,statale,SCUOLA SECONDARIA I GRADO,1,PVMM813018,VILLANTERIO - ADDOBBATI,VILLANTERIO,PAVIA,LOMBARDIA,SCUOLA PRIMO GRADO,secondaria_primo_grado,10,capacita_esaurita_o_oltre_max_km
202425,1.0,42,statale,SCUOLA SECONDARIA I GRADO,1,TOMM8BR014,I.C. PARRI - VIAN,TORINO,TORINO,PIEMONTE,SCUOLA PRIMO GRADO,secondaria_primo_grado,26,capacita_esaurita_o_oltre_max_km
202425,1.0,42,statale,SCUOLA SECONDARIA I GRADO,1,PRMM82801R,"""NEWTON"" - PARMA",PARMA,PARMA,EMILIA ROMAGNA,SCUOLA PRIMO GRADO,secondaria_primo_grado,10,capacita_esaurita_o_oltre_max_km
202425,1.0,42,statale,SCUOLA SECONDARIA I GRADO,1,MNMM825019,"SCUOLA SEC.I^GRADO ""G.FALCONE""",SUZZARA,MANTOVA,LOMBARDIA,SCUOLA PRIMO GRADO,secondaria_primo_grado,9,capacita_esaurita_o_oltre_max_km
202425,1.0,42,statale,SCUOLA SECONDARIA I GRADO,1,TOMM878019,I.C. UMBERTO SABA - SABA,TORINO,TORINO,PIEMONTE,SCUOLA PRIMO GRADO,secondaria_primo_grado,31,capacita_esaurita_o_oltre_max_km
202425,1.0,42,statale,SCUOLA SECONDARIA I GRADO,1,LOMM807031,SECONDARIA I GRAD - GUIDO ROSSA,BREMBIO,LODI,LOMBARDIA,SCUOLA PRIMO GRADO,secondaria_primo_grado,6,capacita_esaurita_o_oltre_max_km
202425,1.0,42,statale,SCUOLA SECONDARIA I GRADO,1,FIMM87101X,BACCI-RIDOLFI,CASTELFIORENTINO,FIRENZE,TOSCANA,SCUOLA PRIMO GRADO,secondaria_primo_grado,23,capacita_esaurita_o_oltre_max_km
202425,1.0,42,statale,SCUOLA SECONDARIA I GRADO,1,BOMM81301T,SALVO D'ACQUISTO - 3 BOLOGNA,BOLOGNA,BOLOGNA,EMILIA ROMAGNA,SCUOLA PRIMO GRADO,secondaria_primo_grado,13,capacita_esaurita_o_oltre_max_km
202425,1.0,42,statale,SCUOLA SECONDARIA I GRADO,1,PCMM805039,G.L. PALLAVICINO,CORTEMAGGIORE,PIACENZA,EMILIA ROMAGNA,SCUOLA PRIMO GRADO,secondaria_primo_grado,10,capacita_esaurita_o_oltre_max_km
202425,1.0,42,statale,SCUOLA SECONDARIA I GRADO,1,POMM81601B,DON BOSCO,PRATO,PRATO,TOSCANA,SCUOLA PRIMO GRADO,secondaria_primo_grado,1,capacita_esaurita_o_oltre_max_km
202425,1.0,42,statale,SCUOLA SECONDARIA I GRADO,1,ALMM83401P,TORTONA - L. VALENZIANO,TORTONA,ALESSANDRIA,PIEMONTE,SCUOLA PRIMO GRADO,secondaria_primo_grado,26,capacita_esaurita_o_oltre_max_km
202425,1.0,42,statale,SCUOLA SECONDARIA I GRADO,1,ALMM81803V,FUBINE - P. ROBOTTI,FUBINE MONFERRATO,ALESSANDRIA,PIEMONTE,SCUOLA PRIMO GRADO,secondaria_primo_grado,3,capacita_esaurita_o_oltre_max_km
202425,1.0,42,statale,SCUOLA SECONDARIA I GRADO,1,ALMM83601A,ACQUI TERME - G. BELLA,ACQUI TERME,ALESSANDRIA,PIEMONTE,SCUOLA PRIMO GRADO,secondaria_primo_grado,3,capacita_esaurita_o_oltre_max_km
202425,1.0,42,statale,SCUOLA SECONDARIA I GRADO,1,ARMM814021,LOC. BADIA TEDALDA,BADIA TEDALDA,AREZZO,TOSCANA,SCUOLA PRIMO GRADO,secondaria_primo_grado,1,capacita_esaurita_o_oltre_max_km
202425,1.0,42,statale,SCUOLA SECONDARIA I GRADO,1,BGMM84401G,"S.M.S. ""LORENZO LOTTO"" COVO",COVO,BERGAMO,LOMBARDIA,SCUOLA PRIMO GRADO,secondaria_primo_grado,8,capacita_esaurita_o_oltre_max_km
202425,1.0,42,statale,SCUOLA SECONDARIA I GRADO,1,BOMM87201N,ZAPPA - 15 BOLOGNA,BOLOGNA,BOLOGNA,EMILIA ROMAGNA,SCUOLA PRIMO GRADO,secondaria_primo_grado,13,capacita_esaurita_o_oltre_max_km
202425,1.0,42,statale,SCUOLA SECONDARIA I GRADO,1,CRMM81402P,"""E. FERMI"" (TORRE PICENARDI)",TORRE DE' PICENARDI,CREMONA,LOMBARDIA,SCUOLA PRIMO GRADO,secondaria_primo_grado,3,capacita_esaurita_o_oltre_max_km
202425,1.0,42,statale,SCUOLA SECONDARIA I GRADO,1,CTMM808011,SCUOLA SECONDARIA I MAZZARRONE,MAZZARRONE,CATANIA,SICILIA,SCUOLA PRIMO GRADO,secondaria_primo_grado,8,capacita_esaurita_o_oltre_max_km
202425,1.0,42,statale,SCUOLA SECONDARIA I GRADO,1,FOMM80803Q,G. FIORINI - DOVADOLA,DOVADOLA,FORLI'-CESENA,EMILIA ROMAGNA,SCUOLA PRIMO GRADO,secondaria_primo_grado,1,capacita_esaurita_o_oltre_max_km
202425,1.0,42,statale,SCUOLA SECONDARIA I GRADO,1,MOMM824016,ZANONI,CONCORDIA SULLA SECCHIA,MODENA,EMILIA ROMAGNA,SCUOLA PRIMO GRADO,secondaria_primo_grado,8,capacita_esaurita_o_oltre_max_km
202425,1.0,42,statale,SCUOLA SECONDARIA I GRADO,1,PRMM81002L,DI VARSI,VARSI,PARMA,EMILIA ROMAGNA,SCUOLA PRIMO GRADO,secondaria_primo_grado,1,capacita_esaurita_o_oltre_max_km
202425,1.0,42,statale,SCUOLA SECONDARIA I GRADO,1,RIMM81701Q,SCUOLA MEDIA POGGIO MOIANO,POGGIO MOIANO,RIETI,LAZIO,SCUOLA PRIMO GRADO,secondaria_primo_grado,3,capacita_esaurita_o_oltre_max_km
202425,1.0,42,statale,SCUOLA SECONDARIA I GRADO,1,RNMM81102A,S.LEO-PIETRACUTA (IC NOVAFELTR),SAN LEO,RIMINI,EMILIA ROMAGNA,SCUOLA PRIMO GRADO,secondaria_primo_grado,3,capacita_esaurita_o_oltre_max_km
202425,1.0,42,statale,SCUOLA SECONDARIA I GRADO,1,ROMM811012,MONS. SICHIROLLO-ARQUA' POL.,ARQUA' POLESINE,ROVIGO,VENETO,SCUOLA PRIMO GRADO,secondaria_primo_grado,5,capacita_esaurita_o_oltre_max_km
202425,1.0,42,statale,SCUOLA SECONDARIA I GRADO,1,VCMM80501P,GALILEO FERRARIS -LIVORNO F.-,LIVORNO FERRARIS,VERCELLI,PIEMONTE,SCUOLA PRIMO GRADO,secondaria_primo_grado,2,capacita_esaurita_o_oltre_max_km
202425,1.0,42,statale,SCUOLA SECONDARIA I GRADO,1,PRMM84001B,"FIDENZA - ""ZANI""",FIDENZA,PARMA,EMILIA ROMAGNA,SCUOLA PRIMO GRADO,secondaria_primo_grado,28,capacita_esaurita_o_oltre_max_km
202425,1.0,42,statale,SCUOLA SECONDARIA I GRADO,1,VEMM87401A,ALDO MANUZIO,VENEZIA,VENEZIA,VENETO,SCUOLA PRIMO GRADO,secondaria_primo_grado,14,capacita_esaurita_o_oltre_max_km
202425,1.0,42,statale,SCUOLA SECONDARIA I GRADO,1,PVMM822013,STRADELLA -DEPRETIS,STRADELLA,PAVIA,LOMBARDIA,SCUOLA PRIMO GRADO,secondaria_primo_grado,16,capacita_esaurita_o_oltre_max_km
202425,1.0,42,statale,SCUOLA SECONDARIA I GRADO,1,BGMM89801X,"S.M.S. ""G.B. RUBINI"" ROMANO L.",ROMANO DI LOMBARDIA,BERGAMO,LOMBARDIA,SCUOLA PRIMO GRADO,secondaria_primo_grado,19,capacita_esaurita_o_oltre_max_km
202425,1.0,42,statale,SCUOLA SECONDARIA I GRADO,1,CRMM80101G,"""DIOTTI"" (CASALMAGGIORE)",CASALMAGGIORE,CREMONA,LOMBARDIA,SCUOLA PRIMO GRADO,secondaria_primo_grado,18,capacita_esaurita_o_oltre_max_km
202425,1.0,42,statale,SCUOLA SECONDARIA I GRADO,1,GEMM866019,SECONDARIA I GRADO G. SCOCCO,RAPALLO,GENOVA,LIGURIA,SCUOLA PRIMO GRADO,secondaria_primo_grado,6,capacita_esaurita_o_oltre_max_km
202425,1.0,42,statale,SCUOLA SECONDARIA I GRADO,1,MIMM8C6017,SECONDARIA I GR. VIA GALLARATE,MILANO,MILANO,LOMBARDIA,SCUOLA PRIMO GRADO,secondaria_primo_grado,24,capacita_esaurita_o_oltre_max_km
202425,1.0,42,statale,SCUOLA SECONDARIA I GRADO,1,MOMM152007,L.A. MURATORI,VIGNOLA,MODENA,EMILIA ROMAGNA,SCUOLA PRIMO GRADO,secondaria_primo_grado,15,capacita_esaurita_o_oltre_max_km
202425,1.0,42,statale,SCUOLA SECONDARIA I GRADO,1,MIMM8DQ01D,SECONDARIA I GR. QUASIMODO,MILANO,MILANO,LOMBARDIA,SCUOLA PRIMO GRADO,secondaria_primo_grado,12,capacita_esaurita_o_oltre_max_km
202425,1.0,42,statale,SCUOLA SECONDARIA I GRADO,1,BGMM83501R,"SECONDARIA ""MASTRI CARAVAGGINI""",CARAVAGGIO,BERGAMO,LOMBARDIA,SCUOLA PRIMO GRADO,secondaria_primo_grado,15,capacita_esaurita_o_oltre_max_km
202425,1.0,42,statale,SCUOLA SECONDARIA I GRADO,1,MIMM8GH019,SECONDARIA I GR. VIA BOTTEGO,MILANO,MILANO,LOMBARDIA,SCUOLA PRIMO GRADO,secondaria_primo_grado,24,capacita_esaurita_o_oltre_max_km
202425,1.0,42,statale,SCUOLA SECONDARIA I GRADO,1,BOMM84801R,G. FALCONE - P. BORSELLINO,MONTERENZIO,BOLOGNA,EMILIA ROMAGNA,SCUOLA PRIMO GRADO,secondaria_primo_grado,6,capacita_esaurita_o_oltre_max_km
202425,1.0,42,statale,SCUOLA SECONDARIA I GRADO,1,CRMM803017,"""UBALDO FERRARI"" (CASTELVERDE)",CASTELVERDE,CREMONA,LOMBARDIA,SCUOLA PRIMO GRADO,secondaria_primo_grado,6,capacita_esaurita_o_oltre_max_km
202425,1.0,42,statale,SCUOLA SECONDARIA I GRADO,1,PRMM82901L,"""SALVO D'ACQUISTO"" - PARMA",PARMA,PARMA,EMILIA ROMAGNA,SCUOLA PRIMO GRADO,secondaria_primo_grado,13,capacita_esaurita_o_oltre_max_km
202425,1.0,42,statale,SCUOLA SECONDARIA I GRADO,1,TVMM84201V,SMS TONIOLO PIEVE DI SOLIGO(IC),PIEVE DI SOLIGO,TREVISO,VENETO,SCUOLA PRIMO GRADO,secondaria_primo_grado,5,capacita_esaurita_o_oltre_max_km
202425,1.0,42,statale,SCUOLA SECONDARIA I GRADO,1,ALMM82801B,ALESSANDRIA - CAVOUR,ALESSANDRIA,ALESSANDRIA,PIEMONTE,SCUOLA PRIMO GRADO,secondaria_primo_grado,16,capacita_esaurita_o_oltre_max_km
202425,1.0,42,statale,SCUOLA SECONDARIA I GRADO,1,BSMM89001T,CONSORZ.AZZANO-CAPRIANO-MAIRANO,AZZANO MELLA,BRESCIA,LOMBARDIA,SCUOLA PRIMO GRADO,secondaria_primo_grado,14,capacita_esaurita_o_oltre_max_km
202425,1.0,42,statale,SCUOLA SECONDARIA I GRADO,1,MNMM80801G,CASTIGLIONE STIVIERE 1- BESCHI,CASTIGLIONE DELLE STIVIERE,MANTOVA,LOMBARDIA,SCUOLA PRIMO GRADO,secondaria_primo_grado,14,capacita_esaurita_o_oltre_max_km
202425,1.0,42,statale,SCUOLA SECONDARIA I GRADO,1,MOMM846013,GUIDOTTI,MODENA,MODENA,EMILIA ROMAGNA,SCUOLA PRIMO GRADO,secondaria_primo_grado,14,capacita_esaurita_o_oltre_max_km
202425,1.0,42,statale,SCUOLA SECONDARIA I GRADO,1,RIMM81704V,"""FRANCESCO FLORIDO""",POGGIO NATIVO,RIETI,LAZIO,SCUOLA PRIMO GRADO,secondaria_primo_grado,4,capacita_esaurita_o_oltre_max_km
202425,1.0,42,statale,SCUOLA SECONDARIA I GRADO,1,MNMM83801B,"SCUOLA MEDIA ""VANONI"" VIADANA",VIADANA,MANTOVA,LOMBARDIA,SCUOLA PRIMO GRADO,secondaria_primo_grado,11,capacita_esaurita_o_oltre_max_km
202425,1.0,42,statale,SCUOLA SECONDARIA I GRADO,1,MOMM80601L,PEDRAZZOLI,PIEVEPELAGO,MODENA,EMILIA ROMAGNA,SCUOLA PRIMO GRADO,secondaria_primo_grado,1,capacita_esaurita_o_oltre_max_km
202425,1.0,42,statale,SCUOLA SECONDARIA I GRADO,1,TVMM88103G,SMS LEOPARDI CESSALTO (IC MOTT,CESSALTO,TREVISO,VENETO,SCUOLA PRIMO GRADO,secondaria_primo_grado,2,capacita_esaurita_o_oltre_max_km
202425,1.0,42,statale,SCUOLA SECONDARIA I GRADO,1,MNMM818016,"ROVERBELLA ""L.BENATI""",ROVERBELLA,MANTOVA,LOMBARDIA,SCUOLA PRIMO GRADO,secondaria_primo_grado,8,capacita_esaurita_o_oltre_max_km
202425,1.0,42,statale,SCUOLA SECONDARIA I GRADO,1,ROMM816037,N.BADALONI - TRECENTA,TRECENTA,ROVIGO,VENETO,SCUOLA PRIMO GRADO,secondaria_primo_grado,4,capacita_esaurita_o_oltre_max_km
202425,1.0,42,statale,SCUOLA SECONDARIA I GRADO,1,PVMM814014,"BELGIOIOSO ""A. NEGRI""",BELGIOIOSO,PAVIA,LOMBARDIA,SCUOLA PRIMO GRADO,secondaria_primo_grado,9,capacita_esaurita_o_oltre_max_km
202425,1.0,42,statale,SCUOLA SECONDARIA I GRADO,1,FGMM83801G,ALDO MORO,STORNARELLA,FOGGIA,PUGLIA,SCUOLA PRIMO GRADO,secondaria_primo_grado,8,capacita_esaurita_o_oltre_max_km
202425,1.0,42,statale,SCUOLA SECONDARIA I GRADO,1,REMM82302R,CAMPEGINE,CAMPEGINE,REGGIO EMILIA,EMILIA ROMAGNA,SCUOLA PRIMO GRADO,secondaria_primo_grado,7,capacita_esaurita_o_oltre_max_km
202425,1.0,42,statale,SCUOLA SECONDARIA I GRADO,1,PCMM80801P,G.PASCOLI,BORGONOVO VAL TIDONE,PIACENZA,EMILIA ROMAGNA,SCUOLA PRIMO GRADO,secondaria_primo_grado,9,capacita_esaurita_o_oltre_max_km
202425,1.0,42,statale,SCUOLA SECONDARIA I GRADO,1,BGMM839014,S.M.S. CASAZZA,CASAZZA,BERGAMO,LOMBARDIA,SCUOLA PRIMO GRADO,secondaria_primo_grado,7,capacita_esaurita_o_oltre_max_km
202425,1.0,42,statale,SCUOLA SECONDARIA I GRADO,1,PNMM826019,"SMS ""BERNARDINO PARTENIO""",SPILIMBERGO,PORDENONE,FRIULI-VENEZIA G.,SCUOLA PRIMO GRADO,secondaria_primo_grado,11,capacita_esaurita_o_oltre_max_km
202425,1.0,42,statale,SCUOLA SECONDARIA I GRADO,1,BGMM8AE01G,"S.M.S. ""CAMERONI"" TREVIGLIO",TREVIGLIO,BERGAMO,LOMBARDIA,SCUOLA PRIMO GRADO,secondaria_primo_grado,11,capacita_esaurita_o_oltre_max_km
202425,1.0,42,statale,SCUOLA SECONDARIA I GRADO,1,ALMM811034,PONTESTURA - ING. PALAZZO,PONTESTURA,ALESSANDRIA,PIEMONTE,SCUOLA PRIMO GRADO,secondaria_primo_grado,2,capacita_esaurita_o_oltre_max_km
202425,1.0,42,statale,SCUOLA SECONDARIA I GRADO,1,ANMM80801R,"ARCEVIA ""F.PALAZZI""",ARCEVIA,ANCONA,MARCHE,SCUOLA PRIMO GRADO,secondaria_primo_grado,2,capacita_esaurita_o_oltre_max_km
202425,1.0,42,statale,SCUOLA SECONDARIA I GRADO,1,ARMM82901N,"""S. FRANCESCO"" CHIUSI VERNA",CHIUSI DELLA VERNA,AREZZO,TOSCANA,SCUOLA PRIMO GRADO,secondaria_primo_grado,1,capacita_esaurita_o_oltre_max_km
202425,1.0,42,statale,SCUOLA SECONDARIA I GRADO,1,IMMM81001R,SC. SEC. I GRADO LITTARDI,IMPERIA,IMPERIA,LIGURIA,SCUOLA PRIMO GRADO,secondaria_primo_grado,11,capacita_esaurita_o_oltre_max_km
202425,1.0,42,statale,SCUOLA SECONDARIA I GRADO,1,MIMM8F101X,SECON. I GR. E.DE MARCHI JUNIOR,MILANO,MILANO,LOMBARDIA,SCUOLA PRIMO GRADO,secondaria_primo_grado,28,capacita_esaurita_o_oltre_max_km
202425,1.0,42,statale,SCUOLA SECONDARIA I GRADO,1,MNMM839017,SCUOLA MEDIA CAMPITELLO,MARCARIA,MANTOVA,LOMBARDIA,SCUOLA PRIMO GRADO,secondaria_primo_grado,6,capacita_esaurita_o_oltre_max_km
202425,1.0,42,statale,SCUOLA SECONDARIA I GRADO,1,PVMM83101T,IC VIG.VIALE LIBERTA'-ROBECCHI,VIGEVANO,PAVIA,LOMBARDIA,SCUOLA PRIMO GRADO,secondaria_primo_grado,17,capacita_esaurita_o_oltre_max_km
202425,1.0,42,statale,SCUOLA SECONDARIA I GRADO,1,FIMM86501L,SMS MATTEUCCI,CAMPI BISENZIO,FIRENZE,TOSCANA,SCUOLA PRIMO GRADO,secondaria_primo_grado,1,capacita_esaurita_o_oltre_max_km
202425,1.0,42,statale,SCUOLA SECONDARIA I GRADO,1,PCMM80902G,F. PETRARCA,PONTENURE,PIACENZA,EMILIA ROMAGNA,SCUOLA PRIMO GRADO,secondaria_primo_grado,7,capacita_esaurita_o_oltre_max_km
202425,1.0,42,statale,SCUOLA SECONDARIA I GRADO,1,REMM82901P,"ROLO ""MARCO POLO""",ROLO,REGGIO EMILIA,EMILIA ROMAGNA,SCUOLA PRIMO GRADO,secondaria_primo_grado,6,capacita_esaurita_o_oltre_max_km
202425,1.0,42,statale,SCUOLA SECONDARIA I GRADO,1,MOMM82301A,ALBERTO PIO,CARPI,MODENA,EMILIA ROMAGNA,SCUOLA PRIMO GRADO,secondaria_primo_grado,12,capacita_esaurita_o_oltre_max_km
202425,1.0,42,statale,SCUOLA SECONDARIA I GRADO,1,APMM83601G,"P.S.ELPIDIO SC.M.""GALILEI""",PORTO SANT'ELPIDIO,FERMO,MARCHE,SCUOLA PRIMO GRADO,secondaria_primo_grado,12,capacita_esaurita_o_oltre_max_km
202425,1.0,42,statale,SCUOLA SECONDARIA I GRADO,1,BGMM896018,"S.M.S. ""E.FERMI"" ROMANO L.",ROMANO DI LOMBARDIA,BERGAMO,LOMBARDIA,SCUOLA PRIMO GRADO,secondaria_primo_grado,10,capacita_esaurita_o_oltre_max_km
202425,1.0,42,statale,SCUOLA SECONDARIA I GRADO,1,MOMM80501R,RENZO GASPARINI,NOVI DI MODENA,MODENA,EMILIA ROMAGNA,SCUOLA PRIMO GRADO,secondaria_primo_grado,9,capacita_esaurita_o_oltre_max_km
202425,1.0,42,statale,SCUOLA SECONDARIA I GRADO,1,CNMM813012,"CEVA ""A.MOMIGLIANO""",CEVA,CUNEO,PIEMONTE,SCUOLA PRIMO GRADO,secondaria_primo_grado,5,capacita_esaurita_o_oltre_max_km
202425,1.0,42,statale,SCUOLA SECONDARIA I GRADO,1,BSMM829012,D.ALIGHIERI - CALCINATO,CALCINATO,BRESCIA,LOMBARDIA,SCUOLA PRIMO GRADO,secondaria_primo_grado,7,capacita_esaurita_o_oltre_max_km
202425,1.0,42,statale,SCUOLA SECONDARIA I GRADO,1,TVMM85201D,SMS MANIN SUSEGANA (IC),SUSEGANA,TREVISO,VENETO,SCUOLA PRIMO GRADO,secondaria_primo_grado,3,capacita_esaurita_o_oltre_max_km
202425,1.0,42,statale,SCUOLA SECONDARIA I GRADO,1,CRMM81401N,"""G.M. SACCHI"" (PIADENA)",PIADENA DRIZZONA,CREMONA,LOMBARDIA,SCUOLA PRIMO GRADO,secondaria_primo_grado,4,capacita_esaurita_o_oltre_max_km
202425,1.0,42,statale,SCUOLA SECONDARIA I GRADO,1,MCMM82901G,E. MEDI,PORTO RECANATI,MACERATA,MARCHE,SCUOLA PRIMO GRADO,secondaria_primo_grado,8,capacita_esaurita_o_oltre_max_km
202425,1.0,42,statale,SCUOLA SECONDARIA I GRADO,1,MIMM836017,DON CARLO GNOCCHI,TURBIGO,MILANO,LOMBARDIA,SCUOLA PRIMO GRADO,secondaria_primo_grado,9,capacita_esaurita_o_oltre_max_km
202425,1.0,42,statale,SCUOLA SECONDARIA I GRADO,1,ATMM808028,ZANDRINO - MOMBERCELLI,MOMBERCELLI,ASTI,PIEMONTE,SCUOLA PRIMO GRADO,secondaria_primo_grado,3,capacita_esaurita_o_oltre_max_km
202425,1.0,42,statale,SCUOLA SECONDARIA I GRADO,1,BSMM86202P,M.L.KING COMEZZANO-CIZZAGO,COMEZZANO-CIZZAGO,BRESCIA,LOMBARDIA,SCUOLA PRIMO GRADO,secondaria_primo_grado,1,capacita_esaurita_o_oltre_max_km
202425,1.0,42,statale,SCUOLA SECONDARIA I GRADO,1,SVMM81502E,I GR. A. GENTILESCHI LECA,ALBENGA,SAVONA,LIGURIA,SCUOLA PRIMO GRADO,secondaria_primo_grado,9,capacita_esaurita_o_oltre_max_km
202425,1.0,42,statale,SCUOLA SECONDARIA I GRADO,1,FEMM802016,T.BONATI - BONDENO,BONDENO,FERRARA,EMILIA ROMAGNA,SCUOLA PRIMO GRADO,secondaria_primo_grado,11,capacita_esaurita_o_oltre_max_km
202425,1.0,42,statale,SCUOLA SECONDARIA I GRADO,1,BOMM809016,S.BARTOLOMEO APOSTOLO-BORGO T.,BORGO TOSSIGNANO,BOLOGNA,EMILIA ROMAGNA,SCUOLA PRIMO GRADO,secondaria_primo_grado,2,capacita_esaurita_o_oltre_max_km
202425,1.0,42,statale,SCUOLA SECONDARIA I GRADO,1,FIMM81403T,LONDA,LONDA,FIRENZE,TOSCANA,SCUOLA PRIMO GRADO,secondaria_primo_grado,1,capacita_esaurita_o_oltre_max_km
202425,1.0,42,statale,SCUOLA SECONDARIA I GRADO,1,MCMM80702Q,CARLO ALBERTO DALLA CHIESA,ESANATOGLIA,MACERATA,MARCHE,SCUOLA PRIMO GRADO,secondaria_primo_grado,1,capacita_esaurita_o_oltre_max_km
202425,1.0,42,statale,SCUOLA SECONDARIA I GRADO,1,MSMM81104T,"""ALIGHIERI"" ARPIOLA DI MULAZZO",MULAZZO,MASSA-CARRARA,TOSCANA,SCUOLA PRIMO GRADO,secondaria_primo_grado,1,capacita_esaurita_o_oltre_max_km
202425,1.0,42,statale,SCUOLA SECONDARIA I GRADO,1,TEMM82301L,SC.MEDIA SANT'ONOFRIO,CAMPLI,TERAMO,ABRUZZO,SCUOLA PRIMO GRADO,secondaria_primo_grado,3,capacita_esaurita_o_oltre_max_km
202425,1.0,42,statale,SCUOLA SECONDARIA I GRADO,1,TRMM811012,TERNI A.DE FILIS,TERNI,TERNI,UMBRIA,SCUOLA PRIMO GRADO,secondaria_primo_grado,1,capacita_esaurita_o_oltre_max_km
202425,1.0,42,statale,SCUOLA SECONDARIA I GRADO,1,VRMM857018,"NOGARA - ""F. CIPRIANI""",NOGARA,VERONA,VENETO,SCUOLA PRIMO GRADO,secondaria_primo_grado,6,capacita_esaurita_o_oltre_max_km
202425,1.0,42,statale,SCUOLA SECONDARIA I GRADO,1,RMMM8DA017,SMS VIA CAMPO DI CARNE SNC,ARDEA,ROMA,LAZIO,SCUOLA PRIMO GRADO,secondaria_primo_grado,10,capacita_esaurita_o_oltre_max_km
202425,1.0,42,statale,SCUOLA SECONDARIA I GRADO,1,MIMM8DX01N,SECOND. I GR. VIA CIPRO,MILANO,MILANO,LOMBARDIA,SCUOLA PRIMO GRADO,secondaria_primo_grado,9,capacita_esaurita_o_oltre_max_km
202425,1.0,42,statale,SCUOLA SECONDARIA I GRADO,1,PCMM806024,G. VIDA,MONTICELLI D'ONGINA,PIACENZA,EMILIA ROMAGNA,SCUOLA PRIMO GRADO,secondaria_primo_grado,5,capacita_esaurita_o_oltre_max_km
202425,1.0,42,statale,SCUOLA SECONDARIA I GRADO,1,ALMM81201T,VIGUZZOLO - L. PEROSI,VIGUZZOLO,ALESSANDRIA,PIEMONTE,SCUOLA PRIMO GRADO,secondaria_primo_grado,4,capacita_esaurita_o_oltre_max_km
202425,1.0,42,statale,SCUOLA SECONDARIA I GRADO,1,BSMM83201T,LANA-GNUTTI IC POLO EST,LUMEZZANE,BRESCIA,LOMBARDIA,SCUOLA PRIMO GRADO,secondaria_primo_grado,10,capacita_esaurita_o_oltre_max_km
202425,1.0,42,statale,SCUOLA SECONDARIA I GRADO,1,CNMM80702Q,"BENE VAGIENNA ""G.BOTERO""",BENE VAGIENNA,CUNEO,PIEMONTE,SCUOLA PRIMO GRADO,secondaria_primo_grado,4,capacita_esaurita_o_oltre_max_km
202425,1.0,42,statale,SCUOLA SECONDARIA I GRADO,1,NOMM82401D,SECONDARIA I - FORNARA,NOVARA,NOVARA,PIEMONTE,SCUOLA PRIMO GRADO,secondaria_primo_grado,1,capacita_esaurita_o_oltre_max_km
202425,1.0,42,statale,SCUOLA SECONDARIA I GRADO,1,MIMM8FU01B,SECONDARIA I GR. COVA,MILANO,MILANO,LOMBARDIA,SCUOLA PRIMO GRADO,secondaria_primo_grado,5,capacita_esaurita_o_oltre_max_km
202425,1.0,42,statale,SCUOLA SECONDARIA I GRADO,1,MCMM82701X,E. FERMI,MACERATA,MACERATA,MARCHE,SCUOLA PRIMO GRADO,secondaria_primo_grado,1,capacita_esaurita_o_oltre_max_km
202425,1.0,42,statale,SCUOLA SECONDARIA I GRADO,1,MIMM8DW01T,SECONDARIA I GR. ASCOLI,MILANO,MILANO,LOMBARDIA,SCUOLA PRIMO GRADO,secondaria_primo_grado,16,capacita_esaurita_o_oltre_max_km
202425,1.0,42,statale,SCUOLA SECONDARIA I GRADO,1,TVMM861018,"SCUOLA SECONDARIA I ""I. NIEVO""",PONTE DI PIAVE,TREVISO,VENETO,SCUOLA PRIMO GRADO,secondaria_primo_grado,3,capacita_esaurita_o_oltre_max_km
202425,1.0,42,statale,SCUOLA SECONDARIA I GRADO,1,MNMM820027,"SUSTINENTE""L.MARTINI """,SUSTINENTE,MANTOVA,LOMBARDIA,SCUOLA PRIMO GRADO,secondaria_primo_grado,3,capacita_esaurita_o_oltre_max_km
202425,1.0,42,statale,SCUOLA SECONDARIA I GRADO,1,MOMM816017,CAVANI,SERRAMAZZONI,MODENA,EMILIA ROMAGNA,SCUOLA PRIMO GRADO,secondaria_primo_grado,5,capacita_esaurita_o_oltre_max_km
202425,1.0,42,statale,SCUOLA SECONDARIA I GRADO,1,PRMM812017,"BORGO VAL DI TARO-""P.V. MANARA""",BORGO VAL DI TARO,PARMA,EMILIA ROMAGNA,SCUOLA PRIMO GRADO,secondaria_primo_grado,5,capacita_esaurita_o_oltre_max_km
202425,1.0,42,statale,SCUOLA SECONDARIA I GRADO,1,BGMM84403N,I GRADO ANTEGNATE,ANTEGNATE,BERGAMO,LOMBARDIA,SCUOLA PRIMO GRADO,secondaria_primo_grado,5,capacita_esaurita_o_oltre_max_km
202425,1.0,42,statale,SCUOLA SECONDARIA I GRADO,1,ATMM81502B,SCUOLA MEDIA DI MOMBARUZZO,MOMBARUZZO,ASTI,PIEMONTE,SCUOLA PRIMO GRADO,secondaria_primo_grado,2,capacita_esaurita_o_oltre_max_km
202425,1.0,42,statale,SCUOLA SECONDARIA I GRADO,1,BOMM809049,S.BARTOLOMEO APOSTOLO CASALFIUM,CASALFIUMANESE,BOLOGNA,EMILIA ROMAGNA,SCUOLA PRIMO GRADO,secondaria_primo_grado,2,capacita_esaurita_o_oltre_max_km
202425,1.0,42,statale,SCUOLA SECONDARIA I GRADO,1,MNMM82301N,"BOZZOLO ""SCIPIONE GONZAGA""",BOZZOLO,MANTOVA,LOMBARDIA,SCUOLA PRIMO GRADO,secondaria_primo_grado,4,capacita_esaurita_o_oltre_max_km
202425,1.0,42,statale,SCUOLA SECONDARIA I GRADO,1,TVMM86901V,SMS GRAVA CONEGLIANO (IC 1),CONEGLIANO,TREVISO,VENETO,SCUOLA PRIMO GRADO,secondaria_primo_grado,8,capacita_esaurita_o_oltre_max_km
202425,1.0,42,statale,SCUOLA SECONDARIA I GRADO,1,VIMM818019,"SMS ""RIDOLFI"" LONIGO",LONIGO,VICENZA,VENETO,SCUOLA PRIMO GRADO,secondaria_primo_grado,11,capacita_esaurita_o_oltre_max_km
202425,1.0,42,statale,SCUOLA SECONDARIA I GRADO,1,SPMM815013,S.M. 2 GIUGNO - F.LLI INCERTI,LA SPEZIA,LA SPEZIA,LIGURIA,SCUOLA PRIMO GRADO,secondaria_primo_grado,10,capacita_esaurita_o_oltre_max_km
202425,1.0,42,statale,SCUOLA SECONDARIA I GRADO,1,MNMM80102T,SECONDARIA ACQUANEGRA S/C,ACQUANEGRA SUL CHIESE,MANTOVA,LOMBARDIA,SCUOLA PRIMO GRADO,secondaria_primo_grado,2,capacita_esaurita_o_oltre_max_km
202425,1.0,42,statale,SCUOLA SECONDARIA I GRADO,1,MNMM820016,"OSTIGLIA - ""CORNELIO NEPOTE""",OSTIGLIA,MANTOVA,LOMBARDIA,SCUOLA PRIMO GRADO,secondaria_primo_grado,3,capacita_esaurita_o_oltre_max_km
202425,1.0,42,statale,SCUOLA SECONDARIA I GRADO,1,PVMM800027,SC SEC. MONTU' BECCARIA,MONTU' BECCARIA,PAVIA,LOMBARDIA,SCUOLA PRIMO GRADO,secondaria_primo_grado,2,capacita_esaurita_o_oltre_max_km
202425,1.0,42,statale,SCUOLA SECONDARIA I GRADO,1,SIMM807033,PAOLO MASCAGNI,CHIUSDINO,SIENA,TOSCANA,SCUOLA PRIMO GRADO,secondaria_primo_grado,2,capacita_esaurita_o_oltre_max_km
202425,1.0,42,statale,SCUOLA SECONDARIA I GRADO,1,BGMM8AD01Q,"S.M.S. ""GROSSI"" TREVIGLIO",TREVIGLIO,BERGAMO,LOMBARDIA,SCUOLA PRIMO GRADO,secondaria_primo_grado,13,capacita_esaurita_o_oltre_max_km
202425,1.0,42,statale,SCUOLA SECONDARIA I GRADO,1,PVMM81701G,MORTARA - JOSTI TRAVELLI,MORTARA,PAVIA,LOMBARDIA,SCUOLA PRIMO GRADO,secondaria_primo_grado,13,capacita_esaurita_o_oltre_max_km
202425,1.0,42,statale,SCUOLA SECONDARIA I GRADO,1,BOMM825025,SECONDARIA BARICELLA,BARICELLA,BOLOGNA,EMILIA ROMAGNA,SCUOLA PRIMO GRADO,secondaria_primo_grado,3,capacita_esaurita_o_oltre_max_km
202425,1.0,42,statale,SCUOLA SECONDARIA I GRADO,1,MIMM8DR019,SECOND. I GR.,MILANO,MILANO,LOMBARDIA,SCUOLA PRIMO GRADO,secondaria_primo_grado,11,capacita_esaurita_o_oltre_max_km
202425,1.0,42,statale,SCUOLA SECONDARIA I GRADO,1,MIMM8D4016,SECONDARIA I GR. D. BUZZATI,MILANO,MILANO,LOMBARDIA,SCUOLA PRIMO GRADO,secondaria_primo_grado,8,capacita_esaurita_o_oltre_max_km
202425,1.0,42,statale,SCUOLA SECONDARIA I GRADO,1,LOMM80702X,"SECONDARIA I GRADO ""M.SCOGLIO""",LIVRAGA,LODI,LOMBARDIA,SCUOLA PRIMO GRADO,secondaria_primo_grado,2,capacita_esaurita_o_oltre_max_km
202425,1.0,42,statale,SCUOLA SECONDARIA I GRADO,1,REMM842015,"VILLA MINOZZO ""GALILEI""",VILLA MINOZZO,REGGIO EMILIA,EMILIA ROMAGNA,SCUOLA PRIMO GRADO,secondaria_primo_grado,2,capacita_esaurita_o_oltre_max_km
202425,1.0,42,statale,SCUOLA SECONDARIA I GRADO,1,BOMM87701R,FABRIZIO DE ANDRE' - 18 BOLOGNA,BOLOGNA,BOLOGNA,EMILIA ROMAGNA,SCUOLA PRIMO GRADO,secondaria_primo_grado,1,capacita_esaurita_o_oltre_max_km
202425,1.0,42,statale,SCUOLA SECONDARIA I GRADO,1,BSMM88201V,SEC. I FOSCOLO-MARCONI BRESCIA,BRESCIA,BRESCIA,LOMBARDIA,SCUOLA PRIMO GRADO,secondaria_primo_grado,10,capacita_esaurita_o_oltre_max_km
202425,1.0,42,statale,SCUOLA SECONDARIA I GRADO,1,REMM82902Q,"FABBRICO ""BUONARROTI""",FABBRICO,REGGIO EMILIA,EMILIA ROMAGNA,SCUOLA PRIMO GRADO,secondaria_primo_grado,5,capacita_esaurita_o_oltre_max_km
202425,1.0,42,statale,SCUOLA SECONDARIA I GRADO,1,ATMM81301P,GANCIA - CANELLI,CANELLI,ASTI,PIEMONTE,SCUOLA PRIMO GRADO,secondaria_primo_grado,7,capacita_esaurita_o_oltre_max_km
202425,1.0,42,statale,SCUOLA SECONDARIA I GRADO,1,SVMM811016,"I GR. ""G. C. ABBA"" CAIRO M.",CAIRO MONTENOTTE,SAVONA,LIGURIA,SCUOLA PRIMO GRADO,secondaria_primo_grado,6,capacita_esaurita_o_oltre_max_km
202425,1.0,42,statale,SCUOLA SECONDARIA I GRADO,1,PRMM820016,"SALSOMAGGIORE - ""CAROZZA""",SALSOMAGGIORE TERME,PARMA,EMILIA ROMAGNA,SCUOLA PRIMO GRADO,secondaria_primo_grado,9,capacita_esaurita_o_oltre_max_km
202425,1.0,42,statale,SCUOLA SECONDARIA I GRADO,1,BSMM8AN014,SMS G.B. ALBERTI-MONTICHIARI,MONTICHIARI,BRESCIA,LOMBARDIA,SCUOLA PRIMO GRADO,secondaria_primo_grado,6,capacita_esaurita_o_oltre_max_km
202425,1.0,42,statale,SCUOLA SECONDARIA I GRADO,1,LOMM81002Q,SEC.I GRADO GUARDAMIGLIO,GUARDAMIGLIO,LODI,LOMBARDIA,SCUOLA PRIMO GRADO,secondaria_primo_grado,2,capacita_esaurita_o_oltre_max_km
202425,1.0,42,statale,SCUOLA SECONDARIA I GRADO,1,MNMM839039,"SCUOLA MEDIA GAZZUOLO ""VERDI""",GAZZUOLO,MANTOVA,LOMBARDIA,SCUOLA PRIMO GRADO,secondaria_primo_grado,2,capacita_esaurita_o_oltre_max_km
202425,1.0,42,statale,SCUOLA SECONDARIA I GRADO,1,NOMM826015,"SCUOLA MEDIA ""DUCA D'AOSTA""",NOVARA,NOVARA,PIEMONTE,SCUOLA PRIMO GRADO,secondaria_primo_grado,10,capacita_esaurita_o_oltre_max_km
202425,1.0,42,statale,SCUOLA SECONDARIA I GRADO,1,MOMM81801V,FABRIANI,SPILAMBERTO,MODENA,EMILIA ROMAGNA,SCUOLA PRIMO GRADO,secondaria_primo_grado,8,capacita_esaurita_o_oltre_max_km
202425,1.0,42,statale,SCUOLA SECONDARIA I GRADO,1,FEMM811011,"""T.TASSO""",FERRARA,FERRARA,EMILIA ROMAGNA,SCUOLA PRIMO GRADO,secondaria_primo_grado,7,capacita_esaurita_o_oltre_max_km
202425,1.0,42,statale,SCUOLA SECONDARIA I GRADO,1,ALMM83902V,ALESSANDRIA - P. STRANEO,ALESSANDRIA,ALESSANDRIA,PIEMONTE,SCUOLA PRIMO GRADO,secondaria_primo_grado,11,capacita_esaurita_o_oltre_max_km
202425,1.0,42,statale,SCUOLA SECONDARIA I GRADO,1,TPMM81801G,"S.M. ""L. PIRANDELLO"" C/BELLO",CAMPOBELLO DI MAZARA,TRAPANI,SICILIA,SCUOLA PRIMO GRADO,secondaria_primo_grado,5,capacita_esaurita_o_oltre_max_km
202425,1.0,42,statale,SCUOLA SECONDARIA I GRADO,1,BSMM886016,SEC. I TRIDENTINA BRESCIA,BRESCIA,BRESCIA,LOMBARDIA,SCUOLA PRIMO GRADO,secondaria_primo_grado,6,capacita_esaurita_o_oltre_max_km
202425,1.0,42,statale,SCUOLA SECONDARIA I GRADO,1,BSMM8AM018,"SEC. DI I GRADO ""E. FERMI""",PALAZZOLO SULL'OGLIO,BRESCIA,LOMBARDIA,SCUOLA PRIMO GRADO,secondaria_primo_grado,9,capacita_esaurita_o_oltre_max_km
202425,1.0,42,statale,SCUOLA SECONDARIA I GRADO,1,RMMM8C601Q,VIRGILIO ANZIO LAVINIO,ANZIO,ROMA,LAZIO,SCUOLA PRIMO GRADO,secondaria_primo_grado,3,capacita_esaurita_o_oltre_max_km
202425,1.0,42,statale,SCUOLA SECONDARIA I GRADO,1,VEMM87301E,G.DI VITTORIO,VENEZIA,VENEZIA,VENETO,SCUOLA PRIMO GRADO,secondaria_primo_grado,5,capacita_esaurita_o_oltre_max_km
202425,1.0,42,statale,SCUOLA SECONDARIA I GRADO,1,PDMM846014,"CADONEGHE ""DON MILANI""",CADONEGHE,PADOVA,VENETO,SCUOLA PRIMO GRADO,secondaria_primo_grado,6,capacita_esaurita_o_oltre_max_km
202425,1.0,42,statale,SCUOLA SECONDARIA I GRADO,1,SIMM819017,FEDERIGO TOZZI CHIANCIANO T,CHIANCIANO TERME,SIENA,TOSCANA,SCUOLA PRIMO GRADO,secondaria_primo_grado,1,capacita_esaurita_o_oltre_max_km
202425,1.0,42,statale,SCUOLA SECONDARIA I GRADO,1,REMM82401G,"""G.GALILEI""",REGGIO NELL'EMILIA,REGGIO EMILIA,EMILIA ROMAGNA,SCUOLA PRIMO GRADO,secondaria_primo_grado,7,capacita_esaurita_o_oltre_max_km
202425,1.0,42,statale,SCUOLA SECONDARIA I GRADO,1,CRMM81301T,"""ANGELO G.RONCALLI"" (GUSSOLA)",GUSSOLA,CREMONA,LOMBARDIA,SCUOLA PRIMO GRADO,secondaria_primo_grado,3,capacita_esaurita_o_oltre_max_km
202425,1.0,42,statale,SCUOLA SECONDARIA I GRADO,1,MIMM8BW01D,SECONDARIA I GR. SAN FELICE,SEGRATE,MILANO,LOMBARDIA,SCUOLA PRIMO GRADO,secondaria_primo_grado,1,capacita_esaurita_o_oltre_max_km
202425,1.0,42,statale,SCUOLA SECONDARIA I GRADO,1,MIMM8FB01Q,SECONDARIA I GR. G. GALILEI,SAN DONATO MILANESE,MILANO,LOMBARDIA,SCUOLA PRIMO GRADO,secondaria_primo_grado,7,capacita_esaurita_o_oltre_max_km
202425,1.0,42,statale,SCUOLA SECONDARIA I GRADO,1,MNMM80701Q,CASTIGLIONE STIVIERE 2 -MILANI,CASTIGLIONE DELLE STIVIERE,MANTOVA,LOMBARDIA,SCUOLA PRIMO GRADO,secondaria_primo_grado,7,capacita_esaurita_o_oltre_max_km
202425,1.0,42,statale,SCUOLA SECONDARIA I GRADO,1,BOMM840016,VEGGETTI-VERGATO,VERGATO,BOLOGNA,EMILIA ROMAGNA,SCUOLA PRIMO GRADO,secondaria_primo_grado,4,capacita_esaurita_o_oltre_max_km
202425,1.0,42,statale,SCUOLA SECONDARIA I GRADO,1,VEMM84501A,DON MILANI,VENEZIA,VENEZIA,VENETO,SCUOLA PRIMO GRADO,secondaria_primo_grado,2,capacita_esaurita_o_oltre_max_km
202425,1.0,42,statale,SCUOLA SECONDARIA I GRADO,1,ALMM812041,VOLPEDO - G.PELIZZA,VOLPEDO,ALESSANDRIA,PIEMONTE,SCUOLA PRIMO GRADO,secondaria_primo_grado,1,capacita_esaurita_o_oltre_max_km
202425,1.0,42,statale,SCUOLA SECONDARIA I GRADO,1,AQMM82002N,SCUOLA SEC I GRADO BARREA,BARREA,L'AQUILA,ABRUZZO,SCUOLA PRIMO GRADO,secondaria_primo_grado,1,capacita_esaurita_o_oltre_max_km
202425,1.0,42,statale,SCUOLA SECONDARIA I GRADO,1,ARMM82401E,"""T. CRUDELI"" - PIEVE S. STEFANO",PIEVE SANTO STEFANO,AREZZO,TOSCANA,SCUOLA PRIMO GRADO,secondaria_primo_grado,1,capacita_esaurita_o_oltre_max_km
202425,1.0,42,statale,SCUOLA SECONDARIA I GRADO,1,ARMM82501A,SECONDARIA DI AMBRA,BUCINE,AREZZO,TOSCANA,SCUOLA PRIMO GRADO,secondaria_primo_grado,1,capacita_esaurita_o_oltre_max_km
202425,1.0,42,statale,SCUOLA SECONDARIA I GRADO,1,AVMM849036,VIA PROVINCIALE,SAVIGNANO IRPINO,AVELLINO,CAMPANIA,SCUOLA PRIMO GRADO,secondaria_primo_grado,1,capacita_esaurita_o_oltre_max_km
202425,1.0,42,statale,SCUOLA SECONDARIA I GRADO,1,BGMM83202A,"S.M.S.""A.BIFFI"" CIVIDATE",CIVIDATE AL PIANO,BERGAMO,LOMBARDIA,SCUOLA PRIMO GRADO,secondaria_primo_grado,3,capacita_esaurita_o_oltre_max_km
202425,1.0,42,statale,SCUOLA SECONDARIA I GRADO,1,BGMM83203B,S.M.S. PUMENENGO,PUMENENGO,BERGAMO,LOMBARDIA,SCUOLA PRIMO GRADO,secondaria_primo_grado,1,capacita_esaurita_o_oltre_max_km
202425,1.0,42,statale,SCUOLA SECONDARIA I GRADO,1,BGMM84402L,"S.M.S.""MERISI-CARAV.""FONTANELLA",FONTANELLA,BERGAMO,LOMBARDIA,SCUOLA PRIMO GRADO,secondaria_primo_grado,4,capacita_esaurita_o_oltre_max_km
202425,1.0,42,statale,SCUOLA SECONDARIA I GRADO,1,BOMM809038,S.BARTOLOMEO APOSTOLO-C.D.R.,CASTEL DEL RIO,BOLOGNA,EMILIA ROMAGNA,SCUOLA PRIMO GRADO,secondaria_primo_grado,1,capacita_esaurita_o_oltre_max_km
202425,1.0,42,statale,SCUOLA SECONDARIA I GRADO,1,BSMM86103X,S.QUASIMODO - URAGO D/O,URAGO D'OGLIO,BRESCIA,LOMBARDIA,SCUOLA PRIMO GRADO,secondaria_primo_grado,2,capacita_esaurita_o_oltre_max_km
202425,1.0,42,statale,SCUOLA SECONDARIA I GRADO,1,FGMM82002B,SC SEC 1 GRADO STRIZZI ALBERONA,ALBERONA,FOGGIA,PUGLIA,SCUOLA PRIMO GRADO,secondaria_primo_grado,1,capacita_esaurita_o_oltre_max_km
202425,1.0,42,statale,SCUOLA SECONDARIA I GRADO,1,FIMM826012,GIOVANNI DA VERRAZZANO,GREVE IN CHIANTI,FIRENZE,TOSCANA,SCUOLA PRIMO GRADO,secondaria_primo_grado,4,capacita_esaurita_o_oltre_max_km
202425,1.0,42,statale,SCUOLA SECONDARIA I GRADO,1,FRMM807022,SEZ. ST. TREVI NEL LAZIO,TREVI NEL LAZIO,FROSINONE,LAZIO,SCUOLA PRIMO GRADO,secondaria_primo_grado,1,capacita_esaurita_o_oltre_max_km
202425,1.0,42,statale,SCUOLA SECONDARIA I GRADO,1,KRMM81705G,SCUOLA MEDIA SAVELLI,SAVELLI,CROTONE,CALABRIA,SCUOLA PRIMO GRADO,secondaria_primo_grado,1,capacita_esaurita_o_oltre_max_km
202425,1.0,42,statale,SCUOLA SECONDARIA I GRADO,1,LIMM820025,CIELO D'ALCAMO,BIBBONA,LIVORNO,TOSCANA,SCUOLA PRIMO GRADO,secondaria_primo_grado,1,capacita_esaurita_o_oltre_max_km
202425,1.0,42,statale,SCUOLA SECONDARIA I GRADO,1,LOMM80701V,SECONDARIA I GRAD. ENRICO FERMI,SENNA LODIGIANA,LODI,LOMBARDIA,SCUOLA PRIMO GRADO,secondaria_primo_grado,2,capacita_esaurita_o_oltre_max_km
202425,1.0,42,statale,SCUOLA SECONDARIA I GRADO,1,MIMM8CT01V,SECONDARIA I GR. G. CASSINIS,MILANO,MILANO,LOMBARDIA,SCUOLA PRIMO GRADO,secondaria_primo_grado,5,capacita_esaurita_o_oltre_max_km
202425,1.0,42,statale,SCUOLA SECONDARIA I GRADO,1,MOMM845017,P.PAOLI,MODENA,MODENA,EMILIA ROMAGNA,SCUOLA PRIMO GRADO,secondaria_primo_grado,8,capacita_esaurita_o_oltre_max_km
202425,1.0,42,statale,SCUOLA SECONDARIA I GRADO,1,MSMM81602V,"""GALILEO GALILEI"" CASOLA",CASOLA IN LUNIGIANA,MASSA-CARRARA,TOSCANA,SCUOLA PRIMO GRADO,secondaria_primo_grado,1,capacita_esaurita_o_oltre_max_km
202425,1.0,42,statale,SCUOLA SECONDARIA I GRADO,1,PAMM88202C,"PALAZZO ADRIANO I.C.""F. CRISPI""",PALAZZO ADRIANO,PALERMO,SICILIA,SCUOLA PRIMO GRADO,secondaria_primo_grado,1,capacita_esaurita_o_oltre_max_km
202425,1.0,42,statale,SCUOLA SECONDARIA I GRADO,1,PCMM807031,ENRICO FERMI,BETTOLA,PIACENZA,EMILIA ROMAGNA,SCUOLA PRIMO GRADO,secondaria_primo_grado,1,capacita_esaurita_o_oltre_max_km
202425,1.0,42,statale,SCUOLA SECONDARIA I GRADO,1,PGMM813045,IST. 1^ GRADO SELLANO,SELLANO,PERUGIA,UMBRIA,SCUOLA PRIMO GRADO,secondaria_primo_grado,1,capacita_esaurita_o_oltre_max_km
202425,1.0,42,statale,SCUOLA SECONDARIA I GRADO,1,PIMM823019,CASTELLINA MARITTIMA,CASTELLINA MARITTIMA,PISA,TOSCANA,SCUOLA PRIMO GRADO,secondaria_primo_grado,1,capacita_esaurita_o_oltre_max_km
202425,1.0,42,statale,SCUOLA SECONDARIA I GRADO,1,PNMM836021,"SMS ""G. UNGARETTI""",PRATA DI PORDENONE,PORDENONE,FRIULI-VENEZIA G.,SCUOLA PRIMO GRADO,secondaria_primo_grado,4,capacita_esaurita_o_oltre_max_km
202425,1.0,42,statale,SCUOLA SECONDARIA I GRADO,1,PRMM83002T,DI ROCCABIANCA,ROCCABIANCA,PARMA,EMILIA ROMAGNA,SCUOLA PRIMO GRADO,secondaria_primo_grado,2,capacita_esaurita_o_oltre_max_km
202425,1.0,42,statale,SCUOLA SECONDARIA I GRADO,1,PRMM833018,"""GIACOMO PUCCINI"" - PARMA",PARMA,PARMA,EMILIA ROMAGNA,SCUOLA PRIMO GRADO,secondaria_primo_grado,4,capacita_esaurita_o_oltre_max_km
202425,1.0,42,statale,SCUOLA SECONDARIA I GRADO,1,PZMM828058,"""N.GERMANO"" SAN SEVERINO L.",SAN SEVERINO LUCANO,POTENZA,BASILICATA,SCUOLA PRIMO GRADO,secondaria_primo_grado,1,capacita_esaurita_o_oltre_max_km
202425,1.0,42,statale,SCUOLA SECONDARIA I GRADO,1,RCMM82902E,VIA DON BOSCO (RIACE),RIACE,REGGIO CALABRIA,CALABRIA,SCUOLA PRIMO GRADO,secondaria_primo_grado,1,capacita_esaurita_o_oltre_max_km
202425,1.0,42,statale,SCUOLA SECONDARIA I GRADO,1,RCMM85202G,FRAZ. MARINA (PALIZZI),PALIZZI,REGGIO CALABRIA,CALABRIA,SCUOLA PRIMO GRADO,secondaria_primo_grado,1,capacita_esaurita_o_oltre_max_km
202425,1.0,42,statale,SCUOLA SECONDARIA I GRADO,1,RNMM812015,S.AGATA FELTRIA (IC PENNABILLI),SANT'AGATA FELTRIA,RIMINI,EMILIA ROMAGNA,SCUOLA PRIMO GRADO,secondaria_primo_grado,1,capacita_esaurita_o_oltre_max_km
202425,1.0,42,statale,SCUOLA SECONDARIA I GRADO,1,ROMM816026,PASINI GRISETTI - BARUCHELLA,GIACCIANO CON BARUCHELLA,ROVIGO,VENETO,SCUOLA PRIMO GRADO,secondaria_primo_grado,1,capacita_esaurita_o_oltre_max_km
202425,1.0,42,statale,SCUOLA SECONDARIA I GRADO,1,SAMM8AH02P,ROSCIGNO,ROSCIGNO,SALERNO,CAMPANIA,SCUOLA PRIMO GRADO,secondaria_primo_grado,1,capacita_esaurita_o_oltre_max_km
202425,1.0,42,statale,SCUOLA SECONDARIA I GRADO,1,SIMM805019,DON LORENZO MILANI,SINALUNGA,SIENA,TOSCANA,SCUOLA PRIMO GRADO,secondaria_primo_grado,4,capacita_esaurita_o_oltre_max_km
202425,1.0,42,statale,SCUOLA SECONDARIA I GRADO,1,TOMM8AN027,I.C. CARMAGNOLA I - PRALORMO,PRALORMO,TORINO,PIEMONTE,SCUOLA PRIMO GRADO,secondaria_primo_grado,1,capacita_esaurita_o_oltre_max_km
202425,1.0,42,statale,SCUOLA SECONDARIA I GRADO,1,VEMM825048,E. MATTEI,ANNONE VENETO,VENEZIA,VENETO,SCUOLA PRIMO GRADO,secondaria_primo_grado,2,capacita_esaurita_o_oltre_max_km
202425,1.0,42,statale,SCUOLA SECONDARIA I GRADO,1,PVMM83301D,IC VIGEVANO VIA BOTTO-BESOZZI,VIGEVANO,PAVIA,LOMBARDIA,SCUOLA PRIMO GRADO,secondaria_primo_grado,10,capacita_esaurita_o_oltre_max_km
202425,1.0,42,statale,SCUOLA SECONDARIA I GRADO,1,ATMM816016,"""C.A. DALLA CHIESA"" NIZZA MONF.",NIZZA MONFERRATO,ASTI,PIEMONTE,SCUOLA PRIMO GRADO,secondaria_primo_grado,5,capacita_esaurita_o_oltre_max_km
202425,1.0,42,statale,SCUOLA SECONDARIA I GRADO,1,BSMM84201C,SALVO D'ACQUISTO - PONTOGLIO,PONTOGLIO,BRESCIA,LOMBARDIA,SCUOLA PRIMO GRADO,secondaria_primo_grado,4,capacita_esaurita_o_oltre_max_km
202425,1.0,42,statale,SCUOLA SECONDARIA I GRADO,1,MOMM83501L,FRASSONI,FINALE EMILIA,MODENA,EMILIA ROMAGNA,SCUOLA PRIMO GRADO,secondaria_primo_grado,6,capacita_esaurita_o_oltre_max_km
202425,1.0,42,statale,SCUOLA SECONDARIA I GRADO,1,REMM84601C,"""A. MANZONI""",REGGIO NELL'EMILIA,REGGIO EMILIA,EMILIA ROMAGNA,SCUOLA PRIMO GRADO,secondaria_primo_grado,5,capacita_esaurita_o_oltre_max_km
202425,1.0,42,statale,SCUOLA SECONDARIA I GRADO,1,TRMM809023,"TERNI ""P.MANASSEI""",TERNI,TERNI,UMBRIA,SCUOLA PRIMO GRADO,secondaria_primo_grado,3,capacita_esaurita_o_oltre_max_km
202425,1.0,42,statale,SCUOLA SECONDARIA I GRADO,1,BOMM81501D,PANZINI - 4 BOLOGNA,BOLOGNA,BOLOGNA,EMILIA ROMAGNA,SCUOLA PRIMO GRADO,secondaria_primo_grado,4,capacita_esaurita_o_oltre_max_km
202425,1.0,42,statale,SCUOLA SECONDARIA I GRADO,1,BSMM83901L,"SCUOLA SECONDARIA ""L. MARENZIO""",COCCAGLIO,BRESCIA,LOMBARDIA,SCUOLA PRIMO GRADO,secondaria_primo_grado,3,capacita_esaurita_o_oltre_max_km
202425,1.0,42,statale,SCUOLA SECONDARIA I GRADO,1,BSMM82701A,D.GHIDONI - OSPITALETTO,OSPITALETTO,BRESCIA,LOMBARDIA,SCUOLA PRIMO GRADO,secondaria_primo_grado,2,capacita_esaurita_o_oltre_max_km
202425,1.0,42,statale,SCUOLA SECONDARIA I GRADO,1,REMM820018,"CASTELNOVO SOTTO ""G.MARCONI""",CASTELNOVO DI SOTTO,REGGIO EMILIA,EMILIA ROMAGNA,SCUOLA PRIMO GRADO,secondaria_primo_grado,3,capacita_esaurita_o_oltre_max_km
202425,1.0,42,statale,SCUOLA SECONDARIA I GRADO,1,MOMM10600D,MONTECUCCOLI,PAVULLO NEL FRIGNANO,MODENA,EMILIA ROMAGNA,SCUOLA PRIMO GRADO,secondaria_primo_grado,7,capacita_esaurita_o_oltre_max_km
202425,1.0,42,statale,SCUOLA SECONDARIA I GRADO,1,IMMM801012,"DIANO MARINA ""U.NOVARO""",DIANO MARINA,IMPERIA,LIGURIA,SCUOLA PRIMO GRADO,secondaria_primo_grado,3,capacita_esaurita_o_oltre_max_km
202425,1.0,42,statale,SCUOLA SECONDARIA I GRADO,1,MSMM81001V,"SEC. I GR. I.C. ""COCCHI""",LICCIANA NARDI,MASSA-CARRARA,TOSCANA,SCUOLA PRIMO GRADO,secondaria_primo_grado,2,capacita_esaurita_o_oltre_max_km
202425,1.0,42,statale,SCUOLA SECONDARIA I GRADO,1,REMM81001N,"""E. FERMI """,REGGIO NELL'EMILIA,REGGIO EMILIA,EMILIA ROMAGNA,SCUOLA PRIMO GRADO,secondaria_primo_grado,5,capacita_esaurita_o_oltre_max_km
202425,1.0,42,statale,SCUOLA SECONDARIA I GRADO,1,MIMM8C801V,SECONDARIA I GRADO FALCK,SESTO SAN GIOVANNI,MILANO,LOMBARDIA,SCUOLA PRIMO GRADO,secondaria_primo_grado,4,capacita_esaurita_o_oltre_max_km
202425,1.0,42,statale,SCUOLA SECONDARIA I GRADO,1,ALMM809023,CASSINE - G. VERDI,CASSINE,ALESSANDRIA,PIEMONTE,SCUOLA PRIMO GRADO,secondaria_primo_grado,1,capacita_esaurita_o_oltre_max_km
202425,1.0,42,statale,SCUOLA SECONDARIA I GRADO,1,PGMM870038,MM - SECOND. 1^ GRADO PIEGARO,PIEGARO,PERUGIA,UMBRIA,SCUOLA PRIMO GRADO,secondaria_primo_grado,1,capacita_esaurita_o_oltre_max_km
202425,1.0,42,statale,SCUOLA SECONDARIA I GRADO,1,TVMM88003Q,SMS BATTISTIOLI CHIARANO,CHIARANO,TREVISO,VENETO,SCUOLA PRIMO GRADO,secondaria_primo_grado,1,capacita_esaurita_o_oltre_max_km
202425,1.0,42,statale,SCUOLA SECONDARIA I GRADO,1,SVMM82201L,I GR. MAMELI-ALIGHIERI ALBENGA,ALBENGA,SAVONA,LIGURIA,SCUOLA PRIMO GRADO,secondaria_primo_grado,4,capacita_esaurita_o_oltre_max_km
202425,1.0,42,statale,SCUOLA SECONDARIA I GRADO,1,ROMM817011,A.MARIO - LENDINARA,LENDINARA,ROVIGO,VENETO,SCUOLA PRIMO GRADO,secondaria_primo_grado,3,capacita_esaurita_o_oltre_max_km
202425,1.0,42,statale,SCUOLA SECONDARIA I GRADO,1,PRMM83501X,"""MALPELI"" - PARMA",PARMA,PARMA,EMILIA ROMAGNA,SCUOLA PRIMO GRADO,secondaria_primo_grado,4,capacita_esaurita_o_oltre_max_km
202425,1.0,42,statale,SCUOLA SECONDARIA I GRADO,1,TVMM88102E,SMS MEDUNA DI LIVENZA (IC MOTTA,MEDUNA DI LIVENZA,TREVISO,VENETO,SCUOLA PRIMO GRADO,secondaria_primo_grado,1,capacita_esaurita_o_oltre_max_km
202425,1.0,42,statale,SCUOLA SECONDARIA I GRADO,1,MOMM817013,FASSI,CARPI,MODENA,EMILIA ROMAGNA,SCUOLA PRIMO GRADO,secondaria_primo_grado,5,capacita_esaurita_o_oltre_max_km
202425,1.0,42,statale,SCUOLA SECONDARIA I GRADO,1,BSMM808011,S.M. CONSORTILE ARTOGNE,ARTOGNE,BRESCIA,LOMBARDIA,SCUOLA PRIMO GRADO,secondaria_primo_grado,3,capacita_esaurita_o_oltre_max_km
202425,1.0,42,statale,SCUOLA SECONDARIA I GRADO,1,PDMM87801G,"MONTAGNANA ""CHINAGLIA""",MONTAGNANA,PADOVA,VENETO,SCUOLA PRIMO GRADO,secondaria_primo_grado,1,capacita_esaurita_o_oltre_max_km
202425,1.0,42,statale,SCUOLA SECONDARIA I GRADO,1,RAMM80701B,"""G.UGONIA""",BRISIGHELLA,RAVENNA,EMILIA ROMAGNA,SCUOLA PRIMO GRADO,secondaria_primo_grado,2,capacita_esaurita_o_oltre_max_km
202425,1.0,42,statale,SCUOLA SECONDARIA I GRADO,1,MIMM8C7013,SECOND. I GR. B. MARCELLO,MILANO,MILANO,LOMBARDIA,SCUOLA PRIMO GRADO,secondaria_primo_grado,3,capacita_esaurita_o_oltre_max_km
202425,1.0,42,statale,SCUOLA SECONDARIA I GRADO,1,MIMM8CH01V,SECONDARIA I GR. L. PAVONI,MILANO,MILANO,LOMBARDIA,SCUOLA PRIMO GRADO,secondaria_primo_grado,3,capacita_esaurita_o_oltre_max_km
202425,1.0,42,statale,SCUOLA SECONDARIA I GRADO,1,TOMM81402B,I.C. PONT CANAVESE - MARTINETTI,PONT-CANAVESE,TORINO,PIEMONTE,SCUOLA PRIMO GRADO,secondaria_primo_grado,1,capacita_esaurita_o_oltre_max_km
202425,1.0,42,statale,SCUOLA SECONDARIA I GRADO,1,MOMM84701V,SAN CARLO,MODENA,MODENA,EMILIA ROMAGNA,SCUOLA PRIMO GRADO,secondaria_primo_grado,4,capacita_esaurita_o_oltre_max_km
202425,1.0,42,statale,SCUOLA SECONDARIA I GRADO,1,BSMM85901T,G.CERUTI - LOGRATO,LOGRATO,BRESCIA,LOMBARDIA,SCUOLA PRIMO GRADO,secondaria_primo_grado,2,capacita_esaurita_o_oltre_max_km
202425,1.0,42,statale,SCUOLA SECONDARIA I GRADO,1,MIMM8A0013,SECONDARIA I GRA. I. CALVINO,SESTO SAN GIOVANNI,MILANO,LOMBARDIA,SCUOLA PRIMO GRADO,secondaria_primo_grado,2,capacita_esaurita_o_oltre_max_km
202425,1.0,42,statale,SCUOLA SECONDARIA I GRADO,1,TVMM832029,SMS MARTINI S.BIAGIO DI C.(I.C.,SAN BIAGIO DI CALLALTA,TREVISO,VENETO,SCUOLA PRIMO GRADO,secondaria_primo_grado,2,capacita_esaurita_o_oltre_max_km
202425,1.0,42,statale,SCUOLA SECONDARIA I GRADO,1,FIMM86401R,"S.M.S. ""GARIBALDI""",CAMPI BISENZIO,FIRENZE,TOSCANA,SCUOLA PRIMO GRADO,secondaria_primo_grado,5,capacita_esaurita_o_oltre_max_km
202425,1.0,42,statale,SCUOLA SECONDARIA I GRADO,1,PSMM81701T,"MOMBAROCCIO ""FEDERICO BAROCCI""",MOMBAROCCIO,PESARO E URBINO,MARCHE,SCUOLA PRIMO GRADO,secondaria_primo_grado,1,capacita_esaurita_o_oltre_max_km
202425,1.0,42,statale,SCUOLA SECONDARIA I GRADO,1,REMM841019,"""M.E.LEPIDO""",REGGIO NELL'EMILIA,REGGIO EMILIA,EMILIA ROMAGNA,SCUOLA PRIMO GRADO,secondaria_primo_grado,4,capacita_esaurita_o_oltre_max_km
202425,1.0,42,statale,SCUOLA SECONDARIA I GRADO,1,PRMM827011,"""FRA' SALIMBENE"" - PARMA",PARMA,PARMA,EMILIA ROMAGNA,SCUOLA PRIMO GRADO,secondaria_primo_grado,4,capacita_esaurita_o_oltre_max_km
202425,1.0,42,statale,SCUOLA SECONDARIA I GRADO,1,VCMM80001G,FERRARI - TRINO VERCELLESE -,TRINO,VERCELLI,PIEMONTE,SCUOLA PRIMO GRADO,secondaria_primo_grado,2,capacita_esaurita_o_oltre_max_km
202425,1.0,42,statale,SCUOLA SECONDARIA I GRADO,1,MNMM805014,"GOITO ""SORDELLO""",GOITO,MANTOVA,LOMBARDIA,SCUOLA PRIMO GRADO,secondaria_primo_grado,2,capacita_esaurita_o_oltre_max_km
202425,1.0,42,statale,SCUOLA SECONDARIA I GRADO,1,AQMM823025,S.PIO DELLE CAMERE,SAN PIO DELLE CAMERE,L'AQUILA,ABRUZZO,SCUOLA PRIMO GRADO,secondaria_primo_grado,1,capacita_esaurita_o_oltre_max_km
202425,1.0,42,statale,SCUOLA SECONDARIA I GRADO,1,BSMM8AE014,F.GLISENTI - VESTONE,VESTONE,BRESCIA,LOMBARDIA,SCUOLA PRIMO GRADO,secondaria_primo_grado,1,capacita_esaurita_o_oltre_max_km
202425,1.0,42,statale,SCUOLA SECONDARIA I GRADO,1,COMM84802P,MAESTRI CAMPIONESI,CAMPIONE D'ITALIA,COMO,LOMBARDIA,SCUOLA PRIMO GRADO,secondaria_primo_grado,1,capacita_esaurita_o_oltre_max_km
202425,1.0,42,statale,SCUOLA SECONDARIA I GRADO,1,CRMM804024,SCUOLA SEC. I GRADO TRIGOLO,TRIGOLO,CREMONA,LOMBARDIA,SCUOLA PRIMO GRADO,secondaria_primo_grado,1,capacita_esaurita_o_oltre_max_km
202425,1.0,42,statale,SCUOLA SECONDARIA I GRADO,1,PCMM806013,M. BUONARROTI,CAORSO,PIACENZA,EMILIA ROMAGNA,SCUOLA PRIMO GRADO,secondaria_primo_grado,1,capacita_esaurita_o_oltre_max_km
202425,1.0,42,statale,SCUOLA SECONDARIA I GRADO,1,VRMM89602X,FAGNANO DI TREVENZUOLO,TREVENZUOLO,VERONA,VENETO,SCUOLA PRIMO GRADO,secondaria_primo_grado,1,capacita_esaurita_o_oltre_max_km
202425,1.0,42,statale,SCUOLA SECONDARIA I GRADO,1,RGMM81301Q,ELIO VITTORINI,SCICLI,RAGUSA,SICILIA,SCUOLA PRIMO GRADO,secondaria_primo_grado,1,capacita_esaurita_o_oltre_max_km
202425,1.0,42,statale,SCUOLA SECONDARIA I GRADO,1,ROMM816015,G.GHIRARDINI - BADIA POLESINE,BADIA POLESINE,ROVIGO,VENETO,SCUOLA PRIMO GRADO,secondaria_primo_grado,2,capacita_esaurita_o_oltre_max_km
202425,1.0,42,statale,SCUOLA SECONDARIA I GRADO,1,ALMM80601E,GAVI - CORNELIO DE SIMONI,GAVI,ALESSANDRIA,PIEMONTE,SCUOLA PRIMO GRADO,secondaria_primo_grado,1,capacita_esaurita_o_oltre_max_km
202425,1.0,42,statale,SCUOLA SECONDARIA I GRADO,1,ROMM80003N,S.QUASIMODO-CASTELNUOVO BARIANO,CASTELNOVO BARIANO,ROVIGO,VENETO,SCUOLA PRIMO GRADO,secondaria_primo_grado,1,capacita_esaurita_o_oltre_max_km
202425,1.0,42,statale,SCUOLA SECONDARIA I GRADO,1,MCMM825018,LUCA DELLA ROBBIA,APPIGNANO,MACERATA,MARCHE,SCUOLA PRIMO GRADO,secondaria_primo_grado,1,capacita_esaurita_o_oltre_max_km
202425,1.0,42,statale,SCUOLA SECONDARIA I GRADO,1,FOMM81501R,NIEVO,GAMBETTOLA,FORLI'-CESENA,EMILIA ROMAGNA,SCUOLA PRIMO GRADO,secondaria_primo_grado,2,capacita_esaurita_o_oltre_max_km
202425,1.0,42,statale,SCUOLA SECONDARIA I GRADO,1,POMM805011,CONVENEVOLE DA PRATO,PRATO,PRATO,TOSCANA,SCUOLA PRIMO GRADO,secondaria_primo_grado,2,capacita_esaurita_o_oltre_max_km
202425,1.0,42,statale,SCUOLA SECONDARIA I GRADO,1,BOMM840027,DON MILANI,GRIZZANA MORANDI,BOLOGNA,EMILIA ROMAGNA,SCUOLA PRIMO GRADO,secondaria_primo_grado,1,capacita_esaurita_o_oltre_max_km
202425,1.0,42,statale,SCUOLA SECONDARIA I GRADO,1,FRMM82002C,S.M. S. DONATO VAL DI COMINO,SAN DONATO VAL DI COMINO,FROSINONE,LAZIO,SCUOLA PRIMO GRADO,secondaria_primo_grado,1,capacita_esaurita_o_oltre_max_km
202425,1.0,42,statale,SCUOLA SECONDARIA I GRADO,1,IMMM82001B,SC.SEC. I GRADO BADALUCCO,BADALUCCO,IMPERIA,LIGURIA,SCUOLA PRIMO GRADO,secondaria_primo_grado,1,capacita_esaurita_o_oltre_max_km
202425,1.0,42,statale,SCUOLA SECONDARIA I GRADO,1,PSMM808024,SCUOLA SEC. 1^ GRADO PIOBBICO,PIOBBICO,PESARO E URBINO,MARCHE,SCUOLA PRIMO GRADO,secondaria_primo_grado,1,capacita_esaurita_o_oltre_max_km
202425,1.0,42,statale,SCUOLA SECONDARIA I GRADO,1,VRMM86201Q,ISOLA DELLA SCALA- F.LLI CORRA',ISOLA DELLA SCALA,VERONA,VENETO,SCUOLA PRIMO GRADO,secondaria_primo_grado,2,capacita_esaurita_o_oltre_max_km
202425,1.0,42,statale,SCUOLA SECONDARIA I GRADO,1,MIMM8DA01P,SECONDARIA I GR. VIA ZUARA,MILANO,MILANO,LOMBARDIA,SCUOLA PRIMO GRADO,secondaria_primo_grado,2,capacita_esaurita_o_oltre_max_km
202425,1.0,42,statale,SCUOLA SECONDARIA I GRADO,1,FIMM81401Q,D.DA SETTIGNANO,DICOMANO,FIRENZE,TOSCANA,SCUOLA PRIMO GRADO,secondaria_primo_grado,1,capacita_esaurita_o_oltre_max_km
202425,1.0,42,statale,SCUOLA SECONDARIA I GRADO,1,MIMM81701T,SEC. I GRADO T. CIRESOLA,MILANO,MILANO,LOMBARDIA,SCUOLA PRIMO GRADO,secondaria_primo_grado,2,capacita_esaurita_o_oltre_max_km
202425,1.0,42,statale,SCUOLA SECONDARIA I GRADO,1,FEMM81301L,"""F.DE PISIS"" - FERRARA",FERRARA,FERRARA,EMILIA ROMAGNA,SCUOLA PRIMO GRADO,secondaria_primo_grado,2,capacita_esaurita_o_oltre_max_km
202425,1.0,42,statale,SCUOLA SECONDARIA I GRADO,1,FGMM83701Q,PAPA GIOVANNI PAOLO I,STORNARA,FOGGIA,PUGLIA,SCUOLA PRIMO GRADO,secondaria_primo_grado,1,capacita_esaurita_o_oltre_max_km
202425,1.0,42,statale,SCUOLA SECONDARIA I GRADO,1,BSMM849017,BERTAZZOLI DI CARPENEDOLO,CARPENEDOLO,BRESCIA,LOMBARDIA,SCUOLA PRIMO GRADO,secondaria_primo_grado,1,capacita_esaurita_o_oltre_max_km
202425,1.0,42,statale,SCUOLA SECONDARIA I GRADO,1,CNMM81101A,SAN MICHELE MONDOVI',SAN MICHELE MONDOVI',CUNEO,PIEMONTE,SCUOLA PRIMO GRADO,secondaria_primo_grado,1,capacita_esaurita_o_oltre_max_km
202425,1.0,42,statale,SCUOLA SECONDARIA I GRADO,1,MNMM81502Q,VILLIMPENTA - S.S. RONCOFERRARO,VILLIMPENTA,MANTOVA,LOMBARDIA,SCUOLA PRIMO GRADO,secondaria_primo_grado,1,capacita_esaurita_o_oltre_max_km
202425,1.0,42,statale,SCUOLA SECONDARIA I GRADO,1,VRMM87501T,ISOLINA CANUTI,VERONA,VERONA,VENETO,SCUOLA PRIMO GRADO,secondaria_primo_grado,1,capacita_esaurita_o_oltre_max_km
202425,1.0,42,statale,SCUOLA SECONDARIA I GRADO,1,MIMM8CS013,SECONDARIA I GR. L. DA VINCI,MILANO,MILANO,LOMBARDIA,SCUOLA PRIMO GRADO,secondaria_primo_grado,1,capacita_esaurita_o_oltre_max_km
202425,1.0,42,statale,SCUOLA SECONDARIA I GRADO,1,FOMM827013,BENEDETTO CROCE,FORLI',FORLI'-CESENA,EMILIA ROMAGNA,SCUOLA PRIMO GRADO,secondaria_primo_grado,1,capacita_esaurita_o_oltre_max_km
202425,1.0,42,statale,SCUOLA SECONDARIA I GRADO,1,TRMM81301N,"TERNI ""B.BRIN""",TERNI,TERNI,UMBRIA,SCUOLA PRIMO GRADO,secondaria_primo_grado,1,capacita_esaurita_o_oltre_max_km
202425,1.0,42,statale,SCUOLA SECONDARIA I GRADO,1,REMM82802X,"BRESCELLO ""PANIZZI""",BRESCELLO,REGGIO EMILIA,EMILIA ROMAGNA,SCUOLA PRIMO GRADO,secondaria_primo_grado,1,capacita_esaurita_o_oltre_max_km
202425,1.0,42,statale,SCUOLA SECONDARIA I GRADO,1,RGMM832015,"""A. VOLTA""",ACATE,RAGUSA,SICILIA,SCUOLA PRIMO GRADO,secondaria_primo_grado,1,capacita_esaurita_o_oltre_max_km
202425,1.0,42,statale,SCUOLA SECONDARIA I GRADO,1,IMMM81101L,"SMS IMPERIA ""N.SAURO""",IMPERIA,IMPERIA,LIGURIA,SCUOLA PRIMO GRADO,secondaria_primo_grado,1,capacita_esaurita_o_oltre_max_km
202425,1.0,42,statale,SCUOLA SECONDARIA I GRADO,2,POMM80801C,BOGARDO BURICCHI,PRATO,PRATO,TOSCANA,SCUOLA PRIMO GRADO,secondaria_primo_grado,67,capacita_esaurita_o_oltre_max_km
202425,1.0,42,statale,SCUOLA SECONDARIA I GRADO,2,POMM809018,SER LAPO MAZZEI,PRATO,PRATO,TOSCANA,SCUOLA PRIMO GRADO,secondaria_primo_grado,43,capacita_esaurita_o_oltre_max_km
202425,1.0,42,statale,SCUOLA SECONDARIA I GRADO,2,COMM84802P,MAESTRI CAMPIONESI,CAMPIONE D'ITALIA,COMO,LOMBARDIA,SCUOLA PRIMO GRADO,secondaria_primo_grado,9,capacita_esaurita_o_oltre_max_km
202425,1.0,42,statale,SCUOLA SECONDARIA I GRADO,2,BSMM88501A,SEC. I ROMANINO BRESCIA,BRESCIA,BRESCIA,LOMBARDIA,SCUOLA PRIMO GRADO,secondaria_primo_grado,7,capacita_esaurita_o_oltre_max_km
202425,1.0,42,statale,SCUOLA SECONDARIA I GRADO,2,ALMM82701G,ALESSANDRIA - A. MANZONI,ALESSANDRIA,ALESSANDRIA,PIEMONTE,SCUOLA PRIMO GRADO,secondaria_primo_grado,20,capacita_esaurita_o_oltre_max_km
202425,1.0,42,statale,SCUOLA SECONDARIA I GRADO,2,ANMM81801B,"ANCONA ""PODESTI""",ANCONA,ANCONA,MARCHE,SCUOLA PRIMO GRADO,secondaria_primo_grado,39,capacita_esaurita_o_oltre_max_km
202425,1.0,42,statale,SCUOLA SECONDARIA I GRADO,2,PIMM824026,E.FERMI,CASTELNUOVO DI VAL DI CECINA,PISA,TOSCANA,SCUOLA PRIMO GRADO,secondaria_primo_grado,9,capacita_esaurita_o_oltre_max_km
202425,1.0,42,statale,SCUOLA SECONDARIA I GRADO,2,TOMM8B701C,I.C.C.SO VERCELLI - G.B.VIOTTI,TORINO,TORINO,PIEMONTE,SCUOLA PRIMO GRADO,secondaria_primo_grado,88,capacita_esaurita_o_oltre_max_km
202425,1.0,42,statale,SCUOLA SECONDARIA I GRADO,2,GOMM80301P,GIACICH EZIO,MONFALCONE,GORIZIA,FRIULI-VENEZIA G.,SCUOLA PRIMO GRADO,secondaria_primo_grado,43,capacita_esaurita_o_oltre_max_km
202425,1.0,42,statale,SCUOLA SECONDARIA I GRADO,2,GRMM815036,MONTIERI,MONTIERI,GROSSETO,TOSCANA,SCUOLA PRIMO GRADO,secondaria_primo_grado,8,capacita_esaurita_o_oltre_max_km
202425,1.0,42,statale,SCUOLA SECONDARIA I GRADO,2,GRMM82101B,SATURNIA MEDIE,MANCIANO,GROSSETO,TOSCANA,SCUOLA PRIMO GRADO,secondaria_primo_grado,5,capacita_esaurita_o_oltre_max_km
202425,1.0,42,statale,SCUOLA SECONDARIA I GRADO,2,MCMM820037,PADRE PIETRO PIRRI,VISSO,MACERATA,MARCHE,SCUOLA PRIMO GRADO,secondaria_primo_grado,2,capacita_esaurita_o_oltre_max_km
202425,1.0,42,statale,SCUOLA SECONDARIA I GRADO,2,CRMM80001Q,"""GIACOMO BERTESI"" (SORESINA)",SORESINA,CREMONA,LOMBARDIA,SCUOLA PRIMO GRADO,secondaria_primo_grado,52,capacita_esaurita_o_oltre_max_km
202425,1.0,42,statale,SCUOLA SECONDARIA I GRADO,2,BSMM84701G,SECONDARIA I GRADO - REMEDELLO,REMEDELLO,BRESCIA,LOMBARDIA,SCUOLA PRIMO GRADO,secondaria_primo_grado,7,capacita_esaurita_o_oltre_max_km
202425,1.0,42,statale,SCUOLA SECONDARIA I GRADO,2,BOMM816019,TESTONI-FIORAVANTI - 5 BOLOGNA,BOLOGNA,BOLOGNA,EMILIA ROMAGNA,SCUOLA PRIMO GRADO,secondaria_primo_grado,24,capacita_esaurita_o_oltre_max_km
202425,1.0,42,statale,SCUOLA SECONDARIA I GRADO,2,PIMM810028,"""C.BANTI""",SANTA CROCE SULL'ARNO,PISA,TOSCANA,SCUOLA PRIMO GRADO,secondaria_primo_grado,40,capacita_esaurita_o_oltre_max_km
202425,1.0,42,statale,SCUOLA SECONDARIA I GRADO,2,VRMM882011,VR N.10-11 MAZZA-MENEGHETTI,VERONA,VERONA,VENETO,SCUOLA PRIMO GRADO,secondaria_primo_grado,35,capacita_esaurita_o_oltre_max_km
202425,1.0,42,statale,SCUOLA SECONDARIA I GRADO,2,TOMM8BD011,I.C. ILARIA ALPI - CROCE,TORINO,TORINO,PIEMONTE,SCUOLA PRIMO GRADO,secondaria_primo_grado,18,capacita_esaurita_o_oltre_max_km
202425,1.0,42,statale,SCUOLA SECONDARIA I GRADO,2,VEMM870013,LUIGI EINAUDI,VENEZIA,VENEZIA,VENETO,SCUOLA PRIMO GRADO,secondaria_primo_grado,53,capacita_esaurita_o_oltre_max_km
202425,1.0,42,statale,SCUOLA SECONDARIA I GRADO,2,POMM804015,CURZIO MALAPARTE,PRATO,PRATO,TOSCANA,SCUOLA PRIMO GRADO,secondaria_primo_grado,52,capacita_esaurita_o_oltre_max_km
202425,1.0,42,statale,SCUOLA SECONDARIA I GRADO,2,CNMM83702G,NEIVE SS MANGO,MANGO,CUNEO,PIEMONTE,SCUOLA PRIMO GRADO,secondaria_primo_grado,2,capacita_esaurita_o_oltre_max_km
202425,1.0,42,statale,SCUOLA SECONDARIA I GRADO,2,VEMM87201P,CAIO GIULIO CESARE,VENEZIA,VENEZIA,VENETO,SCUOLA PRIMO GRADO,secondaria_primo_grado,33,capacita_esaurita_o_oltre_max_km
202425,1.0,42,statale,SCUOLA SECONDARIA I GRADO,2,RAMM82201D,"""COVA - LANZONI""",FAENZA,RAVENNA,EMILIA ROMAGNA,SCUOLA PRIMO GRADO,secondaria_primo_grado,28,capacita_esaurita_o_oltre_max_km
202425,1.0,42,statale,SCUOLA SECONDARIA I GRADO,2,BGMM85902A,"S.M.S. ""PINETTI"" MARTINENGO",MARTINENGO,BERGAMO,LOMBARDIA,SCUOLA PRIMO GRADO,secondaria_primo_grado,21,capacita_esaurita_o_oltre_max_km
202425,1.0,42,statale,SCUOLA SECONDARIA I GRADO,2,GOMM80401E,RANDACCIO GIOVANNI,MONFALCONE,GORIZIA,FRIULI-VENEZIA G.,SCUOLA PRIMO GRADO,secondaria_primo_grado,43,capacita_esaurita_o_oltre_max_km
202425,1.0,42,statale,SCUOLA SECONDARIA I GRADO,2,MIMM89301B,SECONDARIA I GRADO E. FERMI,SAN GIULIANO MILANESE,MILANO,LOMBARDIA,SCUOLA PRIMO GRADO,secondaria_primo_grado,12,capacita_esaurita_o_oltre_max_km
202425,1.0,42,statale,SCUOLA SECONDARIA I GRADO,2,MIMM8FP01V,SECONDARIA I GR. VIA MAFFUCCI,MILANO,MILANO,LOMBARDIA,SCUOLA PRIMO GRADO,secondaria_primo_grado,11,capacita_esaurita_o_oltre_max_km
202425,1.0,42,statale,SCUOLA SECONDARIA I GRADO,2,PRMM83801B,"LANGHIRANO - ""E. FERMI""",LANGHIRANO,PARMA,EMILIA ROMAGNA,SCUOLA PRIMO GRADO,secondaria_primo_grado,30,capacita_esaurita_o_oltre_max_km
202425,1.0,42,statale,SCUOLA SECONDARIA I GRADO,2,SOMM82101C,F.SASSI - SONDRIO,SONDRIO,SONDRIO,LOMBARDIA,SCUOLA PRIMO GRADO,secondaria_primo_grado,4,capacita_esaurita_o_oltre_max_km
202425,1.0,42,statale,SCUOLA SECONDARIA I GRADO,2,PCMM00300G,"""FAUSTINI-FRANK-NICOLINI""",PIACENZA,PIACENZA,EMILIA ROMAGNA,SCUOLA PRIMO GRADO,secondaria_primo_grado,92,capacita_esaurita_o_oltre_max_km
202425,1.0,42,statale,SCUOLA SECONDARIA I GRADO,2,PRMM826015,"""L. VICINI"" - PARMA",PARMA,PARMA,EMILIA ROMAGNA,SCUOLA PRIMO GRADO,secondaria_primo_grado,36,capacita_esaurita_o_oltre_max_km
202425,1.0,42,statale,SCUOLA SECONDARIA I GRADO,2,MIMM8CR017,SECONDARIA I GR. GANDHI,MILANO,MILANO,LOMBARDIA,SCUOLA PRIMO GRADO,secondaria_primo_grado,9,capacita_esaurita_o_oltre_max_km
202425,1.0,42,statale,SCUOLA SECONDARIA I GRADO,2,MIMM8D101P,SECONDARIA I GR. PUECHER,MILANO,MILANO,LOMBARDIA,SCUOLA PRIMO GRADO,secondaria_primo_grado,33,capacita_esaurita_o_oltre_max_km
202425,1.0,42,statale,SCUOLA SECONDARIA I GRADO,2,BGMM832019,"S.M.S""MARTIRI RESISTENZA""CALCIO",CALCIO,BERGAMO,LOMBARDIA,SCUOLA PRIMO GRADO,secondaria_primo_grado,6,capacita_esaurita_o_oltre_max_km
202425,1.0,42,statale,SCUOLA SECONDARIA I GRADO,2,RGMM81401G,PSAUMIDE CAMARINENSE,SANTA CROCE CAMERINA,RAGUSA,SICILIA,SCUOLA PRIMO GRADO,secondaria_primo_grado,33,capacita_esaurita_o_oltre_max_km
202425,1.0,42,statale,SCUOLA SECONDARIA I GRADO,2,PVMM83201N,IC VIG. VITTORIO VENETO-BUSSI,VIGEVANO,PAVIA,LOMBARDIA,SCUOLA PRIMO GRADO,secondaria_primo_grado,22,capacita_esaurita_o_oltre_max_km
202425,1.0,42,statale,SCUOLA SECONDARIA I GRADO,2,BOMM81301T,SALVO D'ACQUISTO - 3 BOLOGNA,BOLOGNA,BOLOGNA,EMILIA ROMAGNA,SCUOLA PRIMO GRADO,secondaria_primo_grado,25,capacita_esaurita_o_oltre_max_km
202425,1.0,42,statale,SCUOLA SECONDARIA I GRADO,2,BGMM83702D,S.M.S. CASIRATE D'ADDA,CASIRATE D'ADDA,BERGAMO,LOMBARDIA,SCUOLA PRIMO GRADO,secondaria_primo_grado,7,capacita_esaurita_o_oltre_max_km
202425,1.0,42,statale,SCUOLA SECONDARIA I GRADO,2,BSMM81601X,MOMPIANI-BRESCIA,BRESCIA,BRESCIA,LOMBARDIA,SCUOLA PRIMO GRADO,secondaria_primo_grado,25,capacita_esaurita_o_oltre_max_km
202425,1.0,42,statale,SCUOLA SECONDARIA I GRADO,2,VRMM88301R,VR N.12 - MANZONI,VERONA,VERONA,VENETO,SCUOLA PRIMO GRADO,secondaria_primo_grado,36,capacita_esaurita_o_oltre_max_km
202425,1.0,42,statale,SCUOLA SECONDARIA I GRADO,2,GRMM81101R,"CASTELDELPIANO - ""O.VANNINI""",CASTEL DEL PIANO,GROSSETO,TOSCANA,SCUOLA PRIMO GRADO,secondaria_primo_grado,19,capacita_esaurita_o_oltre_max_km
202425,1.0,42,statale,SCUOLA SECONDARIA I GRADO,2,NOMM82301N,"""BELLINI""",NOVARA,NOVARA,PIEMONTE,SCUOLA PRIMO GRADO,secondaria_primo_grado,33,capacita_esaurita_o_oltre_max_km
202425,1.0,42,statale,SCUOLA SECONDARIA I GRADO,2,GEMM85101G,I.C. SAMPIERDARENA/ S.M.S.,GENOVA,GENOVA,LIGURIA,SCUOLA PRIMO GRADO,secondaria_primo_grado,20,capacita_esaurita_o_oltre_max_km
202425,1.0,42,statale,SCUOLA SECONDARIA I GRADO,2,ALMM81903P,PONTECURONE - ZANARDI BONFIGLIO,PONTECURONE,ALESSANDRIA,PIEMONTE,SCUOLA PRIMO GRADO,secondaria_primo_grado,6,capacita_esaurita_o_oltre_max_km
202425,1.0,42,statale,SCUOLA SECONDARIA I GRADO,2,AQMM82101C,""" IGNAZIO SILONE """,LUCO DEI MARSI,L'AQUILA,ABRUZZO,SCUOLA PRIMO GRADO,secondaria_primo_grado,17,capacita_esaurita_o_oltre_max_km
202425,1.0,42,statale,SCUOLA SECONDARIA I GRADO,2,BOMM854014,SAFFI - 11 BOLOGNA,BOLOGNA,BOLOGNA,EMILIA ROMAGNA,SCUOLA PRIMO GRADO,secondaria_primo_grado,6,capacita_esaurita_o_oltre_max_km
202425,1.0,42,statale,SCUOLA SECONDARIA I GRADO,2,COMM80603N,SCUOLA SECONDARIA I GRADO,NESSO,COMO,LOMBARDIA,SCUOLA PRIMO GRADO,secondaria_primo_grado,3,capacita_esaurita_o_oltre_max_km
202425,1.0,42,statale,SCUOLA SECONDARIA I GRADO,2,CSMM864016,SM SCIGLIANO,SCIGLIANO,COSENZA,CALABRIA,SCUOLA PRIMO GRADO,secondaria_primo_grado,1,capacita_esaurita_o_oltre_max_km
202425,1.0,42,statale,SCUOLA SECONDARIA I GRADO,2,FGMM819038,MANZONI ALESSANDRO,MONTELEONE DI PUGLIA,FOGGIA,PUGLIA,SCUOLA PRIMO GRADO,secondaria_primo_grado,1,capacita_esaurita_o_oltre_max_km
202425,1.0,42,statale,SCUOLA SECONDARIA I GRADO,2,GEMM83601D,I.C.CORNIGLIANO - EX VOLTA,GENOVA,GENOVA,LIGURIA,SCUOLA PRIMO GRADO,secondaria_primo_grado,13,capacita_esaurita_o_oltre_max_km
202425,1.0,42,statale,SCUOLA SECONDARIA I GRADO,2,GRMM81102T,"ARCIDOSSO - ""G.CARDUCCI""",ARCIDOSSO,GROSSETO,TOSCANA,SCUOLA PRIMO GRADO,secondaria_primo_grado,10,capacita_esaurita_o_oltre_max_km
202425,1.0,42,statale,SCUOLA SECONDARIA I GRADO,2,IMMM80202V,SCUOLA MEDIA STATALE DI PIGNA,PIGNA,IMPERIA,LIGURIA,SCUOLA PRIMO GRADO,secondaria_primo_grado,2,capacita_esaurita_o_oltre_max_km
202425,1.0,42,statale,SCUOLA SECONDARIA I GRADO,2,LIMM813022,SCUOLA MEDIA DI CAPRAIA ISOLA,CAPRAIA ISOLA,LIVORNO,TOSCANA,SCUOLA PRIMO GRADO,secondaria_primo_grado,1,capacita_esaurita_o_oltre_max_km
202425,1.0,42,statale,SCUOLA SECONDARIA I GRADO,2,MNMM80801G,CASTIGLIONE STIVIERE 1- BESCHI,CASTIGLIONE DELLE STIVIERE,MANTOVA,LOMBARDIA,SCUOLA PRIMO GRADO,secondaria_primo_grado,21,capacita_esaurita_o_oltre_max_km
202425,1.0,42,statale,SCUOLA SECONDARIA I GRADO,2,MTMM810034,I GRADO - CRACO,CRACO,MATERA,BASILICATA,SCUOLA PRIMO GRADO,secondaria_primo_grado,1,capacita_esaurita_o_oltre_max_km
202425,1.0,42,statale,SCUOLA SECONDARIA I GRADO,2,PCMM805028,S.M.S. DI VILLANOVA,VILLANOVA SULL'ARDA,PIACENZA,EMILIA ROMAGNA,SCUOLA PRIMO GRADO,secondaria_primo_grado,4,capacita_esaurita_o_oltre_max_km
202425,1.0,42,statale,SCUOLA SECONDARIA I GRADO,2,SIMM807022,RITA LEVI MONTALCINI,MONTICIANO,SIENA,TOSCANA,SCUOLA PRIMO GRADO,secondaria_primo_grado,4,capacita_esaurita_o_oltre_max_km
202425,1.0,42,statale,SCUOLA SECONDARIA I GRADO,2,MIMM8CF017,SECONDARIA I GRADO U.SABA,MILANO,MILANO,LOMBARDIA,SCUOLA PRIMO GRADO,secondaria_primo_grado,26,capacita_esaurita_o_oltre_max_km
202425,1.0,42,statale,SCUOLA SECONDARIA I GRADO,2,ALMM80701A,SERRAVALLE SCRIVIA-M.BENEDICTA,SERRAVALLE SCRIVIA,ALESSANDRIA,PIEMONTE,SCUOLA PRIMO GRADO,secondaria_primo_grado,1,capacita_esaurita_o_oltre_max_km
202425,1.0,42,statale,SCUOLA SECONDARIA I GRADO,2,VIMM86201B,IC VICENZA 9 - G.AMBROSOLI,VICENZA,VICENZA,VENETO,SCUOLA PRIMO GRADO,secondaria_primo_grado,9,capacita_esaurita_o_oltre_max_km
202425,1.0,42,statale,SCUOLA SECONDARIA I GRADO,2,MIMM822019,SEC I GRADO D. ALIGHIERI,COLOGNO MONZESE,MILANO,LOMBARDIA,SCUOLA PRIMO GRADO,secondaria_primo_grado,8,capacita_esaurita_o_oltre_max_km
202425,1.0,42,statale,SCUOLA SECONDARIA I GRADO,2,BGMM83202A,"S.M.S.""A.BIFFI"" CIVIDATE",CIVIDATE AL PIANO,BERGAMO,LOMBARDIA,SCUOLA PRIMO GRADO,secondaria_primo_grado,7,capacita_esaurita_o_oltre_max_km
202425,1.0,42,statale,SCUOLA SECONDARIA I GRADO,2,MIMM8DQ01D,SECONDARIA I GR. QUASIMODO,MILANO,MILANO,LOMBARDIA,SCUOLA PRIMO GRADO,secondaria_primo_grado,35,capacita_esaurita_o_oltre_max_km
202425,1.0,42,statale,SCUOLA SECONDARIA I GRADO,2,MIMM8CS013,SECONDARIA I GR. L. DA VINCI,MILANO,MILANO,LOMBARDIA,SCUOLA PRIMO GRADO,secondaria_primo_grado,32,capacita_esaurita_o_oltre_max_km
202425,1.0,42,statale,SCUOLA SECONDARIA I GRADO,2,NOMM82401D,SECONDARIA I - FORNARA,NOVARA,NOVARA,PIEMONTE,SCUOLA PRIMO GRADO,secondaria_primo_grado,23,capacita_esaurita_o_oltre_max_km
202425,1.0,42,statale,SCUOLA SECONDARIA I GRADO,2,PVMM821017,BRONI - FERRINI,BRONI,PAVIA,LOMBARDIA,SCUOLA PRIMO GRADO,secondaria_primo_grado,26,capacita_esaurita_o_oltre_max_km
202425,1.0,42,statale,SCUOLA SECONDARIA I GRADO,2,RAMM80601G,S.D'ACQUISTO,MASSA LOMBARDA,RAVENNA,EMILIA ROMAGNA,SCUOLA PRIMO GRADO,secondaria_primo_grado,16,capacita_esaurita_o_oltre_max_km
202425,1.0,42,statale,SCUOLA SECONDARIA I GRADO,2,MNMM82201T,"SERMIDE ""VIRGILIO""",SERMIDE E FELONICA,MANTOVA,LOMBARDIA,SCUOLA PRIMO GRADO,secondaria_primo_grado,10,capacita_esaurita_o_oltre_max_km
202425,1.0,42,statale,SCUOLA SECONDARIA I GRADO,2,CNMM81101A,SAN MICHELE MONDOVI',SAN MICHELE MONDOVI',CUNEO,PIEMONTE,SCUOLA PRIMO GRADO,secondaria_primo_grado,6,capacita_esaurita_o_oltre_max_km
202425,1.0,42,statale,SCUOLA SECONDARIA I GRADO,2,PCMM81701D,"SCUOLA SEC. I GRADO ""G.MAZZINI""",CASTEL SAN GIOVANNI,PIACENZA,EMILIA ROMAGNA,SCUOLA PRIMO GRADO,secondaria_primo_grado,36,capacita_esaurita_o_oltre_max_km
202425,1.0,42,statale,SCUOLA SECONDARIA I GRADO,2,GRMM81701Q,"CINIGIANO - ""M.BUONARROTI""",CINIGIANO,GROSSETO,TOSCANA,SCUOLA PRIMO GRADO,secondaria_primo_grado,5,capacita_esaurita_o_oltre_max_km
202425,1.0,42,statale,SCUOLA SECONDARIA I GRADO,2,TVMM86901V,SMS GRAVA CONEGLIANO (IC 1),CONEGLIANO,TREVISO,VENETO,SCUOLA PRIMO GRADO,secondaria_primo_grado,5,capacita_esaurita_o_oltre_max_km
202425,1.0,42,statale,SCUOLA SECONDARIA I GRADO,2,BGMM84401G,"S.M.S. ""LORENZO LOTTO"" COVO",COVO,BERGAMO,LOMBARDIA,SCUOLA PRIMO GRADO,secondaria_primo_grado,15,capacita_esaurita_o_oltre_max_km
202425,1.0,42,statale,SCUOLA SECONDARIA I GRADO,2,LOMM81501T,SEC.I GRADO S.FRANCESCA CABRINI,SANT'ANGELO LODIGIANO,LODI,LOMBARDIA,SCUOLA PRIMO GRADO,secondaria_primo_grado,24,capacita_esaurita_o_oltre_max_km
202425,1.0,42,statale,SCUOLA SECONDARIA I GRADO,2,TOMM8CF017,I.C. BOBBIO NOVARO - BOBBIO,TORINO,TORINO,PIEMONTE,SCUOLA PRIMO GRADO,secondaria_primo_grado,26,capacita_esaurita_o_oltre_max_km
202425,1.0,42,statale,SCUOLA SECONDARIA I GRADO,2,TOMM87701D,I.C. REGIO PARCO-GIACOSA/VERGA,TORINO,TORINO,PIEMONTE,SCUOLA PRIMO GRADO,secondaria_primo_grado,20,capacita_esaurita_o_oltre_max_km
202425,1.0,42,statale,SCUOLA SECONDARIA I GRADO,2,BOMM853018,F.BESTA - 10 BOLOGNA,BOLOGNA,BOLOGNA,EMILIA ROMAGNA,SCUOLA PRIMO GRADO,secondaria_primo_grado,26,capacita_esaurita_o_oltre_max_km
202425,1.0,42,statale,SCUOLA SECONDARIA I GRADO,2,TOMM878019,I.C. UMBERTO SABA - SABA,TORINO,TORINO,PIEMONTE,SCUOLA PRIMO GRADO,secondaria_primo_grado,22,capacita_esaurita_o_oltre_max_km
202425,1.0,42,statale,SCUOLA SECONDARIA I GRADO,2,SVMM820011,I GR. PERTINI-VILLAPIANA SAVONA,SAVONA,SAVONA,LIGURIA,SCUOLA PRIMO GRADO,secondaria_primo_grado,1,capacita_esaurita_o_oltre_max_km
202425,1.0,42,statale,SCUOLA SECONDARIA I GRADO,2,MCMM82901G,E. MEDI,PORTO RECANATI,MACERATA,MARCHE,SCUOLA PRIMO GRADO,secondaria_primo_grado,11,capacita_esaurita_o_oltre_max_km
202425,1.0,42,statale,SCUOLA SECONDARIA I GRADO,2,MIMM8AU01D,SECONDARIA I GR. G.MARCONI,COLOGNO MONZESE,MILANO,LOMBARDIA,SCUOLA PRIMO GRADO,secondaria_primo_grado,18,capacita_esaurita_o_oltre_max_km
202425,1.0,42,statale,SCUOLA SECONDARIA I GRADO,2,PCMM00200Q,SMS DANTE - CARDUCCI,PIACENZA,PIACENZA,EMILIA ROMAGNA,SCUOLA PRIMO GRADO,secondaria_primo_grado,75,capacita_esaurita_o_oltre_max_km
202425,1.0,42,statale,SCUOLA SECONDARIA I GRADO,2,BSMM865015,SMS MORCELLI/TOSCANINI CHIARI,CHIARI,BRESCIA,LOMBARDIA,SCUOLA PRIMO GRADO,secondaria_primo_grado,44,capacita_esaurita_o_oltre_max_km
202425,1.0,42,statale,SCUOLA SECONDARIA I GRADO,2,BSMM86201N,M.L.KING - CASTELCOVATI,CASTELCOVATI,BRESCIA,LOMBARDIA,SCUOLA PRIMO GRADO,secondaria_primo_grado,20,capacita_esaurita_o_oltre_max_km
202425,1.0,42,statale,SCUOLA SECONDARIA I GRADO,2,IMMM800027,"PONTEDASSIO ""G.NATTA""",PONTEDASSIO,IMPERIA,LIGURIA,SCUOLA PRIMO GRADO,secondaria_primo_grado,9,capacita_esaurita_o_oltre_max_km
202425,1.0,42,statale,SCUOLA SECONDARIA I GRADO,2,BSMM878017,TOVINI VERROCCHIO DE FILIPPO,BRESCIA,BRESCIA,LOMBARDIA,SCUOLA PRIMO GRADO,secondaria_primo_grado,19,capacita_esaurita_o_oltre_max_km
202425,1.0,42,statale,SCUOLA SECONDARIA I GRADO,2,PVMM80402E,MAGNAGHI - LOMELLO,LOMELLO,PAVIA,LOMBARDIA,SCUOLA PRIMO GRADO,secondaria_primo_grado,5,capacita_esaurita_o_oltre_max_km
202425,1.0,42,statale,SCUOLA SECONDARIA I GRADO,2,FEMM824013,SCUOLA MEDIA - PORTOMAGGIORE,PORTOMAGGIORE,FERRARA,EMILIA ROMAGNA,SCUOLA PRIMO GRADO,secondaria_primo_grado,18,capacita_esaurita_o_oltre_max_km
202425,1.0,42,statale,SCUOLA SECONDARIA I GRADO,2,ATMM817012,GOLTIERI,ASTI,ASTI,PIEMONTE,SCUOLA PRIMO GRADO,secondaria_primo_grado,4,capacita_esaurita_o_oltre_max_km
202425,1.0,42,statale,SCUOLA SECONDARIA I GRADO,2,RGMM802019,LEONARDO SCIASCIA,VITTORIA,RAGUSA,SICILIA,SCUOLA PRIMO GRADO,secondaria_primo_grado,14,capacita_esaurita_o_oltre_max_km
202425,1.0,42,statale,SCUOLA SECONDARIA I GRADO,2,VRMM857018,"NOGARA - ""F. CIPRIANI""",NOGARA,VERONA,VENETO,SCUOLA PRIMO GRADO,secondaria_primo_grado,21,capacita_esaurita_o_oltre_max_km
202425,1.0,42,statale,SCUOLA SECONDARIA I GRADO,2,MIMM8GF01N,SECONDARIA I GR. BENZI,BRESSO,MILANO,LOMBARDIA,SCUOLA PRIMO GRADO,secondaria_primo_grado,17,capacita_esaurita_o_oltre_max_km
202425,1.0,42,statale,SCUOLA SECONDARIA I GRADO,2,BLMM81301E,"""DON ORIONE"" - QUERO",SETTEVILLE,BELLUNO,VENETO,SCUOLA PRIMO GRADO,secondaria_primo_grado,3,capacita_esaurita_o_oltre_max_km
202425,1.0,42,statale,SCUOLA SECONDARIA I GRADO,2,POMM81301X,SEM BENELLI,PRATO,PRATO,TOSCANA,SCUOLA PRIMO GRADO,secondaria_primo_grado,30,capacita_esaurita_o_oltre_max_km
202425,1.0,42,statale,SCUOLA SECONDARIA I GRADO,2,BGMM89801X,"S.M.S. ""G.B. RUBINI"" ROMANO L.",ROMANO DI LOMBARDIA,BERGAMO,LOMBARDIA,SCUOLA PRIMO GRADO,secondaria_primo_grado,30,capacita_esaurita_o_oltre_max_km
202425,1.0,42,statale,SCUOLA SECONDARIA I GRADO,2,MIMM895013,SEC. I GRADO L. MILANI,SAN GIULIANO MILANESE,MILANO,LOMBARDIA,SCUOLA PRIMO GRADO,secondaria_primo_grado,31,capacita_esaurita_o_oltre_max_km
202425,1.0,42,statale,SCUOLA SECONDARIA I GRADO,2,PVMM800016,SC. SEC. S.MARIA DELLA VERSA,SANTA MARIA DELLA VERSA,PAVIA,LOMBARDIA,SCUOLA PRIMO GRADO,secondaria_primo_grado,5,capacita_esaurita_o_oltre_max_km
202425,1.0,42,statale,SCUOLA SECONDARIA I GRADO,2,BSMM887012,SEC. I KENNEDY BRESCIA,BRESCIA,BRESCIA,LOMBARDIA,SCUOLA PRIMO GRADO,secondaria_primo_grado,9,capacita_esaurita_o_oltre_max_km
202425,1.0,42,statale,SCUOLA SECONDARIA I GRADO,2,BSMM899018,"SECONDARIA ""U. ALLEGRI"" GAMBARA",GAMBARA,BRESCIA,LOMBARDIA,SCUOLA PRIMO GRADO,secondaria_primo_grado,9,capacita_esaurita_o_oltre_max_km
202425,1.0,42,statale,SCUOLA SECONDARIA I GRADO,2,ALMM829017,NOVI LIGURE - DORIA,NOVI LIGURE,ALESSANDRIA,PIEMONTE,SCUOLA PRIMO GRADO,secondaria_primo_grado,19,capacita_esaurita_o_oltre_max_km
202425,1.0,42,statale,SCUOLA SECONDARIA I GRADO,2,REMM834016,DALLA CHIESA,REGGIO NELL'EMILIA,REGGIO EMILIA,EMILIA ROMAGNA,SCUOLA PRIMO GRADO,secondaria_primo_grado,2,capacita_esaurita_o_oltre_max_km
202425,1.0,42,statale,SCUOLA SECONDARIA I GRADO,2,CNMM826047,VENASCA SS COSTIGLIOLE SALUZZO,COSTIGLIOLE SALUZZO,CUNEO,PIEMONTE,SCUOLA PRIMO GRADO,secondaria_primo_grado,7,capacita_esaurita_o_oltre_max_km
202425,1.0,42,statale,SCUOLA SECONDARIA I GRADO,2,ALMM83401P,TORTONA - L. VALENZIANO,TORTONA,ALESSANDRIA,PIEMONTE,SCUOLA PRIMO GRADO,secondaria_primo_grado,19,capacita_esaurita_o_oltre_max_km
202425,1.0,42,statale,SCUOLA SECONDARIA I GRADO,2,BOMM81501D,PANZINI - 4 BOLOGNA,BOLOGNA,BOLOGNA,EMILIA ROMAGNA,SCUOLA PRIMO GRADO,secondaria_primo_grado,19,capacita_esaurita_o_oltre_max_km
202425,1.0,42,statale,SCUOLA SECONDARIA I GRADO,2,LOMM80701V,SECONDARIA I GRAD. ENRICO FERMI,SENNA LODIGIANA,LODI,LOMBARDIA,SCUOLA PRIMO GRADO,secondaria_primo_grado,1,capacita_esaurita_o_oltre_max_km
202425,1.0,42,statale,SCUOLA SECONDARIA I GRADO,2,NOMM82901L,"""CASSANO"" TRECATE",TRECATE,NOVARA,PIEMONTE,SCUOLA PRIMO GRADO,secondaria_primo_grado,38,capacita_esaurita_o_oltre_max_km
202425,1.0,42,statale,SCUOLA SECONDARIA I GRADO,2,VEMM87401A,ALDO MANUZIO,VENEZIA,VENEZIA,VENETO,SCUOLA PRIMO GRADO,secondaria_primo_grado,19,capacita_esaurita_o_oltre_max_km
202425,1.0,42,statale,SCUOLA SECONDARIA I GRADO,2,BOMM86001B,MARCO POLO-CREVALCORE,CREVALCORE,BOLOGNA,EMILIA ROMAGNA,SCUOLA PRIMO GRADO,secondaria_primo_grado,20,capacita_esaurita_o_oltre_max_km
202425,1.0,42,statale,SCUOLA SECONDARIA I GRADO,2,BSMM82501P,"""A.MIGLIAVACCA"" - VOBARNO",VOBARNO,BRESCIA,LOMBARDIA,SCUOLA PRIMO GRADO,secondaria_primo_grado,8,capacita_esaurita_o_oltre_max_km
202425,1.0,42,statale,SCUOLA SECONDARIA I GRADO,2,PCMM818019,G. GATTI,FIORENZUOLA D'ARDA,PIACENZA,EMILIA ROMAGNA,SCUOLA PRIMO GRADO,secondaria_primo_grado,24,capacita_esaurita_o_oltre_max_km
202425,1.0,42,statale,SCUOLA SECONDARIA I GRADO,2,CRMM820011,"SMS ""MARCO GEROLAMO VIDA"" (CR)",CREMONA,CREMONA,LOMBARDIA,SCUOLA PRIMO GRADO,secondaria_primo_grado,11,capacita_esaurita_o_oltre_max_km
202425,1.0,42,statale,SCUOLA SECONDARIA I GRADO,2,MIMM8C501B,SECONDARIA I GR. G. NEGRI,MILANO,MILANO,LOMBARDIA,SCUOLA PRIMO GRADO,secondaria_primo_grado,23,capacita_esaurita_o_oltre_max_km
202425,1.0,42,statale,SCUOLA SECONDARIA I GRADO,2,MTMM83501A,"""PITAGORA""BERNALDA- METAPONTO",BERNALDA,MATERA,BASILICATA,SCUOLA PRIMO GRADO,secondaria_primo_grado,2,capacita_esaurita_o_oltre_max_km
202425,1.0,42,statale,SCUOLA SECONDARIA I GRADO,2,PIMM824037,MONTEVERDI MARITTIMO,MONTEVERDI MARITTIMO,PISA,TOSCANA,SCUOLA PRIMO GRADO,secondaria_primo_grado,2,capacita_esaurita_o_oltre_max_km
202425,1.0,42,statale,SCUOLA SECONDARIA I GRADO,2,FEMM80001E,COSME' TURA - PONTELAGOSCURO,FERRARA,FERRARA,EMILIA ROMAGNA,SCUOLA PRIMO GRADO,secondaria_primo_grado,8,capacita_esaurita_o_oltre_max_km
202425,1.0,42,statale,SCUOLA SECONDARIA I GRADO,2,GEMM84901G,I.C.RIVAROLO/SMS UGO FOSCOLO,GENOVA,GENOVA,LIGURIA,SCUOLA PRIMO GRADO,secondaria_primo_grado,24,capacita_esaurita_o_oltre_max_km
202425,1.0,42,statale,SCUOLA SECONDARIA I GRADO,2,BGMM88701D,S.M.S. VERDELLO,VERDELLO,BERGAMO,LOMBARDIA,SCUOLA PRIMO GRADO,secondaria_primo_grado,12,capacita_esaurita_o_oltre_max_km
202425,1.0,42,statale,SCUOLA SECONDARIA I GRADO,2,ALMM81803V,FUBINE - P. ROBOTTI,FUBINE MONFERRATO,ALESSANDRIA,PIEMONTE,SCUOLA PRIMO GRADO,secondaria_primo_grado,4,capacita_esaurita_o_oltre_max_km
202425,1.0,42,statale,SCUOLA SECONDARIA I GRADO,2,TOMM879015,I.C.VIVALDI MURIALDO - VIVALDI,TORINO,TORINO,PIEMONTE,SCUOLA PRIMO GRADO,secondaria_primo_grado,2,capacita_esaurita_o_oltre_max_km
202425,1.0,42,statale,SCUOLA SECONDARIA I GRADO,2,POMM01000C,"C/O CONVITTO NAZ. ""CICOGNINI""",PRATO,PRATO,TOSCANA,SCUOLA PRIMO GRADO,secondaria_primo_grado,13,capacita_esaurita_o_oltre_max_km
202425,1.0,42,statale,SCUOLA SECONDARIA I GRADO,2,BSMM886016,SEC. I TRIDENTINA BRESCIA,BRESCIA,BRESCIA,LOMBARDIA,SCUOLA PRIMO GRADO,secondaria_primo_grado,12,capacita_esaurita_o_oltre_max_km
202425,1.0,42,statale,SCUOLA SECONDARIA I GRADO,2,MIMM8GH019,SECONDARIA I GR. VIA BOTTEGO,MILANO,MILANO,LOMBARDIA,SCUOLA PRIMO GRADO,secondaria_primo_grado,35,capacita_esaurita_o_oltre_max_km
202425,1.0,42,statale,SCUOLA SECONDARIA I GRADO,2,POMM81901V,IVANA MARCOCCI,PRATO,PRATO,TOSCANA,SCUOLA PRIMO GRADO,secondaria_primo_grado,3,capacita_esaurita_o_oltre_max_km
202425,1.0,42,statale,SCUOLA SECONDARIA I GRADO,2,CSMM83204T,SM VACCARIZZO A.(IC S.GIORGIO),VACCARIZZO ALBANESE,COSENZA,CALABRIA,SCUOLA PRIMO GRADO,secondaria_primo_grado,1,capacita_esaurita_o_oltre_max_km
202425,1.0,42,statale,SCUOLA SECONDARIA I GRADO,2,MOMM824016,ZANONI,CONCORDIA SULLA SECCHIA,MODENA,EMILIA ROMAGNA,SCUOLA PRIMO GRADO,secondaria_primo_grado,8,capacita_esaurita_o_oltre_max_km
202425,1.0,42,statale,SCUOLA SECONDARIA I GRADO,2,PVMM801034,CORTEOLONA E GENZONE,CORTEOLONA E GENZONE,PAVIA,LOMBARDIA,SCUOLA PRIMO GRADO,secondaria_primo_grado,7,capacita_esaurita_o_oltre_max_km
202425,1.0,42,statale,SCUOLA SECONDARIA I GRADO,2,MIMM8CH01V,SECONDARIA I GR. L. PAVONI,MILANO,MILANO,LOMBARDIA,SCUOLA PRIMO GRADO,secondaria_primo_grado,17,capacita_esaurita_o_oltre_max_km
202425,1.0,42,statale,SCUOLA SECONDARIA I GRADO,2,PVMM81701G,MORTARA - JOSTI TRAVELLI,MORTARA,PAVIA,LOMBARDIA,SCUOLA PRIMO GRADO,secondaria_primo_grado,31,capacita_esaurita_o_oltre_max_km
202425,1.0,42,statale,SCUOLA SECONDARIA I GRADO,2,BSMM88301P,SEC. I LANA FERMI BRESCIA,BRESCIA,BRESCIA,LOMBARDIA,SCUOLA PRIMO GRADO,secondaria_primo_grado,22,capacita_esaurita_o_oltre_max_km
202425,1.0,42,statale,SCUOLA SECONDARIA I GRADO,2,MIMM8BL01D,SECOND. I GR. VIA IQBAL MASIH,PIOLTELLO,MILANO,LOMBARDIA,SCUOLA PRIMO GRADO,secondaria_primo_grado,17,capacita_esaurita_o_oltre_max_km
202425,1.0,42,statale,SCUOLA SECONDARIA I GRADO,2,BOMM87701R,FABRIZIO DE ANDRE' - 18 BOLOGNA,BOLOGNA,BOLOGNA,EMILIA ROMAGNA,SCUOLA PRIMO GRADO,secondaria_primo_grado,5,capacita_esaurita_o_oltre_max_km
202425,1.0,42,statale,SCUOLA SECONDARIA I GRADO,2,AQMM82501Q,SCUOLA SEC. I GRADO GIOIA DEI M,GIOIA DEI MARSI,L'AQUILA,ABRUZZO,SCUOLA PRIMO GRADO,secondaria_primo_grado,4,capacita_esaurita_o_oltre_max_km
202425,1.0,42,statale,SCUOLA SECONDARIA I GRADO,2,MIMM8D4016,SECONDARIA I GR. D. BUZZATI,MILANO,MILANO,LOMBARDIA,SCUOLA PRIMO GRADO,secondaria_primo_grado,21,capacita_esaurita_o_oltre_max_km
202425,1.0,42,statale,SCUOLA SECONDARIA I GRADO,2,MNMM81502Q,VILLIMPENTA - S.S. RONCOFERRARO,VILLIMPENTA,MANTOVA,LOMBARDIA,SCUOLA PRIMO GRADO,secondaria_primo_grado,4,capacita_esaurita_o_oltre_max_km
202425,1.0,42,statale,SCUOLA SECONDARIA I GRADO,2,PIMM824015,FRANCESCO DE LARDEREL,POMARANCE,PISA,TOSCANA,SCUOLA PRIMO GRADO,secondaria_primo_grado,4,capacita_esaurita_o_oltre_max_km
202425,1.0,42,statale,SCUOLA SECONDARIA I GRADO,2,VEMM87301E,G.DI VITTORIO,VENEZIA,VENEZIA,VENETO,SCUOLA PRIMO GRADO,secondaria_primo_grado,15,capacita_esaurita_o_oltre_max_km
202425,1.0,42,statale,SCUOLA SECONDARIA I GRADO,2,ALMM82801B,ALESSANDRIA - CAVOUR,ALESSANDRIA,ALESSANDRIA,PIEMONTE,SCUOLA PRIMO GRADO,secondaria_primo_grado,16,capacita_esaurita_o_oltre_max_km
202425,1.0,42,statale,SCUOLA SECONDARIA I GRADO,2,POMM81501G,F.LIPPI,PRATO,PRATO,TOSCANA,SCUOLA PRIMO GRADO,secondaria_primo_grado,30,capacita_esaurita_o_oltre_max_km
202425,1.0,42,statale,SCUOLA SECONDARIA I GRADO,2,POMM812014,LEONETTO TINTORI,PRATO,PRATO,TOSCANA,SCUOLA PRIMO GRADO,secondaria_primo_grado,7,capacita_esaurita_o_oltre_max_km
202425,1.0,42,statale,SCUOLA SECONDARIA I GRADO,2,CRMM81001A,"""STEFANO JACINI"" (CASALBUTTANO)",CASALBUTTANO ED UNITI,CREMONA,LOMBARDIA,SCUOLA PRIMO GRADO,secondaria_primo_grado,5,capacita_esaurita_o_oltre_max_km
202425,1.0,42,statale,SCUOLA SECONDARIA I GRADO,2,PRMM83601Q,"""PARMIGIANINO"" - PARMA",PARMA,PARMA,EMILIA ROMAGNA,SCUOLA PRIMO GRADO,secondaria_primo_grado,27,capacita_esaurita_o_oltre_max_km
202425,1.0,42,statale,SCUOLA SECONDARIA I GRADO,2,ALMM810016,SPIGNO MONFERRATO - C. PAVESE,SPIGNO MONFERRATO,ALESSANDRIA,PIEMONTE,SCUOLA PRIMO GRADO,secondaria_primo_grado,1,capacita_esaurita_o_oltre_max_km
202425,1.0,42,statale,SCUOLA SECONDARIA I GRADO,2,CNMM81401T,"BOSSOLASCO ""ALTA LANGA""",BOSSOLASCO,CUNEO,PIEMONTE,SCUOLA PRIMO GRADO,secondaria_primo_grado,2,capacita_esaurita_o_oltre_max_km
202425,1.0,42,statale,SCUOLA SECONDARIA I GRADO,2,CNMM81403X,BOSSOLASCO SS CRAVANZANA,CRAVANZANA,CUNEO,PIEMONTE,SCUOLA PRIMO GRADO,secondaria_primo_grado,1,capacita_esaurita_o_oltre_max_km
202425,1.0,42,statale,SCUOLA SECONDARIA I GRADO,2,IMMM813018,I. CALVINO,SANREMO,IMPERIA,LIGURIA,SCUOLA PRIMO GRADO,secondaria_primo_grado,1,capacita_esaurita_o_oltre_max_km
202425,1.0,42,statale,SCUOLA SECONDARIA I GRADO,2,IMMM82001B,SC.SEC. I GRADO BADALUCCO,BADALUCCO,IMPERIA,LIGURIA,SCUOLA PRIMO GRADO,secondaria_primo_grado,3,capacita_esaurita_o_oltre_max_km
202425,1.0,42,statale,SCUOLA SECONDARIA I GRADO,2,MCMM80901A,C. FEDERICI,SERRAVALLE DI CHIENTI,MACERATA,MARCHE,SCUOLA PRIMO GRADO,secondaria_primo_grado,1,capacita_esaurita_o_oltre_max_km
202425,1.0,42,statale,SCUOLA SECONDARIA I GRADO,2,MNMM820016,"OSTIGLIA - ""CORNELIO NEPOTE""",OSTIGLIA,MANTOVA,LOMBARDIA,SCUOLA PRIMO GRADO,secondaria_primo_grado,5,capacita_esaurita_o_oltre_max_km
202425,1.0,42,statale,SCUOLA SECONDARIA I GRADO,2,PRMM83002T,DI ROCCABIANCA,ROCCABIANCA,PARMA,EMILIA ROMAGNA,SCUOLA PRIMO GRADO,secondaria_primo_grado,3,capacita_esaurita_o_oltre_max_km
202425,1.0,42,statale,SCUOLA SECONDARIA I GRADO,2,PVMM80404L,P. MARZIANI -SARTIRANA,SARTIRANA LOMELLINA,PAVIA,LOMBARDIA,SCUOLA PRIMO GRADO,secondaria_primo_grado,1,capacita_esaurita_o_oltre_max_km
202425,1.0,42,statale,SCUOLA SECONDARIA I GRADO,2,VCMM80504T,SECONDARIA I GRADO DI BIANZE',BIANZE',VERCELLI,PIEMONTE,SCUOLA PRIMO GRADO,secondaria_primo_grado,2,capacita_esaurita_o_oltre_max_km
202425,1.0,42,statale,SCUOLA SECONDARIA I GRADO,2,MIMM8A5016,SECONDARIA I GR. DON MILANI,SESTO SAN GIOVANNI,MILANO,LOMBARDIA,SCUOLA PRIMO GRADO,secondaria_primo_grado,16,capacita_esaurita_o_oltre_max_km
202425,1.0,42,statale,SCUOLA SECONDARIA I GRADO,2,PCMM80801P,G.PASCOLI,BORGONOVO VAL TIDONE,PIACENZA,EMILIA ROMAGNA,SCUOLA PRIMO GRADO,secondaria_primo_grado,15,capacita_esaurita_o_oltre_max_km
202425,1.0,42,statale,SCUOLA SECONDARIA I GRADO,2,VIMM818019,"SMS ""RIDOLFI"" LONIGO",LONIGO,VICENZA,VENETO,SCUOLA PRIMO GRADO,secondaria_primo_grado,18,capacita_esaurita_o_oltre_max_km
202425,1.0,42,statale,SCUOLA SECONDARIA I GRADO,2,PVMM827016,IC VOGHERA VIA DANTE - PLANA,VOGHERA,PAVIA,LOMBARDIA,SCUOLA PRIMO GRADO,secondaria_primo_grado,21,capacita_esaurita_o_oltre_max_km
202425,1.0,42,statale,SCUOLA SECONDARIA I GRADO,2,FIMM86501L,SMS MATTEUCCI,CAMPI BISENZIO,FIRENZE,TOSCANA,SCUOLA PRIMO GRADO,secondaria_primo_grado,21,capacita_esaurita_o_oltre_max_km
202425,1.0,42,statale,SCUOLA SECONDARIA I GRADO,2,SVMM82201L,I GR. MAMELI-ALIGHIERI ALBENGA,ALBENGA,SAVONA,LIGURIA,SCUOLA PRIMO GRADO,secondaria_primo_grado,15,capacita_esaurita_o_oltre_max_km
202425,1.0,42,statale,SCUOLA SECONDARIA I GRADO,2,BGMM870036,"S.M.S.""L.LOTTO"" S.PAOLO D'ARGON",SAN PAOLO D'ARGON,BERGAMO,LOMBARDIA,SCUOLA PRIMO GRADO,secondaria_primo_grado,10,capacita_esaurita_o_oltre_max_km
202425,1.0,42,statale,SCUOLA SECONDARIA I GRADO,2,MIMM8A0013,SECONDARIA I GRA. I. CALVINO,SESTO SAN GIOVANNI,MILANO,LOMBARDIA,SCUOLA PRIMO GRADO,secondaria_primo_grado,9,capacita_esaurita_o_oltre_max_km
202425,1.0,42,statale,SCUOLA SECONDARIA I GRADO,2,MIMM8D001V,SECOND. I GR. IQBAL MASIH,MILANO,MILANO,LOMBARDIA,SCUOLA PRIMO GRADO,secondaria_primo_grado,4,capacita_esaurita_o_oltre_max_km
202425,1.0,42,statale,SCUOLA SECONDARIA I GRADO,2,PRMM833018,"""GIACOMO PUCCINI"" - PARMA",PARMA,PARMA,EMILIA ROMAGNA,SCUOLA PRIMO GRADO,secondaria_primo_grado,12,capacita_esaurita_o_oltre_max_km
202425,1.0,42,statale,SCUOLA SECONDARIA I GRADO,2,VRMM816012,"RONCO ALL'ADIGE - ""G. BALDO""",RONCO ALL'ADIGE,VERONA,VENETO,SCUOLA PRIMO GRADO,secondaria_primo_grado,5,capacita_esaurita_o_oltre_max_km
202425,1.0,42,statale,SCUOLA SECONDARIA I GRADO,2,BSMM881013,SEC. I CARDUCCI BRESCIA,BRESCIA,BRESCIA,LOMBARDIA,SCUOLA PRIMO GRADO,secondaria_primo_grado,22,capacita_esaurita_o_oltre_max_km
202425,1.0,42,statale,SCUOLA SECONDARIA I GRADO,2,MOMM82301A,ALBERTO PIO,CARPI,MODENA,EMILIA ROMAGNA,SCUOLA PRIMO GRADO,secondaria_primo_grado,12,capacita_esaurita_o_oltre_max_km
202425,1.0,42,statale,SCUOLA SECONDARIA I GRADO,2,CRMM80101G,"""DIOTTI"" (CASALMAGGIORE)",CASALMAGGIORE,CREMONA,LOMBARDIA,SCUOLA PRIMO GRADO,secondaria_primo_grado,21,capacita_esaurita_o_oltre_max_km
202425,1.0,42,statale,SCUOLA SECONDARIA I GRADO,2,BOMM818011,I GRADO JACOPO DELLA QUERCIA,BOLOGNA,BOLOGNA,EMILIA ROMAGNA,SCUOLA PRIMO GRADO,secondaria_primo_grado,2,capacita_esaurita_o_oltre_max_km
202425,1.0,42,statale,SCUOLA SECONDARIA I GRADO,2,ANMM82001B,"ANCONA ""MARCONI""",ANCONA,ANCONA,MARCHE,SCUOLA PRIMO GRADO,secondaria_primo_grado,17,capacita_esaurita_o_oltre_max_km
202425,1.0,42,statale,SCUOLA SECONDARIA I GRADO,2,ROMM816037,N.BADALONI - TRECENTA,TRECENTA,ROVIGO,VENETO,SCUOLA PRIMO GRADO,secondaria_primo_grado,5,capacita_esaurita_o_oltre_max_km
202425,1.0,42,statale,SCUOLA SECONDARIA I GRADO,2,TOMM180028,BARDONECCHIA - P.ZZA DE GASPERI,BARDONECCHIA,TORINO,PIEMONTE,SCUOLA PRIMO GRADO,secondaria_primo_grado,3,capacita_esaurita_o_oltre_max_km
202425,1.0,42,statale,SCUOLA SECONDARIA I GRADO,2,BGMM82201P,"S.M.S.""C.CONSONNI"" ARCENE",ARCENE,BERGAMO,LOMBARDIA,SCUOLA PRIMO GRADO,secondaria_primo_grado,6,capacita_esaurita_o_oltre_max_km
202425,1.0,42,statale,SCUOLA SECONDARIA I GRADO,2,FIMM87101X,BACCI-RIDOLFI,CASTELFIORENTINO,FIRENZE,TOSCANA,SCUOLA PRIMO GRADO,secondaria_primo_grado,20,capacita_esaurita_o_oltre_max_km
202425,1.0,42,statale,SCUOLA SECONDARIA I GRADO,2,PCMM80902G,F. PETRARCA,PONTENURE,PIACENZA,EMILIA ROMAGNA,SCUOLA PRIMO GRADO,secondaria_primo_grado,9,capacita_esaurita_o_oltre_max_km
202425,1.0,42,statale,SCUOLA SECONDARIA I GRADO,2,ALMM81202V,"SAN SEBASTIANO CURONE ""F.ANSELM",SAN SEBASTIANO CURONE,ALESSANDRIA,PIEMONTE,SCUOLA PRIMO GRADO,secondaria_primo_grado,2,capacita_esaurita_o_oltre_max_km
202425,1.0,42,statale,SCUOLA SECONDARIA I GRADO,2,PRMM83501X,"""MALPELI"" - PARMA",PARMA,PARMA,EMILIA ROMAGNA,SCUOLA PRIMO GRADO,secondaria_primo_grado,15,capacita_esaurita_o_oltre_max_km
202425,1.0,42,statale,SCUOLA SECONDARIA I GRADO,2,FOMM82201X,MARCO PALMEZZANO,FORLI',FORLI'-CESENA,EMILIA ROMAGNA,SCUOLA PRIMO GRADO,secondaria_primo_grado,10,capacita_esaurita_o_oltre_max_km
202425,1.0,42,statale,SCUOLA SECONDARIA I GRADO,2,TVMM86601B,"SC.SECONDARIA I GR. ""BRUSTOLON""",CONEGLIANO,TREVISO,VENETO,SCUOLA PRIMO GRADO,secondaria_primo_grado,4,capacita_esaurita_o_oltre_max_km
202425,1.0,42,statale,SCUOLA SECONDARIA I GRADO,2,ATMM81501A,"SCUOLA MEDIA ""ING. ALBENGA""",INCISA SCAPACCINO,ASTI,PIEMONTE,SCUOLA PRIMO GRADO,secondaria_primo_grado,4,capacita_esaurita_o_oltre_max_km
202425,1.0,42,statale,SCUOLA SECONDARIA I GRADO,2,BOMM87201N,ZAPPA - 15 BOLOGNA,BOLOGNA,BOLOGNA,EMILIA ROMAGNA,SCUOLA PRIMO GRADO,secondaria_primo_grado,13,capacita_esaurita_o_oltre_max_km
202425,1.0,42,statale,SCUOLA SECONDARIA I GRADO,2,MIMM8C6017,SECONDARIA I GR. VIA GALLARATE,MILANO,MILANO,LOMBARDIA,SCUOLA PRIMO GRADO,secondaria_primo_grado,21,capacita_esaurita_o_oltre_max_km
202425,1.0,42,statale,SCUOLA SECONDARIA I GRADO,2,MOMM81902Q,ELISEO GOZZI,CAMPOSANTO,MODENA,EMILIA ROMAGNA,SCUOLA PRIMO GRADO,secondaria_primo_grado,5,capacita_esaurita_o_oltre_max_km
202425,1.0,42,statale,SCUOLA SECONDARIA I GRADO,2,BSMM843018,L.DA VINCI ROVATO,ROVATO,BRESCIA,LOMBARDIA,SCUOLA PRIMO GRADO,secondaria_primo_grado,12,capacita_esaurita_o_oltre_max_km
202425,1.0,42,statale,SCUOLA SECONDARIA I GRADO,2,BGMM84402L,"S.M.S.""MERISI-CARAV.""FONTANELLA",FONTANELLA,BERGAMO,LOMBARDIA,SCUOLA PRIMO GRADO,secondaria_primo_grado,6,capacita_esaurita_o_oltre_max_km
202425,1.0,42,statale,SCUOLA SECONDARIA I GRADO,2,BSMM83901L,"SCUOLA SECONDARIA ""L. MARENZIO""",COCCAGLIO,BRESCIA,LOMBARDIA,SCUOLA PRIMO GRADO,secondaria_primo_grado,12,capacita_esaurita_o_oltre_max_km
202425,1.0,42,statale,SCUOLA SECONDARIA I GRADO,2,BGMM84903R,S.M.S. MONTELLO,MONTELLO,BERGAMO,LOMBARDIA,SCUOLA PRIMO GRADO,secondaria_primo_grado,5,capacita_esaurita_o_oltre_max_km
202425,1.0,42,statale,SCUOLA SECONDARIA I GRADO,2,CTMM808011,SCUOLA SECONDARIA I MAZZARRONE,MAZZARRONE,CATANIA,SICILIA,SCUOLA PRIMO GRADO,secondaria_primo_grado,5,capacita_esaurita_o_oltre_max_km
202425,1.0,42,statale,SCUOLA SECONDARIA I GRADO,2,AQMM823047,BARISCIANO,BARISCIANO,L'AQUILA,ABRUZZO,SCUOLA PRIMO GRADO,secondaria_primo_grado,3,capacita_esaurita_o_oltre_max_km
202425,1.0,42,statale,SCUOLA SECONDARIA I GRADO,2,ARMM82402G,"""MICHELANGELO BUONARROTI""",CAPRESE MICHELANGELO,AREZZO,TOSCANA,SCUOLA PRIMO GRADO,secondaria_primo_grado,1,capacita_esaurita_o_oltre_max_km
202425,1.0,42,statale,SCUOLA SECONDARIA I GRADO,2,LOMM81002Q,SEC.I GRADO GUARDAMIGLIO,GUARDAMIGLIO,LODI,LOMBARDIA,SCUOLA PRIMO GRADO,secondaria_primo_grado,2,capacita_esaurita_o_oltre_max_km
202425,1.0,42,statale,SCUOLA SECONDARIA I GRADO,2,PSMM815016,"PIANDIMELETO ""E.DA PIANDIMELETO",PIANDIMELETO,PESARO E URBINO,MARCHE,SCUOLA PRIMO GRADO,secondaria_primo_grado,6,capacita_esaurita_o_oltre_max_km
202425,1.0,42,statale,SCUOLA SECONDARIA I GRADO,2,RCMM804015,SC. SEC.1' GR S.STEFANO IN ASPR,SANTO STEFANO IN ASPROMONTE,REGGIO CALABRIA,CALABRIA,SCUOLA PRIMO GRADO,secondaria_primo_grado,1,capacita_esaurita_o_oltre_max_km
202425,1.0,42,statale,SCUOLA SECONDARIA I GRADO,2,SPMM815013,S.M. 2 GIUGNO - F.LLI INCERTI,LA SPEZIA,LA SPEZIA,LIGURIA,SCUOLA PRIMO GRADO,secondaria_primo_grado,16,capacita_esaurita_o_oltre_max_km
202425,1.0,42,statale,SCUOLA SECONDARIA I GRADO,2,BOMM80801A,G.DOZZA - 1 BOLOGNA,BOLOGNA,BOLOGNA,EMILIA ROMAGNA,SCUOLA PRIMO GRADO,secondaria_primo_grado,11,capacita_esaurita_o_oltre_max_km
202425,1.0,42,statale,SCUOLA SECONDARIA I GRADO,2,CRMM81401N,"""G.M. SACCHI"" (PIADENA)",PIADENA DRIZZONA,CREMONA,LOMBARDIA,SCUOLA PRIMO GRADO,secondaria_primo_grado,6,capacita_esaurita_o_oltre_max_km
202425,1.0,42,statale,SCUOLA SECONDARIA I GRADO,2,MIMM8FY01P,SECONDARIA I GR. RINASCITA-LIVI,MILANO,MILANO,LOMBARDIA,SCUOLA PRIMO GRADO,secondaria_primo_grado,10,capacita_esaurita_o_oltre_max_km
202425,1.0,42,statale,SCUOLA SECONDARIA I GRADO,2,MNMM839017,SCUOLA MEDIA CAMPITELLO,MARCARIA,MANTOVA,LOMBARDIA,SCUOLA PRIMO GRADO,secondaria_primo_grado,4,capacita_esaurita_o_oltre_max_km
202425,1.0,42,statale,SCUOLA SECONDARIA I GRADO,2,MOMM81301Q,MARTIRI DELLA LIBERTA',ZOCCA,MODENA,EMILIA ROMAGNA,SCUOLA PRIMO GRADO,secondaria_primo_grado,4,capacita_esaurita_o_oltre_max_km
202425,1.0,42,statale,SCUOLA SECONDARIA I GRADO,2,REMM82901P,"ROLO ""MARCO POLO""",ROLO,REGGIO EMILIA,EMILIA ROMAGNA,SCUOLA PRIMO GRADO,secondaria_primo_grado,3,capacita_esaurita_o_oltre_max_km
202425,1.0,42,statale,SCUOLA SECONDARIA I GRADO,2,ROMM80002L,G.SANI - CASTELMASSA,CASTELMASSA,ROVIGO,VENETO,SCUOLA PRIMO GRADO,secondaria_primo_grado,4,capacita_esaurita_o_oltre_max_km
202425,1.0,42,statale,SCUOLA SECONDARIA I GRADO,2,VRMM89301B,COLOGNA VENETA DANTE ALIGHIERI,COLOGNA VENETA,VERONA,VENETO,SCUOLA PRIMO GRADO,secondaria_primo_grado,11,capacita_esaurita_o_oltre_max_km
202425,1.0,42,statale,SCUOLA SECONDARIA I GRADO,2,MNMM80301C,"CASTEL GOFFREDO ""VIRGILIO""",CASTEL GOFFREDO,MANTOVA,LOMBARDIA,SCUOLA PRIMO GRADO,secondaria_primo_grado,13,capacita_esaurita_o_oltre_max_km
202425,1.0,42,statale,SCUOLA SECONDARIA I GRADO,2,BGMM8AE01G,"S.M.S. ""CAMERONI"" TREVIGLIO",TREVIGLIO,BERGAMO,LOMBARDIA,SCUOLA PRIMO GRADO,secondaria_primo_grado,16,capacita_esaurita_o_oltre_max_km
202425,1.0,42,statale,SCUOLA SECONDARIA I GRADO,2,PVMM801012,CRISPI - PIEVE PORTO MORONE,PIEVE PORTO MORONE,PAVIA,LOMBARDIA,SCUOLA PRIMO GRADO,secondaria_primo_grado,3,capacita_esaurita_o_oltre_max_km
202425,1.0,42,statale,SCUOLA SECONDARIA I GRADO,2,PVMM822013,STRADELLA -DEPRETIS,STRADELLA,PAVIA,LOMBARDIA,SCUOLA PRIMO GRADO,secondaria_primo_grado,11,capacita_esaurita_o_oltre_max_km
202425,1.0,42,statale,SCUOLA SECONDARIA I GRADO,2,LOMM80301G,SECONDARIA I GRADO A. GRAMSCI,LODI VECCHIO,LODI,LOMBARDIA,SCUOLA PRIMO GRADO,secondaria_primo_grado,9,capacita_esaurita_o_oltre_max_km
202425,1.0,42,statale,SCUOLA SECONDARIA I GRADO,2,ALMM812041,VOLPEDO - G.PELIZZA,VOLPEDO,ALESSANDRIA,PIEMONTE,SCUOLA PRIMO GRADO,secondaria_primo_grado,2,capacita_esaurita_o_oltre_max_km
202425,1.0,42,statale,SCUOLA SECONDARIA I GRADO,2,MIMM8F101X,SECON. I GR. E.DE MARCHI JUNIOR,MILANO,MILANO,LOMBARDIA,SCUOLA PRIMO GRADO,secondaria_primo_grado,23,capacita_esaurita_o_oltre_max_km
202425,1.0,42,statale,SCUOLA SECONDARIA I GRADO,2,PRMM81602G,"TIZZANO - ""RENZO PEZZANI""",TIZZANO VAL PARMA,PARMA,EMILIA ROMAGNA,SCUOLA PRIMO GRADO,secondaria_primo_grado,2,capacita_esaurita_o_oltre_max_km
202425,1.0,42,statale,SCUOLA SECONDARIA I GRADO,2,PCMM806013,M. BUONARROTI,CAORSO,PIACENZA,EMILIA ROMAGNA,SCUOLA PRIMO GRADO,secondaria_primo_grado,5,capacita_esaurita_o_oltre_max_km
202425,1.0,42,statale,SCUOLA SECONDARIA I GRADO,2,FIMM87701V,MONTANELLI - PETRARCA,FUCECCHIO,FIRENZE,TOSCANA,SCUOLA PRIMO GRADO,secondaria_primo_grado,20,capacita_esaurita_o_oltre_max_km
202425,1.0,42,statale,SCUOLA SECONDARIA I GRADO,2,PGMM83201B,IST. 1^ GRADO GIANO UMBRO,GIANO DELL'UMBRIA,PERUGIA,UMBRIA,SCUOLA PRIMO GRADO,secondaria_primo_grado,4,capacita_esaurita_o_oltre_max_km
202425,1.0,42,statale,SCUOLA SECONDARIA I GRADO,2,MOMM80501R,RENZO GASPARINI,NOVI DI MODENA,MODENA,EMILIA ROMAGNA,SCUOLA PRIMO GRADO,secondaria_primo_grado,8,capacita_esaurita_o_oltre_max_km
202425,1.0,42,statale,SCUOLA SECONDARIA I GRADO,2,MIMM8AG01T,SECONDARIA I GR G.B. VICO,MILANO,MILANO,LOMBARDIA,SCUOLA PRIMO GRADO,secondaria_primo_grado,12,capacita_esaurita_o_oltre_max_km
202425,1.0,42,statale,SCUOLA SECONDARIA I GRADO,2,MIMM81701T,SEC. I GRADO T. CIRESOLA,MILANO,MILANO,LOMBARDIA,SCUOLA PRIMO GRADO,secondaria_primo_grado,14,capacita_esaurita_o_oltre_max_km
202425,1.0,42,statale,SCUOLA SECONDARIA I GRADO,2,GEMM837019,I.C. SESTRI EST / S.M.S.GRAMSCI,GENOVA,GENOVA,LIGURIA,SCUOLA PRIMO GRADO,secondaria_primo_grado,10,capacita_esaurita_o_oltre_max_km
202425,1.0,42,statale,SCUOLA SECONDARIA I GRADO,2,GRMM81704V,"SCANSANO - ""B.CROCE""",SCANSANO,GROSSETO,TOSCANA,SCUOLA PRIMO GRADO,secondaria_primo_grado,2,capacita_esaurita_o_oltre_max_km
202425,1.0,42,statale,SCUOLA SECONDARIA I GRADO,2,MOMM152007,L.A. MURATORI,VIGNOLA,MODENA,EMILIA ROMAGNA,SCUOLA PRIMO GRADO,secondaria_primo_grado,11,capacita_esaurita_o_oltre_max_km
202425,1.0,42,statale,SCUOLA SECONDARIA I GRADO,2,LOMM80901E,SEC. I GRADO - GRIFFINI,CASALPUSTERLENGO,LODI,LOMBARDIA,SCUOLA PRIMO GRADO,secondaria_primo_grado,2,capacita_esaurita_o_oltre_max_km
202425,1.0,42,statale,SCUOLA SECONDARIA I GRADO,2,FOMM814011,S.LEGA,MODIGLIANA,FORLI'-CESENA,EMILIA ROMAGNA,SCUOLA PRIMO GRADO,secondaria_primo_grado,3,capacita_esaurita_o_oltre_max_km
202425,1.0,42,statale,SCUOLA SECONDARIA I GRADO,2,LTMM82801N,B.GO HERMADA TERRACINA,TERRACINA,LATINA,LAZIO,SCUOLA PRIMO GRADO,secondaria_primo_grado,4,capacita_esaurita_o_oltre_max_km
202425,1.0,42,statale,SCUOLA SECONDARIA I GRADO,2,SIMM819017,FEDERIGO TOZZI CHIANCIANO T,CHIANCIANO TERME,SIENA,TOSCANA,SCUOLA PRIMO GRADO,secondaria_primo_grado,5,capacita_esaurita_o_oltre_max_km
202425,1.0,42,statale,SCUOLA SECONDARIA I GRADO,2,TVMM86003E,"SMS ""GIOVANNI XXIII"" ORMELLE",ORMELLE,TREVISO,VENETO,SCUOLA PRIMO GRADO,secondaria_primo_grado,4,capacita_esaurita_o_oltre_max_km
202425,1.0,42,statale,SCUOLA SECONDARIA I GRADO,2,TVMM88002P,SMS MANSUE' (IC GORGO),MANSUE',TREVISO,VENETO,SCUOLA PRIMO GRADO,secondaria_primo_grado,5,capacita_esaurita_o_oltre_max_km
202425,1.0,42,statale,SCUOLA SECONDARIA I GRADO,2,PCMM807031,ENRICO FERMI,BETTOLA,PIACENZA,EMILIA ROMAGNA,SCUOLA PRIMO GRADO,secondaria_primo_grado,2,capacita_esaurita_o_oltre_max_km
202425,1.0,42,statale,SCUOLA SECONDARIA I GRADO,2,REMM81001N,"""E. FERMI """,REGGIO NELL'EMILIA,REGGIO EMILIA,EMILIA ROMAGNA,SCUOLA PRIMO GRADO,secondaria_primo_grado,8,capacita_esaurita_o_oltre_max_km
202425,1.0,42,statale,SCUOLA SECONDARIA I GRADO,2,SIMM81801B,GALILEO GALILEI,CHIUSI,SIENA,TOSCANA,SCUOLA PRIMO GRADO,secondaria_primo_grado,5,capacita_esaurita_o_oltre_max_km
202425,1.0,42,statale,SCUOLA SECONDARIA I GRADO,2,PVMM813018,VILLANTERIO - ADDOBBATI,VILLANTERIO,PAVIA,LOMBARDIA,SCUOLA PRIMO GRADO,secondaria_primo_grado,6,capacita_esaurita_o_oltre_max_km
202425,1.0,42,statale,SCUOLA SECONDARIA I GRADO,2,PVMM83101T,IC VIG.VIALE LIBERTA'-ROBECCHI,VIGEVANO,PAVIA,LOMBARDIA,SCUOLA PRIMO GRADO,secondaria_primo_grado,12,capacita_esaurita_o_oltre_max_km
202425,1.0,42,statale,SCUOLA SECONDARIA I GRADO,2,VCMM80001G,FERRARI - TRINO VERCELLESE -,TRINO,VERCELLI,PIEMONTE,SCUOLA PRIMO GRADO,secondaria_primo_grado,5,capacita_esaurita_o_oltre_max_km
202425,1.0,42,statale,SCUOLA SECONDARIA I GRADO,2,AQMM82503T,SCUOLA SEC. I GRADO ORTUCCHIO,ORTUCCHIO,L'AQUILA,ABRUZZO,SCUOLA PRIMO GRADO,secondaria_primo_grado,2,capacita_esaurita_o_oltre_max_km
202425,1.0,42,statale,SCUOLA SECONDARIA I GRADO,2,CTMM80902T,ISTITUTO COMPRENSIVO,SAN CONO,CATANIA,SICILIA,SCUOLA PRIMO GRADO,secondaria_primo_grado,2,capacita_esaurita_o_oltre_max_km
202425,1.0,42,statale,SCUOLA SECONDARIA I GRADO,2,PCMM805039,G.L. PALLAVICINO,CORTEMAGGIORE,PIACENZA,EMILIA ROMAGNA,SCUOLA PRIMO GRADO,secondaria_primo_grado,4,capacita_esaurita_o_oltre_max_km
202425,1.0,42,statale,SCUOLA SECONDARIA I GRADO,2,TOMM81402B,I.C. PONT CANAVESE - MARTINETTI,PONT-CANAVESE,TORINO,PIEMONTE,SCUOLA PRIMO GRADO,secondaria_primo_grado,3,capacita_esaurita_o_oltre_max_km
202425,1.0,42,statale,SCUOLA SECONDARIA I GRADO,2,TOMM8B101D,I.C. ALERAMO - VIA GUBBIO TO,TORINO,TORINO,PIEMONTE,SCUOLA PRIMO GRADO,secondaria_primo_grado,8,capacita_esaurita_o_oltre_max_km
202425,1.0,42,statale,SCUOLA SECONDARIA I GRADO,2,FIMM826012,GIOVANNI DA VERRAZZANO,GREVE IN CHIANTI,FIRENZE,TOSCANA,SCUOLA PRIMO GRADO,secondaria_primo_grado,6,capacita_esaurita_o_oltre_max_km
202425,1.0,42,statale,SCUOLA SECONDARIA I GRADO,2,PRMM839017,"FORNOVO - ""ZUFFARDI""",FORNOVO DI TARO,PARMA,EMILIA ROMAGNA,SCUOLA PRIMO GRADO,secondaria_primo_grado,6,capacita_esaurita_o_oltre_max_km
202425,1.0,42,statale,SCUOLA SECONDARIA I GRADO,2,MIMM8DG01N,SECOND. IGR. FALCONE BORSELLINO,MILANO,MILANO,LOMBARDIA,SCUOLA PRIMO GRADO,secondaria_primo_grado,5,capacita_esaurita_o_oltre_max_km
202425,1.0,42,statale,SCUOLA SECONDARIA I GRADO,2,POMM811018,DANTE ALIGHIERI,VERNIO,PRATO,TOSCANA,SCUOLA PRIMO GRADO,secondaria_primo_grado,3,capacita_esaurita_o_oltre_max_km
202425,1.0,42,statale,SCUOLA SECONDARIA I GRADO,2,PRMM82303Q,"CALESTANO - ""G. MICHELI""",CALESTANO,PARMA,EMILIA ROMAGNA,SCUOLA PRIMO GRADO,secondaria_primo_grado,2,capacita_esaurita_o_oltre_max_km
202425,1.0,42,statale,SCUOLA SECONDARIA I GRADO,2,BGMM8AD01Q,"S.M.S. ""GROSSI"" TREVIGLIO",TREVIGLIO,BERGAMO,LOMBARDIA,SCUOLA PRIMO GRADO,secondaria_primo_grado,11,capacita_esaurita_o_oltre_max_km
202425,1.0,42,statale,SCUOLA SECONDARIA I GRADO,2,TOMM8BR014,I.C. PARRI - VIAN,TORINO,TORINO,PIEMONTE,SCUOLA PRIMO GRADO,secondaria_primo_grado,11,capacita_esaurita_o_oltre_max_km
202425,1.0,42,statale,SCUOLA SECONDARIA I GRADO,2,MIMM8DX01N,SECOND. I GR. VIA CIPRO,MILANO,MILANO,LOMBARDIA,SCUOLA PRIMO GRADO,secondaria_primo_grado,6,capacita_esaurita_o_oltre_max_km
202425,1.0,42,statale,SCUOLA SECONDARIA I GRADO,2,REMM82802X,"BRESCELLO ""PANIZZI""",BRESCELLO,REGGIO EMILIA,EMILIA ROMAGNA,SCUOLA PRIMO GRADO,secondaria_primo_grado,3,capacita_esaurita_o_oltre_max_km
202425,1.0,42,statale,SCUOLA SECONDARIA I GRADO,2,BSMM87701B,SEC. I PASCOLI BETTINZOLI,BRESCIA,BRESCIA,LOMBARDIA,SCUOLA PRIMO GRADO,secondaria_primo_grado,17,capacita_esaurita_o_oltre_max_km
202425,1.0,42,statale,SCUOLA SECONDARIA I GRADO,2,FIMM86401R,"S.M.S. ""GARIBALDI""",CAMPI BISENZIO,FIRENZE,TOSCANA,SCUOLA PRIMO GRADO,secondaria_primo_grado,14,capacita_esaurita_o_oltre_max_km
202425,1.0,42,statale,SCUOLA SECONDARIA I GRADO,2,AGMM85301D,S.AGOSTINO,NARO,AGRIGENTO,SICILIA,SCUOLA PRIMO GRADO,secondaria_primo_grado,4,capacita_esaurita_o_oltre_max_km
202425,1.0,42,statale,SCUOLA SECONDARIA I GRADO,2,BGMM84902Q,S.M.S. CAROBBIO DEGLI ANGELI,CAROBBIO DEGLI ANGELI,BERGAMO,LOMBARDIA,SCUOLA PRIMO GRADO,secondaria_primo_grado,4,capacita_esaurita_o_oltre_max_km
202425,1.0,42,statale,SCUOLA SECONDARIA I GRADO,2,REMM83201E,"LUZZARA ""FERMI""",LUZZARA,REGGIO EMILIA,EMILIA ROMAGNA,SCUOLA PRIMO GRADO,secondaria_primo_grado,6,capacita_esaurita_o_oltre_max_km
202425,1.0,42,statale,SCUOLA SECONDARIA I GRADO,2,RNMM805012,A. DI DUCCIO (IC MIRAMARE),RIMINI,RIMINI,EMILIA ROMAGNA,SCUOLA PRIMO GRADO,secondaria_primo_grado,5,capacita_esaurita_o_oltre_max_km
202425,1.0,42,statale,SCUOLA SECONDARIA I GRADO,2,BGMM897025,"S.M.S. ""L. DA VINCI"" BRIGNANO",BRIGNANO GERA D'ADDA,BERGAMO,LOMBARDIA,SCUOLA PRIMO GRADO,secondaria_primo_grado,3,capacita_esaurita_o_oltre_max_km
202425,1.0,42,statale,SCUOLA SECONDARIA I GRADO,2,GEMM84201R,I.C. TEGLIA - MEDIA TEGLIA,GENOVA,GENOVA,LIGURIA,SCUOLA PRIMO GRADO,secondaria_primo_grado,6,capacita_esaurita_o_oltre_max_km
202425,1.0,42,statale,SCUOLA SECONDARIA I GRADO,2,PRMM84001B,"FIDENZA - ""ZANI""",FIDENZA,PARMA,EMILIA ROMAGNA,SCUOLA PRIMO GRADO,secondaria_primo_grado,14,capacita_esaurita_o_oltre_max_km
202425,1.0,42,statale,SCUOLA SECONDARIA I GRADO,2,BSMM808011,S.M. CONSORTILE ARTOGNE,ARTOGNE,BRESCIA,LOMBARDIA,SCUOLA PRIMO GRADO,secondaria_primo_grado,4,capacita_esaurita_o_oltre_max_km
202425,1.0,42,statale,SCUOLA SECONDARIA I GRADO,2,PRMM82801R,"""NEWTON"" - PARMA",PARMA,PARMA,EMILIA ROMAGNA,SCUOLA PRIMO GRADO,secondaria_primo_grado,9,capacita_esaurita_o_oltre_max_km
202425,1.0,42,statale,SCUOLA SECONDARIA I GRADO,2,BSMM849017,BERTAZZOLI DI CARPENEDOLO,CARPENEDOLO,BRESCIA,LOMBARDIA,SCUOLA PRIMO GRADO,secondaria_primo_grado,9,capacita_esaurita_o_oltre_max_km
202425,1.0,42,statale,SCUOLA SECONDARIA I GRADO,2,TVMM832029,SMS MARTINI S.BIAGIO DI C.(I.C.,SAN BIAGIO DI CALLALTA,TREVISO,VENETO,SCUOLA PRIMO GRADO,secondaria_primo_grado,5,capacita_esaurita_o_oltre_max_km
202425,1.0,42,statale,SCUOLA SECONDARIA I GRADO,2,MIMM8C801V,SECONDARIA I GRADO FALCK,SESTO SAN GIOVANNI,MILANO,LOMBARDIA,SCUOLA PRIMO GRADO,secondaria_primo_grado,6,capacita_esaurita_o_oltre_max_km
202425,1.0,42,statale,SCUOLA SECONDARIA I GRADO,2,AGMM85302E,"""ROSARIO LIVATINO""",CAMASTRA,AGRIGENTO,SICILIA,SCUOLA PRIMO GRADO,secondaria_primo_grado,1,capacita_esaurita_o_oltre_max_km
202425,1.0,42,statale,SCUOLA SECONDARIA I GRADO,2,BGMM83501R,"SECONDARIA ""MASTRI CARAVAGGINI""",CARAVAGGIO,BERGAMO,LOMBARDIA,SCUOLA PRIMO GRADO,secondaria_primo_grado,1,capacita_esaurita_o_oltre_max_km
202425,1.0,42,statale,SCUOLA SECONDARIA I GRADO,2,BOMM809038,S.BARTOLOMEO APOSTOLO-C.D.R.,CASTEL DEL RIO,BOLOGNA,EMILIA ROMAGNA,SCUOLA PRIMO GRADO,secondaria_primo_grado,1,capacita_esaurita_o_oltre_max_km
202425,1.0,42,statale,SCUOLA SECONDARIA I GRADO,2,BOMM840016,VEGGETTI-VERGATO,VERGATO,BOLOGNA,EMILIA ROMAGNA,SCUOLA PRIMO GRADO,secondaria_primo_grado,4,capacita_esaurita_o_oltre_max_km
202425,1.0,42,statale,SCUOLA SECONDARIA I GRADO,2,BSMM83201T,LANA-GNUTTI IC POLO EST,LUMEZZANE,BRESCIA,LOMBARDIA,SCUOLA PRIMO GRADO,secondaria_primo_grado,2,capacita_esaurita_o_oltre_max_km
202425,1.0,42,statale,SCUOLA SECONDARIA I GRADO,2,CEMM8A802A,V.PISA -FORMICOLA-,FORMICOLA,CASERTA,CAMPANIA,SCUOLA PRIMO GRADO,secondaria_primo_grado,1,capacita_esaurita_o_oltre_max_km
202425,1.0,42,statale,SCUOLA SECONDARIA I GRADO,2,GRMM815025,MONTEROTONDO M/MO,MONTEROTONDO MARITTIMO,GROSSETO,TOSCANA,SCUOLA PRIMO GRADO,secondaria_primo_grado,1,capacita_esaurita_o_oltre_max_km
202425,1.0,42,statale,SCUOLA SECONDARIA I GRADO,2,GRMM82501P,"ISOLA DEL GIGLIO - ""R.MALTINI""",ISOLA DEL GIGLIO,GROSSETO,TOSCANA,SCUOLA PRIMO GRADO,secondaria_primo_grado,1,capacita_esaurita_o_oltre_max_km
202425,1.0,42,statale,SCUOLA SECONDARIA I GRADO,2,MEMM81802B,VESPUCCI,MALFA,MESSINA,SICILIA,SCUOLA PRIMO GRADO,secondaria_primo_grado,1,capacita_esaurita_o_oltre_max_km
202425,1.0,42,statale,SCUOLA SECONDARIA I GRADO,2,MNMM834014,SAN BENEDETTO - MEDIA FERRI,SAN BENEDETTO PO,MANTOVA,LOMBARDIA,SCUOLA PRIMO GRADO,secondaria_primo_grado,3,capacita_esaurita_o_oltre_max_km
202425,1.0,42,statale,SCUOLA SECONDARIA I GRADO,2,MOMM83001D,LEONARDO DA VINCI,SASSUOLO,MODENA,EMILIA ROMAGNA,SCUOLA PRIMO GRADO,secondaria_primo_grado,4,capacita_esaurita_o_oltre_max_km
202425,1.0,42,statale,SCUOLA SECONDARIA I GRADO,2,PCMM807042,S. BRUZZI,FARINI,PIACENZA,EMILIA ROMAGNA,SCUOLA PRIMO GRADO,secondaria_primo_grado,1,capacita_esaurita_o_oltre_max_km
202425,1.0,42,statale,SCUOLA SECONDARIA I GRADO,2,PCMM807053,P. INZANI,FERRIERE,PIACENZA,EMILIA ROMAGNA,SCUOLA PRIMO GRADO,secondaria_primo_grado,1,capacita_esaurita_o_oltre_max_km
202425,1.0,42,statale,SCUOLA SECONDARIA I GRADO,2,PCMM80901E,UGO AMALDI,CADEO,PIACENZA,EMILIA ROMAGNA,SCUOLA PRIMO GRADO,secondaria_primo_grado,3,capacita_esaurita_o_oltre_max_km
202425,1.0,42,statale,SCUOLA SECONDARIA I GRADO,2,PNMM826019,"SMS ""BERNARDINO PARTENIO""",SPILIMBERGO,PORDENONE,FRIULI-VENEZIA G.,SCUOLA PRIMO GRADO,secondaria_primo_grado,5,capacita_esaurita_o_oltre_max_km
202425,1.0,42,statale,SCUOLA SECONDARIA I GRADO,2,PRMM82201T,DI BUSSETO,BUSSETO,PARMA,EMILIA ROMAGNA,SCUOLA PRIMO GRADO,secondaria_primo_grado,2,capacita_esaurita_o_oltre_max_km
202425,1.0,42,statale,SCUOLA SECONDARIA I GRADO,2,REMM81602N,RAMISETO,VENTASSO,REGGIO EMILIA,EMILIA ROMAGNA,SCUOLA PRIMO GRADO,secondaria_primo_grado,1,capacita_esaurita_o_oltre_max_km
202425,1.0,42,statale,SCUOLA SECONDARIA I GRADO,2,RMMM8DZ02V,AGOSTA,AGOSTA,ROMA,LAZIO,SCUOLA PRIMO GRADO,secondaria_primo_grado,1,capacita_esaurita_o_oltre_max_km
202425,1.0,42,statale,SCUOLA SECONDARIA I GRADO,2,SAMM8BM077,SANT'ANGELO A FASANELLA,SANT'ANGELO A FASANELLA,SALERNO,CAMPANIA,SCUOLA PRIMO GRADO,secondaria_primo_grado,1,capacita_esaurita_o_oltre_max_km
202425,1.0,42,statale,SCUOLA SECONDARIA I GRADO,2,TEMM81601D,"SC.M.""M.CANDELORI""CASTIGLIONE",CASTIGLIONE MESSER RAIMONDO,TERAMO,ABRUZZO,SCUOLA PRIMO GRADO,secondaria_primo_grado,1,capacita_esaurita_o_oltre_max_km
202425,1.0,42,statale,SCUOLA SECONDARIA I GRADO,2,UDMM84504T,SECONDARIA DI I GRADO RESIA,RESIA,UDINE,FRIULI-VENEZIA G.,SCUOLA PRIMO GRADO,secondaria_primo_grado,1,capacita_esaurita_o_oltre_max_km
202425,1.0,42,statale,SCUOLA SECONDARIA I GRADO,2,MOMM81901P,GIOVANNI PASCOLI,SAN FELICE SUL PANARO,MODENA,EMILIA ROMAGNA,SCUOLA PRIMO GRADO,secondaria_primo_grado,5,capacita_esaurita_o_oltre_max_km
202425,1.0,42,statale,SCUOLA SECONDARIA I GRADO,2,RGMM83001D,L. EINAUDI,ISPICA,RAGUSA,SICILIA,SCUOLA PRIMO GRADO,secondaria_primo_grado,3,capacita_esaurita_o_oltre_max_km
202425,1.0,42,statale,SCUOLA SECONDARIA I GRADO,2,ANMM81601Q,"ANCONA ""DONATELLO""",ANCONA,ANCONA,MARCHE,SCUOLA PRIMO GRADO,secondaria_primo_grado,5,capacita_esaurita_o_oltre_max_km
202425,1.0,42,statale,SCUOLA SECONDARIA I GRADO,2,BSMM895033,GIOVANNI XXIII -,PONTEVICO,BRESCIA,LOMBARDIA,SCUOLA PRIMO GRADO,secondaria_primo_grado,3,capacita_esaurita_o_oltre_max_km
202425,1.0,42,statale,SCUOLA SECONDARIA I GRADO,2,PRMM82901L,"""SALVO D'ACQUISTO"" - PARMA",PARMA,PARMA,EMILIA ROMAGNA,SCUOLA PRIMO GRADO,secondaria_primo_grado,4,capacita_esaurita_o_oltre_max_km
202425,1.0,42,statale,SCUOLA SECONDARIA I GRADO,2,MIMM8DR019,SECOND. I GR.,MILANO,MILANO,LOMBARDIA,SCUOLA PRIMO GRADO,secondaria_primo_grado,6,capacita_esaurita_o_oltre_max_km
202425,1.0,42,statale,SCUOLA SECONDARIA I GRADO,2,BOMM84801R,G. FALCONE - P. BORSELLINO,MONTERENZIO,BOLOGNA,EMILIA ROMAGNA,SCUOLA PRIMO GRADO,secondaria_primo_grado,2,capacita_esaurita_o_oltre_max_km
202425,1.0,42,statale,SCUOLA SECONDARIA I GRADO,2,PVMM80901L,SANNAZZARO DE' BURG.-MONTANARI,SANNAZZARO DE' BURGONDI,PAVIA,LOMBARDIA,SCUOLA PRIMO GRADO,secondaria_primo_grado,3,capacita_esaurita_o_oltre_max_km
202425,1.0,42,statale,SCUOLA SECONDARIA I GRADO,2,MNMM83001R,SCUOLA MEDIA DOSOLO,DOSOLO,MANTOVA,LOMBARDIA,SCUOLA PRIMO GRADO,secondaria_primo_grado,2,capacita_esaurita_o_oltre_max_km
202425,1.0,42,statale,SCUOLA SECONDARIA I GRADO,2,MOMM80701C,GIOVANNI XXIII,SESTOLA,MODENA,EMILIA ROMAGNA,SCUOLA PRIMO GRADO,secondaria_primo_grado,2,capacita_esaurita_o_oltre_max_km
202425,1.0,42,statale,SCUOLA SECONDARIA I GRADO,2,ATMM81301P,GANCIA - CANELLI,CANELLI,ASTI,PIEMONTE,SCUOLA PRIMO GRADO,secondaria_primo_grado,4,capacita_esaurita_o_oltre_max_km
202425,1.0,42,statale,SCUOLA SECONDARIA I GRADO,2,PRMM825019,"""ARTURO TOSCANINI"" - PARMA",PARMA,PARMA,EMILIA ROMAGNA,SCUOLA PRIMO GRADO,secondaria_primo_grado,4,capacita_esaurita_o_oltre_max_km
202425,1.0,42,statale,SCUOLA SECONDARIA I GRADO,2,BOMM81002B,SC. I GRADO TOMMASO CASINI,VALSAMOGGIA,BOLOGNA,EMILIA ROMAGNA,SCUOLA PRIMO GRADO,secondaria_primo_grado,1,capacita_esaurita_o_oltre_max_km
202425,1.0,42,statale,SCUOLA SECONDARIA I GRADO,2,FOMM821014,PIERO MARONCELLI,FORLI',FORLI'-CESENA,EMILIA ROMAGNA,SCUOLA PRIMO GRADO,secondaria_primo_grado,3,capacita_esaurita_o_oltre_max_km
202425,1.0,42,statale,SCUOLA SECONDARIA I GRADO,2,BGMM838018,"S.M.S.""A. DA CALEPIO""CASTELLI C",CASTELLI CALEPIO,BERGAMO,LOMBARDIA,SCUOLA PRIMO GRADO,secondaria_primo_grado,3,capacita_esaurita_o_oltre_max_km
202425,1.0,42,statale,SCUOLA SECONDARIA I GRADO,2,FEMM823017,G. B. ALEOTTI - ARGENTA,ARGENTA,FERRARA,EMILIA ROMAGNA,SCUOLA PRIMO GRADO,secondaria_primo_grado,3,capacita_esaurita_o_oltre_max_km
202425,1.0,42,statale,SCUOLA SECONDARIA I GRADO,2,BOMM80601P,A.GESSI-CASTELLO D'ARGILE,CASTELLO D'ARGILE,BOLOGNA,EMILIA ROMAGNA,SCUOLA PRIMO GRADO,secondaria_primo_grado,2,capacita_esaurita_o_oltre_max_km
202425,1.0,42,statale,SCUOLA SECONDARIA I GRADO,2,AQMM831024,SCUOLA SEC DI PRIMO GRADO,TRASACCO,L'AQUILA,ABRUZZO,SCUOLA PRIMO GRADO,secondaria_primo_grado,2,capacita_esaurita_o_oltre_max_km
202425,1.0,42,statale,SCUOLA SECONDARIA I GRADO,2,NOMM83101L,SCUOLA MEDIA DI VIA JUVARRA,NOVARA,NOVARA,PIEMONTE,SCUOLA PRIMO GRADO,secondaria_primo_grado,2,capacita_esaurita_o_oltre_max_km
202425,1.0,42,statale,SCUOLA SECONDARIA I GRADO,2,PNMM81602Q,GIOVANNI PASCOLI POLCENIGO,POLCENIGO,PORDENONE,FRIULI-VENEZIA G.,SCUOLA PRIMO GRADO,secondaria_primo_grado,1,capacita_esaurita_o_oltre_max_km
202425,1.0,42,statale,SCUOLA SECONDARIA I GRADO,2,VCMM80501P,GALILEO FERRARIS -LIVORNO F.-,LIVORNO FERRARIS,VERCELLI,PIEMONTE,SCUOLA PRIMO GRADO,secondaria_primo_grado,2,capacita_esaurita_o_oltre_max_km
202425,1.0,42,statale,SCUOLA SECONDARIA I GRADO,2,ATMM81801T,O.L.JONA,ASTI,ASTI,PIEMONTE,SCUOLA PRIMO GRADO,secondaria_primo_grado,6,capacita_esaurita_o_oltre_max_km
202425,1.0,42,statale,SCUOLA SECONDARIA I GRADO,2,ALMM809023,CASSINE - G. VERDI,CASSINE,ALESSANDRIA,PIEMONTE,SCUOLA PRIMO GRADO,secondaria_primo_grado,1,capacita_esaurita_o_oltre_max_km
202425,1.0,42,statale,SCUOLA SECONDARIA I GRADO,2,ALMM811023,CERRINA - FULVIO OPEZZO,CERRINA MONFERRATO,ALESSANDRIA,PIEMONTE,SCUOLA PRIMO GRADO,secondaria_primo_grado,1,capacita_esaurita_o_oltre_max_km
202425,1.0,42,statale,SCUOLA SECONDARIA I GRADO,2,PGMM82801Q,"""F. MARI""",NOCERA UMBRA,PERUGIA,UMBRIA,SCUOLA PRIMO GRADO,secondaria_primo_grado,1,capacita_esaurita_o_oltre_max_km
202425,1.0,42,statale,SCUOLA SECONDARIA I GRADO,2,PRMM80701Q,"COLORNO - "" PIER LUIGI BELLONI""",COLORNO,PARMA,EMILIA ROMAGNA,SCUOLA PRIMO GRADO,secondaria_primo_grado,2,capacita_esaurita_o_oltre_max_km
202425,1.0,42,statale,SCUOLA SECONDARIA I GRADO,2,FEMM802016,T.BONATI - BONDENO,BONDENO,FERRARA,EMILIA ROMAGNA,SCUOLA PRIMO GRADO,secondaria_primo_grado,3,capacita_esaurita_o_oltre_max_km
202425,1.0,42,statale,SCUOLA SECONDARIA I GRADO,2,GRMM81903D,"ROCCASTRADA - ""G.GOZZANO""",ROCCASTRADA,GROSSETO,TOSCANA,SCUOLA PRIMO GRADO,secondaria_primo_grado,1,capacita_esaurita_o_oltre_max_km
202425,1.0,42,statale,SCUOLA SECONDARIA I GRADO,2,POMM818013,"SCUOLA SEC. I GRADO ""P.CIRONI""",PRATO,PRATO,TOSCANA,SCUOLA PRIMO GRADO,secondaria_primo_grado,4,capacita_esaurita_o_oltre_max_km
202425,1.0,42,statale,SCUOLA SECONDARIA I GRADO,2,IMMM81001R,SC. SEC. I GRADO LITTARDI,IMPERIA,IMPERIA,LIGURIA,SCUOLA PRIMO GRADO,secondaria_primo_grado,2,capacita_esaurita_o_oltre_max_km
202425,1.0,42,statale,SCUOLA SECONDARIA I GRADO,2,ATMM81502B,SCUOLA MEDIA DI MOMBARUZZO,MOMBARUZZO,ASTI,PIEMONTE,SCUOLA PRIMO GRADO,secondaria_primo_grado,1,capacita_esaurita_o_oltre_max_km
202425,1.0,42,statale,SCUOLA SECONDARIA I GRADO,2,CRMM809038,"""DON GAETANO PORTIOLI""(OSTIANO)",OSTIANO,CREMONA,LOMBARDIA,SCUOLA PRIMO GRADO,secondaria_primo_grado,1,capacita_esaurita_o_oltre_max_km
202425,1.0,42,statale,SCUOLA SECONDARIA I GRADO,2,PVMM814014,"BELGIOIOSO ""A. NEGRI""",BELGIOIOSO,PAVIA,LOMBARDIA,SCUOLA PRIMO GRADO,secondaria_primo_grado,2,capacita_esaurita_o_oltre_max_km
202425,1.0,42,statale,SCUOLA SECONDARIA I GRADO,2,BOMM811038,SALVO D'ACQUISTO-GAGGIO MONTANO,GAGGIO MONTANO,BOLOGNA,EMILIA ROMAGNA,SCUOLA PRIMO GRADO,secondaria_primo_grado,1,capacita_esaurita_o_oltre_max_km
202425,1.0,42,statale,SCUOLA SECONDARIA I GRADO,2,MIMM81901D,SEC. I GRADO I. CALVINO,MILANO,MILANO,LOMBARDIA,SCUOLA PRIMO GRADO,secondaria_primo_grado,2,capacita_esaurita_o_oltre_max_km
202425,1.0,42,statale,SCUOLA SECONDARIA I GRADO,2,RAMM816016,GIOVANNI DA RIOLO,RIOLO TERME,RAVENNA,EMILIA ROMAGNA,SCUOLA PRIMO GRADO,secondaria_primo_grado,1,capacita_esaurita_o_oltre_max_km
202425,1.0,42,statale,SCUOLA SECONDARIA I GRADO,2,SIMM807011,AMBROGIO LORENZETTI,SOVICILLE,SIENA,TOSCANA,SCUOLA PRIMO GRADO,secondaria_primo_grado,1,capacita_esaurita_o_oltre_max_km
202425,1.0,42,statale,SCUOLA SECONDARIA I GRADO,2,PRMM820016,"SALSOMAGGIORE - ""CAROZZA""",SALSOMAGGIORE TERME,PARMA,EMILIA ROMAGNA,SCUOLA PRIMO GRADO,secondaria_primo_grado,2,capacita_esaurita_o_oltre_max_km
202425,1.0,42,statale,SCUOLA SECONDARIA I GRADO,2,BOMM838016,JOHN FITZGERAL KENNEDY - VADO,MONZUNO,BOLOGNA,EMILIA ROMAGNA,SCUOLA PRIMO GRADO,secondaria_primo_grado,1,capacita_esaurita_o_oltre_max_km
202425,1.0,42,statale,SCUOLA SECONDARIA I GRADO,2,GRMM81901B,"RIBOLLA - ""R.FUCINI""",ROCCASTRADA,GROSSETO,TOSCANA,SCUOLA PRIMO GRADO,secondaria_primo_grado,1,capacita_esaurita_o_oltre_max_km
202425,1.0,42,statale,SCUOLA SECONDARIA I GRADO,2,RIMM81701Q,SCUOLA MEDIA POGGIO MOIANO,POGGIO MOIANO,RIETI,LAZIO,SCUOLA PRIMO GRADO,secondaria_primo_grado,1,capacita_esaurita_o_oltre_max_km
202425,1.0,42,statale,SCUOLA SECONDARIA I GRADO,2,CNMM813012,"CEVA ""A.MOMIGLIANO""",CEVA,CUNEO,PIEMONTE,SCUOLA PRIMO GRADO,secondaria_primo_grado,1,capacita_esaurita_o_oltre_max_km
202425,1.0,42,statale,SCUOLA SECONDARIA I GRADO,2,BGMM825027,S.M.S. MORENGO,MORENGO,BERGAMO,LOMBARDIA,SCUOLA PRIMO GRADO,secondaria_primo_grado,1,capacita_esaurita_o_oltre_max_km
202425,1.0,42,statale,SCUOLA SECONDARIA I GRADO,2,BSMM8AE025,MORETTI-CASTO,CASTO,BRESCIA,LOMBARDIA,SCUOLA PRIMO GRADO,secondaria_primo_grado,1,capacita_esaurita_o_oltre_max_km
202425,1.0,42,statale,SCUOLA SECONDARIA I GRADO,2,SIMM80903P,BETTINO RICASOLI,GAIOLE IN CHIANTI,SIENA,TOSCANA,SCUOLA PRIMO GRADO,secondaria_primo_grado,1,capacita_esaurita_o_oltre_max_km
202425,1.0,42,statale,SCUOLA SECONDARIA I GRADO,2,MNMM800011,"ASOLA ""A. SCHIANTARELLI""",ASOLA,MANTOVA,LOMBARDIA,SCUOLA PRIMO GRADO,secondaria_primo_grado,1,capacita_esaurita_o_oltre_max_km
202425,1.0,42,statale,SCUOLA SECONDARIA I GRADO,2,ATMM809024,VERGANO - REFRANCORE,REFRANCORE,ASTI,PIEMONTE,SCUOLA PRIMO GRADO,secondaria_primo_grado,1,capacita_esaurita_o_oltre_max_km
202425,1.0,42,statale,SCUOLA SECONDARIA I GRADO,2,VEMM805021,"SC. SEC. 1 GR. ""G. LEOPARDI""",TORRE DI MOSTO,VENEZIA,VENETO,SCUOLA PRIMO GRADO,secondaria_primo_grado,1,capacita_esaurita_o_oltre_max_km
202425,1.0,42,statale,SCUOLA SECONDARIA I GRADO,2,BSMM86103X,S.QUASIMODO - URAGO D/O,URAGO D'OGLIO,BRESCIA,LOMBARDIA,SCUOLA PRIMO GRADO,secondaria_primo_grado,1,capacita_esaurita_o_oltre_max_km
202425,1.0,42,statale,SCUOLA SECONDARIA I GRADO,2,PGMM80702Q,"""S.BENEDETTO""",NORCIA,PERUGIA,UMBRIA,SCUOLA PRIMO GRADO,secondaria_primo_grado,1,capacita_esaurita_o_oltre_max_km
202425,1.0,42,statale,SCUOLA SECONDARIA I GRADO,2,SVMM811016,"I GR. ""G. C. ABBA"" CAIRO M.",CAIRO MONTENOTTE,SAVONA,LIGURIA,SCUOLA PRIMO GRADO,secondaria_primo_grado,1,capacita_esaurita_o_oltre_max_km
202425,1.0,42,statale,SCUOLA SECONDARIA I GRADO,2,VRMM84701N,"ZEVIO - ""ALTICHIERO DA ZEVIO""",ZEVIO,VERONA,VENETO,SCUOLA PRIMO GRADO,secondaria_primo_grado,1,capacita_esaurita_o_oltre_max_km
202425,1.0,42,statale,SCUOLA SECONDARIA I GRADO,2,BSMM872018,G.SCALVINI - BOTTICINO,BOTTICINO,BRESCIA,LOMBARDIA,SCUOLA PRIMO GRADO,secondaria_primo_grado,1,capacita_esaurita_o_oltre_max_km
202425,1.0,42,statale,SCUOLA SECONDARIA I GRADO,3,SAMM87201A,"POLLA ""E.DE AMICIS""",POLLA,SALERNO,CAMPANIA,SCUOLA PRIMO GRADO,secondaria_primo_grado,43,capacita_esaurita_o_oltre_max_km
202425,1.0,42,statale,SCUOLA SECONDARIA I GRADO,3,POMM809018,SER LAPO MAZZEI,PRATO,PRATO,TOSCANA,SCUOLA PRIMO GRADO,secondaria_primo_grado,40,capacita_esaurita_o_oltre_max_km
202425,1.0,42,statale,SCUOLA SECONDARIA I GRADO,3,POMM80801C,BOGARDO BURICCHI,PRATO,PRATO,TOSCANA,SCUOLA PRIMO GRADO,secondaria_primo_grado,107,capacita_esaurita_o_oltre_max_km
202425,1.0,42,statale,SCUOLA SECONDARIA I GRADO,3,AQMM82002N,SCUOLA SEC I GRADO BARREA,BARREA,L'AQUILA,ABRUZZO,SCUOLA PRIMO GRADO,secondaria_primo_grado,2,capacita_esaurita_o_oltre_max_km
202425,1.0,42,statale,SCUOLA SECONDARIA I GRADO,3,AVMM877018,LACEDONIA,LACEDONIA,AVELLINO,CAMPANIA,SCUOLA PRIMO GRADO,secondaria_primo_grado,2,capacita_esaurita_o_oltre_max_km
202425,1.0,42,statale,SCUOLA SECONDARIA I GRADO,3,CNMM83603R,GARESSIO SS ORMEA,ORMEA,CUNEO,PIEMONTE,SCUOLA PRIMO GRADO,secondaria_primo_grado,5,capacita_esaurita_o_oltre_max_km
202425,1.0,42,statale,SCUOLA SECONDARIA I GRADO,3,PGMM813023,IST. 1^ GRADO VALLO DI NERA,VALLO DI NERA,PERUGIA,UMBRIA,SCUOLA PRIMO GRADO,secondaria_primo_grado,2,capacita_esaurita_o_oltre_max_km
202425,1.0,42,statale,SCUOLA SECONDARIA I GRADO,3,SAMM8AH02P,ROSCIGNO,ROSCIGNO,SALERNO,CAMPANIA,SCUOLA PRIMO GRADO,secondaria_primo_grado,2,capacita_esaurita_o_oltre_max_km
202425,1.0,42,statale,SCUOLA SECONDARIA I GRADO,3,PVMM821028,FERMI - SANTA GIULETTA,SANTA GIULETTA,PAVIA,LOMBARDIA,SCUOLA PRIMO GRADO,secondaria_primo_grado,3,capacita_esaurita_o_oltre_max_km
202425,1.0,42,statale,SCUOLA SECONDARIA I GRADO,3,MCMM80901A,C. FEDERICI,SERRAVALLE DI CHIENTI,MACERATA,MARCHE,SCUOLA PRIMO GRADO,secondaria_primo_grado,5,capacita_esaurita_o_oltre_max_km
202425,1.0,42,statale,SCUOLA SECONDARIA I GRADO,3,POMM804015,CURZIO MALAPARTE,PRATO,PRATO,TOSCANA,SCUOLA PRIMO GRADO,secondaria_primo_grado,35,capacita_esaurita_o_oltre_max_km
202425,1.0,42,statale,SCUOLA SECONDARIA I GRADO,3,GOMM80401E,RANDACCIO GIOVANNI,MONFALCONE,GORIZIA,FRIULI-VENEZIA G.,SCUOLA PRIMO GRADO,secondaria_primo_grado,37,capacita_esaurita_o_oltre_max_km
202425,1.0,42,statale,SCUOLA SECONDARIA I GRADO,3,RGMM802019,LEONARDO SCIASCIA,VITTORIA,RAGUSA,SICILIA,SCUOLA PRIMO GRADO,secondaria_primo_grado,22,capacita_esaurita_o_oltre_max_km
202425,1.0,42,statale,SCUOLA SECONDARIA I GRADO,3,PRMM826015,"""L. VICINI"" - PARMA",PARMA,PARMA,EMILIA ROMAGNA,SCUOLA PRIMO GRADO,secondaria_primo_grado,16,capacita_esaurita_o_oltre_max_km
202425,1.0,42,statale,SCUOLA SECONDARIA I GRADO,3,POMM01000C,"C/O CONVITTO NAZ. ""CICOGNINI""",PRATO,PRATO,TOSCANA,SCUOLA PRIMO GRADO,secondaria_primo_grado,32,capacita_esaurita_o_oltre_max_km
202425,1.0,42,statale,SCUOLA SECONDARIA I GRADO,3,RAMM82201D,"""COVA - LANZONI""",FAENZA,RAVENNA,EMILIA ROMAGNA,SCUOLA PRIMO GRADO,secondaria_primo_grado,30,capacita_esaurita_o_oltre_max_km
202425,1.0,42,statale,SCUOLA SECONDARIA I GRADO,3,AQMM815026,CAGNANO AMITERNO,CAGNANO AMITERNO,L'AQUILA,ABRUZZO,SCUOLA PRIMO GRADO,secondaria_primo_grado,1,capacita_esaurita_o_oltre_max_km
202425,1.0,42,statale,SCUOLA SECONDARIA I GRADO,3,ARMM814021,LOC. BADIA TEDALDA,BADIA TEDALDA,AREZZO,TOSCANA,SCUOLA PRIMO GRADO,secondaria_primo_grado,2,capacita_esaurita_o_oltre_max_km
202425,1.0,42,statale,SCUOLA SECONDARIA I GRADO,3,CSMM85003A,SM CANNA (IC ROCCA IMPERIALE),CANNA,COSENZA,CALABRIA,SCUOLA PRIMO GRADO,secondaria_primo_grado,2,capacita_esaurita_o_oltre_max_km
202425,1.0,42,statale,SCUOLA SECONDARIA I GRADO,3,FOMM806012,SEZ.E.AMBROGETTI,VERGHERETO,FORLI'-CESENA,EMILIA ROMAGNA,SCUOLA PRIMO GRADO,secondaria_primo_grado,3,capacita_esaurita_o_oltre_max_km
202425,1.0,42,statale,SCUOLA SECONDARIA I GRADO,3,MTMM83404N,"""GIOVANNI XXIII""- ROTONDELLA",ROTONDELLA,MATERA,BASILICATA,SCUOLA PRIMO GRADO,secondaria_primo_grado,3,capacita_esaurita_o_oltre_max_km
202425,1.0,42,statale,SCUOLA SECONDARIA I GRADO,3,PCMM807053,P. INZANI,FERRIERE,PIACENZA,EMILIA ROMAGNA,SCUOLA PRIMO GRADO,secondaria_primo_grado,1,capacita_esaurita_o_oltre_max_km
202425,1.0,42,statale,SCUOLA SECONDARIA I GRADO,3,PIMM824037,MONTEVERDI MARITTIMO,MONTEVERDI MARITTIMO,PISA,TOSCANA,SCUOLA PRIMO GRADO,secondaria_primo_grado,2,capacita_esaurita_o_oltre_max_km
202425,1.0,42,statale,SCUOLA SECONDARIA I GRADO,3,PZMM874085,"""F.TORRACA"" ROCCANOVA",ROCCANOVA,POTENZA,BASILICATA,SCUOLA PRIMO GRADO,secondaria_primo_grado,1,capacita_esaurita_o_oltre_max_km
202425,1.0,42,statale,SCUOLA SECONDARIA I GRADO,3,RIMM807015,GIOVANNI XXIII,PETRELLA SALTO,RIETI,LAZIO,SCUOLA PRIMO GRADO,secondaria_primo_grado,2,capacita_esaurita_o_oltre_max_km
202425,1.0,42,statale,SCUOLA SECONDARIA I GRADO,3,ANMM81801B,"ANCONA ""PODESTI""",ANCONA,ANCONA,MARCHE,SCUOLA PRIMO GRADO,secondaria_primo_grado,15,capacita_esaurita_o_oltre_max_km
202425,1.0,42,statale,SCUOLA SECONDARIA I GRADO,3,POMM81501G,F.LIPPI,PRATO,PRATO,TOSCANA,SCUOLA PRIMO GRADO,secondaria_primo_grado,44,capacita_esaurita_o_oltre_max_km
202425,1.0,42,statale,SCUOLA SECONDARIA I GRADO,3,VEMM870013,LUIGI EINAUDI,VENEZIA,VENEZIA,VENETO,SCUOLA PRIMO GRADO,secondaria_primo_grado,20,capacita_esaurita_o_oltre_max_km
202425,1.0,42,statale,SCUOLA SECONDARIA I GRADO,3,PIMM824026,E.FERMI,CASTELNUOVO DI VAL DI CECINA,PISA,TOSCANA,SCUOLA PRIMO GRADO,secondaria_primo_grado,6,capacita_esaurita_o_oltre_max_km
202425,1.0,42,statale,SCUOLA SECONDARIA I GRADO,3,PVMM81303A,MIRADOLO TERME -MICHELANGELO -,MIRADOLO TERME,PAVIA,LOMBARDIA,SCUOLA PRIMO GRADO,secondaria_primo_grado,1,capacita_esaurita_o_oltre_max_km
202425,1.0,42,statale,SCUOLA SECONDARIA I GRADO,3,MTMM83501A,"""PITAGORA""BERNALDA- METAPONTO",BERNALDA,MATERA,BASILICATA,SCUOLA PRIMO GRADO,secondaria_primo_grado,3,capacita_esaurita_o_oltre_max_km
202425,1.0,42,statale,SCUOLA SECONDARIA I GRADO,3,FOMM821014,PIERO MARONCELLI,FORLI',FORLI'-CESENA,EMILIA ROMAGNA,SCUOLA PRIMO GRADO,secondaria_primo_grado,24,capacita_esaurita_o_oltre_max_km
202425,1.0,42,statale,SCUOLA SECONDARIA I GRADO,3,BSMM81601X,MOMPIANI-BRESCIA,BRESCIA,BRESCIA,LOMBARDIA,SCUOLA PRIMO GRADO,secondaria_primo_grado,10,capacita_esaurita_o_oltre_max_km
202425,1.0,42,statale,SCUOLA SECONDARIA I GRADO,3,GRMM81701Q,"CINIGIANO - ""M.BUONARROTI""",CINIGIANO,GROSSETO,TOSCANA,SCUOLA PRIMO GRADO,secondaria_primo_grado,2,capacita_esaurita_o_oltre_max_km
202425,1.0,42,statale,SCUOLA SECONDARIA I GRADO,3,GEMM85101G,I.C. SAMPIERDARENA/ S.M.S.,GENOVA,GENOVA,LIGURIA,SCUOLA PRIMO GRADO,secondaria_primo_grado,10,capacita_esaurita_o_oltre_max_km
202425,1.0,42,statale,SCUOLA SECONDARIA I GRADO,3,GEMM837019,I.C. SESTRI EST / S.M.S.GRAMSCI,GENOVA,GENOVA,LIGURIA,SCUOLA PRIMO GRADO,secondaria_primo_grado,10,capacita_esaurita_o_oltre_max_km
202425,1.0,42,statale,SCUOLA SECONDARIA I GRADO,3,IMMM81001R,SC. SEC. I GRADO LITTARDI,IMPERIA,IMPERIA,LIGURIA,SCUOLA PRIMO GRADO,secondaria_primo_grado,3,capacita_esaurita_o_oltre_max_km
202425,1.0,42,statale,SCUOLA SECONDARIA I GRADO,3,GEMM85201B,I.C. BARABINO/ S.M.S.,GENOVA,GENOVA,LIGURIA,SCUOLA PRIMO GRADO,secondaria_primo_grado,10,capacita_esaurita_o_oltre_max_km
202425,1.0,42,statale,SCUOLA SECONDARIA I GRADO,3,MOMM824027,DON ANDREOLI,SAN POSSIDONIO,MODENA,EMILIA ROMAGNA,SCUOLA PRIMO GRADO,secondaria_primo_grado,1,capacita_esaurita_o_oltre_max_km
202425,1.0,42,statale,SCUOLA SECONDARIA I GRADO,3,PRMM82303Q,"CALESTANO - ""G. MICHELI""",CALESTANO,PARMA,EMILIA ROMAGNA,SCUOLA PRIMO GRADO,secondaria_primo_grado,4,capacita_esaurita_o_oltre_max_km
202425,1.0,42,statale,SCUOLA SECONDARIA I GRADO,3,CRMM80001Q,"""GIACOMO BERTESI"" (SORESINA)",SORESINA,CREMONA,LOMBARDIA,SCUOLA PRIMO GRADO,secondaria_primo_grado,14,capacita_esaurita_o_oltre_max_km
202425,1.0,42,statale,SCUOLA SECONDARIA I GRADO,3,PVMM821017,BRONI - FERRINI,BRONI,PAVIA,LOMBARDIA,SCUOLA PRIMO GRADO,secondaria_primo_grado,18,capacita_esaurita_o_oltre_max_km
202425,1.0,42,statale,SCUOLA SECONDARIA I GRADO,3,GEMM80501T,I.C.VALLI /REZZOAGLIO,REZZOAGLIO,GENOVA,LIGURIA,SCUOLA PRIMO GRADO,secondaria_primo_grado,2,capacita_esaurita_o_oltre_max_km
202425,1.0,42,statale,SCUOLA SECONDARIA I GRADO,3,TOMM8CF017,I.C. BOBBIO NOVARO - BOBBIO,TORINO,TORINO,PIEMONTE,SCUOLA PRIMO GRADO,secondaria_primo_grado,35,capacita_esaurita_o_oltre_max_km
202425,1.0,42,statale,SCUOLA SECONDARIA I GRADO,3,BGMM84402L,"S.M.S.""MERISI-CARAV.""FONTANELLA",FONTANELLA,BERGAMO,LOMBARDIA,SCUOLA PRIMO GRADO,secondaria_primo_grado,9,capacita_esaurita_o_oltre_max_km
202425,1.0,42,statale,SCUOLA SECONDARIA I GRADO,3,PIMM810028,"""C.BANTI""",SANTA CROCE SULL'ARNO,PISA,TOSCANA,SCUOLA PRIMO GRADO,secondaria_primo_grado,7,capacita_esaurita_o_oltre_max_km
202425,1.0,42,statale,SCUOLA SECONDARIA I GRADO,3,POMM812014,LEONETTO TINTORI,PRATO,PRATO,TOSCANA,SCUOLA PRIMO GRADO,secondaria_primo_grado,14,capacita_esaurita_o_oltre_max_km
202425,1.0,42,statale,SCUOLA SECONDARIA I GRADO,3,BOMM840027,DON MILANI,GRIZZANA MORANDI,BOLOGNA,EMILIA ROMAGNA,SCUOLA PRIMO GRADO,secondaria_primo_grado,3,capacita_esaurita_o_oltre_max_km
202425,1.0,42,statale,SCUOLA SECONDARIA I GRADO,3,GRMM81703T,"ARCILLE - ""F.PAOLIERI""",CAMPAGNATICO,GROSSETO,TOSCANA,SCUOLA PRIMO GRADO,secondaria_primo_grado,2,capacita_esaurita_o_oltre_max_km
202425,1.0,42,statale,SCUOLA SECONDARIA I GRADO,3,IMMM800027,"PONTEDASSIO ""G.NATTA""",PONTEDASSIO,IMPERIA,LIGURIA,SCUOLA PRIMO GRADO,secondaria_primo_grado,6,capacita_esaurita_o_oltre_max_km
202425,1.0,42,statale,SCUOLA SECONDARIA I GRADO,3,POMM81301X,SEM BENELLI,PRATO,PRATO,TOSCANA,SCUOLA PRIMO GRADO,secondaria_primo_grado,14,capacita_esaurita_o_oltre_max_km
202425,1.0,42,statale,SCUOLA SECONDARIA I GRADO,3,PRMM81501P,SECONDARIA NEVIANO,NEVIANO DEGLI ARDUINI,PARMA,EMILIA ROMAGNA,SCUOLA PRIMO GRADO,secondaria_primo_grado,3,capacita_esaurita_o_oltre_max_km
202425,1.0,42,statale,SCUOLA SECONDARIA I GRADO,3,PRMM839039,"SOLIGNANO - ""F. ZANETTI""",SOLIGNANO,PARMA,EMILIA ROMAGNA,SCUOLA PRIMO GRADO,secondaria_primo_grado,2,capacita_esaurita_o_oltre_max_km
202425,1.0,42,statale,SCUOLA SECONDARIA I GRADO,3,ROMM808027,N.SERAFINI-POLESELLA,POLESELLA,ROVIGO,VENETO,SCUOLA PRIMO GRADO,secondaria_primo_grado,5,capacita_esaurita_o_oltre_max_km
202425,1.0,42,statale,SCUOLA SECONDARIA I GRADO,3,PVMM83201N,IC VIG. VITTORIO VENETO-BUSSI,VIGEVANO,PAVIA,LOMBARDIA,SCUOLA PRIMO GRADO,secondaria_primo_grado,11,capacita_esaurita_o_oltre_max_km
202425,1.0,42,statale,SCUOLA SECONDARIA I GRADO,3,TOMM81402B,I.C. PONT CANAVESE - MARTINETTI,PONT-CANAVESE,TORINO,PIEMONTE,SCUOLA PRIMO GRADO,secondaria_primo_grado,4,capacita_esaurita_o_oltre_max_km
202425,1.0,42,statale,SCUOLA SECONDARIA I GRADO,3,REMM847018,"""DA VINCI""",REGGIO NELL'EMILIA,REGGIO EMILIA,EMILIA ROMAGNA,SCUOLA PRIMO GRADO,secondaria_primo_grado,8,capacita_esaurita_o_oltre_max_km
202425,1.0,42,statale,SCUOLA SECONDARIA I GRADO,3,LOMM81501T,SEC.I GRADO S.FRANCESCA CABRINI,SANT'ANGELO LODIGIANO,LODI,LOMBARDIA,SCUOLA PRIMO GRADO,secondaria_primo_grado,5,capacita_esaurita_o_oltre_max_km
202425,1.0,42,statale,SCUOLA SECONDARIA I GRADO,3,ALMM83401P,TORTONA - L. VALENZIANO,TORTONA,ALESSANDRIA,PIEMONTE,SCUOLA PRIMO GRADO,secondaria_primo_grado,5,capacita_esaurita_o_oltre_max_km
202425,1.0,42,statale,SCUOLA SECONDARIA I GRADO,3,PVMM801034,CORTEOLONA E GENZONE,CORTEOLONA E GENZONE,PAVIA,LOMBARDIA,SCUOLA PRIMO GRADO,secondaria_primo_grado,5,capacita_esaurita_o_oltre_max_km
202425,1.0,42,statale,SCUOLA SECONDARIA I GRADO,3,BOMM809016,S.BARTOLOMEO APOSTOLO-BORGO T.,BORGO TOSSIGNANO,BOLOGNA,EMILIA ROMAGNA,SCUOLA PRIMO GRADO,secondaria_primo_grado,3,capacita_esaurita_o_oltre_max_km
202425,1.0,42,statale,SCUOLA SECONDARIA I GRADO,3,MNMM820016,"OSTIGLIA - ""CORNELIO NEPOTE""",OSTIGLIA,MANTOVA,LOMBARDIA,SCUOLA PRIMO GRADO,secondaria_primo_grado,1,capacita_esaurita_o_oltre_max_km
202425,1.0,42,statale,SCUOLA SECONDARIA I GRADO,3,RGMM81401G,PSAUMIDE CAMARINENSE,SANTA CROCE CAMERINA,RAGUSA,SICILIA,SCUOLA PRIMO GRADO,secondaria_primo_grado,14,capacita_esaurita_o_oltre_max_km
202425,1.0,42,statale,SCUOLA SECONDARIA I GRADO,3,CNMM81103C,S.MICHELE M.VI' SS SERRA PAMPAR,PAMPARATO,CUNEO,PIEMONTE,SCUOLA PRIMO GRADO,secondaria_primo_grado,1,capacita_esaurita_o_oltre_max_km
202425,1.0,42,statale,SCUOLA SECONDARIA I GRADO,3,IMMM81702L,CERIANA,CERIANA,IMPERIA,LIGURIA,SCUOLA PRIMO GRADO,secondaria_primo_grado,1,capacita_esaurita_o_oltre_max_km
202425,1.0,42,statale,SCUOLA SECONDARIA I GRADO,3,PSMM84001V,VALLEFOGLIA - S.A.LIZ. G.BRANCA,VALLEFOGLIA,PESARO E URBINO,MARCHE,SCUOLA PRIMO GRADO,secondaria_primo_grado,2,capacita_esaurita_o_oltre_max_km
202425,1.0,42,statale,SCUOLA SECONDARIA I GRADO,3,NOMM82901L,"""CASSANO"" TRECATE",TRECATE,NOVARA,PIEMONTE,SCUOLA PRIMO GRADO,secondaria_primo_grado,17,capacita_esaurita_o_oltre_max_km
202425,1.0,42,statale,SCUOLA SECONDARIA I GRADO,3,BSMM88301P,SEC. I LANA FERMI BRESCIA,BRESCIA,BRESCIA,LOMBARDIA,SCUOLA PRIMO GRADO,secondaria_primo_grado,14,capacita_esaurita_o_oltre_max_km
202425,1.0,42,statale,SCUOLA SECONDARIA I GRADO,3,ATMM809024,VERGANO - REFRANCORE,REFRANCORE,ASTI,PIEMONTE,SCUOLA PRIMO GRADO,secondaria_primo_grado,2,capacita_esaurita_o_oltre_max_km
202425,1.0,42,statale,SCUOLA SECONDARIA I GRADO,3,COMM84802P,MAESTRI CAMPIONESI,CAMPIONE D'ITALIA,COMO,LOMBARDIA,SCUOLA PRIMO GRADO,secondaria_primo_grado,1,capacita_esaurita_o_oltre_max_km
202425,1.0,42,statale,SCUOLA SECONDARIA I GRADO,3,FOMM80302G,"SARSINA ""T. M. PLAUTO""",SARSINA,FORLI'-CESENA,EMILIA ROMAGNA,SCUOLA PRIMO GRADO,secondaria_primo_grado,4,capacita_esaurita_o_oltre_max_km
202425,1.0,42,statale,SCUOLA SECONDARIA I GRADO,3,GRMM815036,MONTIERI,MONTIERI,GROSSETO,TOSCANA,SCUOLA PRIMO GRADO,secondaria_primo_grado,1,capacita_esaurita_o_oltre_max_km
202425,1.0,42,statale,SCUOLA SECONDARIA I GRADO,3,PIMM82801C,LAIATICO,LAJATICO,PISA,TOSCANA,SCUOLA PRIMO GRADO,secondaria_primo_grado,1,capacita_esaurita_o_oltre_max_km
202425,1.0,42,statale,SCUOLA SECONDARIA I GRADO,3,POMM81601B,DON BOSCO,PRATO,PRATO,TOSCANA,SCUOLA PRIMO GRADO,secondaria_primo_grado,14,capacita_esaurita_o_oltre_max_km
202425,1.0,42,statale,SCUOLA SECONDARIA I GRADO,3,SVMM811016,"I GR. ""G. C. ABBA"" CAIRO M.",CAIRO MONTENOTTE,SAVONA,LIGURIA,SCUOLA PRIMO GRADO,secondaria_primo_grado,7,capacita_esaurita_o_oltre_max_km
202425,1.0,42,statale,SCUOLA SECONDARIA I GRADO,3,PVMM813018,VILLANTERIO - ADDOBBATI,VILLANTERIO,PAVIA,LOMBARDIA,SCUOLA PRIMO GRADO,secondaria_primo_grado,5,capacita_esaurita_o_oltre_max_km
202425,1.0,42,statale,SCUOLA SECONDARIA I GRADO,3,PVMM83101T,IC VIG.VIALE LIBERTA'-ROBECCHI,VIGEVANO,PAVIA,LOMBARDIA,SCUOLA PRIMO GRADO,secondaria_primo_grado,10,capacita_esaurita_o_oltre_max_km
202425,1.0,42,statale,SCUOLA SECONDARIA I GRADO,3,AQMM82101C,""" IGNAZIO SILONE """,LUCO DEI MARSI,L'AQUILA,ABRUZZO,SCUOLA PRIMO GRADO,secondaria_primo_grado,1,capacita_esaurita_o_oltre_max_km
202425,1.0,42,statale,SCUOLA SECONDARIA I GRADO,3,LOMM80401B,SECOND.I GRAD D.DEGLI ABRUZZI,BORGHETTO LODIGIANO,LODI,LOMBARDIA,SCUOLA PRIMO GRADO,secondaria_primo_grado,3,capacita_esaurita_o_oltre_max_km
202425,1.0,42,statale,SCUOLA SECONDARIA I GRADO,3,PRMM82202V,DI POLESINE - ZIBELLO,POLESINE ZIBELLO,PARMA,EMILIA ROMAGNA,SCUOLA PRIMO GRADO,secondaria_primo_grado,2,capacita_esaurita_o_oltre_max_km
202425,1.0,42,statale,SCUOLA SECONDARIA I GRADO,3,IMMM82002C,SC.SEC.I GRADO G.RUFFINI TAGGIA,TAGGIA,IMPERIA,LIGURIA,SCUOLA PRIMO GRADO,secondaria_primo_grado,2,capacita_esaurita_o_oltre_max_km
202425,1.0,42,statale,SCUOLA SECONDARIA I GRADO,3,BSMM87701B,SEC. I PASCOLI BETTINZOLI,BRESCIA,BRESCIA,LOMBARDIA,SCUOLA PRIMO GRADO,secondaria_primo_grado,17,capacita_esaurita_o_oltre_max_km
202425,1.0,42,statale,SCUOLA SECONDARIA I GRADO,3,PVMM80901L,SANNAZZARO DE' BURG.-MONTANARI,SANNAZZARO DE' BURGONDI,PAVIA,LOMBARDIA,SCUOLA PRIMO GRADO,secondaria_primo_grado,6,capacita_esaurita_o_oltre_max_km
202425,1.0,42,statale,SCUOLA SECONDARIA I GRADO,3,BGMM83202A,"S.M.S.""A.BIFFI"" CIVIDATE",CIVIDATE AL PIANO,BERGAMO,LOMBARDIA,SCUOLA PRIMO GRADO,secondaria_primo_grado,4,capacita_esaurita_o_oltre_max_km
202425,1.0,42,statale,SCUOLA SECONDARIA I GRADO,3,VCMM80001G,FERRARI - TRINO VERCELLESE -,TRINO,VERCELLI,PIEMONTE,SCUOLA PRIMO GRADO,secondaria_primo_grado,4,capacita_esaurita_o_oltre_max_km
202425,1.0,42,statale,SCUOLA SECONDARIA I GRADO,3,GEMM84901G,I.C.RIVAROLO/SMS UGO FOSCOLO,GENOVA,GENOVA,LIGURIA,SCUOLA PRIMO GRADO,secondaria_primo_grado,4,capacita_esaurita_o_oltre_max_km
202425,1.0,42,statale,SCUOLA SECONDARIA I GRADO,3,BSMM8AE014,F.GLISENTI - VESTONE,VESTONE,BRESCIA,LOMBARDIA,SCUOLA PRIMO GRADO,secondaria_primo_grado,4,capacita_esaurita_o_oltre_max_km
202425,1.0,42,statale,SCUOLA SECONDARIA I GRADO,3,AVMM877029,AQUILONIA,AQUILONIA,AVELLINO,CAMPANIA,SCUOLA PRIMO GRADO,secondaria_primo_grado,1,capacita_esaurita_o_oltre_max_km
202425,1.0,42,statale,SCUOLA SECONDARIA I GRADO,3,FGMM84702B,S. GIOVANNI BOSCO,RIGNANO GARGANICO,FOGGIA,PUGLIA,SCUOLA PRIMO GRADO,secondaria_primo_grado,1,capacita_esaurita_o_oltre_max_km
202425,1.0,42,statale,SCUOLA SECONDARIA I GRADO,3,ISMM82601G,CIVITANOVA DEL SANNIO,CIVITANOVA DEL SANNIO,ISERNIA,MOLISE,SCUOLA PRIMO GRADO,secondaria_primo_grado,1,capacita_esaurita_o_oltre_max_km
202425,1.0,42,statale,SCUOLA SECONDARIA I GRADO,3,PIMM823019,CASTELLINA MARITTIMA,CASTELLINA MARITTIMA,PISA,TOSCANA,SCUOLA PRIMO GRADO,secondaria_primo_grado,1,capacita_esaurita_o_oltre_max_km
202425,1.0,42,statale,SCUOLA SECONDARIA I GRADO,3,BOMM86001B,MARCO POLO-CREVALCORE,CREVALCORE,BOLOGNA,EMILIA ROMAGNA,SCUOLA PRIMO GRADO,secondaria_primo_grado,5,capacita_esaurita_o_oltre_max_km
202425,1.0,42,statale,SCUOLA SECONDARIA I GRADO,3,REMM81501R,"SECONDARIA TOANO ""U. FOSCOLO""",TOANO,REGGIO EMILIA,EMILIA ROMAGNA,SCUOLA PRIMO GRADO,secondaria_primo_grado,2,capacita_esaurita_o_oltre_max_km
202425,1.0,42,statale,SCUOLA SECONDARIA I GRADO,3,PVMM800016,SC. SEC. S.MARIA DELLA VERSA,SANTA MARIA DELLA VERSA,PAVIA,LOMBARDIA,SCUOLA PRIMO GRADO,secondaria_primo_grado,1,capacita_esaurita_o_oltre_max_km
202425,1.0,42,statale,SCUOLA SECONDARIA I GRADO,3,CNMM825029,CHERASCO SS NARZOLE,NARZOLE,CUNEO,PIEMONTE,SCUOLA PRIMO GRADO,secondaria_primo_grado,1,capacita_esaurita_o_oltre_max_km
202425,1.0,42,statale,SCUOLA SECONDARIA I GRADO,3,RAMM816016,GIOVANNI DA RIOLO,RIOLO TERME,RAVENNA,EMILIA ROMAGNA,SCUOLA PRIMO GRADO,secondaria_primo_grado,2,capacita_esaurita_o_oltre_max_km
202425,1.0,42,statale,SCUOLA SECONDARIA I GRADO,3,BSMM881013,SEC. I CARDUCCI BRESCIA,BRESCIA,BRESCIA,LOMBARDIA,SCUOLA PRIMO GRADO,secondaria_primo_grado,4,capacita_esaurita_o_oltre_max_km
202425,1.0,42,statale,SCUOLA SECONDARIA I GRADO,3,GEMM80503X,I.C. VALLI / BORZONASCA,BORZONASCA,GENOVA,LIGURIA,SCUOLA PRIMO GRADO,secondaria_primo_grado,1,capacita_esaurita_o_oltre_max_km
202425,1.0,42,statale,SCUOLA SECONDARIA I GRADO,3,UDMM848027,A. SCHWEITZER - SAN GIOVANNI,SAN GIOVANNI AL NATISONE,UDINE,FRIULI-VENEZIA G.,SCUOLA PRIMO GRADO,secondaria_primo_grado,1,capacita_esaurita_o_oltre_max_km
202425,1.0,42,statale,SCUOLA SECONDARIA I GRADO,3,SPMM802022,"SESTA GODANO ""P.BORROTZU""",SESTA GODANO,LA SPEZIA,LIGURIA,SCUOLA PRIMO GRADO,secondaria_primo_grado,1,capacita_esaurita_o_oltre_max_km
202425,1.0,42,statale,SCUOLA SECONDARIA I GRADO,3,BSMM88201V,SEC. I FOSCOLO-MARCONI BRESCIA,BRESCIA,BRESCIA,LOMBARDIA,SCUOLA PRIMO GRADO,secondaria_primo_grado,1,capacita_esaurita_o_oltre_max_km
202425,1.0,42,statale,SCUOLA SECONDARIA I GRADO,3,POMM817017,SCUOLA SEC. I GRADO G.B.MAZZONI,PRATO,PRATO,TOSCANA,SCUOLA PRIMO GRADO,secondaria_primo_grado,1,capacita_esaurita_o_oltre_max_km
202425,1.0,42,statale,SCUOLA SECONDARIA II GRADO,1,LCRI01251R,P. A. FIOCCHI,LECCO,LECCO,LOMBARDIA,IST PROF INDUSTRIA E ARTIGIANATO,industria_artigianato,8,capacita_esaurita_o_oltre_max_km
202425,1.0,42,statale,SCUOLA SECONDARIA II GRADO,1,RMTN124513,C. COLOMBO SERALE,ROMA,ROMA,LAZIO,ISTITUTO TECNICO PER IL TURISMO,turismo_tecnico,23,capacita_esaurita_o_oltre_max_km
202425,1.0,42,statale,SCUOLA SECONDARIA II GRADO,1,PVRI01651X,IP CALVI SERALE,VOGHERA,PAVIA,LOMBARDIA,IST PROF INDUSTRIA E ARTIGIANATO,industria_artigianato,14,capacita_esaurita_o_oltre_max_km
202425,1.0,42,statale,SCUOLA SECONDARIA II GRADO,1,VERH04050V,ANDREA BARBARIGO - CORSO SERALE,VENEZIA,VENEZIA,VENETO,IST PROF PER I SERVIZI ALBERGHIERI E RISTORAZIONE,alberghiero_ristorazione,17,capacita_esaurita_o_oltre_max_km
202425,1.0,42,statale,SCUOLA SECONDARIA II GRADO,1,PIRH01001E,"SEZIONE ""DON BOSCO"" - CASA DI RECLUSIONE",PISA,PISA,TOSCANA,IST PROF PER I SERVIZI ALBERGHIERI E RISTORAZIONE,alberghiero_ristorazione,1,capacita_esaurita_o_oltre_max_km
202425,1.0,42,statale,SCUOLA SECONDARIA II GRADO,1,ARSD00202P,LICEO ARTISTICO GIUSEPPE GIOVAGNOLI,SANSEPOLCRO,AREZZO,TOSCANA,ISTITUTO D'ARTE,artistico,38,capacita_esaurita_o_oltre_max_km
202425,1.0,42,statale,SCUOLA SECONDARIA II GRADO,1,POTD00652L,IST. TCN. COM.P. DAGOMARI-SERALE,PRATO,PRATO,TOSCANA,ISTITUTO TECNICO COMMERCIALE,commerciale_economico_tecnico,30,capacita_esaurita_o_oltre_max_km
202425,1.0,42,statale,SCUOLA SECONDARIA II GRADO,1,ARRI00201C,IST. PROFESSIONALE BUITONI SANSEPOLCRO,SANSEPOLCRO,AREZZO,TOSCANA,IST PROF INDUSTRIA E ARTIGIANATO,industria_artigianato,9,capacita_esaurita_o_oltre_max_km
202425,1.0,42,statale,SCUOLA SECONDARIA II GRADO,1,BGRI004519,"""ARCHIMEDE"" (CORSO SERALE)",TREVIGLIO,BERGAMO,LOMBARDIA,IST PROF INDUSTRIA E ARTIGIANATO,industria_artigianato,11,capacita_esaurita_o_oltre_max_km
202425,1.0,42,statale,SCUOLA SECONDARIA II GRADO,1,RCRH016503,IPSAR CONDOFURI - CORSO SERALE,CONDOFURI,REGGIO CALABRIA,CALABRIA,IST PROF PER I SERVIZI ALBERGHIERI E RISTORAZIONE,alberghiero_ristorazione,8,capacita_esaurita_o_oltre_max_km
202425,1.0,42,statale,SCUOLA SECONDARIA II GRADO,1,RERI01151N,"IPSIA ""L. NOBILI"" SERALE",REGGIO NELL'EMILIA,REGGIO EMILIA,EMILIA ROMAGNA,IST PROF INDUSTRIA E ARTIGIANATO,industria_artigianato,8,capacita_esaurita_o_oltre_max_km
202425,1.0,42,statale,SCUOLA SECONDARIA II GRADO,1,BOTD00803T,CASA DI RECLUSIONE,BOLOGNA,BOLOGNA,EMILIA ROMAGNA,ISTITUTO TECNICO COMMERCIALE,commerciale_economico_tecnico,4,capacita_esaurita_o_oltre_max_km
202425,1.0,42,statale,SCUOLA SECONDARIA II GRADO,1,MCRI01002A,"""F. CORRIDONI""",MACERATA,MACERATA,MARCHE,IST PROF INDUSTRIA E ARTIGIANATO,industria_artigianato,21,capacita_esaurita_o_oltre_max_km
202425,1.0,42,statale,SCUOLA SECONDARIA II GRADO,1,GERC006526,I.P.S.C.-J.RUFFINI/SERALE-,GENOVA,GENOVA,LIGURIA,IST PROF PER I SERVIZI COMMERCIALI,commerciale_turistico_professionale,24,capacita_esaurita_o_oltre_max_km
202425,1.0,42,statale,SCUOLA SECONDARIA II GRADO,1,MIRI07401R,I.P. - MARELLI DUDOVICH,MILANO,MILANO,LOMBARDIA,IST PROF INDUSTRIA E ARTIGIANATO,industria_artigianato,24,capacita_esaurita_o_oltre_max_km
202425,1.0,42,statale,SCUOLA SECONDARIA II GRADO,1,MOTD030507,BAROZZI,MODENA,MODENA,EMILIA ROMAGNA,ISTITUTO TECNICO COMMERCIALE,commerciale_economico_tecnico,10,capacita_esaurita_o_oltre_max_km
202425,1.0,42,statale,SCUOLA SECONDARIA II GRADO,1,PCRA002053,CASA CIRCONDARIALE,PIACENZA,PIACENZA,EMILIA ROMAGNA,IST PROF PER L'AGRICOLTURA E L'AMBIENTE,agricoltura,8,capacita_esaurita_o_oltre_max_km
202425,1.0,42,statale,SCUOLA SECONDARIA II GRADO,1,PVTD03002C,ITCG CASALE -SEDE CARCERARIA- VIGEVANO,VIGEVANO,PAVIA,LOMBARDIA,IST TEC COMMERCIALE E PER GEOMETRI,commerciale_economico_tecnico,4,capacita_esaurita_o_oltre_max_km
202425,1.0,42,statale,SCUOLA SECONDARIA II GRADO,1,RMTN07351B,"PERCORSO II LIV ""MARCO POLO""",ROMA,ROMA,LAZIO,ISTITUTO TECNICO PER IL TURISMO,turismo_tecnico,19,capacita_esaurita_o_oltre_max_km
202425,1.0,42,statale,SCUOLA SECONDARIA II GRADO,1,FETD00101Q,IST. TEC. ECON. E TECNOL.- PORTOMAGGIORE,PORTOMAGGIORE,FERRARA,EMILIA ROMAGNA,ISTITUTO TECNICO COMMERCIALE,commerciale_economico_tecnico,27,capacita_esaurita_o_oltre_max_km
202425,1.0,42,statale,SCUOLA SECONDARIA II GRADO,1,RNRH03050A,"""S.P. MALATESTA"" SERALE",RIMINI,RIMINI,EMILIA ROMAGNA,IST PROF PER I SERVIZI ALBERGHIERI E RISTORAZIONE,alberghiero_ristorazione,12,capacita_esaurita_o_oltre_max_km
202425,1.0,42,statale,SCUOLA SECONDARIA II GRADO,1,CSRA073014,I.P.S.S.A.S.R. -ISTITUTO PROFESSIONALE,SCIGLIANO,COSENZA,CALABRIA,IST PROF PER L'AGRICOLTURA E L'AMBIENTE,agricoltura,9,capacita_esaurita_o_oltre_max_km
202425,1.0,42,statale,SCUOLA SECONDARIA II GRADO,1,PSRI00401E,"IST. PROF.IND. E ART. ""G.CELLI""",CAGLI,PESARO E URBINO,MARCHE,IST PROF INDUSTRIA E ARTIGIANATO,industria_artigianato,11,capacita_esaurita_o_oltre_max_km
202425,1.0,42,statale,SCUOLA SECONDARIA II GRADO,1,TORC05251L,I.I.S. P. BOSELLI SERALE,TORINO,TORINO,PIEMONTE,IST PROF PER I SERVIZI COMMERCIALI E TURISTICI,commerciale_turistico_professionale,35,capacita_esaurita_o_oltre_max_km
202425,1.0,42,statale,SCUOLA SECONDARIA II GRADO,1,RGTD03002X,SEZ.STACCATA ITC BESTA RAGUSA,SANTA CROCE CAMERINA,RAGUSA,SICILIA,ISTITUTO TECNICO COMMERCIALE,commerciale_economico_tecnico,15,capacita_esaurita_o_oltre_max_km
202425,1.0,42,statale,SCUOLA SECONDARIA II GRADO,1,MORI002014,PRIMO LEVI,VIGNOLA,MODENA,EMILIA ROMAGNA,IST PROF INDUSTRIA E ARTIGIANATO,industria_artigianato,27,capacita_esaurita_o_oltre_max_km
202425,1.0,42,statale,SCUOLA SECONDARIA II GRADO,1,PVRI00701Q,IPSIA FARAVELLI - STRADELLA,STRADELLA,PAVIA,LOMBARDIA,IST PROF INDUSTRIA E ARTIGIANATO,industria_artigianato,14,capacita_esaurita_o_oltre_max_km
202425,1.0,42,statale,SCUOLA SECONDARIA II GRADO,1,RGRC00250Q,CORSO SERALE SETTORE SERVIZI COMMERCIALI,ISPICA,RAGUSA,SICILIA,IST PROF PER I SERVIZI COMMERCIALI,commerciale_turistico_professionale,3,capacita_esaurita_o_oltre_max_km
202425,1.0,42,statale,SCUOLA SECONDARIA II GRADO,1,TORH02950Q,I.P.S. J. B. BECCARI SERALE,TORINO,TORINO,PIEMONTE,IST PROF ALBERGHIERO,alberghiero_ristorazione,3,capacita_esaurita_o_oltre_max_km
202425,1.0,42,statale,SCUOLA SECONDARIA II GRADO,1,GRRI00301L,"""L.DA VINCI"" ARCIDOSSO",ARCIDOSSO,GROSSETO,TOSCANA,IST PROF INDUSTRIA E ARTIGIANATO,industria_artigianato,16,capacita_esaurita_o_oltre_max_km
202425,1.0,42,statale,SCUOLA SECONDARIA II GRADO,1,MIRI072015,I.P. - SEVERI CORRENTI,MILANO,MILANO,LOMBARDIA,IST PROF INDUSTRIA E ARTIGIANATO,industria_artigianato,48,capacita_esaurita_o_oltre_max_km
202425,1.0,42,statale,SCUOLA SECONDARIA II GRADO,1,PORC00601V,IST. PROF. PER I SERV. COM. P. DAGOMARI,PRATO,PRATO,TOSCANA,IST PROF PER I SERVIZI COMMERCIALI,commerciale_turistico_professionale,25,capacita_esaurita_o_oltre_max_km
202425,1.0,42,statale,SCUOLA SECONDARIA II GRADO,1,GERI01350X,I.P.S.I.A. LICETI SERALE,RAPALLO,GENOVA,LIGURIA,IST PROF INDUSTRIA E ARTIGIANATO,industria_artigianato,3,capacita_esaurita_o_oltre_max_km
202425,1.0,42,statale,SCUOLA SECONDARIA II GRADO,1,LIRI011014,A. VOLTA,PIOMBINO,LIVORNO,TOSCANA,IST PROF INDUSTRIA E ARTIGIANATO,industria_artigianato,9,capacita_esaurita_o_oltre_max_km
202425,1.0,42,statale,SCUOLA SECONDARIA II GRADO,1,ALRC00601L,G.MIGLIARA,ALESSANDRIA,ALESSANDRIA,PIEMONTE,IST PROF PER I SERVIZI COMMERCIALI,commerciale_turistico_professionale,15,capacita_esaurita_o_oltre_max_km
202425,1.0,42,statale,SCUOLA SECONDARIA II GRADO,1,PIRH01050V,G. MATTEOTTI,PISA,PISA,TOSCANA,IST PROF PER I SERVIZI ALBERGHIERI E RISTORAZIONE,alberghiero_ristorazione,12,capacita_esaurita_o_oltre_max_km
202425,1.0,42,statale,SCUOLA SECONDARIA II GRADO,1,PVRI06000G,I.P. INDUSTRIA E ARTIGIANATO - VARZI,VARZI,PAVIA,LOMBARDIA,IST PROF INDUSTRIA E ARTIGIANATO,industria_artigianato,6,capacita_esaurita_o_oltre_max_km
202425,1.0,42,statale,SCUOLA SECONDARIA II GRADO,1,TORI04851N,I.I.S. R. ZERBONI SERALE,TORINO,TORINO,PIEMONTE,IST PROF INDUSTRIA E ARTIGIANATO,industria_artigianato,2,capacita_esaurita_o_oltre_max_km
202425,1.0,42,statale,SCUOLA SECONDARIA II GRADO,1,VRRH020022,CASA CIRCONDARIALE DI VERONA,VERONA,VERONA,VENETO,IST PROF PER I SERVIZI ALBERGHIERI E RISTORAZIONE,alberghiero_ristorazione,4,capacita_esaurita_o_oltre_max_km
202425,1.0,42,statale,SCUOLA SECONDARIA II GRADO,1,FERI001015,I.P.S.I.A. ARGENTA,ARGENTA,FERRARA,EMILIA ROMAGNA,IST PROF INDUSTRIA E ARTIGIANATO,industria_artigianato,20,capacita_esaurita_o_oltre_max_km
202425,1.0,42,statale,SCUOLA SECONDARIA II GRADO,1,GORI01101C,IST. PROF. MANUTENZIONE ED ASS. TECNICA,MONFALCONE,GORIZIA,FRIULI-VENEZIA G.,IST PROF INDUSTRIA E ARTIGIANATO,industria_artigianato,15,capacita_esaurita_o_oltre_max_km
202425,1.0,42,statale,SCUOLA SECONDARIA II GRADO,1,MIRI10302L,I.P.I.A. DI CERNUSCO,CERNUSCO SUL NAVIGLIO,MILANO,LOMBARDIA,IST PROF INDUSTRIA E ARTIGIANATO,industria_artigianato,31,capacita_esaurita_o_oltre_max_km
202425,1.0,42,statale,SCUOLA SECONDARIA II GRADO,1,MCRI040026,"""RENZO FRAU""",TOLENTINO,MACERATA,MARCHE,IST PROF INDUSTRIA E ARTIGIANATO,industria_artigianato,11,capacita_esaurita_o_oltre_max_km
202425,1.0,42,statale,SCUOLA SECONDARIA II GRADO,1,GERI02000N,IPSIA A. ODERO,GENOVA,GENOVA,LIGURIA,IST PROF INDUSTRIA E ARTIGIANATO,industria_artigianato,31,capacita_esaurita_o_oltre_max_km
202425,1.0,42,statale,SCUOLA SECONDARIA II GRADO,1,LIPS001018,LICEO SCIENTIFICO C/O CASA CIRCONDARIALE,PORTO AZZURRO,LIVORNO,TOSCANA,LICEO SCIENTIFICO,liceo_scientifico,7,capacita_esaurita_o_oltre_max_km
202425,1.0,42,statale,SCUOLA SECONDARIA II GRADO,1,GORC01101Q,IST. PROF. PER I SERVIZI SOCIO SANITARI,MONFALCONE,GORIZIA,FRIULI-VENEZIA G.,IST PROF PER I SERVIZI COMMERCIALI E TURISTICI,commerciale_turistico_professionale,14,capacita_esaurita_o_oltre_max_km
202425,1.0,42,statale,SCUOLA SECONDARIA II GRADO,1,PVTD00701A,ITCG FARAVELLI - STRADELLA,STRADELLA,PAVIA,LOMBARDIA,IST TEC COMMERCIALE E PER GEOMETRI,commerciale_economico_tecnico,22,capacita_esaurita_o_oltre_max_km
202425,1.0,42,statale,SCUOLA SECONDARIA II GRADO,1,PGRC120003,GIANO DELL'UMBRIA,GIANO DELL'UMBRIA,PERUGIA,UMBRIA,IST PROF PER I SERVIZI COMMERCIALI,commerciale_turistico_professionale,8,capacita_esaurita_o_oltre_max_km
202425,1.0,42,statale,SCUOLA SECONDARIA II GRADO,1,POSD003019,"LICEO ARTISTICO ""BRUNELLESCHI""- C. LIVI-",MONTEMURLO,PRATO,TOSCANA,ISTITUTO D'ARTE,artistico,59,capacita_esaurita_o_oltre_max_km
202425,1.0,42,statale,SCUOLA SECONDARIA II GRADO,1,SIRI004018,G. MARCONI SIENA,SIENA,SIENA,TOSCANA,IST PROF INDUSTRIA E ARTIGIANATO,industria_artigianato,18,capacita_esaurita_o_oltre_max_km
202425,1.0,42,statale,SCUOLA SECONDARIA II GRADO,1,PVTF00701L,ITI FARAVELLI - STRADELLA,STRADELLA,PAVIA,LOMBARDIA,ISTITUTO TECNICO INDUSTRIALE,industriale_tecnico,19,capacita_esaurita_o_oltre_max_km
202425,1.0,42,statale,SCUOLA SECONDARIA II GRADO,1,MIRI094012,I.P. - L. V. BERTARELLI-FERRARIS (SUCC.),MILANO,MILANO,LOMBARDIA,IST PROF INDUSTRIA E ARTIGIANATO,industria_artigianato,20,capacita_esaurita_o_oltre_max_km
202425,1.0,42,statale,SCUOLA SECONDARIA II GRADO,1,TORI048018,R. ZERBONI,TORINO,TORINO,PIEMONTE,IST PROF INDUSTRIA E ARTIGIANATO,industria_artigianato,13,capacita_esaurita_o_oltre_max_km
202425,1.0,42,statale,SCUOLA SECONDARIA II GRADO,1,CBTD003015,"ITE ""SILVIO DI LALLA"" - CASACALENDA",CASACALENDA,CAMPOBASSO,MOLISE,ISTITUTO TECNICO COMMERCIALE,commerciale_economico_tecnico,6,capacita_esaurita_o_oltre_max_km
202425,1.0,42,statale,SCUOLA SECONDARIA II GRADO,1,FITN02901R,"IST. TECNICO TURISMO ""SASSETTI-PERUZZI""",FIRENZE,FIRENZE,TOSCANA,ISTITUTO TECNICO PER IL TURISMO,turismo_tecnico,7,capacita_esaurita_o_oltre_max_km
202425,1.0,42,statale,SCUOLA SECONDARIA II GRADO,1,LITD030014,G. CERBONI - SEZ. CARCERARIA,PORTO AZZURRO,LIVORNO,TOSCANA,IST TEC COMMERCIALE E PER GEOMETRI,commerciale_economico_tecnico,8,capacita_esaurita_o_oltre_max_km
202425,1.0,42,statale,SCUOLA SECONDARIA II GRADO,1,PDRC027516,IPSC SER.(L. DA VINCI-PD),PADOVA,PADOVA,VENETO,IST PROF PER I SERVIZI COMMERCIALI,commerciale_turistico_professionale,1,capacita_esaurita_o_oltre_max_km
202425,1.0,42,statale,SCUOLA SECONDARIA II GRADO,1,PIRI02000G,IPSIA A.PACINOTTI,PONTEDERA,PISA,TOSCANA,IST PROF INDUSTRIA E ARTIGIANATO,industria_artigianato,58,capacita_esaurita_o_oltre_max_km
202425,1.0,42,statale,SCUOLA SECONDARIA II GRADO,1,PZRI021014,I.P.S.I.A. - VENOSA,VENOSA,POTENZA,BASILICATA,IST PROF INDUSTRIA E ARTIGIANATO,industria_artigianato,3,capacita_esaurita_o_oltre_max_km
202425,1.0,42,statale,SCUOLA SECONDARIA II GRADO,1,SPRC007016,"""EINAUDI"" CARCERI",LA SPEZIA,LA SPEZIA,LIGURIA,IST PROF PER I SERVIZI COMMERCIALI E TURISTICI,commerciale_turistico_professionale,2,capacita_esaurita_o_oltre_max_km
202425,1.0,42,statale,SCUOLA SECONDARIA II GRADO,1,TVRI02601Q,I.P.S.I.A. PITTONI CONEGLIANO,CONEGLIANO,TREVISO,VENETO,IST PROF INDUSTRIA E ARTIGIANATO,industria_artigianato,14,capacita_esaurita_o_oltre_max_km
202425,1.0,42,statale,SCUOLA SECONDARIA II GRADO,1,VRRH020509,"""ANGELO BERTI"" SERALE",VERONA,VERONA,VENETO,IST PROF PER I SERVIZI ALBERGHIERI E RISTORAZIONE,alberghiero_ristorazione,4,capacita_esaurita_o_oltre_max_km
202425,1.0,42,statale,SCUOLA SECONDARIA II GRADO,1,BGRF00601L,"""G.B. RUBINI""",ROMANO DI LOMBARDIA,BERGAMO,LOMBARDIA,IST PROF PER I SERVIZI SOCIALI,sociale,22,capacita_esaurita_o_oltre_max_km
202425,1.0,42,statale,SCUOLA SECONDARIA II GRADO,1,GOTN011011,ISTITUTO TECNICO PER IL TURISMO,MONFALCONE,GORIZIA,FRIULI-VENEZIA G.,ISTITUTO TECNICO PER IL TURISMO,turismo_tecnico,13,capacita_esaurita_o_oltre_max_km
202425,1.0,42,statale,SCUOLA SECONDARIA II GRADO,1,POTD006027,IST. TECN. COM. P. DAGOMARI,PRATO,PRATO,TOSCANA,ISTITUTO TECNICO COMMERCIALE,commerciale_economico_tecnico,61,capacita_esaurita_o_oltre_max_km
202425,1.0,42,statale,SCUOLA SECONDARIA II GRADO,1,MNRC006012,I.I.S.S. G. GREGGIATI - IST. PROFESS.,OSTIGLIA,MANTOVA,LOMBARDIA,IST PROF PER I SERVIZI COMMERCIALI,commerciale_turistico_professionale,22,capacita_esaurita_o_oltre_max_km
202425,1.0,42,statale,SCUOLA SECONDARIA II GRADO,1,PCRI00601T,L.DA VINCI,PIACENZA,PIACENZA,EMILIA ROMAGNA,IST PROF INDUSTRIA E ARTIGIANATO,industria_artigianato,22,capacita_esaurita_o_oltre_max_km
202425,1.0,42,statale,SCUOLA SECONDARIA II GRADO,1,TORI069019,CASA CIRCONDARIALE LO RUSSO E COTUGNO,TORINO,TORINO,PIEMONTE,IST PROF INDUSTRIA E ARTIGIANATO,industria_artigianato,18,capacita_esaurita_o_oltre_max_km
202425,1.0,42,statale,SCUOLA SECONDARIA II GRADO,1,BORI01901G,I.P.I.A. ALDINI VALERIANI,BOLOGNA,BOLOGNA,EMILIA ROMAGNA,IST PROF INDUSTRIA E ARTIGIANATO,industria_artigianato,30,capacita_esaurita_o_oltre_max_km
202425,1.0,42,statale,SCUOLA SECONDARIA II GRADO,1,PORC004028,IST. PROF. ALBERGHIERO F. DATINI,PRATO,PRATO,TOSCANA,IST PROF PER I SERVIZI COMMERCIALI E TURISTICI,commerciale_turistico_professionale,76,capacita_esaurita_o_oltre_max_km
202425,1.0,42,statale,SCUOLA SECONDARIA II GRADO,1,MIRC12000G,I.P. - E. FALCK,SESTO SAN GIOVANNI,MILANO,LOMBARDIA,IST PROF PER I SERVIZI COMMERCIALI,commerciale_turistico_professionale,7,capacita_esaurita_o_oltre_max_km
202425,1.0,42,statale,SCUOLA SECONDARIA II GRADO,1,MITD047013,I.T. ECON. E TECNOL. - E. DE NICOLA,SESTO SAN GIOVANNI,MILANO,LOMBARDIA,IST TEC COMMERCIALE E PER GEOMETRI,commerciale_economico_tecnico,11,capacita_esaurita_o_oltre_max_km
202425,1.0,42,statale,SCUOLA SECONDARIA II GRADO,1,PGRI02901A,ASSISI,ASSISI,PERUGIA,UMBRIA,IST PROF INDUSTRIA E ARTIGIANATO,industria_artigianato,5,capacita_esaurita_o_oltre_max_km
202425,1.0,42,statale,SCUOLA SECONDARIA II GRADO,1,PRRI00802B,GADDA LANGHIRANO PROFESSIONALE,LANGHIRANO,PARMA,EMILIA ROMAGNA,IST PROF INDUSTRIA E ARTIGIANATO,industria_artigianato,5,capacita_esaurita_o_oltre_max_km
202425,1.0,42,statale,SCUOLA SECONDARIA II GRADO,1,PVRI01401V,IPSIA SANNAZZARO DE' BURGONDI,SANNAZZARO DE' BURGONDI,PAVIA,LOMBARDIA,IST PROF INDUSTRIA E ARTIGIANATO,industria_artigianato,5,capacita_esaurita_o_oltre_max_km
202425,1.0,42,statale,SCUOLA SECONDARIA II GRADO,1,IMTA006014,RUFFINI - AGRARIO,IMPERIA,IMPERIA,LIGURIA,ISTITUTO TECNICO AGRARIO,agricoltura,5,capacita_esaurita_o_oltre_max_km
202425,1.0,42,statale,SCUOLA SECONDARIA II GRADO,1,MTRI01801B,"I.P.IND.E ART. ""PITAGORA"" -POLICORO",POLICORO,MATERA,BASILICATA,IST PROF INDUSTRIA E ARTIGIANATO,industria_artigianato,13,capacita_esaurita_o_oltre_max_km
202425,1.0,42,statale,SCUOLA SECONDARIA II GRADO,1,MITD026012,I.T. ECONOMICO-L. CREMONA (SUCC.),MILANO,MILANO,LOMBARDIA,ISTITUTO TECNICO COMMERCIALE,commerciale_economico_tecnico,20,capacita_esaurita_o_oltre_max_km
202425,1.0,42,statale,SCUOLA SECONDARIA II GRADO,1,MIRI01701L,I.P. - J. C. MAXWELL (SUCCURSALE),MILANO,MILANO,LOMBARDIA,IST PROF INDUSTRIA E ARTIGIANATO,industria_artigianato,21,capacita_esaurita_o_oltre_max_km
202425,1.0,42,statale,SCUOLA SECONDARIA II GRADO,1,FIRI003014,"IST. PROF. INDUS. ARTIGIAN. ""A.CHECCHI""",FUCECCHIO,FIRENZE,TOSCANA,IST PROF INDUSTRIA E ARTIGIANATO,industria_artigianato,24,capacita_esaurita_o_oltre_max_km
202425,1.0,42,statale,SCUOLA SECONDARIA II GRADO,1,PCRC001012,"ISTITUTO PROFESSIONALE ""A.VOLTA""",CASTEL SAN GIOVANNI,PIACENZA,EMILIA ROMAGNA,IST PROF PER I SERVIZI COMMERCIALI E TURISTICI,commerciale_turistico_professionale,12,capacita_esaurita_o_oltre_max_km
202425,1.0,42,statale,SCUOLA SECONDARIA II GRADO,1,BSRI006014,"(SEZ. ASS. I.S. ""CARLO BERETTA"")",GARDONE VAL TROMPIA,BRESCIA,LOMBARDIA,IST PROF INDUSTRIA E ARTIGIANATO,industria_artigianato,14,capacita_esaurita_o_oltre_max_km
202425,1.0,42,statale,SCUOLA SECONDARIA II GRADO,1,APRI02000Q,"""O. RICCI""",FERMO,FERMO,MARCHE,IST PROF INDUSTRIA E ARTIGIANATO,industria_artigianato,31,capacita_esaurita_o_oltre_max_km
202425,1.0,42,statale,SCUOLA SECONDARIA II GRADO,1,MITN10701B,I.T. ECONOMICO - D. MARIGNONI-M. POLO,MILANO,MILANO,LOMBARDIA,ISTITUTO TECNICO PER IL TURISMO,turismo_tecnico,10,capacita_esaurita_o_oltre_max_km
202425,1.0,42,statale,SCUOLA SECONDARIA II GRADO,1,BOTF02602L,ITI MAJORANA SEDE COORDINATA,MONGHIDORO,BOLOGNA,EMILIA ROMAGNA,ISTITUTO TECNICO INDUSTRIALE,industriale_tecnico,3,capacita_esaurita_o_oltre_max_km
202425,1.0,42,statale,SCUOLA SECONDARIA II GRADO,1,TORC037015,L. LAGRANGE,TORINO,TORINO,PIEMONTE,IST PROF PER I SERVIZI COMMERCIALI,commerciale_turistico_professionale,18,capacita_esaurita_o_oltre_max_km
202425,1.0,42,statale,SCUOLA SECONDARIA II GRADO,1,TVTN01050E,I.T. MAZZOTTI SERALE,TREVISO,TREVISO,VENETO,ISTITUTO TECNICO PER IL TURISMO,turismo_tecnico,6,capacita_esaurita_o_oltre_max_km
202425,1.0,42,statale,SCUOLA SECONDARIA II GRADO,1,VATF02050G,"I.T.I.S. ""RIVA"" SARONNO (CORSO SERALE)",SARONNO,VARESE,LOMBARDIA,ISTITUTO TECNICO INDUSTRIALE,industriale_tecnico,9,capacita_esaurita_o_oltre_max_km
202425,1.0,42,statale,SCUOLA SECONDARIA II GRADO,1,SPRC007027,IPSCT L.EINAUDI,LA SPEZIA,LA SPEZIA,LIGURIA,IST PROF PER I SERVIZI COMMERCIALI E TURISTICI,commerciale_turistico_professionale,6,capacita_esaurita_o_oltre_max_km
202425,1.0,42,statale,SCUOLA SECONDARIA II GRADO,1,PDTD18000R,I.T.C. ANNESSO ED.S.BENEDETTO,MONTAGNANA,PADOVA,VENETO,ISTITUTO TECNICO COMMERCIALE,commerciale_economico_tecnico,5,capacita_esaurita_o_oltre_max_km
202425,1.0,42,statale,SCUOLA SECONDARIA II GRADO,1,BGTD006016,"""G.B. RUBINI""",ROMANO DI LOMBARDIA,BERGAMO,LOMBARDIA,IST TEC COMMERCIALE E PER GEOMETRI,commerciale_economico_tecnico,17,capacita_esaurita_o_oltre_max_km
202425,1.0,42,statale,SCUOLA SECONDARIA II GRADO,1,MIRC107016,I.P. - B. CAVALIERI-MARIGNONI,MILANO,MILANO,LOMBARDIA,IST PROF PER I SERVIZI COMMERCIALI,commerciale_turistico_professionale,48,capacita_esaurita_o_oltre_max_km
202425,1.0,42,statale,SCUOLA SECONDARIA II GRADO,1,TRRI030005,"I.O. TERNI ""IPSIA"" - C.P.I.A.",TERNI,TERNI,UMBRIA,IST PROF INDUSTRIA E ARTIGIANATO,industria_artigianato,15,capacita_esaurita_o_oltre_max_km
202425,1.0,42,statale,SCUOLA SECONDARIA II GRADO,1,IMRI00601X,RUFFINI - PROFESSIONALE,IMPERIA,IMPERIA,LIGURIA,IST PROF INDUSTRIA E ARTIGIANATO,industria_artigianato,18,capacita_esaurita_o_oltre_max_km
202425,1.0,42,statale,SCUOLA SECONDARIA II GRADO,1,RMRH06102R,PERCORSO II LIV SEZ CARC DOMIZIA LUCILLA,ROMA,ROMA,LAZIO,IST PROF PER I SERVIZI ALBERGHIERI E RISTORAZIONE,alberghiero_ristorazione,2,capacita_esaurita_o_oltre_max_km
202425,1.0,42,statale,SCUOLA SECONDARIA II GRADO,1,CRRI00401T,I.P. ALA PONZONE CIMINO,CREMONA,CREMONA,LOMBARDIA,IST PROF INDUSTRIA E ARTIGIANATO,industria_artigianato,2,capacita_esaurita_o_oltre_max_km
202425,1.0,42,statale,SCUOLA SECONDARIA II GRADO,1,RMRC11101A,STENDHAL,ROMA,ROMA,LAZIO,IST PROF PER I SERVIZI TURISTICI,commerciale_turistico_professionale,9,capacita_esaurita_o_oltre_max_km
202425,1.0,42,statale,SCUOLA SECONDARIA II GRADO,1,FITF00601C,IST. TEC. TECN.CELLINI/TORNABUONI,FIRENZE,FIRENZE,TOSCANA,ISTITUTO TECNICO INDUSTRIALE,industriale_tecnico,15,capacita_esaurita_o_oltre_max_km
202425,1.0,42,statale,SCUOLA SECONDARIA II GRADO,1,IMRC001014,"""M.POLO""",VENTIMIGLIA,IMPERIA,LIGURIA,IST PROF PER I SERVIZI COMMERCIALI E TURISTICI,commerciale_turistico_professionale,5,capacita_esaurita_o_oltre_max_km
202425,1.0,42,statale,SCUOLA SECONDARIA II GRADO,1,MORI00901V,GUGLIELMO MARCONI,PAVULLO NEL FRIGNANO,MODENA,EMILIA ROMAGNA,IST PROF INDUSTRIA E ARTIGIANATO,industria_artigianato,5,capacita_esaurita_o_oltre_max_km
202425,1.0,42,statale,SCUOLA SECONDARIA II GRADO,1,METD08050Q,"ITET ""E. FERMI"" ECON. E TECN. (SERALE)",BARCELLONA POZZO DI GOTTO,MESSINA,SICILIA,IST TEC COMMERCIALE E PER GEOMETRI,commerciale_economico_tecnico,7,capacita_esaurita_o_oltre_max_km
202425,1.0,42,statale,SCUOLA SECONDARIA II GRADO,1,BORI024013,"IST.PROF.LE ""MALPIGHI"" - ODONTOTECNICO",BOLOGNA,BOLOGNA,EMILIA ROMAGNA,IST PROF INDUSTRIA E ARTIGIANATO,industria_artigianato,10,capacita_esaurita_o_oltre_max_km
202425,1.0,42,statale,SCUOLA SECONDARIA II GRADO,1,MIRC06151B,I.P. - M. BELLISARIO (SERALE),INZAGO,MILANO,LOMBARDIA,IST PROF PER I SERVIZI COMMERCIALI,commerciale_turistico_professionale,2,capacita_esaurita_o_oltre_max_km
202425,1.0,42,statale,SCUOLA SECONDARIA II GRADO,1,VERI00401V,THOMAS A. EDISON - ALESSANDRO VOLTA,VENEZIA,VENEZIA,VENETO,IST PROF INDUSTRIA E ARTIGIANATO,industria_artigianato,10,capacita_esaurita_o_oltre_max_km
202425,1.0,42,statale,SCUOLA SECONDARIA II GRADO,1,BGRI15000D,"""CESARE PESENTI""",BERGAMO,BERGAMO,LOMBARDIA,IST PROF INDUSTRIA E ARTIGIANATO,industria_artigianato,34,capacita_esaurita_o_oltre_max_km
202425,1.0,42,statale,SCUOLA SECONDARIA II GRADO,1,FITD00301P,"IST. TECN. ECON./TECNOL. ""A.CHECCHI""",FUCECCHIO,FIRENZE,TOSCANA,ISTITUTO TECNICO COMMERCIALE,commerciale_economico_tecnico,14,capacita_esaurita_o_oltre_max_km
202425,1.0,42,statale,SCUOLA SECONDARIA II GRADO,1,LURI01601N,"""G.GIORGI""",LUCCA,LUCCA,TOSCANA,IST PROF INDUSTRIA E ARTIGIANATO,industria_artigianato,16,capacita_esaurita_o_oltre_max_km
202425,1.0,42,statale,SCUOLA SECONDARIA II GRADO,1,APTD00203X,"IST. TECN. ECONOMICO ""E. MEDI""",MONTEGIORGIO,FERMO,MARCHE,ISTITUTO TECNICO COMMERCIALE,commerciale_economico_tecnico,4,capacita_esaurita_o_oltre_max_km
202425,1.0,42,statale,SCUOLA SECONDARIA II GRADO,1,AQRA017043,"""ARRIGO SERPIERI""",PRATOLA PELIGNA,L'AQUILA,ABRUZZO,IST PROF PER L'AGRICOLTURA E L'AMBIENTE,agricoltura,3,capacita_esaurita_o_oltre_max_km
202425,1.0,42,statale,SCUOLA SECONDARIA II GRADO,1,GRTF00301D,TECNOLOGICO ARCIDOSSO,ARCIDOSSO,GROSSETO,TOSCANA,ISTITUTO TECNICO INDUSTRIALE,industriale_tecnico,3,capacita_esaurita_o_oltre_max_km
202425,1.0,42,statale,SCUOLA SECONDARIA II GRADO,1,MNTD007015,ITC E. SANFELICE,VIADANA,MANTOVA,LOMBARDIA,ISTITUTO TECNICO COMMERCIALE,commerciale_economico_tecnico,9,capacita_esaurita_o_oltre_max_km
202425,1.0,42,statale,SCUOLA SECONDARIA II GRADO,1,TORC05401V,IST.PROF. SERV. COMM. E SOC. C.I. GIULIO,TORINO,TORINO,PIEMONTE,IST PROF PER I SERVIZI COMMERCIALI E TURISTICI,commerciale_turistico_professionale,18,capacita_esaurita_o_oltre_max_km
202425,1.0,42,statale,SCUOLA SECONDARIA II GRADO,1,FIRC02903N,"""SASSETTI - PERUZZI""",FIRENZE,FIRENZE,TOSCANA,IST PROF PER I SERVIZI COMMERCIALI,commerciale_turistico_professionale,28,capacita_esaurita_o_oltre_max_km
202425,1.0,42,statale,SCUOLA SECONDARIA II GRADO,1,RGRI00250C,I.P.S.I.A. G. CURCIO - SERALE,ISPICA,RAGUSA,SICILIA,IST PROF INDUSTRIA E ARTIGIANATO,industria_artigianato,4,capacita_esaurita_o_oltre_max_km
202425,1.0,42,statale,SCUOLA SECONDARIA II GRADO,1,PGRI011015,"ISTITUTO ISTR. SUP. ""CIUFFELLI-EINAUDI""",TODI,PERUGIA,UMBRIA,IST PROF INDUSTRIA E ARTIGIANATO,industria_artigianato,4,capacita_esaurita_o_oltre_max_km
202425,1.0,42,statale,SCUOLA SECONDARIA II GRADO,1,PGTF029017,IST. TECN. ELETTRONICA - ELETTROTECNICA,ASSISI,PERUGIA,UMBRIA,ISTITUTO TECNICO INDUSTRIALE,industriale_tecnico,4,capacita_esaurita_o_oltre_max_km
202425,1.0,42,statale,SCUOLA SECONDARIA II GRADO,1,LORI00101P,I.P. AMBROSOLI - CODOGNO,CODOGNO,LODI,LOMBARDIA,IST PROF INDUSTRIA E ARTIGIANATO,industria_artigianato,16,capacita_esaurita_o_oltre_max_km
202425,1.0,42,statale,SCUOLA SECONDARIA II GRADO,1,CNRC026016,"MONDOVI' ""M.BELLISARIO""",MONDOVI',CUNEO,PIEMONTE,IST PROF PER I SERVIZI COMMERCIALI,commerciale_turistico_professionale,4,capacita_esaurita_o_oltre_max_km
202425,1.0,42,statale,SCUOLA SECONDARIA II GRADO,1,MIRC058016,"I.P. - P. FRISI - ""POLO DELL'OSPITALITA""",MILANO,MILANO,LOMBARDIA,IST PROF PER I SERVIZI COMMERCIALI E TURISTICI,commerciale_turistico_professionale,16,capacita_esaurita_o_oltre_max_km
202425,1.0,42,statale,SCUOLA SECONDARIA II GRADO,1,BSRI01701E,"ROVATO (SEZ.ASS.I.S.""GIGLI"")",ROVATO,BRESCIA,LOMBARDIA,IST PROF INDUSTRIA E ARTIGIANATO,industria_artigianato,19,capacita_esaurita_o_oltre_max_km
202425,1.0,42,statale,SCUOLA SECONDARIA II GRADO,1,MITD09301R,I.T. ECONOMICO - M. CURIE -P. SRAFFA,MILANO,MILANO,LOMBARDIA,ISTITUTO TECNICO COMMERCIALE,commerciale_economico_tecnico,4,capacita_esaurita_o_oltre_max_km
202425,1.0,42,statale,SCUOLA SECONDARIA II GRADO,1,MORI030007,G.VALLAURI,CARPI,MODENA,EMILIA ROMAGNA,IST PROF INDUSTRIA E ARTIGIANATO,industria_artigianato,27,capacita_esaurita_o_oltre_max_km
202425,1.0,42,statale,SCUOLA SECONDARIA II GRADO,1,MCRI010019,"""F. CORRIDONI""",CIVITANOVA MARCHE,MACERATA,MARCHE,IST PROF INDUSTRIA E ARTIGIANATO,industria_artigianato,6,capacita_esaurita_o_oltre_max_km
202425,1.0,42,statale,SCUOLA SECONDARIA II GRADO,1,PSRF001014,"I.P.S.S.A.S. ""MONTEFELTRO""",SASSOCORVARO AUDITORE,PESARO E URBINO,MARCHE,IST PROF PER I SERVIZI SOCIALI,sociale,3,capacita_esaurita_o_oltre_max_km
202425,1.0,42,statale,SCUOLA SECONDARIA II GRADO,1,PVRI01601E,IP CALVI,VOGHERA,PAVIA,LOMBARDIA,IST PROF INDUSTRIA E ARTIGIANATO,industria_artigianato,9,capacita_esaurita_o_oltre_max_km
202425,1.0,42,statale,SCUOLA SECONDARIA II GRADO,1,VRRI01802D,CASA CIRCONDARIALE DI VERONA,VERONA,VERONA,VENETO,IST PROF INDUSTRIA E ARTIGIANATO,industria_artigianato,3,capacita_esaurita_o_oltre_max_km
202425,1.0,42,statale,SCUOLA SECONDARIA II GRADO,1,PSRH004013,"I.P.SER.ALBERG. ""G.CELLI""",PIOBBICO,PESARO E URBINO,MARCHE,IST PROF PER I SERVIZI ALBERGHIERI E RISTORAZIONE,alberghiero_ristorazione,4,capacita_esaurita_o_oltre_max_km
202425,1.0,42,statale,SCUOLA SECONDARIA II GRADO,1,PRRI010009,"""PRIMO LEVI""",PARMA,PARMA,EMILIA ROMAGNA,IST PROF INDUSTRIA E ARTIGIANATO,industria_artigianato,37,capacita_esaurita_o_oltre_max_km
202425,1.0,42,statale,SCUOLA SECONDARIA II GRADO,1,MTTF018018,"I.TEC.IND. ""PITAGORA"" -POLICORO",POLICORO,MATERA,BASILICATA,ISTITUTO TECNICO INDUSTRIALE,industriale_tecnico,12,capacita_esaurita_o_oltre_max_km
202425,1.0,42,statale,SCUOLA SECONDARIA II GRADO,1,PGRC00301D,"""SALVATORELLI-MONETA"" PROFESSIONALE",MARSCIANO,PERUGIA,UMBRIA,IST PROF PER I SERVIZI COMMERCIALI,commerciale_turistico_professionale,5,capacita_esaurita_o_oltre_max_km
202425,1.0,42,statale,SCUOLA SECONDARIA II GRADO,1,TETD001015,"I.T.E. ""C. ROSA""",NERETO,TERAMO,ABRUZZO,ISTITUTO TECNICO COMMERCIALE,commerciale_economico_tecnico,13,capacita_esaurita_o_oltre_max_km
202425,1.0,42,statale,SCUOLA SECONDARIA II GRADO,1,BGRH023506,"""SERAFINO RIVA"" SERALE",SARNICO,BERGAMO,LOMBARDIA,IST PROF PER I SERVIZI ALBERGHIERI E RISTORAZIONE,alberghiero_ristorazione,2,capacita_esaurita_o_oltre_max_km
202425,1.0,42,statale,SCUOLA SECONDARIA II GRADO,1,MIRC07701G,I.P. - G. GALILEI,MILANO,MILANO,LOMBARDIA,IST PROF PER I SERVIZI COMMERCIALI,commerciale_turistico_professionale,12,capacita_esaurita_o_oltre_max_km
202425,1.0,42,statale,SCUOLA SECONDARIA II GRADO,1,PGRI03401T,"""GATTAPONE""",GUBBIO,PERUGIA,UMBRIA,IST PROF INDUSTRIA E ARTIGIANATO,industria_artigianato,3,capacita_esaurita_o_oltre_max_km
202425,1.0,42,statale,SCUOLA SECONDARIA II GRADO,1,PVRI00201L,IPSIA RONCALLI - VIGEVANO,VIGEVANO,PAVIA,LOMBARDIA,IST PROF INDUSTRIA E ARTIGIANATO,industria_artigianato,10,capacita_esaurita_o_oltre_max_km
202425,1.0,42,statale,SCUOLA SECONDARIA II GRADO,1,RERF070015,IPSSI M CARRARA NOVELLARA,NOVELLARA,REGGIO EMILIA,EMILIA ROMAGNA,IST PROF PER I SERVIZI SOCIALI,sociale,8,capacita_esaurita_o_oltre_max_km
202425,1.0,42,statale,SCUOLA SECONDARIA II GRADO,1,RGTD00801N,"I.T.C. "" Q.CATAUDELLA """,SCICLI,RAGUSA,SICILIA,ISTITUTO TECNICO COMMERCIALE,commerciale_economico_tecnico,8,capacita_esaurita_o_oltre_max_km
202425,1.0,42,statale,SCUOLA SECONDARIA II GRADO,1,SPRI00701V,"""CHIODO""",LA SPEZIA,LA SPEZIA,LIGURIA,IST PROF INDUSTRIA E ARTIGIANATO,industria_artigianato,12,capacita_esaurita_o_oltre_max_km
202425,1.0,42,statale,SCUOLA SECONDARIA II GRADO,1,TORS010007,MAGAROTTO,TORINO,TORINO,PIEMONTE,IST PROF INDUSTRIA E ARTIGIANATO PER SORDOMUTI,industria_artigianato,5,capacita_esaurita_o_oltre_max_km
202425,1.0,42,statale,SCUOLA SECONDARIA II GRADO,1,MCRI010008,"""F. CORRIDONI""",CORRIDONIA,MACERATA,MARCHE,IST PROF INDUSTRIA E ARTIGIANATO,industria_artigianato,12,capacita_esaurita_o_oltre_max_km
202425,1.0,42,statale,SCUOLA SECONDARIA II GRADO,1,UDRI040009,"IPSIA ""G. CECONI"" UDINE",UDINE,UDINE,FRIULI-VENEZIA G.,IST PROF INDUSTRIA E ARTIGIANATO,industria_artigianato,18,capacita_esaurita_o_oltre_max_km
202425,1.0,42,statale,SCUOLA SECONDARIA II GRADO,1,BORI023017,ISTITUTO PROF.LE FIORAVANTI,BOLOGNA,BOLOGNA,EMILIA ROMAGNA,IST PROF INDUSTRIA E ARTIGIANATO,industria_artigianato,16,capacita_esaurita_o_oltre_max_km
202425,1.0,42,statale,SCUOLA SECONDARIA II GRADO,1,RARI007016,I.T.I.P. L. BUCCI - SEZ. PROF.LE,FAENZA,RAVENNA,EMILIA ROMAGNA,IST PROF INDUSTRIA E ARTIGIANATO,industria_artigianato,10,capacita_esaurita_o_oltre_max_km
202425,1.0,42,statale,SCUOLA SECONDARIA II GRADO,1,PCRC00301N,A. CASALI,PIACENZA,PIACENZA,EMILIA ROMAGNA,IST PROF PER I SERVIZI COMMERCIALI E TURISTICI,commerciale_turistico_professionale,25,capacita_esaurita_o_oltre_max_km
202425,1.0,42,statale,SCUOLA SECONDARIA II GRADO,1,BSRC00902X,LENO SERVIZI COMMERCIALI,LENO,BRESCIA,LOMBARDIA,IST PROF PER I SERVIZI COMMERCIALI E TURISTICI,commerciale_turistico_professionale,7,capacita_esaurita_o_oltre_max_km
202425,1.0,42,statale,SCUOLA SECONDARIA II GRADO,1,POTD00201V,J. M. KEYNES,PRATO,PRATO,TOSCANA,ISTITUTO TECNICO COMMERCIALE,commerciale_economico_tecnico,14,capacita_esaurita_o_oltre_max_km
202425,1.0,42,statale,SCUOLA SECONDARIA II GRADO,1,PSRI001013,"I.P.I.A. ""MONTEFELTRO""",SASSOCORVARO AUDITORE,PESARO E URBINO,MARCHE,IST PROF INDUSTRIA E ARTIGIANATO,industria_artigianato,3,capacita_esaurita_o_oltre_max_km
202425,1.0,42,statale,SCUOLA SECONDARIA II GRADO,1,PCTF00101G,"ISTITUTO TECNICO TECNOLOGICO ""A. VOLTA""",BORGONOVO VAL TIDONE,PIACENZA,EMILIA ROMAGNA,ISTITUTO TECNICO INDUSTRIALE,industriale_tecnico,9,capacita_esaurita_o_oltre_max_km
202425,1.0,42,statale,SCUOLA SECONDARIA II GRADO,1,MIRC094019,I.P. - L. V. BERTARELLI - FERRARIS,MILANO,MILANO,LOMBARDIA,IST PROF PER I SERVIZI COMMERCIALI E TURISTICI,commerciale_turistico_professionale,6,capacita_esaurita_o_oltre_max_km
202425,1.0,42,statale,SCUOLA SECONDARIA II GRADO,1,PCRI004016,IPSIA MATTEI,FIORENZUOLA D'ARDA,PIACENZA,EMILIA ROMAGNA,IST PROF INDUSTRIA E ARTIGIANATO,industria_artigianato,6,capacita_esaurita_o_oltre_max_km
202425,1.0,42,statale,SCUOLA SECONDARIA II GRADO,1,BORF02701G,I.P. SERV. SOC. E PUBBLICITA' E. SIRANI,BOLOGNA,BOLOGNA,EMILIA ROMAGNA,IST PROF PER I SERVIZI SOCIALI,sociale,12,capacita_esaurita_o_oltre_max_km
202425,1.0,42,statale,SCUOLA SECONDARIA II GRADO,1,MITD08101E,I.T. ECONOMICO - P. VERRI,MILANO,MILANO,LOMBARDIA,ISTITUTO TECNICO COMMERCIALE,commerciale_economico_tecnico,18,capacita_esaurita_o_oltre_max_km
202425,1.0,42,statale,SCUOLA SECONDARIA II GRADO,1,PRRC00401A,"ISTITUTO PROFESSIONALE ""PIETRO GIORDANI""",PARMA,PARMA,EMILIA ROMAGNA,IST PROF PER I SERVIZI COMMERCIALI E TURISTICI,commerciale_turistico_professionale,26,capacita_esaurita_o_oltre_max_km
202425,1.0,42,statale,SCUOLA SECONDARIA II GRADO,1,CHRC00602V,I.P.S.S.A.S.,ATESSA,CHIETI,ABRUZZO,IST PROF PER I SERVIZI COMMERCIALI,commerciale_turistico_professionale,2,capacita_esaurita_o_oltre_max_km
202425,1.0,42,statale,SCUOLA SECONDARIA II GRADO,1,FERC00701B,IST. PROF. STATALE SERVIZI COMM.LI,BONDENO,FERRARA,EMILIA ROMAGNA,IST PROF PER I SERVIZI COMMERCIALI E TURISTICI,commerciale_turistico_professionale,4,capacita_esaurita_o_oltre_max_km
202425,1.0,42,statale,SCUOLA SECONDARIA II GRADO,1,GRTD003028,"""PADRE E.BALDUCCI"" SANTA FIORA",SANTA FIORA,GROSSETO,TOSCANA,ISTITUTO TECNICO COMMERCIALE,commerciale_economico_tecnico,2,capacita_esaurita_o_oltre_max_km
202425,1.0,42,statale,SCUOLA SECONDARIA II GRADO,1,LIRI00601L,E. SOLVAY,ROSIGNANO MARITTIMO,LIVORNO,TOSCANA,IST PROF INDUSTRIA E ARTIGIANATO,industria_artigianato,4,capacita_esaurita_o_oltre_max_km
202425,1.0,42,statale,SCUOLA SECONDARIA II GRADO,1,PGTF01401D,"ISTITUTO TECNICO ""L. DA VINCI""",UMBERTIDE,PERUGIA,UMBRIA,ISTITUTO TECNICO INDUSTRIALE,industriale_tecnico,4,capacita_esaurita_o_oltre_max_km
202425,1.0,42,statale,SCUOLA SECONDARIA II GRADO,1,RGRC013506,CORSO SERALE SERVIZI ENOGRASTRONOMIA,RAGUSA,RAGUSA,SICILIA,IST PROF PER I SERVIZI COMMERCIALI E TURISTICI,commerciale_turistico_professionale,2,capacita_esaurita_o_oltre_max_km
202425,1.0,42,statale,SCUOLA SECONDARIA II GRADO,1,SARA01010L,IPSASR SARNO,SARNO,SALERNO,CAMPANIA,IST PROF PER L'AGRICOLTURA E L'AMBIENTE,agricoltura,2,capacita_esaurita_o_oltre_max_km
202425,1.0,42,statale,SCUOLA SECONDARIA II GRADO,1,TPRC02101D,IST PROF PER I SERVIZI COMMERC. E TURIST,CASTELVETRANO,TRAPANI,SICILIA,IST PROF PER I SERVIZI COMMERCIALI E TURISTICI,commerciale_turistico_professionale,2,capacita_esaurita_o_oltre_max_km
202425,1.0,42,statale,SCUOLA SECONDARIA II GRADO,1,MORC00201B,PRIMO LEVI,VIGNOLA,MODENA,EMILIA ROMAGNA,IST PROF PER I SERVIZI COMMERCIALI,commerciale_turistico_professionale,10,capacita_esaurita_o_oltre_max_km
202425,1.0,42,statale,SCUOLA SECONDARIA II GRADO,1,RMRH06101Q,VIA CESARE LOMBROSO,ROMA,ROMA,LAZIO,IST PROF PER I SERVIZI ALBERGHIERI E RISTORAZIONE,alberghiero_ristorazione,14,capacita_esaurita_o_oltre_max_km
202425,1.0,42,statale,SCUOLA SECONDARIA II GRADO,1,MNRI00701E,IPSIA VIADANA,VIADANA,MANTOVA,LOMBARDIA,IST PROF INDUSTRIA E ARTIGIANATO,industria_artigianato,7,capacita_esaurita_o_oltre_max_km
202425,1.0,42,statale,SCUOLA SECONDARIA II GRADO,1,CETD00403V,IT COMMERCIALE TURISTICO GALILEO GALILEI,SPARANISE,CASERTA,CAMPANIA,ISTITUTO TECNICO COMMERCIALE,commerciale_economico_tecnico,5,capacita_esaurita_o_oltre_max_km
202425,1.0,42,statale,SCUOLA SECONDARIA II GRADO,1,BORI01402D,IPIA F.ALBERGHETTI - SEZIONE ASSOCIATA,IMOLA,BOLOGNA,EMILIA ROMAGNA,IST PROF INDUSTRIA E ARTIGIANATO,industria_artigianato,5,capacita_esaurita_o_oltre_max_km
202425,1.0,42,statale,SCUOLA SECONDARIA II GRADO,1,TVRI02801B,IPSIA MECCANICO OBICI ODERZO,ODERZO,TREVISO,VENETO,IST PROF INDUSTRIA E ARTIGIANATO,industria_artigianato,5,capacita_esaurita_o_oltre_max_km
202425,1.0,42,statale,SCUOLA SECONDARIA II GRADO,1,CNRI02901A,"MONDOVI' ""F. GARELLI""",MONDOVI',CUNEO,PIEMONTE,IST PROF INDUSTRIA E ARTIGIANATO,industria_artigianato,6,capacita_esaurita_o_oltre_max_km
202425,1.0,42,statale,SCUOLA SECONDARIA II GRADO,1,PVRI01101B,IPSIA CREMONA - PAVIA,PAVIA,PAVIA,LOMBARDIA,IST PROF INDUSTRIA E ARTIGIANATO,industria_artigianato,11,capacita_esaurita_o_oltre_max_km
202425,1.0,42,statale,SCUOLA SECONDARIA II GRADO,1,UDRI01101A,"""G. CECONI""",CODROIPO,UDINE,FRIULI-VENEZIA G.,IST PROF INDUSTRIA E ARTIGIANATO,industria_artigianato,2,capacita_esaurita_o_oltre_max_km
202425,1.0,42,statale,SCUOLA SECONDARIA II GRADO,1,VRRH02000X,ANGELO BERTI,VERONA,VERONA,VENETO,IST PROF PER I SERVIZI ALBERGHIERI E RISTORAZIONE,alberghiero_ristorazione,10,capacita_esaurita_o_oltre_max_km
202425,1.0,42,statale,SCUOLA SECONDARIA II GRADO,1,MORI02000L,FERMO CORNI,MODENA,MODENA,EMILIA ROMAGNA,IST PROF INDUSTRIA E ARTIGIANATO,industria_artigianato,10,capacita_esaurita_o_oltre_max_km
202425,1.0,42,statale,SCUOLA SECONDARIA II GRADO,1,PTRI002012,ISTITUTO A. PACINOTTI,PESCIA,PISTOIA,TOSCANA,IST PROF INDUSTRIA E ARTIGIANATO,industria_artigianato,12,capacita_esaurita_o_oltre_max_km
202425,1.0,42,statale,SCUOLA SECONDARIA II GRADO,1,RERC01000P,FILIPPO RE,REGGIO NELL'EMILIA,REGGIO EMILIA,EMILIA ROMAGNA,IST PROF PER I SERVIZI COMMERCIALI,commerciale_turistico_professionale,19,capacita_esaurita_o_oltre_max_km
202425,1.0,42,statale,SCUOLA SECONDARIA II GRADO,1,RNRH030001,"I.P.S.S.E.O.A. ""S.P. MALATESTA""",RIMINI,RIMINI,EMILIA ROMAGNA,IST PROF PER I SERVIZI ALBERGHIERI E RISTORAZIONE,alberghiero_ristorazione,14,capacita_esaurita_o_oltre_max_km
202425,1.0,42,statale,SCUOLA SECONDARIA II GRADO,1,BGRC01401T,"""LORENZO LOTTO""",TRESCORE BALNEARIO,BERGAMO,LOMBARDIA,IST PROF PER I SERVIZI COMMERCIALI,commerciale_turistico_professionale,19,capacita_esaurita_o_oltre_max_km
202425,1.0,42,statale,SCUOLA SECONDARIA II GRADO,1,MIRH010009,I.P. - A. VESPUCCI,MILANO,MILANO,LOMBARDIA,IST PROF PER I SERVIZI ALBERGHIERI E RISTORAZIONE,alberghiero_ristorazione,20,capacita_esaurita_o_oltre_max_km
202425,1.0,42,statale,SCUOLA SECONDARIA II GRADO,1,LIRI009014,L. ORLANDO,LIVORNO,LIVORNO,TOSCANA,IST PROF INDUSTRIA E ARTIGIANATO,industria_artigianato,3,capacita_esaurita_o_oltre_max_km
202425,1.0,42,statale,SCUOLA SECONDARIA II GRADO,1,SATN02000X,ITT MONTESANO S/M,MONTESANO SULLA MARCELLANA,SALERNO,CAMPANIA,ISTITUTO TECNICO PER IL TURISMO,turismo_tecnico,1,capacita_esaurita_o_oltre_max_km
202425,1.0,42,statale,SCUOLA SECONDARIA II GRADO,1,RERI011018,"IPSIA ""L. NOBILI""",REGGIO NELL'EMILIA,REGGIO EMILIA,EMILIA ROMAGNA,IST PROF INDUSTRIA E ARTIGIANATO,industria_artigianato,19,capacita_esaurita_o_oltre_max_km
202425,1.0,42,statale,SCUOLA SECONDARIA II GRADO,1,MITD02301E,I.T. ECONOMICO E TECNOL. - G. CARDANO,MILANO,MILANO,LOMBARDIA,IST TEC COMMERCIALE E PER GEOMETRI,commerciale_economico_tecnico,12,capacita_esaurita_o_oltre_max_km
202425,1.0,42,statale,SCUOLA SECONDARIA II GRADO,1,ALTD00601X,LEONARDO DA VINCI,ALESSANDRIA,ALESSANDRIA,PIEMONTE,ISTITUTO TECNICO COMMERCIALE,commerciale_economico_tecnico,9,capacita_esaurita_o_oltre_max_km
202425,1.0,42,statale,SCUOLA SECONDARIA II GRADO,1,RGRI01301E,"I.P.S.I.A. ""G. FERRARIS""",RAGUSA,RAGUSA,SICILIA,IST PROF INDUSTRIA E ARTIGIANATO,industria_artigianato,5,capacita_esaurita_o_oltre_max_km
202425,1.0,42,statale,SCUOLA SECONDARIA II GRADO,1,BSRC016023,PRIMO LEVI SEZ. IST. PROF.LE SERVIZI,SAREZZO,BRESCIA,LOMBARDIA,IST PROF PER I SERVIZI COMMERCIALI E TURISTICI,commerciale_turistico_professionale,8,capacita_esaurita_o_oltre_max_km
202425,1.0,42,statale,SCUOLA SECONDARIA II GRADO,1,BOTF02401X,I.T. MARCELLO MALPIGHI,CREVALCORE,BOLOGNA,EMILIA ROMAGNA,ISTITUTO TECNICO INDUSTRIALE,industriale_tecnico,3,capacita_esaurita_o_oltre_max_km
202425,1.0,42,statale,SCUOLA SECONDARIA II GRADO,1,PGRC004019,CITTA' DELLA PIEVE,CITTA' DELLA PIEVE,PERUGIA,UMBRIA,IST PROF PER I SERVIZI COMMERCIALI,commerciale_turistico_professionale,3,capacita_esaurita_o_oltre_max_km
202425,1.0,42,statale,SCUOLA SECONDARIA II GRADO,1,VETD01801B,FRANCESCO FOSCARI,VENEZIA,VENEZIA,VENETO,ISTITUTO TECNICO COMMERCIALE,commerciale_economico_tecnico,7,capacita_esaurita_o_oltre_max_km
202425,1.0,42,statale,SCUOLA SECONDARIA II GRADO,1,RERI090008,I P SERVIZI GALVANI IODI,REGGIO NELL'EMILIA,REGGIO EMILIA,EMILIA ROMAGNA,IST PROF INDUSTRIA E ARTIGIANATO,industria_artigianato,16,capacita_esaurita_o_oltre_max_km
202425,1.0,42,statale,SCUOLA SECONDARIA II GRADO,1,BORC03000L,IPSAS ALDROVANDI - RUBBIANI,BOLOGNA,BOLOGNA,EMILIA ROMAGNA,IST PROF PER I SERVIZI COMMERCIALI E TURISTICI,commerciale_turistico_professionale,6,capacita_esaurita_o_oltre_max_km
202425,1.0,42,statale,SCUOLA SECONDARIA II GRADO,1,CRRI011011,"I.P. ""F. MARAZZI""",CREMA,CREMONA,LOMBARDIA,IST PROF INDUSTRIA E ARTIGIANATO,industria_artigianato,6,capacita_esaurita_o_oltre_max_km
202425,1.0,42,statale,SCUOLA SECONDARIA II GRADO,1,NARA063018,IP.AGR -S.GENNARO-,SAN GENNARO VESUVIANO,NAPOLI,CAMPANIA,IST PROF PER L'AGRICOLTURA E L'AMBIENTE,agricoltura,3,capacita_esaurita_o_oltre_max_km
202425,1.0,42,statale,SCUOLA SECONDARIA II GRADO,1,PCRA002031,"""G. MARCORA""",CORTEMAGGIORE,PIACENZA,EMILIA ROMAGNA,IST PROF PER L'AGRICOLTURA E L'AMBIENTE,agricoltura,2,capacita_esaurita_o_oltre_max_km
202425,1.0,42,statale,SCUOLA SECONDARIA II GRADO,1,RARC07000X,"I.P.S. ""A.OLIVETTI - C. CALLEGARI""",RAVENNA,RAVENNA,EMILIA ROMAGNA,IST PROF PER I SERVIZI COMMERCIALI,commerciale_turistico_professionale,18,capacita_esaurita_o_oltre_max_km
202425,1.0,42,statale,SCUOLA SECONDARIA II GRADO,1,FITD03101V,PIERO CALAMANDREI,SESTO FIORENTINO,FIRENZE,TOSCANA,IST TEC COMMERCIALE E PER GEOMETRI,commerciale_economico_tecnico,19,capacita_esaurita_o_oltre_max_km
202425,1.0,42,statale,SCUOLA SECONDARIA II GRADO,1,MORI008013,GALILEO GALILEI,MIRANDOLA,MODENA,EMILIA ROMAGNA,IST PROF INDUSTRIA E ARTIGIANATO,industria_artigianato,6,capacita_esaurita_o_oltre_max_km
202425,1.0,42,statale,SCUOLA SECONDARIA II GRADO,1,GERC00603T,CASA CIRCONDARIALE DI MARASSI / RUFFINI,GENOVA,GENOVA,LIGURIA,IST PROF PER I SERVIZI COMMERCIALI,commerciale_turistico_professionale,3,capacita_esaurita_o_oltre_max_km
202425,1.0,42,statale,SCUOLA SECONDARIA II GRADO,1,SIRC00401G,G. CASELLI - SIENA,SIENA,SIENA,TOSCANA,IST PROF PER I SERVIZI COMMERCIALI E TURISTICI,commerciale_turistico_professionale,9,capacita_esaurita_o_oltre_max_km
202425,1.0,42,statale,SCUOLA SECONDARIA II GRADO,1,CNPS02201A,"ISTRUZIONE SUPERIORE ""ARIMONDI-EULA""",RACCONIGI,CUNEO,PIEMONTE,LICEO SCIENTIFICO,liceo_scientifico,2,capacita_esaurita_o_oltre_max_km
202425,1.0,42,statale,SCUOLA SECONDARIA II GRADO,1,MITF270003,ISTITUTO TECNICO E LICEO - CARTESIO,CINISELLO BALSAMO,MILANO,LOMBARDIA,ISTITUTO TECNICO INDUSTRIALE,industriale_tecnico,12,capacita_esaurita_o_oltre_max_km
202425,1.0,42,statale,SCUOLA SECONDARIA II GRADO,1,GERI01301G,I.P.S.I.A. LICETI,RAPALLO,GENOVA,LIGURIA,IST PROF INDUSTRIA E ARTIGIANATO,industria_artigianato,2,capacita_esaurita_o_oltre_max_km
202425,1.0,42,statale,SCUOLA SECONDARIA II GRADO,1,GERI07003T,CASA CIRC. DI MARASSI MEUCCI/GASLINI,GENOVA,GENOVA,LIGURIA,IST PROF INDUSTRIA E ARTIGIANATO,industria_artigianato,2,capacita_esaurita_o_oltre_max_km
202425,1.0,42,statale,SCUOLA SECONDARIA II GRADO,1,PVRC00201X,IPC F. CASTOLDI - VIGEVANO,VIGEVANO,PAVIA,LOMBARDIA,IST PROF PER I SERVIZI COMMERCIALI E TURISTICI,commerciale_turistico_professionale,3,capacita_esaurita_o_oltre_max_km
202425,1.0,42,statale,SCUOLA SECONDARIA II GRADO,1,FIRI01201V,"I.P.I.A ""FERRARIS.BRUNELLESCHI""",EMPOLI,FIRENZE,TOSCANA,IST PROF INDUSTRIA E ARTIGIANATO,industria_artigianato,4,capacita_esaurita_o_oltre_max_km
202425,1.0,42,statale,SCUOLA SECONDARIA II GRADO,1,TVRI024014,I.P.S.I.A. SCARPA,MONTEBELLUNA,TREVISO,VENETO,IST PROF INDUSTRIA E ARTIGIANATO,industria_artigianato,8,capacita_esaurita_o_oltre_max_km
202425,1.0,42,statale,SCUOLA SECONDARIA II GRADO,1,MNRI01401N,IPSIA VINCI MANTOVA,MANTOVA,MANTOVA,LOMBARDIA,IST PROF INDUSTRIA E ARTIGIANATO,industria_artigianato,6,capacita_esaurita_o_oltre_max_km
202425,1.0,42,statale,SCUOLA SECONDARIA II GRADO,1,VARI04000E,"I.P.S.I.A. ""ANTONIO PARMA"" - SARONNO",SARONNO,VARESE,LOMBARDIA,IST PROF INDUSTRIA E ARTIGIANATO,industria_artigianato,12,capacita_esaurita_o_oltre_max_km
202425,1.0,42,statale,SCUOLA SECONDARIA II GRADO,1,TVRI02701G,I.P.S.I.A. GALILEI CASTELFRANCO VENETO,CASTELFRANCO VENETO,TREVISO,VENETO,IST PROF INDUSTRIA E ARTIGIANATO,industria_artigianato,4,capacita_esaurita_o_oltre_max_km
202425,1.0,42,statale,SCUOLA SECONDARIA II GRADO,1,MOTD006012,GIUSEPPE LUOSI,MIRANDOLA,MODENA,EMILIA ROMAGNA,ISTITUTO TECNICO COMMERCIALE,commerciale_economico_tecnico,11,capacita_esaurita_o_oltre_max_km
202425,1.0,42,statale,SCUOLA SECONDARIA II GRADO,1,MNTD008011,ITC ASOLA,ASOLA,MANTOVA,LOMBARDIA,ISTITUTO TECNICO COMMERCIALE,commerciale_economico_tecnico,5,capacita_esaurita_o_oltre_max_km
202425,1.0,42,statale,SCUOLA SECONDARIA II GRADO,1,FERI01201G,"I.P.S.I.A. ""E.I D'ESTE""",FERRARA,FERRARA,EMILIA ROMAGNA,IST PROF INDUSTRIA E ARTIGIANATO,industria_artigianato,3,capacita_esaurita_o_oltre_max_km
202425,1.0,42,statale,SCUOLA SECONDARIA II GRADO,1,PRTD001016,GINO ZAPPA,BORGO VAL DI TARO,PARMA,EMILIA ROMAGNA,ISTITUTO TECNICO COMMERCIALE,commerciale_economico_tecnico,3,capacita_esaurita_o_oltre_max_km
202425,1.0,42,statale,SCUOLA SECONDARIA II GRADO,1,VRRC009011,SANMICHELI SERVIZI COMMERCIALI-MODA-IFP,VERONA,VERONA,VENETO,IST PROF PER I SERVIZI COMMERCIALI,commerciale_turistico_professionale,7,capacita_esaurita_o_oltre_max_km
202425,1.0,42,statale,SCUOLA SECONDARIA II GRADO,1,PGRI033012,"""CAVOUR-MARCONI""",PERUGIA,PERUGIA,UMBRIA,IST PROF INDUSTRIA E ARTIGIANATO,industria_artigianato,5,capacita_esaurita_o_oltre_max_km
202425,1.0,42,statale,SCUOLA SECONDARIA II GRADO,1,PGRI24000T,"IST. PROFESSIONALE ""E. ORFINI""",FOLIGNO,PERUGIA,UMBRIA,IST PROF INDUSTRIA E ARTIGIANATO,industria_artigianato,8,capacita_esaurita_o_oltre_max_km
202425,1.0,42,statale,SCUOLA SECONDARIA II GRADO,1,MIRC12001L,I.P. - E. FALCK (SUCCURSALE),COLOGNO MONZESE,MILANO,LOMBARDIA,IST PROF PER I SERVIZI COMMERCIALI,commerciale_turistico_professionale,3,capacita_esaurita_o_oltre_max_km
202425,1.0,42,statale,SCUOLA SECONDARIA II GRADO,1,POTA004014,IST. TECN. AGRARIO F. DATINI,PRATO,PRATO,TOSCANA,ISTITUTO TECNICO AGRARIO,agricoltura,3,capacita_esaurita_o_oltre_max_km
202425,1.0,42,statale,SCUOLA SECONDARIA II GRADO,1,BORI024035,M. MALPIGHI - SCUOLA COORDINATA,SAN GIOVANNI IN PERSICETO,BOLOGNA,EMILIA ROMAGNA,IST PROF INDUSTRIA E ARTIGIANATO,industria_artigianato,3,capacita_esaurita_o_oltre_max_km
202425,1.0,42,statale,SCUOLA SECONDARIA II GRADO,1,TORI04000L,IPSIA DALMAZIO BIRAGO,TORINO,TORINO,PIEMONTE,IST PROF INDUSTRIA E ARTIGIANATO,industria_artigianato,6,capacita_esaurita_o_oltre_max_km
202425,1.0,42,statale,SCUOLA SECONDARIA II GRADO,1,IMRC00201X,"""U.CALVI""",IMPERIA,IMPERIA,LIGURIA,IST PROF PER I SERVIZI COMMERCIALI E TURISTICI,commerciale_turistico_professionale,4,capacita_esaurita_o_oltre_max_km
202425,1.0,42,statale,SCUOLA SECONDARIA II GRADO,1,ALTF00801T,"""GUGLIELMO MARCONI""",TORTONA,ALESSANDRIA,PIEMONTE,ISTITUTO TECNICO INDUSTRIALE,industriale_tecnico,8,capacita_esaurita_o_oltre_max_km
202425,1.0,42,statale,SCUOLA SECONDARIA II GRADO,1,FORI011018,"I.P.S.I.A. ""U. COMANDINI""",CESENA,FORLI'-CESENA,EMILIA ROMAGNA,IST PROF INDUSTRIA E ARTIGIANATO,industria_artigianato,9,capacita_esaurita_o_oltre_max_km
202425,1.0,42,statale,SCUOLA SECONDARIA II GRADO,1,MITF05401C,ISTITUTO TECNICO E LICEO - L. GALVANI,MILANO,MILANO,LOMBARDIA,ISTITUTO TECNICO INDUSTRIALE,industriale_tecnico,6,capacita_esaurita_o_oltre_max_km
202425,1.0,42,statale,SCUOLA SECONDARIA II GRADO,1,VERH04000D,ANDREA BARBARIGO,VENEZIA,VENEZIA,VENETO,IST PROF PER I SERVIZI ALBERGHIERI E RISTORAZIONE,alberghiero_ristorazione,9,capacita_esaurita_o_oltre_max_km
202425,1.0,42,statale,SCUOLA SECONDARIA II GRADO,1,AGTD02702B,"""FEDERICO II""",NARO,AGRIGENTO,SICILIA,ISTITUTO TECNICO COMMERCIALE,commerciale_economico_tecnico,2,capacita_esaurita_o_oltre_max_km
202425,1.0,42,statale,SCUOLA SECONDARIA II GRADO,1,ANRC01301A,"I.I.S. ""PODESTI - CALZECCHI ONESTI""",ANCONA,ANCONA,MARCHE,IST PROF PER I SERVIZI COMMERCIALI E TURISTICI,commerciale_turistico_professionale,7,capacita_esaurita_o_oltre_max_km
202425,1.0,42,statale,SCUOLA SECONDARIA II GRADO,1,ANSD010527,CORSO SERALE LIC ARTISTICO MANNUCCI JESI,JESI,ANCONA,MARCHE,ISTITUTO D'ARTE,artistico,2,capacita_esaurita_o_oltre_max_km
202425,1.0,42,statale,SCUOLA SECONDARIA II GRADO,1,ARRC019015,R.MAGIOTTI,MONTEVARCHI,AREZZO,TOSCANA,IST PROF PER I SERVIZI COMMERCIALI E TURISTICI,commerciale_turistico_professionale,3,capacita_esaurita_o_oltre_max_km
202425,1.0,42,statale,SCUOLA SECONDARIA II GRADO,1,ARRI00701G,MARGARITONE,AREZZO,AREZZO,TOSCANA,IST PROF INDUSTRIA E ARTIGIANATO,industria_artigianato,3,capacita_esaurita_o_oltre_max_km
202425,1.0,42,statale,SCUOLA SECONDARIA II GRADO,1,ATRI007016,A. CASTIGLIANO,ASTI,ASTI,PIEMONTE,IST PROF INDUSTRIA E ARTIGIANATO,industria_artigianato,8,capacita_esaurita_o_oltre_max_km
202425,1.0,42,statale,SCUOLA SECONDARIA II GRADO,1,ATTD00202P,N. PELLATI,CANELLI,ASTI,PIEMONTE,ISTITUTO TECNICO COMMERCIALE,commerciale_economico_tecnico,2,capacita_esaurita_o_oltre_max_km
202425,1.0,42,statale,SCUOLA SECONDARIA II GRADO,1,BORC00302A,G. BRUNO - SEDE COORDINATA,MOLINELLA,BOLOGNA,EMILIA ROMAGNA,IST PROF PER I SERVIZI COMMERCIALI,commerciale_turistico_professionale,2,capacita_esaurita_o_oltre_max_km
202425,1.0,42,statale,SCUOLA SECONDARIA II GRADO,1,CSRC06301C,IPSCT ORIOLO,ORIOLO,COSENZA,CALABRIA,IST PROF PER I SERVIZI COMMERCIALI,commerciale_turistico_professionale,1,capacita_esaurita_o_oltre_max_km
202425,1.0,42,statale,SCUOLA SECONDARIA II GRADO,1,FITL01201X,F.BRUNELLESCHI,EMPOLI,FIRENZE,TOSCANA,ISTITUTO TECNICO PER GEOMETRI,geometri,4,capacita_esaurita_o_oltre_max_km
202425,1.0,42,statale,SCUOLA SECONDARIA II GRADO,1,GERC00601Q,CASA CIRCONDARIALE PONTEX /RUFFINI,GENOVA,GENOVA,LIGURIA,IST PROF PER I SERVIZI COMMERCIALI E TURISTICI,commerciale_turistico_professionale,1,capacita_esaurita_o_oltre_max_km
202425,1.0,42,statale,SCUOLA SECONDARIA II GRADO,1,IMPS00701E,LICEO SCIENTIFICO,SANREMO,IMPERIA,LIGURIA,LICEO SCIENTIFICO,liceo_scientifico,2,capacita_esaurita_o_oltre_max_km
202425,1.0,42,statale,SCUOLA SECONDARIA II GRADO,1,MNRF00701G,IPSS VIADANA,VIADANA,MANTOVA,LOMBARDIA,IST PROF PER I SERVIZI SOCIALI,sociale,1,capacita_esaurita_o_oltre_max_km
202425,1.0,42,statale,SCUOLA SECONDARIA II GRADO,1,PGRH01003X,SEZ. DIST. DE CAROLIS SPOLETO - CASCIA,CASCIA,PERUGIA,UMBRIA,IST PROF PER I SERVIZI ALBERGHIERI E RISTORAZIONE,alberghiero_ristorazione,1,capacita_esaurita_o_oltre_max_km
202425,1.0,42,statale,SCUOLA SECONDARIA II GRADO,1,PGRI02801E,"""A.BALDELLI""",CITTA' DI CASTELLO,PERUGIA,UMBRIA,IST PROF INDUSTRIA E ARTIGIANATO,industria_artigianato,2,capacita_esaurita_o_oltre_max_km
202425,1.0,42,statale,SCUOLA SECONDARIA II GRADO,1,PGTD12000A,MAGIONE,MAGIONE,PERUGIA,UMBRIA,ISTITUTO TECNICO COMMERCIALE,commerciale_economico_tecnico,1,capacita_esaurita_o_oltre_max_km
202425,1.0,42,statale,SCUOLA SECONDARIA II GRADO,1,PIRI008012,G. FASCETTI,PISA,PISA,TOSCANA,IST PROF INDUSTRIA E ARTIGIANATO,industria_artigianato,5,capacita_esaurita_o_oltre_max_km
202425,1.0,42,statale,SCUOLA SECONDARIA II GRADO,1,PSRI007012,"""DELLA ROVERE""",URBANIA,PESARO E URBINO,MARCHE,IST PROF INDUSTRIA E ARTIGIANATO,industria_artigianato,2,capacita_esaurita_o_oltre_max_km
202425,1.0,42,statale,SCUOLA SECONDARIA II GRADO,1,RCTD03201P,I.T.E. ASS. I.I.S. EINAUDI ALVARO PALMI,PALMI,REGGIO CALABRIA,CALABRIA,ISTITUTO TECNICO COMMERCIALE,commerciale_economico_tecnico,1,capacita_esaurita_o_oltre_max_km
202425,1.0,42,statale,SCUOLA SECONDARIA II GRADO,1,RGRC01301T,"IST.PROF.SERVIZI ""G. FERRARIS""",RAGUSA,RAGUSA,SICILIA,IST PROF PER I SERVIZI COMMERCIALI E TURISTICI,commerciale_turistico_professionale,3,capacita_esaurita_o_oltre_max_km
202425,1.0,42,statale,SCUOLA SECONDARIA II GRADO,1,UDRI013012,ARTURO MALIGNANI,SAN GIORGIO DI NOGARO,UDINE,FRIULI-VENEZIA G.,IST PROF INDUSTRIA E ARTIGIANATO,industria_artigianato,1,capacita_esaurita_o_oltre_max_km
202425,1.0,42,statale,SCUOLA SECONDARIA II GRADO,1,VRRI01000R,GIOVANNI GIORGI,VERONA,VERONA,VENETO,IST PROF INDUSTRIA E ARTIGIANATO,industria_artigianato,5,capacita_esaurita_o_oltre_max_km
202425,1.0,42,statale,SCUOLA SECONDARIA II GRADO,1,VETF01901D,ANTONIO PACINOTTI,VENEZIA,VENEZIA,VENETO,ISTITUTO TECNICO INDUSTRIALE,industriale_tecnico,2,capacita_esaurita_o_oltre_max_km
202425,1.0,42,statale,SCUOLA SECONDARIA II GRADO,1,MIRI077018,I.P. - GALILEI LUXEMBURG (SUCCURSALE),MILANO,MILANO,LOMBARDIA,IST PROF INDUSTRIA E ARTIGIANATO,industria_artigianato,4,capacita_esaurita_o_oltre_max_km
202425,1.0,42,statale,SCUOLA SECONDARIA II GRADO,1,PVTD03000A,ITCG CASALE - VIGEVANO,VIGEVANO,PAVIA,LOMBARDIA,IST TEC COMMERCIALE E PER GEOMETRI,commerciale_economico_tecnico,10,capacita_esaurita_o_oltre_max_km
202425,1.0,42,statale,SCUOLA SECONDARIA II GRADO,1,PNRC00801T,ISTITUTO ISTRUZIONE SUPERIORE F. FLORA,PORDENONE,PORDENONE,FRIULI-VENEZIA G.,IST PROF PER I SERVIZI COMMERCIALI E TURISTICI,commerciale_turistico_professionale,5,capacita_esaurita_o_oltre_max_km
202425,1.0,42,statale,SCUOLA SECONDARIA II GRADO,1,MITL00401G,I.T. TECNOLOGICO - C. CATTANEO,MILANO,MILANO,LOMBARDIA,ISTITUTO TECNICO PER GEOMETRI,geometri,5,capacita_esaurita_o_oltre_max_km
202425,1.0,42,statale,SCUOLA SECONDARIA II GRADO,1,GERI07000P,I.P.S. I.S. GASLINI/MEUCCI,GENOVA,GENOVA,LIGURIA,IST PROF INDUSTRIA E ARTIGIANATO,industria_artigianato,8,capacita_esaurita_o_oltre_max_km
202425,1.0,42,statale,SCUOLA SECONDARIA II GRADO,1,IMTD00701A,"""C.COLOMBO""",SANREMO,IMPERIA,LIGURIA,IST TEC COMMERCIALE E PER GEOMETRI,commerciale_economico_tecnico,6,capacita_esaurita_o_oltre_max_km
202425,1.0,42,statale,SCUOLA SECONDARIA II GRADO,1,TRRI030016,IPSIA S. PERTINI - CASA CIRCONDARIALE,TERNI,TERNI,UMBRIA,IST PROF INDUSTRIA E ARTIGIANATO,industria_artigianato,4,capacita_esaurita_o_oltre_max_km
202425,1.0,42,statale,SCUOLA SECONDARIA II GRADO,1,BGTF023016,"""SERAFINO RIVA""",SARNICO,BERGAMO,LOMBARDIA,ISTITUTO TECNICO INDUSTRIALE,industriale_tecnico,4,capacita_esaurita_o_oltre_max_km
202425,1.0,42,statale,SCUOLA SECONDARIA II GRADO,1,FITD00201V,"SEZ.DIP. I.P.S.C.T.""ENRIQUES""",CASTELFIORENTINO,FIRENZE,TOSCANA,ISTITUTO TECNICO COMMERCIALE,commerciale_economico_tecnico,2,capacita_esaurita_o_oltre_max_km
202425,1.0,42,statale,SCUOLA SECONDARIA II GRADO,1,IMTN00601C,RUFFINI - TURISTICO,IMPERIA,IMPERIA,LIGURIA,ISTITUTO TECNICO PER IL TURISMO,turismo_tecnico,2,capacita_esaurita_o_oltre_max_km
202425,1.0,42,statale,SCUOLA SECONDARIA II GRADO,1,LURI00401B,"""S.SIMONI""",CASTELNUOVO DI GARFAGNANA,LUCCA,TOSCANA,IST PROF INDUSTRIA E ARTIGIANATO,industria_artigianato,2,capacita_esaurita_o_oltre_max_km
202425,1.0,42,statale,SCUOLA SECONDARIA II GRADO,1,TERI004012,IST. PROF. STAT. IND. E ARTIG. V.MORETTI,ROSETO DEGLI ABRUZZI,TERAMO,ABRUZZO,IST PROF INDUSTRIA E ARTIGIANATO,industria_artigianato,2,capacita_esaurita_o_oltre_max_km
202425,1.0,42,statale,SCUOLA SECONDARIA II GRADO,1,VARI00801Q,"IPSIA ""PONTI"" GALLARATE (DIURNO)",GALLARATE,VARESE,LOMBARDIA,IST PROF INDUSTRIA E ARTIGIANATO,industria_artigianato,3,capacita_esaurita_o_oltre_max_km
202425,1.0,42,statale,SCUOLA SECONDARIA II GRADO,1,VRRI01801C,ENRICO FERMI,VERONA,VERONA,VENETO,IST PROF INDUSTRIA E ARTIGIANATO,industria_artigianato,4,capacita_esaurita_o_oltre_max_km
202425,1.0,42,statale,SCUOLA SECONDARIA II GRADO,1,VVPC04000D,"LICEO CLASSICO ""BRUNO VINCI""",NICOTERA,VIBO VALENTIA,CALABRIA,LICEO CLASSICO,liceo_classico,2,capacita_esaurita_o_oltre_max_km
202425,1.0,42,statale,SCUOLA SECONDARIA II GRADO,1,BSRI03201L,"""FORTUNY"" - BRESCIA",BRESCIA,BRESCIA,LOMBARDIA,IST PROF INDUSTRIA E ARTIGIANATO,industria_artigianato,11,capacita_esaurita_o_oltre_max_km
202425,1.0,42,statale,SCUOLA SECONDARIA II GRADO,1,FIRI00601G,IST. PROF. STATO CELLINI-TORNABUONI,FIRENZE,FIRENZE,TOSCANA,IST PROF INDUSTRIA E ARTIGIANATO,industria_artigianato,6,capacita_esaurita_o_oltre_max_km
202425,1.0,42,statale,SCUOLA SECONDARIA II GRADO,1,MIRC029016,I.P. - N. MACHIAVELLI (SUCCURSALE),PIOLTELLO,MILANO,LOMBARDIA,IST PROF PER I SERVIZI COMMERCIALI E TURISTICI,commerciale_turistico_professionale,2,capacita_esaurita_o_oltre_max_km
202425,1.0,42,statale,SCUOLA SECONDARIA II GRADO,1,RORI00301T,"I.P.S.I.A. ""E. BARI"" - BADIA POLESINE",BADIA POLESINE,ROVIGO,VENETO,IST PROF INDUSTRIA E ARTIGIANATO,industria_artigianato,1,capacita_esaurita_o_oltre_max_km
202425,1.0,42,statale,SCUOLA SECONDARIA II GRADO,1,VCRC01301Q,"I.P. ""LANINO""",VERCELLI,VERCELLI,PIEMONTE,IST PROF PER I SERVIZI COMMERCIALI E TURISTICI,commerciale_turistico_professionale,2,capacita_esaurita_o_oltre_max_km
202425,1.0,42,statale,SCUOLA SECONDARIA II GRADO,1,FORI009018,"IPSIA ""A. VASSALLO"" GALEATA",GALEATA,FORLI'-CESENA,EMILIA ROMAGNA,IST PROF INDUSTRIA E ARTIGIANATO,industria_artigianato,1,capacita_esaurita_o_oltre_max_km
202425,1.0,42,statale,SCUOLA SECONDARIA II GRADO,1,BORI024024,IP MARCELLO MALPIGHI,CREVALCORE,BOLOGNA,EMILIA ROMAGNA,IST PROF INDUSTRIA E ARTIGIANATO,industria_artigianato,1,capacita_esaurita_o_oltre_max_km
202425,1.0,42,statale,SCUOLA SECONDARIA II GRADO,1,RMTN12401N,CRISTOFORO COLOMBO,ROMA,ROMA,LAZIO,ISTITUTO TECNICO PER IL TURISMO,turismo_tecnico,5,capacita_esaurita_o_oltre_max_km
202425,1.0,42,statale,SCUOLA SECONDARIA II GRADO,1,ANRI018016,"""MILIANI""",FABRIANO,ANCONA,MARCHE,IST PROF INDUSTRIA E ARTIGIANATO,industria_artigianato,1,capacita_esaurita_o_oltre_max_km
202425,1.0,42,statale,SCUOLA SECONDARIA II GRADO,1,TORI04702D,G. GALILEI,TORINO,TORINO,PIEMONTE,IST PROF INDUSTRIA E ARTIGIANATO,industria_artigianato,2,capacita_esaurita_o_oltre_max_km
202425,1.0,42,statale,SCUOLA SECONDARIA II GRADO,1,CRRC00101N,"""G. ROMANI""",CASALMAGGIORE,CREMONA,LOMBARDIA,IST PROF PER I SERVIZI COMMERCIALI E TURISTICI,commerciale_turistico_professionale,2,capacita_esaurita_o_oltre_max_km
202425,1.0,42,statale,SCUOLA SECONDARIA II GRADO,1,VTTD00402R,"""FABIO BESTA"" - ORTE",ORTE,VITERBO,LAZIO,IST TEC COMMERCIALE E PER GEOMETRI,commerciale_economico_tecnico,2,capacita_esaurita_o_oltre_max_km
202425,1.0,42,statale,SCUOLA SECONDARIA II GRADO,1,ALRI006019,E.FERMI,ALESSANDRIA,ALESSANDRIA,PIEMONTE,IST PROF INDUSTRIA E ARTIGIANATO,industria_artigianato,3,capacita_esaurita_o_oltre_max_km
202425,1.0,42,statale,SCUOLA SECONDARIA II GRADO,1,GERC00602R,I.P.S. - J.RUFFINI -,GENOVA,GENOVA,LIGURIA,IST PROF PER I SERVIZI COMMERCIALI,commerciale_turistico_professionale,2,capacita_esaurita_o_oltre_max_km
202425,1.0,42,statale,SCUOLA SECONDARIA II GRADO,1,VRTD00101N,I.T.C. CEREA,CEREA,VERONA,VENETO,ISTITUTO TECNICO COMMERCIALE,commerciale_economico_tecnico,2,capacita_esaurita_o_oltre_max_km
202425,1.0,42,statale,SCUOLA SECONDARIA II GRADO,1,PRRI00801A,GADDA FORNOVO PROFESSIONALE,FORNOVO DI TARO,PARMA,EMILIA ROMAGNA,IST PROF INDUSTRIA E ARTIGIANATO,industria_artigianato,2,capacita_esaurita_o_oltre_max_km
202425,1.0,42,statale,SCUOLA SECONDARIA II GRADO,1,MCRI040004,OMNICOMPRENSIVO G. LEOPARDI - R. FRAU,SARNANO,MACERATA,MARCHE,IST PROF INDUSTRIA E ARTIGIANATO,industria_artigianato,1,capacita_esaurita_o_oltre_max_km
202425,1.0,42,statale,SCUOLA SECONDARIA II GRADO,1,MCRI05001Q,E. ROSA,SAN SEVERINO MARCHE,MACERATA,MARCHE,IST PROF INDUSTRIA E ARTIGIANATO,industria_artigianato,1,capacita_esaurita_o_oltre_max_km
202425,1.0,42,statale,SCUOLA SECONDARIA II GRADO,1,PGRC033019,"""B. PASCAL""",PERUGIA,PERUGIA,UMBRIA,IST PROF PER I SERVIZI COMMERCIALI E TURISTICI,commerciale_turistico_professionale,1,capacita_esaurita_o_oltre_max_km
202425,1.0,42,statale,SCUOLA SECONDARIA II GRADO,1,UDTD01301L,LUIGI EINAUDI,PALMANOVA,UDINE,FRIULI-VENEZIA G.,ISTITUTO TECNICO COMMERCIALE,commerciale_economico_tecnico,1,capacita_esaurita_o_oltre_max_km
202425,1.0,42,statale,SCUOLA SECONDARIA II GRADO,1,MIRC059012,I.P. - B. ORIANI G. MAZZINI,MILANO,MILANO,LOMBARDIA,IST PROF PER I SERVIZI COMMERCIALI,commerciale_turistico_professionale,4,capacita_esaurita_o_oltre_max_km
202425,1.0,42,statale,SCUOLA SECONDARIA II GRADO,1,FERI014017,"I.P.S.I.A. ""F.LLI TADDIA""",CENTO,FERRARA,EMILIA ROMAGNA,IST PROF INDUSTRIA E ARTIGIANATO,industria_artigianato,3,capacita_esaurita_o_oltre_max_km
202425,1.0,42,statale,SCUOLA SECONDARIA II GRADO,1,VIRI02101X,"IPSIA ""ANDREA SCOTTON"" - BASSANO",BASSANO DEL GRAPPA,VICENZA,VENETO,IST PROF INDUSTRIA E ARTIGIANATO,industria_artigianato,1,capacita_esaurita_o_oltre_max_km
202425,1.0,42,statale,SCUOLA SECONDARIA II GRADO,1,PGTD029011,"""R. BONGHI""",ASSISI,PERUGIA,UMBRIA,IST TEC COMMERCIALE E PER GEOMETRI,commerciale_economico_tecnico,1,capacita_esaurita_o_oltre_max_km
202425,1.0,42,statale,SCUOLA SECONDARIA II GRADO,1,RIPS040009,LS DI AMATRICE,AMATRICE,RIETI,LAZIO,LICEO SCIENTIFICO,liceo_scientifico,1,capacita_esaurita_o_oltre_max_km
202425,1.0,42,statale,SCUOLA SECONDARIA II GRADO,1,TORC053013,V. BOSSO - A. MONTI,TORINO,TORINO,PIEMONTE,IST PROF PER I SERVIZI COMMERCIALI E TURISTICI,commerciale_turistico_professionale,2,capacita_esaurita_o_oltre_max_km
202425,1.0,42,statale,SCUOLA SECONDARIA II GRADO,1,VETD00401D,ANTONIO GRAMSCI,VENEZIA,VENEZIA,VENETO,ISTITUTO TECNICO COMMERCIALE,commerciale_economico_tecnico,1,capacita_esaurita_o_oltre_max_km
202425,1.0,42,statale,SCUOLA SECONDARIA II GRADO,1,FIRI017012,LEONARDO DA VINCI,FIRENZE,FIRENZE,TOSCANA,IST PROF INDUSTRIA E ARTIGIANATO,industria_artigianato,3,capacita_esaurita_o_oltre_max_km
202425,1.0,42,statale,SCUOLA SECONDARIA II GRADO,1,TVRC02801P,IST. PROF. SER. COMM.LI-SOCIO SAN. OBICI,ODERZO,TREVISO,VENETO,IST PROF PER I SERVIZI COMMERCIALI E TURISTICI,commerciale_turistico_professionale,1,capacita_esaurita_o_oltre_max_km
202425,1.0,42,statale,SCUOLA SECONDARIA II GRADO,1,SIRC007013,CASELLI DI MONTEPULCIANO,MONTEPULCIANO,SIENA,TOSCANA,IST PROF PER I SERVIZI COMMERCIALI E TURISTICI,commerciale_turistico_professionale,1,capacita_esaurita_o_oltre_max_km
202425,1.0,42,statale,SCUOLA SECONDARIA II GRADO,1,BGRI003014,"""BETTY AMBIVERI""",PRESEZZO,BERGAMO,LOMBARDIA,IST PROF INDUSTRIA E ARTIGIANATO,industria_artigianato,1,capacita_esaurita_o_oltre_max_km
202425,1.0,42,statale,SCUOLA SECONDARIA II GRADO,1,GOTL00801N,"""N. PACASSI""",GORIZIA,GORIZIA,FRIULI-VENEZIA G.,ISTITUTO TECNICO PER GEOMETRI,geometri,1,capacita_esaurita_o_oltre_max_km
202425,1.0,42,statale,SCUOLA SECONDARIA II GRADO,1,MIRI10303N,I.P.I.A. DI MELZO,MELZO,MILANO,LOMBARDIA,IST PROF INDUSTRIA E ARTIGIANATO,industria_artigianato,1,capacita_esaurita_o_oltre_max_km
202425,1.0,42,statale,SCUOLA SECONDARIA II GRADO,1,MOTD00402B,BARBIERI,PIEVEPELAGO,MODENA,EMILIA ROMAGNA,ISTITUTO TECNICO COMMERCIALE,commerciale_economico_tecnico,1,capacita_esaurita_o_oltre_max_km
202425,1.0,42,statale,SCUOLA SECONDARIA II GRADO,1,RERI070003,"IPIA ANN.CONVITTO ""CORSO""",CORREGGIO,REGGIO EMILIA,EMILIA ROMAGNA,IST PROF INDUSTRIA E ARTIGIANATO,industria_artigianato,1,capacita_esaurita_o_oltre_max_km
202425,1.0,42,statale,SCUOLA SECONDARIA II GRADO,1,BSRH031019,A. MANTEGNA - PROF. ALBERGHIERO (DIURNO),BRESCIA,BRESCIA,LOMBARDIA,IST PROF PER I SERVIZI ALBERGHIERI E RISTORAZIONE,alberghiero_ristorazione,1,capacita_esaurita_o_oltre_max_km
202425,1.0,42,statale,SCUOLA SECONDARIA II GRADO,1,GETN00701R,I.T.E. - E.FIRPO -,GENOVA,GENOVA,LIGURIA,ISTITUTO TECNICO PER IL TURISMO,turismo_tecnico,1,capacita_esaurita_o_oltre_max_km
202425,1.0,42,statale,SCUOLA SECONDARIA II GRADO,1,MIRC079017,I.P. - CATERINA DA SIENA,MILANO,MILANO,LOMBARDIA,IST PROF PER I SERVIZI COMMERCIALI,commerciale_turistico_professionale,1,capacita_esaurita_o_oltre_max_km
202425,1.0,42,statale,SCUOLA SECONDARIA II GRADO,1,RARC003016,POLO PROFESSIONALE DI LUGO,LUGO,RAVENNA,EMILIA ROMAGNA,IST PROF PER I SERVIZI COMMERCIALI E TURISTICI,commerciale_turistico_professionale,1,capacita_esaurita_o_oltre_max_km
202425,1.0,42,statale,SCUOLA SECONDARIA II GRADO,2,GERI020503,I.P.S.I.A. - A.ODERO /SERALE,GENOVA,GENOVA,LIGURIA,IST PROF INDUSTRIA E ARTIGIANATO,industria_artigianato,20,capacita_esaurita_o_oltre_max_km
202425,1.0,42,statale,SCUOLA SECONDARIA II GRADO,2,VERH04050V,ANDREA BARBARIGO - CORSO SERALE,VENEZIA,VENEZIA,VENETO,IST PROF PER I SERVIZI ALBERGHIERI E RISTORAZIONE,alberghiero_ristorazione,11,capacita_esaurita_o_oltre_max_km
202425,1.0,42,statale,SCUOLA SECONDARIA II GRADO,2,ALTL00651Q,"""P.L. NERVI - C.A.T.""",ALESSANDRIA,ALESSANDRIA,PIEMONTE,ISTITUTO TECNICO PER GEOMETRI,geometri,2,capacita_esaurita_o_oltre_max_km
202425,1.0,42,statale,SCUOLA SECONDARIA II GRADO,2,RMTN124513,C. COLOMBO SERALE,ROMA,ROMA,LAZIO,ISTITUTO TECNICO PER IL TURISMO,turismo_tecnico,6,capacita_esaurita_o_oltre_max_km
202425,1.0,42,statale,SCUOLA SECONDARIA II GRADO,2,BGRI004519,"""ARCHIMEDE"" (CORSO SERALE)",TREVIGLIO,BERGAMO,LOMBARDIA,IST PROF INDUSTRIA E ARTIGIANATO,industria_artigianato,16,capacita_esaurita_o_oltre_max_km
202425,1.0,42,statale,SCUOLA SECONDARIA II GRADO,2,ALTL00602B,"""P.L. NERVI""- SEZ. CARCERARIA",ALESSANDRIA,ALESSANDRIA,PIEMONTE,ISTITUTO TECNICO PER GEOMETRI,geometri,8,capacita_esaurita_o_oltre_max_km
202425,1.0,42,statale,SCUOLA SECONDARIA II GRADO,2,MIRI07401R,I.P. - MARELLI DUDOVICH,MILANO,MILANO,LOMBARDIA,IST PROF INDUSTRIA E ARTIGIANATO,industria_artigianato,42,capacita_esaurita_o_oltre_max_km
202425,1.0,42,statale,SCUOLA SECONDARIA II GRADO,2,BGTL020507,"""GIACOMO QUARENGHI"" (CORSO SERALE)",BERGAMO,BERGAMO,LOMBARDIA,ISTITUTO TECNICO PER GEOMETRI,geometri,6,capacita_esaurita_o_oltre_max_km
202425,1.0,42,statale,SCUOLA SECONDARIA II GRADO,2,MIRI072015,I.P. - SEVERI CORRENTI,MILANO,MILANO,LOMBARDIA,IST PROF INDUSTRIA E ARTIGIANATO,industria_artigianato,68,capacita_esaurita_o_oltre_max_km
202425,1.0,42,statale,SCUOLA SECONDARIA II GRADO,2,GERC00601Q,CASA CIRCONDARIALE PONTEX /RUFFINI,GENOVA,GENOVA,LIGURIA,IST PROF PER I SERVIZI COMMERCIALI E TURISTICI,commerciale_turistico_professionale,7,capacita_esaurita_o_oltre_max_km
202425,1.0,42,statale,SCUOLA SECONDARIA II GRADO,2,TVRI02351N,I.P.S.I.A. GIORGI SERALE TREVISO,TREVISO,TREVISO,VENETO,IST PROF INDUSTRIA E ARTIGIANATO,industria_artigianato,14,capacita_esaurita_o_oltre_max_km
202425,1.0,42,statale,SCUOLA SECONDARIA II GRADO,2,GERC006526,I.P.S.C.-J.RUFFINI/SERALE-,GENOVA,GENOVA,LIGURIA,IST PROF PER I SERVIZI COMMERCIALI,commerciale_turistico_professionale,17,capacita_esaurita_o_oltre_max_km
202425,1.0,42,statale,SCUOLA SECONDARIA II GRADO,2,TORC03750D,I.I.S. SELLA-AALTO-LAGRANGE SERALE,TORINO,TORINO,PIEMONTE,IST PROF PER I SERVIZI COMMERCIALI,commerciale_turistico_professionale,25,capacita_esaurita_o_oltre_max_km
202425,1.0,42,statale,SCUOLA SECONDARIA II GRADO,2,VETN016502,FRANCESCO ALGAROTTI SERALE,VENEZIA,VENEZIA,VENETO,ISTITUTO TECNICO PER IL TURISMO,turismo_tecnico,3,capacita_esaurita_o_oltre_max_km
202425,1.0,42,statale,SCUOLA SECONDARIA II GRADO,2,MIRC30050D,I.P. - V. KANDINSKY (SERALE),MILANO,MILANO,LOMBARDIA,IST PROF PER I SERVIZI COMMERCIALI E TURISTICI,commerciale_turistico_professionale,10,capacita_esaurita_o_oltre_max_km
202425,1.0,42,statale,SCUOLA SECONDARIA II GRADO,2,RGTD03002X,SEZ.STACCATA ITC BESTA RAGUSA,SANTA CROCE CAMERINA,RAGUSA,SICILIA,ISTITUTO TECNICO COMMERCIALE,commerciale_economico_tecnico,6,capacita_esaurita_o_oltre_max_km
202425,1.0,42,statale,SCUOLA SECONDARIA II GRADO,2,GERH023514,I.P.S.S.A.R. N.BERGESE/SERALE,GENOVA,GENOVA,LIGURIA,IST PROF PER I SERVIZI ALBERGHIERI E RISTORAZIONE,alberghiero_ristorazione,11,capacita_esaurita_o_oltre_max_km
202425,1.0,42,statale,SCUOLA SECONDARIA II GRADO,2,PORC00452N,IST. F. DATINI-SERALE,PRATO,PRATO,TOSCANA,IST PROF PER I SERVIZI COMMERCIALI E TURISTICI,commerciale_turistico_professionale,7,capacita_esaurita_o_oltre_max_km
202425,1.0,42,statale,SCUOLA SECONDARIA II GRADO,2,BORI024013,"IST.PROF.LE ""MALPIGHI"" - ODONTOTECNICO",BOLOGNA,BOLOGNA,EMILIA ROMAGNA,IST PROF INDUSTRIA E ARTIGIANATO,industria_artigianato,24,capacita_esaurita_o_oltre_max_km
202425,1.0,42,statale,SCUOLA SECONDARIA II GRADO,2,RMTN07351B,"PERCORSO II LIV ""MARCO POLO""",ROMA,ROMA,LAZIO,ISTITUTO TECNICO PER IL TURISMO,turismo_tecnico,15,capacita_esaurita_o_oltre_max_km
202425,1.0,42,statale,SCUOLA SECONDARIA II GRADO,2,NURA01802G,IPSAA SINISCOLA COLONIA PENALE MAMONE,SINISCOLA,NUORO,SARDEGNA,IST PROF PER L'AGRICOLTURA E L'AMBIENTE,agricoltura,14,capacita_esaurita_o_oltre_max_km
202425,1.0,42,statale,SCUOLA SECONDARIA II GRADO,2,TVRI027511,"IPSIA ""GALILEI"" SERALE CASTELFRANCO",CASTELFRANCO VENETO,TREVISO,VENETO,IST PROF INDUSTRIA E ARTIGIANATO,industria_artigianato,2,capacita_esaurita_o_oltre_max_km
202425,1.0,42,statale,SCUOLA SECONDARIA II GRADO,2,BGRI023019,"""SERAFINO RIVA""",SARNICO,BERGAMO,LOMBARDIA,IST PROF INDUSTRIA E ARTIGIANATO,industria_artigianato,13,capacita_esaurita_o_oltre_max_km
202425,1.0,42,statale,SCUOLA SECONDARIA II GRADO,2,MIRI094012,I.P. - L. V. BERTARELLI-FERRARIS (SUCC.),MILANO,MILANO,LOMBARDIA,IST PROF INDUSTRIA E ARTIGIANATO,industria_artigianato,18,capacita_esaurita_o_oltre_max_km
202425,1.0,42,statale,SCUOLA SECONDARIA II GRADO,2,CHTD07000B,"ISTITUTO OMNICOMPRENSIVO ""G. SPATARO""",GISSI,CHIETI,ABRUZZO,ISTITUTO TECNICO COMMERCIALE,commerciale_economico_tecnico,6,capacita_esaurita_o_oltre_max_km
202425,1.0,42,statale,SCUOLA SECONDARIA II GRADO,2,PDTD18000R,I.T.C. ANNESSO ED.S.BENEDETTO,MONTAGNANA,PADOVA,VENETO,ISTITUTO TECNICO COMMERCIALE,commerciale_economico_tecnico,11,capacita_esaurita_o_oltre_max_km
202425,1.0,42,statale,SCUOLA SECONDARIA II GRADO,2,TORC054518,I.I.S. C.I. GIULIO SERALE,TORINO,TORINO,PIEMONTE,IST PROF PER I SERVIZI COMMERCIALI E TURISTICI,commerciale_turistico_professionale,33,capacita_esaurita_o_oltre_max_km
202425,1.0,42,statale,SCUOLA SECONDARIA II GRADO,2,BGRH023506,"""SERAFINO RIVA"" SERALE",SARNICO,BERGAMO,LOMBARDIA,IST PROF PER I SERVIZI ALBERGHIERI E RISTORAZIONE,alberghiero_ristorazione,2,capacita_esaurita_o_oltre_max_km
202425,1.0,42,statale,SCUOLA SECONDARIA II GRADO,2,MIRC05851G,I.P. - P. FRISI (POLO I.D.A.),MILANO,MILANO,LOMBARDIA,IST PROF PER I SERVIZI COMMERCIALI E TURISTICI,commerciale_turistico_professionale,31,capacita_esaurita_o_oltre_max_km
202425,1.0,42,statale,SCUOLA SECONDARIA II GRADO,2,TORI048018,R. ZERBONI,TORINO,TORINO,PIEMONTE,IST PROF INDUSTRIA E ARTIGIANATO,industria_artigianato,13,capacita_esaurita_o_oltre_max_km
202425,1.0,42,statale,SCUOLA SECONDARIA II GRADO,2,CRRC01151N,"I.P. ""P. SRAFFA"" SERALE",CREMA,CREMONA,LOMBARDIA,IST PROF PER I SERVIZI COMMERCIALI E TURISTICI,commerciale_turistico_professionale,6,capacita_esaurita_o_oltre_max_km
202425,1.0,42,statale,SCUOLA SECONDARIA II GRADO,2,TOTL06851X,G. GUARINI SERALE,TORINO,TORINO,PIEMONTE,ISTITUTO TECNICO PER GEOMETRI,geometri,5,capacita_esaurita_o_oltre_max_km
202425,1.0,42,statale,SCUOLA SECONDARIA II GRADO,2,BGRF026506,"SERALE PROF.SOCIO SANITARIO ""MAMOLI""",BERGAMO,BERGAMO,LOMBARDIA,IST PROF PER I SERVIZI SOCIALI,sociale,11,capacita_esaurita_o_oltre_max_km
202425,1.0,42,statale,SCUOLA SECONDARIA II GRADO,2,MCRI01002A,"""F. CORRIDONI""",MACERATA,MACERATA,MARCHE,IST PROF INDUSTRIA E ARTIGIANATO,industria_artigianato,1,capacita_esaurita_o_oltre_max_km
202425,1.0,42,statale,SCUOLA SECONDARIA II GRADO,2,SPRC007027,IPSCT L.EINAUDI,LA SPEZIA,LA SPEZIA,LIGURIA,IST PROF PER I SERVIZI COMMERCIALI E TURISTICI,commerciale_turistico_professionale,6,capacita_esaurita_o_oltre_max_km
202425,1.0,42,statale,SCUOLA SECONDARIA II GRADO,2,MIRC03750D,I.P.-PIERO DELLA FRANCESCA (SERALE-SUCC),SAN GIULIANO MILANESE,MILANO,LOMBARDIA,IST PROF PER I SERVIZI COMMERCIALI,commerciale_turistico_professionale,10,capacita_esaurita_o_oltre_max_km
202425,1.0,42,statale,SCUOLA SECONDARIA II GRADO,2,TVRI02801B,IPSIA MECCANICO OBICI ODERZO,ODERZO,TREVISO,VENETO,IST PROF INDUSTRIA E ARTIGIANATO,industria_artigianato,14,capacita_esaurita_o_oltre_max_km
202425,1.0,42,statale,SCUOLA SECONDARIA II GRADO,2,GERI07001Q,CASA CIRCONDARIALE GASLINI/PONTEX,GENOVA,GENOVA,LIGURIA,IST PROF INDUSTRIA E ARTIGIANATO,industria_artigianato,4,capacita_esaurita_o_oltre_max_km
202425,1.0,42,statale,SCUOLA SECONDARIA II GRADO,2,GERI02000N,IPSIA A. ODERO,GENOVA,GENOVA,LIGURIA,IST PROF INDUSTRIA E ARTIGIANATO,industria_artigianato,38,capacita_esaurita_o_oltre_max_km
202425,1.0,42,statale,SCUOLA SECONDARIA II GRADO,2,BSRI01601P,PRIMO LEVI SEZ. ASS. IPSIA LUMEZZANE,LUMEZZANE,BRESCIA,LOMBARDIA,IST PROF INDUSTRIA E ARTIGIANATO,industria_artigianato,5,capacita_esaurita_o_oltre_max_km
202425,1.0,42,statale,SCUOLA SECONDARIA II GRADO,2,LITD030014,G. CERBONI - SEZ. CARCERARIA,PORTO AZZURRO,LIVORNO,TOSCANA,IST TEC COMMERCIALE E PER GEOMETRI,commerciale_economico_tecnico,5,capacita_esaurita_o_oltre_max_km
202425,1.0,42,statale,SCUOLA SECONDARIA II GRADO,2,TVRI026515,I.P.S.I.A. PITTONI SERALE,CONEGLIANO,TREVISO,VENETO,IST PROF INDUSTRIA E ARTIGIANATO,industria_artigianato,5,capacita_esaurita_o_oltre_max_km
202425,1.0,42,statale,SCUOLA SECONDARIA II GRADO,2,BGRH02050P,ISTR. PROF. SERALE - ENOGASTR. OSP. ALB.,NEMBRO,BERGAMO,LOMBARDIA,IST PROF PER I SERVIZI ALBERGHIERI E RISTORAZIONE,alberghiero_ristorazione,11,capacita_esaurita_o_oltre_max_km
202425,1.0,42,statale,SCUOLA SECONDARIA II GRADO,2,ATRI00750E,A. CASTIGLIANO SERALE,ASTI,ASTI,PIEMONTE,IST PROF INDUSTRIA E ARTIGIANATO,industria_artigianato,6,capacita_esaurita_o_oltre_max_km
202425,1.0,42,statale,SCUOLA SECONDARIA II GRADO,2,MIRC02851Q,I.P. E. MONTALE (SERALE),CINISELLO BALSAMO,MILANO,LOMBARDIA,IST PROF PER I SERVIZI COMMERCIALI E TURISTICI,commerciale_turistico_professionale,7,capacita_esaurita_o_oltre_max_km
202425,1.0,42,statale,SCUOLA SECONDARIA II GRADO,2,PCRI004016,IPSIA MATTEI,FIORENZUOLA D'ARDA,PIACENZA,EMILIA ROMAGNA,IST PROF INDUSTRIA E ARTIGIANATO,industria_artigianato,15,capacita_esaurita_o_oltre_max_km
202425,1.0,42,statale,SCUOLA SECONDARIA II GRADO,2,PVRI00701Q,IPSIA FARAVELLI - STRADELLA,STRADELLA,PAVIA,LOMBARDIA,IST PROF INDUSTRIA E ARTIGIANATO,industria_artigianato,11,capacita_esaurita_o_oltre_max_km
202425,1.0,42,statale,SCUOLA SECONDARIA II GRADO,2,PCRI00601T,L.DA VINCI,PIACENZA,PIACENZA,EMILIA ROMAGNA,IST PROF INDUSTRIA E ARTIGIANATO,industria_artigianato,27,capacita_esaurita_o_oltre_max_km
202425,1.0,42,statale,SCUOLA SECONDARIA II GRADO,2,PORC004017,IST. F. DATINI-CASA CIRCONDARIALE,PRATO,PRATO,TOSCANA,IST PROF PER I SERVIZI COMMERCIALI E TURISTICI,commerciale_turistico_professionale,14,capacita_esaurita_o_oltre_max_km
202425,1.0,42,statale,SCUOLA SECONDARIA II GRADO,2,TORC037015,L. LAGRANGE,TORINO,TORINO,PIEMONTE,IST PROF PER I SERVIZI COMMERCIALI,commerciale_turistico_professionale,19,capacita_esaurita_o_oltre_max_km
202425,1.0,42,statale,SCUOLA SECONDARIA II GRADO,2,FERC00701B,IST. PROF. STATALE SERVIZI COMM.LI,BONDENO,FERRARA,EMILIA ROMAGNA,IST PROF PER I SERVIZI COMMERCIALI E TURISTICI,commerciale_turistico_professionale,10,capacita_esaurita_o_oltre_max_km
202425,1.0,42,statale,SCUOLA SECONDARIA II GRADO,2,GORC01101Q,IST. PROF. PER I SERVIZI SOCIO SANITARI,MONFALCONE,GORIZIA,FRIULI-VENEZIA G.,IST PROF PER I SERVIZI COMMERCIALI E TURISTICI,commerciale_turistico_professionale,14,capacita_esaurita_o_oltre_max_km
202425,1.0,42,statale,SCUOLA SECONDARIA II GRADO,2,LERF016509,I.P.S.S. SERALE,ALESSANO,LECCE,PUGLIA,IST PROF PER I SERVIZI SOCIALI,sociale,3,capacita_esaurita_o_oltre_max_km
202425,1.0,42,statale,SCUOLA SECONDARIA II GRADO,2,RCRC034013,IPSCT SEZ. ASS. I.I.S. BOCCIONI/FERMI,REGGIO DI CALABRIA,REGGIO CALABRIA,CALABRIA,IST PROF PER I SERVIZI COMMERCIALI E TURISTICI,commerciale_turistico_professionale,4,capacita_esaurita_o_oltre_max_km
202425,1.0,42,statale,SCUOLA SECONDARIA II GRADO,2,RCSL030014,"""M.PRETI"" CASA CIRCONDARIALE ARGHILLA'",REGGIO DI CALABRIA,REGGIO CALABRIA,CALABRIA,LICEO ARTISTICO,artistico,1,capacita_esaurita_o_oltre_max_km
202425,1.0,42,statale,SCUOLA SECONDARIA II GRADO,2,VETL01901N,GIORGIO MASSARI,VENEZIA,VENEZIA,VENETO,ISTITUTO TECNICO PER GEOMETRI,geometri,7,capacita_esaurita_o_oltre_max_km
202425,1.0,42,statale,SCUOLA SECONDARIA II GRADO,2,MIRC107016,I.P. - B. CAVALIERI-MARIGNONI,MILANO,MILANO,LOMBARDIA,IST PROF PER I SERVIZI COMMERCIALI,commerciale_turistico_professionale,67,capacita_esaurita_o_oltre_max_km
202425,1.0,42,statale,SCUOLA SECONDARIA II GRADO,2,IMRC00201X,"""U.CALVI""",IMPERIA,IMPERIA,LIGURIA,IST PROF PER I SERVIZI COMMERCIALI E TURISTICI,commerciale_turistico_professionale,18,capacita_esaurita_o_oltre_max_km
202425,1.0,42,statale,SCUOLA SECONDARIA II GRADO,2,PORC00601V,IST. PROF. PER I SERV. COM. P. DAGOMARI,PRATO,PRATO,TOSCANA,IST PROF PER I SERVIZI COMMERCIALI,commerciale_turistico_professionale,13,capacita_esaurita_o_oltre_max_km
202425,1.0,42,statale,SCUOLA SECONDARIA II GRADO,2,MIRI01701L,I.P. - J. C. MAXWELL (SUCCURSALE),MILANO,MILANO,LOMBARDIA,IST PROF INDUSTRIA E ARTIGIANATO,industria_artigianato,23,capacita_esaurita_o_oltre_max_km
202425,1.0,42,statale,SCUOLA SECONDARIA II GRADO,2,MIRC058016,"I.P. - P. FRISI - ""POLO DELL'OSPITALITA""",MILANO,MILANO,LOMBARDIA,IST PROF PER I SERVIZI COMMERCIALI E TURISTICI,commerciale_turistico_professionale,29,capacita_esaurita_o_oltre_max_km
202425,1.0,42,statale,SCUOLA SECONDARIA II GRADO,2,POTD006027,IST. TECN. COM. P. DAGOMARI,PRATO,PRATO,TOSCANA,ISTITUTO TECNICO COMMERCIALE,commerciale_economico_tecnico,40,capacita_esaurita_o_oltre_max_km
202425,1.0,42,statale,SCUOLA SECONDARIA II GRADO,2,PDRI01401B,IPIA FORTUNY (S.A. NEWTON-PERTINI-CSP),CAMPOSAMPIERO,PADOVA,VENETO,IST PROF INDUSTRIA E ARTIGIANATO,industria_artigianato,6,capacita_esaurita_o_oltre_max_km
202425,1.0,42,statale,SCUOLA SECONDARIA II GRADO,2,VRRC009509,SANMICHELI SERALE SOCIO SANITARIO,VERONA,VERONA,VENETO,IST PROF PER I SERVIZI COMMERCIALI,commerciale_turistico_professionale,6,capacita_esaurita_o_oltre_max_km
202425,1.0,42,statale,SCUOLA SECONDARIA II GRADO,2,TORC05402X,IPSC GIULIO - SEZ. CARCERE,TORINO,TORINO,PIEMONTE,IST PROF PER I SERVIZI COMMERCIALI,commerciale_turistico_professionale,23,capacita_esaurita_o_oltre_max_km
202425,1.0,42,statale,SCUOLA SECONDARIA II GRADO,2,PRRI01050P,PRIMO LEVI SERALE,PARMA,PARMA,EMILIA ROMAGNA,IST PROF INDUSTRIA E ARTIGIANATO,industria_artigianato,15,capacita_esaurita_o_oltre_max_km
202425,1.0,42,statale,SCUOLA SECONDARIA II GRADO,2,MIRC07701G,I.P. - G. GALILEI,MILANO,MILANO,LOMBARDIA,IST PROF PER I SERVIZI COMMERCIALI,commerciale_turistico_professionale,16,capacita_esaurita_o_oltre_max_km
202425,1.0,42,statale,SCUOLA SECONDARIA II GRADO,2,ARRI02201N,IPSIA M.A.T. FOIANO CHIANA,FOIANO DELLA CHIANA,AREZZO,TOSCANA,IST PROF INDUSTRIA E ARTIGIANATO,industria_artigianato,11,capacita_esaurita_o_oltre_max_km
202425,1.0,42,statale,SCUOLA SECONDARIA II GRADO,2,RERF070015,IPSSI M CARRARA NOVELLARA,NOVELLARA,REGGIO EMILIA,EMILIA ROMAGNA,IST PROF PER I SERVIZI SOCIALI,sociale,7,capacita_esaurita_o_oltre_max_km
202425,1.0,42,statale,SCUOLA SECONDARIA II GRADO,2,BGRF00601L,"""G.B. RUBINI""",ROMANO DI LOMBARDIA,BERGAMO,LOMBARDIA,IST PROF PER I SERVIZI SOCIALI,sociale,13,capacita_esaurita_o_oltre_max_km
202425,1.0,42,statale,SCUOLA SECONDARIA II GRADO,2,MIRI10302L,I.P.I.A. DI CERNUSCO,CERNUSCO SUL NAVIGLIO,MILANO,LOMBARDIA,IST PROF INDUSTRIA E ARTIGIANATO,industria_artigianato,13,capacita_esaurita_o_oltre_max_km
202425,1.0,42,statale,SCUOLA SECONDARIA II GRADO,2,GORI01101C,IST. PROF. MANUTENZIONE ED ASS. TECNICA,MONFALCONE,GORIZIA,FRIULI-VENEZIA G.,IST PROF INDUSTRIA E ARTIGIANATO,industria_artigianato,9,capacita_esaurita_o_oltre_max_km
202425,1.0,42,statale,SCUOLA SECONDARIA II GRADO,2,MIRC02801A,I.P. - E. MONTALE,CINISELLO BALSAMO,MILANO,LOMBARDIA,IST PROF PER I SERVIZI COMMERCIALI E TURISTICI,commerciale_turistico_professionale,18,capacita_esaurita_o_oltre_max_km
202425,1.0,42,statale,SCUOLA SECONDARIA II GRADO,2,MIRC12000G,I.P. - E. FALCK,SESTO SAN GIOVANNI,MILANO,LOMBARDIA,IST PROF PER I SERVIZI COMMERCIALI,commerciale_turistico_professionale,18,capacita_esaurita_o_oltre_max_km
202425,1.0,42,statale,SCUOLA SECONDARIA II GRADO,2,MITN10701B,I.T. ECONOMICO - D. MARIGNONI-M. POLO,MILANO,MILANO,LOMBARDIA,ISTITUTO TECNICO PER IL TURISMO,turismo_tecnico,3,capacita_esaurita_o_oltre_max_km
202425,1.0,42,statale,SCUOLA SECONDARIA II GRADO,2,SIRI004018,G. MARCONI SIENA,SIENA,SIENA,TOSCANA,IST PROF INDUSTRIA E ARTIGIANATO,industria_artigianato,10,capacita_esaurita_o_oltre_max_km
202425,1.0,42,statale,SCUOLA SECONDARIA II GRADO,2,BGTD008506,"""MAIRONI DA PONTE"" SER. TEC.",PRESEZZO,BERGAMO,LOMBARDIA,IST TECNICO ECONOMICO E TECNOLOGICO,commerciale_economico_tecnico,1,capacita_esaurita_o_oltre_max_km
202425,1.0,42,statale,SCUOLA SECONDARIA II GRADO,2,PGTD01301B,"ISTITUTO TECNICO ECONOMICO "" ROSSELLI""",CASTIGLIONE DEL LAGO,PERUGIA,UMBRIA,ISTITUTO TECNICO COMMERCIALE,commerciale_economico_tecnico,5,capacita_esaurita_o_oltre_max_km
202425,1.0,42,statale,SCUOLA SECONDARIA II GRADO,2,VIRI00701N,"IPSIA ""SILVIO CECCATO""",MONTECCHIO MAGGIORE,VICENZA,VENETO,IST PROF INDUSTRIA E ARTIGIANATO,industria_artigianato,11,capacita_esaurita_o_oltre_max_km
202425,1.0,42,statale,SCUOLA SECONDARIA II GRADO,2,VARI008515,"IPSIA ""PONTI""GALLARATE (SERALE)",GALLARATE,VARESE,LOMBARDIA,IST PROF INDUSTRIA E ARTIGIANATO,industria_artigianato,4,capacita_esaurita_o_oltre_max_km
202425,1.0,42,statale,SCUOLA SECONDARIA II GRADO,2,MORI002014,PRIMO LEVI,VIGNOLA,MODENA,EMILIA ROMAGNA,IST PROF INDUSTRIA E ARTIGIANATO,industria_artigianato,11,capacita_esaurita_o_oltre_max_km
202425,1.0,42,statale,SCUOLA SECONDARIA II GRADO,2,ARRI012013,ENRICO FERMI S.A. DI I.T.I.,BIBBIENA,AREZZO,TOSCANA,IST PROF INDUSTRIA E ARTIGIANATO,industria_artigianato,9,capacita_esaurita_o_oltre_max_km
202425,1.0,42,statale,SCUOLA SECONDARIA II GRADO,2,BSRI01701E,"ROVATO (SEZ.ASS.I.S.""GIGLI"")",ROVATO,BRESCIA,LOMBARDIA,IST PROF INDUSTRIA E ARTIGIANATO,industria_artigianato,18,capacita_esaurita_o_oltre_max_km
202425,1.0,42,statale,SCUOLA SECONDARIA II GRADO,2,TORI04000L,IPSIA DALMAZIO BIRAGO,TORINO,TORINO,PIEMONTE,IST PROF INDUSTRIA E ARTIGIANATO,industria_artigianato,23,capacita_esaurita_o_oltre_max_km
202425,1.0,42,statale,SCUOLA SECONDARIA II GRADO,2,BORI01901G,I.P.I.A. ALDINI VALERIANI,BOLOGNA,BOLOGNA,EMILIA ROMAGNA,IST PROF INDUSTRIA E ARTIGIANATO,industria_artigianato,15,capacita_esaurita_o_oltre_max_km
202425,1.0,42,statale,SCUOLA SECONDARIA II GRADO,2,CRRI00401T,I.P. ALA PONZONE CIMINO,CREMONA,CREMONA,LOMBARDIA,IST PROF INDUSTRIA E ARTIGIANATO,industria_artigianato,4,capacita_esaurita_o_oltre_max_km
202425,1.0,42,statale,SCUOLA SECONDARIA II GRADO,2,PGRC120003,GIANO DELL'UMBRIA,GIANO DELL'UMBRIA,PERUGIA,UMBRIA,IST PROF PER I SERVIZI COMMERCIALI,commerciale_turistico_professionale,5,capacita_esaurita_o_oltre_max_km
202425,1.0,42,statale,SCUOLA SECONDARIA II GRADO,2,PGRI03401T,"""GATTAPONE""",GUBBIO,PERUGIA,UMBRIA,IST PROF INDUSTRIA E ARTIGIANATO,industria_artigianato,5,capacita_esaurita_o_oltre_max_km
202425,1.0,42,statale,SCUOLA SECONDARIA II GRADO,2,MORC00601P,CARLO CATTANEO,MIRANDOLA,MODENA,EMILIA ROMAGNA,IST PROF PER I SERVIZI COMMERCIALI E TURISTICI,commerciale_turistico_professionale,11,capacita_esaurita_o_oltre_max_km
202425,1.0,42,statale,SCUOLA SECONDARIA II GRADO,2,MTTF018018,"I.TEC.IND. ""PITAGORA"" -POLICORO",POLICORO,MATERA,BASILICATA,ISTITUTO TECNICO INDUSTRIALE,industriale_tecnico,11,capacita_esaurita_o_oltre_max_km
202425,1.0,42,statale,SCUOLA SECONDARIA II GRADO,2,VRRI01000R,GIOVANNI GIORGI,VERONA,VERONA,VENETO,IST PROF INDUSTRIA E ARTIGIANATO,industria_artigianato,15,capacita_esaurita_o_oltre_max_km
202425,1.0,42,statale,SCUOLA SECONDARIA II GRADO,2,GRRI00301L,"""L.DA VINCI"" ARCIDOSSO",ARCIDOSSO,GROSSETO,TOSCANA,IST PROF INDUSTRIA E ARTIGIANATO,industria_artigianato,4,capacita_esaurita_o_oltre_max_km
202425,1.0,42,statale,SCUOLA SECONDARIA II GRADO,2,ALRC008018,DOMENICO CARBONE,TORTONA,ALESSANDRIA,PIEMONTE,IST PROF PER I SERVIZI COMMERCIALI,commerciale_turistico_professionale,4,capacita_esaurita_o_oltre_max_km
202425,1.0,42,statale,SCUOLA SECONDARIA II GRADO,2,PGRI02901A,ASSISI,ASSISI,PERUGIA,UMBRIA,IST PROF INDUSTRIA E ARTIGIANATO,industria_artigianato,4,capacita_esaurita_o_oltre_max_km
202425,1.0,42,statale,SCUOLA SECONDARIA II GRADO,2,SPRI00701V,"""CHIODO""",LA SPEZIA,LA SPEZIA,LIGURIA,IST PROF INDUSTRIA E ARTIGIANATO,industria_artigianato,16,capacita_esaurita_o_oltre_max_km
202425,1.0,42,statale,SCUOLA SECONDARIA II GRADO,2,PCRA002053,CASA CIRCONDARIALE,PIACENZA,PIACENZA,EMILIA ROMAGNA,IST PROF PER L'AGRICOLTURA E L'AMBIENTE,agricoltura,2,capacita_esaurita_o_oltre_max_km
202425,1.0,42,statale,SCUOLA SECONDARIA II GRADO,2,PGRC01401X,UMBERTIDE,UMBERTIDE,PERUGIA,UMBRIA,IST PROF PER I SERVIZI COMMERCIALI E TURISTICI,commerciale_turistico_professionale,6,capacita_esaurita_o_oltre_max_km
202425,1.0,42,statale,SCUOLA SECONDARIA II GRADO,2,RMRF11301Q,I.P.SIBILLA ALERAMO,ROMA,ROMA,LAZIO,IST PROF PER I SERVIZI SOCIALI,sociale,4,capacita_esaurita_o_oltre_max_km
202425,1.0,42,statale,SCUOLA SECONDARIA II GRADO,2,PCRC001012,"ISTITUTO PROFESSIONALE ""A.VOLTA""",CASTEL SAN GIOVANNI,PIACENZA,EMILIA ROMAGNA,IST PROF PER I SERVIZI COMMERCIALI E TURISTICI,commerciale_turistico_professionale,10,capacita_esaurita_o_oltre_max_km
202425,1.0,42,statale,SCUOLA SECONDARIA II GRADO,2,CEPS01401G,LICEO SCIENTIFICO CASTELVOLTURNO,CASTEL VOLTURNO,CASERTA,CAMPANIA,LICEO SCIENTIFICO,liceo_scientifico,3,capacita_esaurita_o_oltre_max_km
202425,1.0,42,statale,SCUOLA SECONDARIA II GRADO,2,BORI023017,ISTITUTO PROF.LE FIORAVANTI,BOLOGNA,BOLOGNA,EMILIA ROMAGNA,IST PROF INDUSTRIA E ARTIGIANATO,industria_artigianato,12,capacita_esaurita_o_oltre_max_km
202425,1.0,42,statale,SCUOLA SECONDARIA II GRADO,2,MIRC074014,I.P. - MARELLI DUDOVICH (SUCCURSALE),MILANO,MILANO,LOMBARDIA,IST PROF PER I SERVIZI COMMERCIALI,commerciale_turistico_professionale,12,capacita_esaurita_o_oltre_max_km
202425,1.0,42,statale,SCUOLA SECONDARIA II GRADO,2,PORC004028,IST. PROF. ALBERGHIERO F. DATINI,PRATO,PRATO,TOSCANA,IST PROF PER I SERVIZI COMMERCIALI E TURISTICI,commerciale_turistico_professionale,47,capacita_esaurita_o_oltre_max_km
202425,1.0,42,statale,SCUOLA SECONDARIA II GRADO,2,BGTD02301X,"""SERAFINO RIVA""",SARNICO,BERGAMO,LOMBARDIA,ISTITUTO TECNICO COMMERCIALE,commerciale_economico_tecnico,4,capacita_esaurita_o_oltre_max_km
202425,1.0,42,statale,SCUOLA SECONDARIA II GRADO,2,GRTD003028,"""PADRE E.BALDUCCI"" SANTA FIORA",SANTA FIORA,GROSSETO,TOSCANA,ISTITUTO TECNICO COMMERCIALE,commerciale_economico_tecnico,4,capacita_esaurita_o_oltre_max_km
202425,1.0,42,statale,SCUOLA SECONDARIA II GRADO,2,BORF02701G,I.P. SERV. SOC. E PUBBLICITA' E. SIRANI,BOLOGNA,BOLOGNA,EMILIA ROMAGNA,IST PROF PER I SERVIZI SOCIALI,sociale,11,capacita_esaurita_o_oltre_max_km
202425,1.0,42,statale,SCUOLA SECONDARIA II GRADO,2,VARC020502,"I.P.S.S.C.T.S. ""EINAUDI"" (CORSO SERALE)",VARESE,VARESE,LOMBARDIA,IST PROF PER I SERVIZI COMMERCIALI E TURISTICI,commerciale_turistico_professionale,5,capacita_esaurita_o_oltre_max_km
202425,1.0,42,statale,SCUOLA SECONDARIA II GRADO,2,FIRC02903N,"""SASSETTI - PERUZZI""",FIRENZE,FIRENZE,TOSCANA,IST PROF PER I SERVIZI COMMERCIALI,commerciale_turistico_professionale,18,capacita_esaurita_o_oltre_max_km
202425,1.0,42,statale,SCUOLA SECONDARIA II GRADO,2,TVRI02601Q,I.P.S.I.A. PITTONI CONEGLIANO,CONEGLIANO,TREVISO,VENETO,IST PROF INDUSTRIA E ARTIGIANATO,industria_artigianato,10,capacita_esaurita_o_oltre_max_km
202425,1.0,42,statale,SCUOLA SECONDARIA II GRADO,2,MORC00201B,PRIMO LEVI,VIGNOLA,MODENA,EMILIA ROMAGNA,IST PROF PER I SERVIZI COMMERCIALI,commerciale_turistico_professionale,12,capacita_esaurita_o_oltre_max_km
202425,1.0,42,statale,SCUOLA SECONDARIA II GRADO,2,MIRC09451P,I.P.-L. V. BERTARELLI-FERRARIS (SERALE),MILANO,MILANO,LOMBARDIA,IST PROF PER I SERVIZI COMMERCIALI E TURISTICI,commerciale_turistico_professionale,2,capacita_esaurita_o_oltre_max_km
202425,1.0,42,statale,SCUOLA SECONDARIA II GRADO,2,PGTD12000A,MAGIONE,MAGIONE,PERUGIA,UMBRIA,ISTITUTO TECNICO COMMERCIALE,commerciale_economico_tecnico,3,capacita_esaurita_o_oltre_max_km
202425,1.0,42,statale,SCUOLA SECONDARIA II GRADO,2,TORI07151P,ISTITUTO PROF. SETTIMO T.SE SERALE,SETTIMO TORINESE,TORINO,PIEMONTE,IST PROF INDUSTRIA E ARTIGIANATO,industria_artigianato,2,capacita_esaurita_o_oltre_max_km
202425,1.0,42,statale,SCUOLA SECONDARIA II GRADO,2,VERI00401V,THOMAS A. EDISON - ALESSANDRO VOLTA,VENEZIA,VENEZIA,VENETO,IST PROF INDUSTRIA E ARTIGIANATO,industria_artigianato,10,capacita_esaurita_o_oltre_max_km
202425,1.0,42,statale,SCUOLA SECONDARIA II GRADO,2,GOTN011011,ISTITUTO TECNICO PER IL TURISMO,MONFALCONE,GORIZIA,FRIULI-VENEZIA G.,ISTITUTO TECNICO PER IL TURISMO,turismo_tecnico,6,capacita_esaurita_o_oltre_max_km
202425,1.0,42,statale,SCUOLA SECONDARIA II GRADO,2,BORI024035,M. MALPIGHI - SCUOLA COORDINATA,SAN GIOVANNI IN PERSICETO,BOLOGNA,EMILIA ROMAGNA,IST PROF INDUSTRIA E ARTIGIANATO,industria_artigianato,6,capacita_esaurita_o_oltre_max_km
202425,1.0,42,statale,SCUOLA SECONDARIA II GRADO,2,PRRI010009,"""PRIMO LEVI""",PARMA,PARMA,EMILIA ROMAGNA,IST PROF INDUSTRIA E ARTIGIANATO,industria_artigianato,26,capacita_esaurita_o_oltre_max_km
202425,1.0,42,statale,SCUOLA SECONDARIA II GRADO,2,PVTD00701A,ITCG FARAVELLI - STRADELLA,STRADELLA,PAVIA,LOMBARDIA,IST TEC COMMERCIALE E PER GEOMETRI,commerciale_economico_tecnico,8,capacita_esaurita_o_oltre_max_km
202425,1.0,42,statale,SCUOLA SECONDARIA II GRADO,2,POSD003019,"LICEO ARTISTICO ""BRUNELLESCHI""- C. LIVI-",MONTEMURLO,PRATO,TOSCANA,ISTITUTO D'ARTE,artistico,24,capacita_esaurita_o_oltre_max_km
202425,1.0,42,statale,SCUOLA SECONDARIA II GRADO,2,TETD001015,"I.T.E. ""C. ROSA""",NERETO,TERAMO,ABRUZZO,ISTITUTO TECNICO COMMERCIALE,commerciale_economico_tecnico,9,capacita_esaurita_o_oltre_max_km
202425,1.0,42,statale,SCUOLA SECONDARIA II GRADO,2,FERI001015,I.P.S.I.A. ARGENTA,ARGENTA,FERRARA,EMILIA ROMAGNA,IST PROF INDUSTRIA E ARTIGIANATO,industria_artigianato,8,capacita_esaurita_o_oltre_max_km
202425,1.0,42,statale,SCUOLA SECONDARIA II GRADO,2,BSRI006014,"(SEZ. ASS. I.S. ""CARLO BERETTA"")",GARDONE VAL TROMPIA,BRESCIA,LOMBARDIA,IST PROF INDUSTRIA E ARTIGIANATO,industria_artigianato,10,capacita_esaurita_o_oltre_max_km
202425,1.0,42,statale,SCUOLA SECONDARIA II GRADO,2,RMTL032018,VALADIER,ROMA,ROMA,LAZIO,ISTITUTO TECNICO PER GEOMETRI,geometri,3,capacita_esaurita_o_oltre_max_km
202425,1.0,42,statale,SCUOLA SECONDARIA II GRADO,2,CNRI02901A,"MONDOVI' ""F. GARELLI""",MONDOVI',CUNEO,PIEMONTE,IST PROF INDUSTRIA E ARTIGIANATO,industria_artigianato,7,capacita_esaurita_o_oltre_max_km
202425,1.0,42,statale,SCUOLA SECONDARIA II GRADO,2,MIRC079017,I.P. - CATERINA DA SIENA,MILANO,MILANO,LOMBARDIA,IST PROF PER I SERVIZI COMMERCIALI,commerciale_turistico_professionale,18,capacita_esaurita_o_oltre_max_km
202425,1.0,42,statale,SCUOLA SECONDARIA II GRADO,2,MERI01101A,I.P.S.I.A.,BARCELLONA POZZO DI GOTTO,MESSINA,SICILIA,IST PROF INDUSTRIA E ARTIGIANATO,industria_artigianato,2,capacita_esaurita_o_oltre_max_km
202425,1.0,42,statale,SCUOLA SECONDARIA II GRADO,2,PSRF001014,"I.P.S.S.A.S. ""MONTEFELTRO""",SASSOCORVARO AUDITORE,PESARO E URBINO,MARCHE,IST PROF PER I SERVIZI SOCIALI,sociale,2,capacita_esaurita_o_oltre_max_km
202425,1.0,42,statale,SCUOLA SECONDARIA II GRADO,2,MNRI01401N,IPSIA VINCI MANTOVA,MANTOVA,MANTOVA,LOMBARDIA,IST PROF INDUSTRIA E ARTIGIANATO,industria_artigianato,6,capacita_esaurita_o_oltre_max_km
202425,1.0,42,statale,SCUOLA SECONDARIA II GRADO,2,PGRC00301D,"""SALVATORELLI-MONETA"" PROFESSIONALE",MARSCIANO,PERUGIA,UMBRIA,IST PROF PER I SERVIZI COMMERCIALI,commerciale_turistico_professionale,3,capacita_esaurita_o_oltre_max_km
202425,1.0,42,statale,SCUOLA SECONDARIA II GRADO,2,RNRH030012,S.P. MALATESTA-BELLARIA SEZ.ASSOCIATA,BELLARIA-IGEA-MARINA,RIMINI,EMILIA ROMAGNA,IST PROF PER I SERVIZI ALBERGHIERI E RISTORAZIONE,alberghiero_ristorazione,4,capacita_esaurita_o_oltre_max_km
202425,1.0,42,statale,SCUOLA SECONDARIA II GRADO,2,IMTN00601C,RUFFINI - TURISTICO,IMPERIA,IMPERIA,LIGURIA,ISTITUTO TECNICO PER IL TURISMO,turismo_tecnico,3,capacita_esaurita_o_oltre_max_km
202425,1.0,42,statale,SCUOLA SECONDARIA II GRADO,2,LCRI00301L,"""MARCO POLO""",COLICO,LECCO,LOMBARDIA,IST PROF INDUSTRIA E ARTIGIANATO,industria_artigianato,4,capacita_esaurita_o_oltre_max_km
202425,1.0,42,statale,SCUOLA SECONDARIA II GRADO,2,MCRI004012,F. CORRIDONI,RECANATI,MACERATA,MARCHE,IST PROF INDUSTRIA E ARTIGIANATO,industria_artigianato,2,capacita_esaurita_o_oltre_max_km
202425,1.0,42,statale,SCUOLA SECONDARIA II GRADO,2,MNTF00701B,I.T.TECNOLOGICO VIADANA,VIADANA,MANTOVA,LOMBARDIA,ISTITUTO TECNICO INDUSTRIALE,industriale_tecnico,2,capacita_esaurita_o_oltre_max_km
202425,1.0,42,statale,SCUOLA SECONDARIA II GRADO,2,PGRI033012,"""CAVOUR-MARCONI""",PERUGIA,PERUGIA,UMBRIA,IST PROF INDUSTRIA E ARTIGIANATO,industria_artigianato,9,capacita_esaurita_o_oltre_max_km
202425,1.0,42,statale,SCUOLA SECONDARIA II GRADO,2,POTL002019,A. GRAMSCI,PRATO,PRATO,TOSCANA,ISTITUTO TECNICO PER GEOMETRI,geometri,7,capacita_esaurita_o_oltre_max_km
202425,1.0,42,statale,SCUOLA SECONDARIA II GRADO,2,TORC052017,PROF. COMM. E SOCIO-SANIT. PAOLO BOSELLI,TORINO,TORINO,PIEMONTE,IST PROF PER I SERVIZI COMMERCIALI E TURISTICI,commerciale_turistico_professionale,12,capacita_esaurita_o_oltre_max_km
202425,1.0,42,statale,SCUOLA SECONDARIA II GRADO,2,MITL00401G,I.T. TECNOLOGICO - C. CATTANEO,MILANO,MILANO,LOMBARDIA,ISTITUTO TECNICO PER GEOMETRI,geometri,9,capacita_esaurita_o_oltre_max_km
202425,1.0,42,statale,SCUOLA SECONDARIA II GRADO,2,PGTF01401D,"ISTITUTO TECNICO ""L. DA VINCI""",UMBERTIDE,PERUGIA,UMBRIA,ISTITUTO TECNICO INDUSTRIALE,industriale_tecnico,3,capacita_esaurita_o_oltre_max_km
202425,1.0,42,statale,SCUOLA SECONDARIA II GRADO,2,VTRC006014,"""G. COLASANTI"" CIVITA CASTELLANA",CIVITA CASTELLANA,VITERBO,LAZIO,IST PROF PER I SERVIZI COMMERCIALI E TURISTICI,commerciale_turistico_professionale,5,capacita_esaurita_o_oltre_max_km
202425,1.0,42,statale,SCUOLA SECONDARIA II GRADO,2,PDRC027516,IPSC SER.(L. DA VINCI-PD),PADOVA,PADOVA,VENETO,IST PROF PER I SERVIZI COMMERCIALI,commerciale_turistico_professionale,1,capacita_esaurita_o_oltre_max_km
202425,1.0,42,statale,SCUOLA SECONDARIA II GRADO,2,PSRI007012,"""DELLA ROVERE""",URBANIA,PESARO E URBINO,MARCHE,IST PROF INDUSTRIA E ARTIGIANATO,industria_artigianato,4,capacita_esaurita_o_oltre_max_km
202425,1.0,42,statale,SCUOLA SECONDARIA II GRADO,2,IMRI00601X,RUFFINI - PROFESSIONALE,IMPERIA,IMPERIA,LIGURIA,IST PROF INDUSTRIA E ARTIGIANATO,industria_artigianato,7,capacita_esaurita_o_oltre_max_km
202425,1.0,42,statale,SCUOLA SECONDARIA II GRADO,2,PCRC00301N,A. CASALI,PIACENZA,PIACENZA,EMILIA ROMAGNA,IST PROF PER I SERVIZI COMMERCIALI E TURISTICI,commerciale_turistico_professionale,17,capacita_esaurita_o_oltre_max_km
202425,1.0,42,statale,SCUOLA SECONDARIA II GRADO,2,PVRC00901P,IT TECN. E IP SERV. - MARAGLIANO,VOGHERA,PAVIA,LOMBARDIA,IST PROF PER I SERVIZI COMMERCIALI,commerciale_turistico_professionale,8,capacita_esaurita_o_oltre_max_km
202425,1.0,42,statale,SCUOLA SECONDARIA II GRADO,2,BGTD006016,"""G.B. RUBINI""",ROMANO DI LOMBARDIA,BERGAMO,LOMBARDIA,IST TEC COMMERCIALE E PER GEOMETRI,commerciale_economico_tecnico,5,capacita_esaurita_o_oltre_max_km
202425,1.0,42,statale,SCUOLA SECONDARIA II GRADO,2,PVRC002508,IPC CASTOLDI - SERALE - VIGEVANO,VIGEVANO,PAVIA,LOMBARDIA,IST PROF PER I SERVIZI COMMERCIALI E TURISTICI,commerciale_turistico_professionale,1,capacita_esaurita_o_oltre_max_km
202425,1.0,42,statale,SCUOLA SECONDARIA II GRADO,2,RCTD001013,I.T.E. FAMILIARI MELITO P. S.,MELITO DI PORTO SALVO,REGGIO CALABRIA,CALABRIA,ISTITUTO TECNICO COMMERCIALE,commerciale_economico_tecnico,2,capacita_esaurita_o_oltre_max_km
202425,1.0,42,statale,SCUOLA SECONDARIA II GRADO,2,LURI01601N,"""G.GIORGI""",LUCCA,LUCCA,TOSCANA,IST PROF INDUSTRIA E ARTIGIANATO,industria_artigianato,10,capacita_esaurita_o_oltre_max_km
202425,1.0,42,statale,SCUOLA SECONDARIA II GRADO,2,FIRI003014,"IST. PROF. INDUS. ARTIGIAN. ""A.CHECCHI""",FUCECCHIO,FIRENZE,TOSCANA,IST PROF INDUSTRIA E ARTIGIANATO,industria_artigianato,6,capacita_esaurita_o_oltre_max_km
202425,1.0,42,statale,SCUOLA SECONDARIA II GRADO,2,CNRI00201A,"SAVIGLIANO ""G.MARCONI"" PMA",SAVIGLIANO,CUNEO,PIEMONTE,IST PROF INDUSTRIA E ARTIGIANATO,industria_artigianato,3,capacita_esaurita_o_oltre_max_km
202425,1.0,42,statale,SCUOLA SECONDARIA II GRADO,2,GERI07003T,CASA CIRC. DI MARASSI MEUCCI/GASLINI,GENOVA,GENOVA,LIGURIA,IST PROF INDUSTRIA E ARTIGIANATO,industria_artigianato,2,capacita_esaurita_o_oltre_max_km
202425,1.0,42,statale,SCUOLA SECONDARIA II GRADO,2,MCRI05002R,"IPSIA ""GILBERTO ERCOLI"" CAMERINO",CAMERINO,MACERATA,MARCHE,IST PROF INDUSTRIA E ARTIGIANATO,industria_artigianato,2,capacita_esaurita_o_oltre_max_km
202425,1.0,42,statale,SCUOLA SECONDARIA II GRADO,2,MIRC037015,I.P. -PIERO DELLA FRANCESCA (SUCCURSALE),MELEGNANO,MILANO,LOMBARDIA,IST PROF PER I SERVIZI COMMERCIALI,commerciale_turistico_professionale,4,capacita_esaurita_o_oltre_max_km
202425,1.0,42,statale,SCUOLA SECONDARIA II GRADO,2,PTRC01050L,LUIGI EINAUDI - CORSO SERALE -,PISTOIA,PISTOIA,TOSCANA,IST PROF PER I SERVIZI COMMERCIALI,commerciale_turistico_professionale,5,capacita_esaurita_o_oltre_max_km
202425,1.0,42,statale,SCUOLA SECONDARIA II GRADO,2,MITD04301Q,I. T. ECONOMICO - F. BESTA,MILANO,MILANO,LOMBARDIA,ISTITUTO TECNICO COMMERCIALE,commerciale_economico_tecnico,3,capacita_esaurita_o_oltre_max_km
202425,1.0,42,statale,SCUOLA SECONDARIA II GRADO,2,CERH01450N,IPSAR CASTEL VOLTURNO SERALE,CASTEL VOLTURNO,CASERTA,CAMPANIA,IST PROF PER I SERVIZI ALBERGHIERI E RISTORAZIONE,alberghiero_ristorazione,6,capacita_esaurita_o_oltre_max_km
202425,1.0,42,statale,SCUOLA SECONDARIA II GRADO,2,MORI030007,G.VALLAURI,CARPI,MODENA,EMILIA ROMAGNA,IST PROF INDUSTRIA E ARTIGIANATO,industria_artigianato,16,capacita_esaurita_o_oltre_max_km
202425,1.0,42,statale,SCUOLA SECONDARIA II GRADO,2,CNRC01401X,"SALUZZO ""S.PELLICO""",SALUZZO,CUNEO,PIEMONTE,IST PROF PER I SERVIZI COMMERCIALI E TURISTICI,commerciale_turistico_professionale,5,capacita_esaurita_o_oltre_max_km
202425,1.0,42,statale,SCUOLA SECONDARIA II GRADO,2,VERH04000D,ANDREA BARBARIGO,VENEZIA,VENEZIA,VENETO,IST PROF PER I SERVIZI ALBERGHIERI E RISTORAZIONE,alberghiero_ristorazione,14,capacita_esaurita_o_oltre_max_km
202425,1.0,42,statale,SCUOLA SECONDARIA II GRADO,2,RARC003016,POLO PROFESSIONALE DI LUGO,LUGO,RAVENNA,EMILIA ROMAGNA,IST PROF PER I SERVIZI COMMERCIALI E TURISTICI,commerciale_turistico_professionale,13,capacita_esaurita_o_oltre_max_km
202425,1.0,42,statale,SCUOLA SECONDARIA II GRADO,2,RMTL05201D,IST.TECNICO PER GEOMETRI,VELLETRI,ROMA,LAZIO,ISTITUTO TECNICO PER GEOMETRI,geometri,2,capacita_esaurita_o_oltre_max_km
202425,1.0,42,statale,SCUOLA SECONDARIA II GRADO,2,RNRH030001,"I.P.S.S.E.O.A. ""S.P. MALATESTA""",RIMINI,RIMINI,EMILIA ROMAGNA,IST PROF PER I SERVIZI ALBERGHIERI E RISTORAZIONE,alberghiero_ristorazione,10,capacita_esaurita_o_oltre_max_km
202425,1.0,42,statale,SCUOLA SECONDARIA II GRADO,2,BGRC033017,"""ZENALE E BUTINONE""",TREVIGLIO,BERGAMO,LOMBARDIA,IST PROF PER I SERVIZI COMMERCIALI E TURISTICI,commerciale_turistico_professionale,3,capacita_esaurita_o_oltre_max_km
202425,1.0,42,statale,SCUOLA SECONDARIA II GRADO,2,BORI024024,IP MARCELLO MALPIGHI,CREVALCORE,BOLOGNA,EMILIA ROMAGNA,IST PROF INDUSTRIA E ARTIGIANATO,industria_artigianato,2,capacita_esaurita_o_oltre_max_km
202425,1.0,42,statale,SCUOLA SECONDARIA II GRADO,2,LIRI00601L,E. SOLVAY,ROSIGNANO MARITTIMO,LIVORNO,TOSCANA,IST PROF INDUSTRIA E ARTIGIANATO,industria_artigianato,2,capacita_esaurita_o_oltre_max_km
202425,1.0,42,statale,SCUOLA SECONDARIA II GRADO,2,MORI008013,GALILEO GALILEI,MIRANDOLA,MODENA,EMILIA ROMAGNA,IST PROF INDUSTRIA E ARTIGIANATO,industria_artigianato,8,capacita_esaurita_o_oltre_max_km
202425,1.0,42,statale,SCUOLA SECONDARIA II GRADO,2,MSRI01103G,IST. PROF.LE PONTREMOLI,PONTREMOLI,MASSA-CARRARA,TOSCANA,IST PROF INDUSTRIA E ARTIGIANATO,industria_artigianato,2,capacita_esaurita_o_oltre_max_km
202425,1.0,42,statale,SCUOLA SECONDARIA II GRADO,2,SVRI00601D,"IST. PROF.LE ID. ART. ""L. DA VINCI""SV",SAVONA,SAVONA,LIGURIA,IST PROF INDUSTRIA E ARTIGIANATO,industria_artigianato,3,capacita_esaurita_o_oltre_max_km
202425,1.0,42,statale,SCUOLA SECONDARIA II GRADO,2,VRRC009011,SANMICHELI SERVIZI COMMERCIALI-MODA-IFP,VERONA,VERONA,VENETO,IST PROF PER I SERVIZI COMMERCIALI,commerciale_turistico_professionale,11,capacita_esaurita_o_oltre_max_km
202425,1.0,42,statale,SCUOLA SECONDARIA II GRADO,2,BORI003012,G.BRUNO - SCUOLA COORDINATA,MOLINELLA,BOLOGNA,EMILIA ROMAGNA,IST PROF INDUSTRIA E ARTIGIANATO,industria_artigianato,2,capacita_esaurita_o_oltre_max_km
202425,1.0,42,statale,SCUOLA SECONDARIA II GRADO,2,RMRC08701P,MARCO POLO,MONTEROTONDO,ROMA,LAZIO,IST PROF PER I SERVIZI COMMERCIALI E TURISTICI,commerciale_turistico_professionale,2,capacita_esaurita_o_oltre_max_km
202425,1.0,42,statale,SCUOLA SECONDARIA II GRADO,2,TRRI030005,"I.O. TERNI ""IPSIA"" - C.P.I.A.",TERNI,TERNI,UMBRIA,IST PROF INDUSTRIA E ARTIGIANATO,industria_artigianato,5,capacita_esaurita_o_oltre_max_km
202425,1.0,42,statale,SCUOLA SECONDARIA II GRADO,2,MITD02301E,I.T. ECONOMICO E TECNOL. - G. CARDANO,MILANO,MILANO,LOMBARDIA,IST TEC COMMERCIALE E PER GEOMETRI,commerciale_economico_tecnico,7,capacita_esaurita_o_oltre_max_km
202425,1.0,42,statale,SCUOLA SECONDARIA II GRADO,2,ATRI007016,A. CASTIGLIANO,ASTI,ASTI,PIEMONTE,IST PROF INDUSTRIA E ARTIGIANATO,industria_artigianato,9,capacita_esaurita_o_oltre_max_km
202425,1.0,42,statale,SCUOLA SECONDARIA II GRADO,2,ANRC01301A,"I.I.S. ""PODESTI - CALZECCHI ONESTI""",ANCONA,ANCONA,MARCHE,IST PROF PER I SERVIZI COMMERCIALI E TURISTICI,commerciale_turistico_professionale,8,capacita_esaurita_o_oltre_max_km
202425,1.0,42,statale,SCUOLA SECONDARIA II GRADO,2,RORC008018,"I.P. ""MARCO POLO"" - ROVIGO",ROVIGO,ROVIGO,VENETO,IST PROF PER I SERVIZI COMMERCIALI,commerciale_turistico_professionale,4,capacita_esaurita_o_oltre_max_km
202425,1.0,42,statale,SCUOLA SECONDARIA II GRADO,2,TORI04702D,G. GALILEI,TORINO,TORINO,PIEMONTE,IST PROF INDUSTRIA E ARTIGIANATO,industria_artigianato,3,capacita_esaurita_o_oltre_max_km
202425,1.0,42,statale,SCUOLA SECONDARIA II GRADO,2,UDTD00401T,"ISTITUTO TECNICO ECONOMICO ""MATTEI""",LATISANA,UDINE,FRIULI-VENEZIA G.,ISTITUTO TECNICO COMMERCIALE,commerciale_economico_tecnico,2,capacita_esaurita_o_oltre_max_km
202425,1.0,42,statale,SCUOLA SECONDARIA II GRADO,2,PGRI01301R,"""ROSSELLI""",CASTIGLIONE DEL LAGO,PERUGIA,UMBRIA,IST PROF INDUSTRIA E ARTIGIANATO,industria_artigianato,3,capacita_esaurita_o_oltre_max_km
202425,1.0,42,statale,SCUOLA SECONDARIA II GRADO,2,VVPC04000D,"LICEO CLASSICO ""BRUNO VINCI""",NICOTERA,VIBO VALENTIA,CALABRIA,LICEO CLASSICO,liceo_classico,3,capacita_esaurita_o_oltre_max_km
202425,1.0,42,statale,SCUOLA SECONDARIA II GRADO,2,MBRI104018,"IPSIA ""ENZO ANSELMO FERRARI""",MONZA,MONZA E DELLA BRIANZA,LOMBARDIA,IST PROF INDUSTRIA E ARTIGIANATO,industria_artigianato,6,capacita_esaurita_o_oltre_max_km
202425,1.0,42,statale,SCUOLA SECONDARIA II GRADO,2,APRI02000Q,"""O. RICCI""",FERMO,FERMO,MARCHE,IST PROF INDUSTRIA E ARTIGIANATO,industria_artigianato,8,capacita_esaurita_o_oltre_max_km
202425,1.0,42,statale,SCUOLA SECONDARIA II GRADO,2,FIRI00601G,IST. PROF. STATO CELLINI-TORNABUONI,FIRENZE,FIRENZE,TOSCANA,IST PROF INDUSTRIA E ARTIGIANATO,industria_artigianato,1,capacita_esaurita_o_oltre_max_km
202425,1.0,42,statale,SCUOLA SECONDARIA II GRADO,2,AQRA017043,"""ARRIGO SERPIERI""",PRATOLA PELIGNA,L'AQUILA,ABRUZZO,IST PROF PER L'AGRICOLTURA E L'AMBIENTE,agricoltura,1,capacita_esaurita_o_oltre_max_km
202425,1.0,42,statale,SCUOLA SECONDARIA II GRADO,2,AQRI014014,IST. PROF.LE INDUSTRIA E ARTIGIANATO,AVEZZANO,L'AQUILA,ABRUZZO,IST PROF INDUSTRIA E ARTIGIANATO,industria_artigianato,1,capacita_esaurita_o_oltre_max_km
202425,1.0,42,statale,SCUOLA SECONDARIA II GRADO,2,ARRI00701G,MARGARITONE,AREZZO,AREZZO,TOSCANA,IST PROF INDUSTRIA E ARTIGIANATO,industria_artigianato,3,capacita_esaurita_o_oltre_max_km
202425,1.0,42,statale,SCUOLA SECONDARIA II GRADO,2,BORC00302A,G. BRUNO - SEDE COORDINATA,MOLINELLA,BOLOGNA,EMILIA ROMAGNA,IST PROF PER I SERVIZI COMMERCIALI,commerciale_turistico_professionale,1,capacita_esaurita_o_oltre_max_km
202425,1.0,42,statale,SCUOLA SECONDARIA II GRADO,2,CRTL00101B,"""G. ROMANI""",CASALMAGGIORE,CREMONA,LOMBARDIA,ISTITUTO TECNICO PER GEOMETRI,geometri,1,capacita_esaurita_o_oltre_max_km
202425,1.0,42,statale,SCUOLA SECONDARIA II GRADO,2,GERC00603T,CASA CIRCONDARIALE DI MARASSI / RUFFINI,GENOVA,GENOVA,LIGURIA,IST PROF PER I SERVIZI COMMERCIALI,commerciale_turistico_professionale,2,capacita_esaurita_o_oltre_max_km
202425,1.0,42,statale,SCUOLA SECONDARIA II GRADO,2,MCRI010019,"""F. CORRIDONI""",CIVITANOVA MARCHE,MACERATA,MARCHE,IST PROF INDUSTRIA E ARTIGIANATO,industria_artigianato,1,capacita_esaurita_o_oltre_max_km
202425,1.0,42,statale,SCUOLA SECONDARIA II GRADO,2,MIRI077018,I.P. - GALILEI LUXEMBURG (SUCCURSALE),MILANO,MILANO,LOMBARDIA,IST PROF INDUSTRIA E ARTIGIANATO,industria_artigianato,4,capacita_esaurita_o_oltre_max_km
202425,1.0,42,statale,SCUOLA SECONDARIA II GRADO,2,PGRC00201N,"""R. CASIMIRI""",GUALDO TADINO,PERUGIA,UMBRIA,IST PROF PER I SERVIZI COMMERCIALI,commerciale_turistico_professionale,1,capacita_esaurita_o_oltre_max_km
202425,1.0,42,statale,SCUOLA SECONDARIA II GRADO,2,PGRI03101A,SPOLETO,SPOLETO,PERUGIA,UMBRIA,IST PROF INDUSTRIA E ARTIGIANATO,industria_artigianato,2,capacita_esaurita_o_oltre_max_km
202425,1.0,42,statale,SCUOLA SECONDARIA II GRADO,2,PGTD03401C,ITE-GATTAPONE,GUBBIO,PERUGIA,UMBRIA,ISTITUTO TECNICO COMMERCIALE,commerciale_economico_tecnico,2,capacita_esaurita_o_oltre_max_km
202425,1.0,42,statale,SCUOLA SECONDARIA II GRADO,2,PSRH004013,"I.P.SER.ALBERG. ""G.CELLI""",PIOBBICO,PESARO E URBINO,MARCHE,IST PROF PER I SERVIZI ALBERGHIERI E RISTORAZIONE,alberghiero_ristorazione,2,capacita_esaurita_o_oltre_max_km
202425,1.0,42,statale,SCUOLA SECONDARIA II GRADO,2,PSRI00301P,POLO3-PROF.LE MANUTENZIONE E ASS.TECNICA,FANO,PESARO E URBINO,MARCHE,IST PROF INDUSTRIA E ARTIGIANATO,industria_artigianato,1,capacita_esaurita_o_oltre_max_km
202425,1.0,42,statale,SCUOLA SECONDARIA II GRADO,2,RERI070003,"IPIA ANN.CONVITTO ""CORSO""",CORREGGIO,REGGIO EMILIA,EMILIA ROMAGNA,IST PROF INDUSTRIA E ARTIGIANATO,industria_artigianato,2,capacita_esaurita_o_oltre_max_km
202425,1.0,42,statale,SCUOLA SECONDARIA II GRADO,2,VERC00451G,L. LUZZATTI - SERALE,VENEZIA,VENEZIA,VENETO,IST PROF PER I SERVIZI COMMERCIALI E TURISTICI,commerciale_turistico_professionale,1,capacita_esaurita_o_oltre_max_km
202425,1.0,42,statale,SCUOLA SECONDARIA II GRADO,2,GERI07000P,I.P.S. I.S. GASLINI/MEUCCI,GENOVA,GENOVA,LIGURIA,IST PROF INDUSTRIA E ARTIGIANATO,industria_artigianato,8,capacita_esaurita_o_oltre_max_km
202425,1.0,42,statale,SCUOLA SECONDARIA II GRADO,2,ANRI02301N,IPSIA PIERALISI,JESI,ANCONA,MARCHE,IST PROF INDUSTRIA E ARTIGIANATO,industria_artigianato,4,capacita_esaurita_o_oltre_max_km
202425,1.0,42,statale,SCUOLA SECONDARIA II GRADO,2,BORI01402D,IPIA F.ALBERGHETTI - SEZIONE ASSOCIATA,IMOLA,BOLOGNA,EMILIA ROMAGNA,IST PROF INDUSTRIA E ARTIGIANATO,industria_artigianato,3,capacita_esaurita_o_oltre_max_km
202425,1.0,42,statale,SCUOLA SECONDARIA II GRADO,2,PTRI002012,ISTITUTO A. PACINOTTI,PESCIA,PISTOIA,TOSCANA,IST PROF INDUSTRIA E ARTIGIANATO,industria_artigianato,4,capacita_esaurita_o_oltre_max_km
202425,1.0,42,statale,SCUOLA SECONDARIA II GRADO,2,PVRI00201L,IPSIA RONCALLI - VIGEVANO,VIGEVANO,PAVIA,LOMBARDIA,IST PROF INDUSTRIA E ARTIGIANATO,industria_artigianato,2,capacita_esaurita_o_oltre_max_km
202425,1.0,42,statale,SCUOLA SECONDARIA II GRADO,2,BGRC03801A,"""GUIDO GALLI""",BERGAMO,BERGAMO,LOMBARDIA,IST PROF PER I SERVIZI COMMERCIALI,commerciale_turistico_professionale,1,capacita_esaurita_o_oltre_max_km
202425,1.0,42,statale,SCUOLA SECONDARIA II GRADO,2,CNRC026016,"MONDOVI' ""M.BELLISARIO""",MONDOVI',CUNEO,PIEMONTE,IST PROF PER I SERVIZI COMMERCIALI,commerciale_turistico_professionale,2,capacita_esaurita_o_oltre_max_km
202425,1.0,42,statale,SCUOLA SECONDARIA II GRADO,2,BSRI001011,I.I.S. TASSARA - GHISLANDI,BRENO,BRESCIA,LOMBARDIA,IST PROF INDUSTRIA E ARTIGIANATO,industria_artigianato,3,capacita_esaurita_o_oltre_max_km
202425,1.0,42,statale,SCUOLA SECONDARIA II GRADO,2,MIRH010009,I.P. - A. VESPUCCI,MILANO,MILANO,LOMBARDIA,IST PROF PER I SERVIZI ALBERGHIERI E RISTORAZIONE,alberghiero_ristorazione,7,capacita_esaurita_o_oltre_max_km
202425,1.0,42,statale,SCUOLA SECONDARIA II GRADO,2,PORF00601L,IST. PROF. PER I SERV. SOC. P. DAGOMARI,PRATO,PRATO,TOSCANA,IST PROF PER I SERVIZI SOCIALI,sociale,2,capacita_esaurita_o_oltre_max_km
202425,1.0,42,statale,SCUOLA SECONDARIA II GRADO,2,BORC01601B,MANFREDI,BOLOGNA,BOLOGNA,EMILIA ROMAGNA,IST PROF PER I SERVIZI COMMERCIALI E TURISTICI,commerciale_turistico_professionale,4,capacita_esaurita_o_oltre_max_km
202425,1.0,42,statale,SCUOLA SECONDARIA II GRADO,2,BGRI15000D,"""CESARE PESENTI""",BERGAMO,BERGAMO,LOMBARDIA,IST PROF INDUSTRIA E ARTIGIANATO,industria_artigianato,4,capacita_esaurita_o_oltre_max_km
202425,1.0,42,statale,SCUOLA SECONDARIA II GRADO,2,BSRC00902X,LENO SERVIZI COMMERCIALI,LENO,BRESCIA,LOMBARDIA,IST PROF PER I SERVIZI COMMERCIALI E TURISTICI,commerciale_turistico_professionale,2,capacita_esaurita_o_oltre_max_km
202425,1.0,42,statale,SCUOLA SECONDARIA II GRADO,2,CNTF02201C,"ISTRUZIONE SUPERIORE ""ARIMONDI-EULA""",RACCONIGI,CUNEO,PIEMONTE,ISTITUTO TECNICO INDUSTRIALE,industriale_tecnico,1,capacita_esaurita_o_oltre_max_km
202425,1.0,42,statale,SCUOLA SECONDARIA II GRADO,2,PVRC00201X,IPC F. CASTOLDI - VIGEVANO,VIGEVANO,PAVIA,LOMBARDIA,IST PROF PER I SERVIZI COMMERCIALI E TURISTICI,commerciale_turistico_professionale,2,capacita_esaurita_o_oltre_max_km
202425,1.0,42,statale,SCUOLA SECONDARIA II GRADO,2,TVRI023018,I.P.S.I.A. GIORGI,TREVISO,TREVISO,VENETO,IST PROF INDUSTRIA E ARTIGIANATO,industria_artigianato,3,capacita_esaurita_o_oltre_max_km
202425,1.0,42,statale,SCUOLA SECONDARIA II GRADO,2,MOTD006012,GIUSEPPE LUOSI,MIRANDOLA,MODENA,EMILIA ROMAGNA,ISTITUTO TECNICO COMMERCIALE,commerciale_economico_tecnico,4,capacita_esaurita_o_oltre_max_km
202425,1.0,42,statale,SCUOLA SECONDARIA II GRADO,2,UDRC013019,ENRICO MATTEI,PALMANOVA,UDINE,FRIULI-VENEZIA G.,IST PROF PER I SERVIZI COMMERCIALI,commerciale_turistico_professionale,1,capacita_esaurita_o_oltre_max_km
202425,1.0,42,statale,SCUOLA SECONDARIA II GRADO,2,RNRI010007,"I.P.S.I.A. ""L.B. ALBERTI""",RIMINI,RIMINI,EMILIA ROMAGNA,IST PROF INDUSTRIA E ARTIGIANATO,industria_artigianato,5,capacita_esaurita_o_oltre_max_km
202425,1.0,42,statale,SCUOLA SECONDARIA II GRADO,2,MITN09401E,IST. TECN. E LICEO- BERTARELLI-FERRARIS,MILANO,MILANO,LOMBARDIA,ISTITUTO TECNICO PER IL TURISMO,turismo_tecnico,1,capacita_esaurita_o_oltre_max_km
202425,1.0,42,statale,SCUOLA SECONDARIA II GRADO,2,BOTF001017,LEONARDO DA VINCI,ALTO RENO TERME,BOLOGNA,EMILIA ROMAGNA,ISTITUTO TECNICO INDUSTRIALE,industriale_tecnico,2,capacita_esaurita_o_oltre_max_km
202425,1.0,42,statale,SCUOLA SECONDARIA II GRADO,2,PVRI01601E,IP CALVI,VOGHERA,PAVIA,LOMBARDIA,IST PROF INDUSTRIA E ARTIGIANATO,industria_artigianato,1,capacita_esaurita_o_oltre_max_km
202425,1.0,42,statale,SCUOLA SECONDARIA II GRADO,2,MCRI010008,"""F. CORRIDONI""",CORRIDONIA,MACERATA,MARCHE,IST PROF INDUSTRIA E ARTIGIANATO,industria_artigianato,2,capacita_esaurita_o_oltre_max_km
202425,1.0,42,statale,SCUOLA SECONDARIA II GRADO,2,PGRC033019,"""B. PASCAL""",PERUGIA,PERUGIA,UMBRIA,IST PROF PER I SERVIZI COMMERCIALI E TURISTICI,commerciale_turistico_professionale,1,capacita_esaurita_o_oltre_max_km
202425,1.0,42,statale,SCUOLA SECONDARIA II GRADO,2,TVRH01004T,IPSSEOA G. MAFFIOLI MONTEBELLUNA,MONTEBELLUNA,TREVISO,VENETO,IST PROF PER I SERVIZI ALBERGHIERI E RISTORAZIONE,alberghiero_ristorazione,1,capacita_esaurita_o_oltre_max_km
202425,1.0,42,statale,SCUOLA SECONDARIA II GRADO,2,TORC053013,V. BOSSO - A. MONTI,TORINO,TORINO,PIEMONTE,IST PROF PER I SERVIZI COMMERCIALI E TURISTICI,commerciale_turistico_professionale,2,capacita_esaurita_o_oltre_max_km
202425,1.0,42,statale,SCUOLA SECONDARIA II GRADO,2,MTRI01801B,"I.P.IND.E ART. ""PITAGORA"" -POLICORO",POLICORO,MATERA,BASILICATA,IST PROF INDUSTRIA E ARTIGIANATO,industria_artigianato,1,capacita_esaurita_o_oltre_max_km
202425,1.0,42,statale,SCUOLA SECONDARIA II GRADO,2,PNRC00801T,ISTITUTO ISTRUZIONE SUPERIORE F. FLORA,PORDENONE,PORDENONE,FRIULI-VENEZIA G.,IST PROF PER I SERVIZI COMMERCIALI E TURISTICI,commerciale_turistico_professionale,2,capacita_esaurita_o_oltre_max_km
202425,1.0,42,statale,SCUOLA SECONDARIA II GRADO,2,BNRH01201L,COLLE SANNITA,COLLE SANNITA,BENEVENTO,CAMPANIA,IST PROF PER I SERVIZI ALBERGHIERI E RISTORAZIONE,alberghiero_ristorazione,1,capacita_esaurita_o_oltre_max_km
202425,1.0,42,statale,SCUOLA SECONDARIA II GRADO,2,BORC03000L,IPSAS ALDROVANDI - RUBBIANI,BOLOGNA,BOLOGNA,EMILIA ROMAGNA,IST PROF PER I SERVIZI COMMERCIALI E TURISTICI,commerciale_turistico_professionale,2,capacita_esaurita_o_oltre_max_km
202425,1.0,42,statale,SCUOLA SECONDARIA II GRADO,2,LCRC01101V,"I.I.S.S. ""G.PARINI""",LECCO,LECCO,LOMBARDIA,IST PROF PER I SERVIZI COMMERCIALI,commerciale_turistico_professionale,1,capacita_esaurita_o_oltre_max_km
202425,1.0,42,statale,SCUOLA SECONDARIA II GRADO,2,PDRC02701R,I.P.S.C. (S.A. IIS L.DA VINCI)-PADOVA,PADOVA,PADOVA,VENETO,IST PROF PER I SERVIZI COMMERCIALI,commerciale_turistico_professionale,2,capacita_esaurita_o_oltre_max_km
202425,1.0,42,statale,SCUOLA SECONDARIA II GRADO,2,RMTD087012,VIA 2 GIUGNO - FONTENUOVA,FONTE NUOVA,ROMA,LAZIO,ISTITUTO TECNICO COMMERCIALE,commerciale_economico_tecnico,1,capacita_esaurita_o_oltre_max_km
202425,1.0,42,statale,SCUOLA SECONDARIA II GRADO,2,PIRI02000G,IPSIA A.PACINOTTI,PONTEDERA,PISA,TOSCANA,IST PROF INDUSTRIA E ARTIGIANATO,industria_artigianato,2,capacita_esaurita_o_oltre_max_km
202425,1.0,42,statale,SCUOLA SECONDARIA II GRADO,2,PRTF008017,GADDA TECNICO FORNOVO TARO,FORNOVO DI TARO,PARMA,EMILIA ROMAGNA,ISTITUTO TECNICO INDUSTRIALE,industriale_tecnico,1,capacita_esaurita_o_oltre_max_km
202425,1.0,42,statale,SCUOLA SECONDARIA II GRADO,2,TORC05401V,IST.PROF. SERV. COMM. E SOC. C.I. GIULIO,TORINO,TORINO,PIEMONTE,IST PROF PER I SERVIZI COMMERCIALI E TURISTICI,commerciale_turistico_professionale,1,capacita_esaurita_o_oltre_max_km
202425,1.0,42,statale,SCUOLA SECONDARIA II GRADO,2,BGRF02601T,"PROF.SOCIO SANITARIO ""MAMOLI""",BERGAMO,BERGAMO,LOMBARDIA,IST PROF PER I SERVIZI SOCIALI,sociale,1,capacita_esaurita_o_oltre_max_km
202425,1.0,42,statale,SCUOLA SECONDARIA II GRADO,2,TVRC02801P,IST. PROF. SER. COMM.LI-SOCIO SAN. OBICI,ODERZO,TREVISO,VENETO,IST PROF PER I SERVIZI COMMERCIALI E TURISTICI,commerciale_turistico_professionale,1,capacita_esaurita_o_oltre_max_km
202425,1.0,42,statale,SCUOLA SECONDARIA II GRADO,3,RMTN124513,C. COLOMBO SERALE,ROMA,ROMA,LAZIO,ISTITUTO TECNICO PER IL TURISMO,turismo_tecnico,12,capacita_esaurita_o_oltre_max_km
202425,1.0,42,statale,SCUOLA SECONDARIA II GRADO,3,COPM02000B,LICEO TERESA CICERI,COMO,COMO,LOMBARDIA,ISTITUTO MAGISTRALE,magistrale,180,capacita_esaurita_o_oltre_max_km
202425,1.0,42,statale,SCUOLA SECONDARIA II GRADO,3,VARI008515,"IPSIA ""PONTI""GALLARATE (SERALE)",GALLARATE,VARESE,LOMBARDIA,IST PROF INDUSTRIA E ARTIGIANATO,industria_artigianato,4,capacita_esaurita_o_oltre_max_km
202425,1.0,42,statale,SCUOLA SECONDARIA II GRADO,3,PCRA002053,CASA CIRCONDARIALE,PIACENZA,PIACENZA,EMILIA ROMAGNA,IST PROF PER L'AGRICOLTURA E L'AMBIENTE,agricoltura,6,capacita_esaurita_o_oltre_max_km
202425,1.0,42,statale,SCUOLA SECONDARIA II GRADO,3,BGRI004519,"""ARCHIMEDE"" (CORSO SERALE)",TREVIGLIO,BERGAMO,LOMBARDIA,IST PROF INDUSTRIA E ARTIGIANATO,industria_artigianato,7,capacita_esaurita_o_oltre_max_km
202425,1.0,42,statale,SCUOLA SECONDARIA II GRADO,3,MITD04751C,I.T. ECONOMICO - E. DE NICOLA (SERALE),SESTO SAN GIOVANNI,MILANO,LOMBARDIA,IST TEC COMMERCIALE E PER GEOMETRI,commerciale_economico_tecnico,1,capacita_esaurita_o_oltre_max_km
202425,1.0,42,statale,SCUOLA SECONDARIA II GRADO,3,MIRI08951X,I.P. - G. PUECHER-A. OLIVETTI (SERALE),RHO,MILANO,LOMBARDIA,IST PROF INDUSTRIA E ARTIGIANATO,industria_artigianato,5,capacita_esaurita_o_oltre_max_km
202425,1.0,42,statale,SCUOLA SECONDARIA II GRADO,3,MIRI072015,I.P. - SEVERI CORRENTI,MILANO,MILANO,LOMBARDIA,IST PROF INDUSTRIA E ARTIGIANATO,industria_artigianato,58,capacita_esaurita_o_oltre_max_km
202425,1.0,42,statale,SCUOLA SECONDARIA II GRADO,3,RGRC00450B,IST. PROF. SERVIZI SERALE VERGA,MODICA,RAGUSA,SICILIA,IST PROF PER I SERVIZI COMMERCIALI E TURISTICI,commerciale_turistico_professionale,2,capacita_esaurita_o_oltre_max_km
202425,1.0,42,statale,SCUOLA SECONDARIA II GRADO,3,TVRI02351N,I.P.S.I.A. GIORGI SERALE TREVISO,TREVISO,TREVISO,VENETO,IST PROF INDUSTRIA E ARTIGIANATO,industria_artigianato,8,capacita_esaurita_o_oltre_max_km
202425,1.0,42,statale,SCUOLA SECONDARIA II GRADO,3,RMRI119513,PERCORSO II LIVELLO DE AMICIS CATTANEO,ROMA,ROMA,LAZIO,IST PROF INDUSTRIA E ARTIGIANATO,industria_artigianato,35,capacita_esaurita_o_oltre_max_km
202425,1.0,42,statale,SCUOLA SECONDARIA II GRADO,3,BORF02750X,SERVIZI SOCIALI SIRANI SERALE,BOLOGNA,BOLOGNA,EMILIA ROMAGNA,IST PROF PER I SERVIZI SOCIALI,sociale,16,capacita_esaurita_o_oltre_max_km
202425,1.0,42,statale,SCUOLA SECONDARIA II GRADO,3,TORC037015,L. LAGRANGE,TORINO,TORINO,PIEMONTE,IST PROF PER I SERVIZI COMMERCIALI,commerciale_turistico_professionale,25,capacita_esaurita_o_oltre_max_km
202425,1.0,42,statale,SCUOLA SECONDARIA II GRADO,3,MNRC006012,I.I.S.S. G. GREGGIATI - IST. PROFESS.,OSTIGLIA,MANTOVA,LOMBARDIA,IST PROF PER I SERVIZI COMMERCIALI,commerciale_turistico_professionale,21,capacita_esaurita_o_oltre_max_km
202425,1.0,42,statale,SCUOLA SECONDARIA II GRADO,3,MIRI094012,I.P. - L. V. BERTARELLI-FERRARIS (SUCC.),MILANO,MILANO,LOMBARDIA,IST PROF INDUSTRIA E ARTIGIANATO,industria_artigianato,24,capacita_esaurita_o_oltre_max_km
202425,1.0,42,statale,SCUOLA SECONDARIA II GRADO,3,MIRI07401R,I.P. - MARELLI DUDOVICH,MILANO,MILANO,LOMBARDIA,IST PROF INDUSTRIA E ARTIGIANATO,industria_artigianato,27,capacita_esaurita_o_oltre_max_km
202425,1.0,42,statale,SCUOLA SECONDARIA II GRADO,3,LURI016513,GIORGI,LUCCA,LUCCA,TOSCANA,IST PROF INDUSTRIA E ARTIGIANATO,industria_artigianato,15,capacita_esaurita_o_oltre_max_km
202425,1.0,42,statale,SCUOLA SECONDARIA II GRADO,3,BGRF00601L,"""G.B. RUBINI""",ROMANO DI LOMBARDIA,BERGAMO,LOMBARDIA,IST PROF PER I SERVIZI SOCIALI,sociale,26,capacita_esaurita_o_oltre_max_km
202425,1.0,42,statale,SCUOLA SECONDARIA II GRADO,3,ANRC01351Q,"I.I.S. ""PODESTI - CALZECCHI ONESTI""",ANCONA,ANCONA,MARCHE,IST PROF PER I SERVIZI COMMERCIALI E TURISTICI,commerciale_turistico_professionale,14,capacita_esaurita_o_oltre_max_km
202425,1.0,42,statale,SCUOLA SECONDARIA II GRADO,3,BSRI01601P,PRIMO LEVI SEZ. ASS. IPSIA LUMEZZANE,LUMEZZANE,BRESCIA,LOMBARDIA,IST PROF INDUSTRIA E ARTIGIANATO,industria_artigianato,5,capacita_esaurita_o_oltre_max_km
202425,1.0,42,statale,SCUOLA SECONDARIA II GRADO,3,FERI01201G,"I.P.S.I.A. ""E.I D'ESTE""",FERRARA,FERRARA,EMILIA ROMAGNA,IST PROF INDUSTRIA E ARTIGIANATO,industria_artigianato,9,capacita_esaurita_o_oltre_max_km
202425,1.0,42,statale,SCUOLA SECONDARIA II GRADO,3,MIRC02801A,I.P. - E. MONTALE,CINISELLO BALSAMO,MILANO,LOMBARDIA,IST PROF PER I SERVIZI COMMERCIALI E TURISTICI,commerciale_turistico_professionale,33,capacita_esaurita_o_oltre_max_km
202425,1.0,42,statale,SCUOLA SECONDARIA II GRADO,3,MIRC094019,I.P. - L. V. BERTARELLI - FERRARIS,MILANO,MILANO,LOMBARDIA,IST PROF PER I SERVIZI COMMERCIALI E TURISTICI,commerciale_turistico_professionale,5,capacita_esaurita_o_oltre_max_km
202425,1.0,42,statale,SCUOLA SECONDARIA II GRADO,3,SPRC00752L,"""L.EINAUDI"" SERALE",LA SPEZIA,LA SPEZIA,LIGURIA,IST PROF PER I SERVIZI COMMERCIALI E TURISTICI,commerciale_turistico_professionale,4,capacita_esaurita_o_oltre_max_km
202425,1.0,42,statale,SCUOLA SECONDARIA II GRADO,3,BGTF004505,"""ARCHIMEDE"" ( CORSO SERALE)",TREVIGLIO,BERGAMO,LOMBARDIA,ISTITUTO TECNICO INDUSTRIALE,industriale_tecnico,1,capacita_esaurita_o_oltre_max_km
202425,1.0,42,statale,SCUOLA SECONDARIA II GRADO,3,PGRC120003,GIANO DELL'UMBRIA,GIANO DELL'UMBRIA,PERUGIA,UMBRIA,IST PROF PER I SERVIZI COMMERCIALI,commerciale_turistico_professionale,13,capacita_esaurita_o_oltre_max_km
202425,1.0,42,statale,SCUOLA SECONDARIA II GRADO,3,POTD00652L,IST. TCN. COM.P. DAGOMARI-SERALE,PRATO,PRATO,TOSCANA,ISTITUTO TECNICO COMMERCIALE,commerciale_economico_tecnico,4,capacita_esaurita_o_oltre_max_km
202425,1.0,42,statale,SCUOLA SECONDARIA II GRADO,3,TRRI03050E,"TERNI IPSIA ""S. PERTINI"" CORSO SERALE",TERNI,TERNI,UMBRIA,IST PROF INDUSTRIA E ARTIGIANATO,industria_artigianato,8,capacita_esaurita_o_oltre_max_km
202425,1.0,42,statale,SCUOLA SECONDARIA II GRADO,3,BSRI01701E,"ROVATO (SEZ.ASS.I.S.""GIGLI"")",ROVATO,BRESCIA,LOMBARDIA,IST PROF INDUSTRIA E ARTIGIANATO,industria_artigianato,30,capacita_esaurita_o_oltre_max_km
202425,1.0,42,statale,SCUOLA SECONDARIA II GRADO,3,LTTD11000N,I.T. C.SEZ.ASSOCIATA I.C. PISACANE PONZA,PONZA,LATINA,LAZIO,ISTITUTO TECNICO COMMERCIALE,commerciale_economico_tecnico,4,capacita_esaurita_o_oltre_max_km
202425,1.0,42,statale,SCUOLA SECONDARIA II GRADO,3,PORC00601V,IST. PROF. PER I SERV. COM. P. DAGOMARI,PRATO,PRATO,TOSCANA,IST PROF PER I SERVIZI COMMERCIALI,commerciale_turistico_professionale,14,capacita_esaurita_o_oltre_max_km
202425,1.0,42,statale,SCUOLA SECONDARIA II GRADO,3,GERI020503,I.P.S.I.A. - A.ODERO /SERALE,GENOVA,GENOVA,LIGURIA,IST PROF INDUSTRIA E ARTIGIANATO,industria_artigianato,18,capacita_esaurita_o_oltre_max_km
202425,1.0,42,statale,SCUOLA SECONDARIA II GRADO,3,PCTL007514,ALESSIO TRAMELLO (SERALE),PIACENZA,PIACENZA,EMILIA ROMAGNA,ISTITUTO TECNICO PER GEOMETRI,geometri,7,capacita_esaurita_o_oltre_max_km
202425,1.0,42,statale,SCUOLA SECONDARIA II GRADO,3,POTD006027,IST. TECN. COM. P. DAGOMARI,PRATO,PRATO,TOSCANA,ISTITUTO TECNICO COMMERCIALE,commerciale_economico_tecnico,50,capacita_esaurita_o_oltre_max_km
202425,1.0,42,statale,SCUOLA SECONDARIA II GRADO,3,ANRI01150Q,"""M.LAENG""",OSIMO,ANCONA,MARCHE,IST PROF INDUSTRIA E ARTIGIANATO,industria_artigianato,2,capacita_esaurita_o_oltre_max_km
202425,1.0,42,statale,SCUOLA SECONDARIA II GRADO,3,RMTN07351B,"PERCORSO II LIV ""MARCO POLO""",ROMA,ROMA,LAZIO,ISTITUTO TECNICO PER IL TURISMO,turismo_tecnico,17,capacita_esaurita_o_oltre_max_km
202425,1.0,42,statale,SCUOLA SECONDARIA II GRADO,3,GORI01101C,IST. PROF. MANUTENZIONE ED ASS. TECNICA,MONFALCONE,GORIZIA,FRIULI-VENEZIA G.,IST PROF INDUSTRIA E ARTIGIANATO,industria_artigianato,13,capacita_esaurita_o_oltre_max_km
202425,1.0,42,statale,SCUOLA SECONDARIA II GRADO,3,RMRI034518,PERCORSO II LIVELLO EUROPA,ROMA,ROMA,LAZIO,IST PROF INDUSTRIA E ARTIGIANATO,industria_artigianato,8,capacita_esaurita_o_oltre_max_km
202425,1.0,42,statale,SCUOLA SECONDARIA II GRADO,3,MIRC107016,I.P. - B. CAVALIERI-MARIGNONI,MILANO,MILANO,LOMBARDIA,IST PROF PER I SERVIZI COMMERCIALI,commerciale_turistico_professionale,67,capacita_esaurita_o_oltre_max_km
202425,1.0,42,statale,SCUOLA SECONDARIA II GRADO,3,PRRC00451Q,"ISTITUTO ""PIETRO GIORDANI"" SERALE",PARMA,PARMA,EMILIA ROMAGNA,IST PROF PER I SERVIZI COMMERCIALI E TURISTICI,commerciale_turistico_professionale,15,capacita_esaurita_o_oltre_max_km
202425,1.0,42,statale,SCUOLA SECONDARIA II GRADO,3,PCRI00601T,L.DA VINCI,PIACENZA,PIACENZA,EMILIA ROMAGNA,IST PROF INDUSTRIA E ARTIGIANATO,industria_artigianato,17,capacita_esaurita_o_oltre_max_km
202425,1.0,42,statale,SCUOLA SECONDARIA II GRADO,3,AVTA008505,MAFFUCCI,CALITRI,AVELLINO,CAMPANIA,ISTITUTO TECNICO AGRARIO,agricoltura,2,capacita_esaurita_o_oltre_max_km
202425,1.0,42,statale,SCUOLA SECONDARIA II GRADO,3,BSRA038508,SERVIZI SOCIO SANITARI SERALE,CHIARI,BRESCIA,LOMBARDIA,IST PROF PER L'AGRICOLTURA E L'AMBIENTE,agricoltura,3,capacita_esaurita_o_oltre_max_km
202425,1.0,42,statale,SCUOLA SECONDARIA II GRADO,3,CESL044018,LICEO ARTISTICO,CAPUA,CASERTA,CAMPANIA,LICEO ARTISTICO,artistico,2,capacita_esaurita_o_oltre_max_km
202425,1.0,42,statale,SCUOLA SECONDARIA II GRADO,3,FITD00301P,"IST. TECN. ECON./TECNOL. ""A.CHECCHI""",FUCECCHIO,FIRENZE,TOSCANA,ISTITUTO TECNICO COMMERCIALE,commerciale_economico_tecnico,10,capacita_esaurita_o_oltre_max_km
202425,1.0,42,statale,SCUOLA SECONDARIA II GRADO,3,GERI07001Q,CASA CIRCONDARIALE GASLINI/PONTEX,GENOVA,GENOVA,LIGURIA,IST PROF INDUSTRIA E ARTIGIANATO,industria_artigianato,2,capacita_esaurita_o_oltre_max_km
202425,1.0,42,statale,SCUOLA SECONDARIA II GRADO,3,GERI07003T,CASA CIRC. DI MARASSI MEUCCI/GASLINI,GENOVA,GENOVA,LIGURIA,IST PROF INDUSTRIA E ARTIGIANATO,industria_artigianato,4,capacita_esaurita_o_oltre_max_km
202425,1.0,42,statale,SCUOLA SECONDARIA II GRADO,3,LTRA01650V,IPA SAN BENEDETTO SERALE,LATINA,LATINA,LAZIO,IST PROF PER L'AGRICOLTURA E L'AMBIENTE,agricoltura,1,capacita_esaurita_o_oltre_max_km
202425,1.0,42,statale,SCUOLA SECONDARIA II GRADO,3,MOPS080014,A. F. FORMIGGINI,PALAGANO,MODENA,EMILIA ROMAGNA,LICEO SCIENTIFICO,liceo_scientifico,2,capacita_esaurita_o_oltre_max_km
202425,1.0,42,statale,SCUOLA SECONDARIA II GRADO,3,PORC00452N,IST. F. DATINI-SERALE,PRATO,PRATO,TOSCANA,IST PROF PER I SERVIZI COMMERCIALI E TURISTICI,commerciale_turistico_professionale,2,capacita_esaurita_o_oltre_max_km
202425,1.0,42,statale,SCUOLA SECONDARIA II GRADO,3,PTRI00250A,"IST.PROF.IND. E ARTIG.""PACINOTTI"" SERALE",PESCIA,PISTOIA,TOSCANA,IST PROF INDUSTRIA E ARTIGIANATO,industria_artigianato,2,capacita_esaurita_o_oltre_max_km
202425,1.0,42,statale,SCUOLA SECONDARIA II GRADO,3,PVRI01601E,IP CALVI,VOGHERA,PAVIA,LOMBARDIA,IST PROF INDUSTRIA E ARTIGIANATO,industria_artigianato,11,capacita_esaurita_o_oltre_max_km
202425,1.0,42,statale,SCUOLA SECONDARIA II GRADO,3,VERI00401V,THOMAS A. EDISON - ALESSANDRO VOLTA,VENEZIA,VENEZIA,VENETO,IST PROF INDUSTRIA E ARTIGIANATO,industria_artigianato,7,capacita_esaurita_o_oltre_max_km
202425,1.0,42,statale,SCUOLA SECONDARIA II GRADO,3,GERC006526,I.P.S.C.-J.RUFFINI/SERALE-,GENOVA,GENOVA,LIGURIA,IST PROF PER I SERVIZI COMMERCIALI,commerciale_turistico_professionale,15,capacita_esaurita_o_oltre_max_km
202425,1.0,42,statale,SCUOLA SECONDARIA II GRADO,3,GORC01101Q,IST. PROF. PER I SERVIZI SOCIO SANITARI,MONFALCONE,GORIZIA,FRIULI-VENEZIA G.,IST PROF PER I SERVIZI COMMERCIALI E TURISTICI,commerciale_turistico_professionale,10,capacita_esaurita_o_oltre_max_km
202425,1.0,42,statale,SCUOLA SECONDARIA II GRADO,3,GRTD00701E,I.T.E. PITIGLIANO,PITIGLIANO,GROSSETO,TOSCANA,IST TEC COMMERCIALE E PER GEOMETRI,commerciale_economico_tecnico,8,capacita_esaurita_o_oltre_max_km
202425,1.0,42,statale,SCUOLA SECONDARIA II GRADO,3,VERC00451G,L. LUZZATTI - SERALE,VENEZIA,VENEZIA,VENETO,IST PROF PER I SERVIZI COMMERCIALI E TURISTICI,commerciale_turistico_professionale,7,capacita_esaurita_o_oltre_max_km
202425,1.0,42,statale,SCUOLA SECONDARIA II GRADO,3,GRRI00301L,"""L.DA VINCI"" ARCIDOSSO",ARCIDOSSO,GROSSETO,TOSCANA,IST PROF INDUSTRIA E ARTIGIANATO,industria_artigianato,6,capacita_esaurita_o_oltre_max_km
202425,1.0,42,statale,SCUOLA SECONDARIA II GRADO,3,MORI002014,PRIMO LEVI,VIGNOLA,MODENA,EMILIA ROMAGNA,IST PROF INDUSTRIA E ARTIGIANATO,industria_artigianato,11,capacita_esaurita_o_oltre_max_km
202425,1.0,42,statale,SCUOLA SECONDARIA II GRADO,3,RNRH030012,S.P. MALATESTA-BELLARIA SEZ.ASSOCIATA,BELLARIA-IGEA-MARINA,RIMINI,EMILIA ROMAGNA,IST PROF PER I SERVIZI ALBERGHIERI E RISTORAZIONE,alberghiero_ristorazione,6,capacita_esaurita_o_oltre_max_km
202425,1.0,42,statale,SCUOLA SECONDARIA II GRADO,3,MBRI02401L,I.I.S. FLORIANI - I.P.I.A VIMERCATE,VIMERCATE,MONZA E DELLA BRIANZA,LOMBARDIA,IST PROF INDUSTRIA E ARTIGIANATO,industria_artigianato,15,capacita_esaurita_o_oltre_max_km
202425,1.0,42,statale,SCUOLA SECONDARIA II GRADO,3,MIRC02851Q,I.P. E. MONTALE (SERALE),CINISELLO BALSAMO,MILANO,LOMBARDIA,IST PROF PER I SERVIZI COMMERCIALI E TURISTICI,commerciale_turistico_professionale,5,capacita_esaurita_o_oltre_max_km
202425,1.0,42,statale,SCUOLA SECONDARIA II GRADO,3,RGRI01301E,"I.P.S.I.A. ""G. FERRARIS""",RAGUSA,RAGUSA,SICILIA,IST PROF INDUSTRIA E ARTIGIANATO,industria_artigianato,5,capacita_esaurita_o_oltre_max_km
202425,1.0,42,statale,SCUOLA SECONDARIA II GRADO,3,PVRI00701Q,IPSIA FARAVELLI - STRADELLA,STRADELLA,PAVIA,LOMBARDIA,IST PROF INDUSTRIA E ARTIGIANATO,industria_artigianato,9,capacita_esaurita_o_oltre_max_km
202425,1.0,42,statale,SCUOLA SECONDARIA II GRADO,3,MCRI010008,"""F. CORRIDONI""",CORRIDONIA,MACERATA,MARCHE,IST PROF INDUSTRIA E ARTIGIANATO,industria_artigianato,21,capacita_esaurita_o_oltre_max_km
202425,1.0,42,statale,SCUOLA SECONDARIA II GRADO,3,MIRC058016,"I.P. - P. FRISI - ""POLO DELL'OSPITALITA""",MILANO,MILANO,LOMBARDIA,IST PROF PER I SERVIZI COMMERCIALI E TURISTICI,commerciale_turistico_professionale,24,capacita_esaurita_o_oltre_max_km
202425,1.0,42,statale,SCUOLA SECONDARIA II GRADO,3,BSRI032512,FORTUNY - BRESCIA (SERALE),BRESCIA,BRESCIA,LOMBARDIA,IST PROF INDUSTRIA E ARTIGIANATO,industria_artigianato,6,capacita_esaurita_o_oltre_max_km
202425,1.0,42,statale,SCUOLA SECONDARIA II GRADO,3,BORI023017,ISTITUTO PROF.LE FIORAVANTI,BOLOGNA,BOLOGNA,EMILIA ROMAGNA,IST PROF INDUSTRIA E ARTIGIANATO,industria_artigianato,16,capacita_esaurita_o_oltre_max_km
202425,1.0,42,statale,SCUOLA SECONDARIA II GRADO,3,MIRC09451P,I.P.-L. V. BERTARELLI-FERRARIS (SERALE),MILANO,MILANO,LOMBARDIA,IST PROF PER I SERVIZI COMMERCIALI E TURISTICI,commerciale_turistico_professionale,6,capacita_esaurita_o_oltre_max_km
202425,1.0,42,statale,SCUOLA SECONDARIA II GRADO,3,GERC00601Q,CASA CIRCONDARIALE PONTEX /RUFFINI,GENOVA,GENOVA,LIGURIA,IST PROF PER I SERVIZI COMMERCIALI E TURISTICI,commerciale_turistico_professionale,3,capacita_esaurita_o_oltre_max_km
202425,1.0,42,statale,SCUOLA SECONDARIA II GRADO,3,BSRC01201P,IPC MONTICHIARI,MONTICHIARI,BRESCIA,LOMBARDIA,IST PROF PER I SERVIZI COMMERCIALI,commerciale_turistico_professionale,9,capacita_esaurita_o_oltre_max_km
202425,1.0,42,statale,SCUOLA SECONDARIA II GRADO,3,PVTD00701A,ITCG FARAVELLI - STRADELLA,STRADELLA,PAVIA,LOMBARDIA,IST TEC COMMERCIALE E PER GEOMETRI,commerciale_economico_tecnico,9,capacita_esaurita_o_oltre_max_km
202425,1.0,42,statale,SCUOLA SECONDARIA II GRADO,3,MIRI10302L,I.P.I.A. DI CERNUSCO,CERNUSCO SUL NAVIGLIO,MILANO,LOMBARDIA,IST PROF INDUSTRIA E ARTIGIANATO,industria_artigianato,15,capacita_esaurita_o_oltre_max_km
202425,1.0,42,statale,SCUOLA SECONDARIA II GRADO,3,FRRH030019,IPSSEOA - CASA CIRCONDARIALE FROSINONE,FROSINONE,FROSINONE,LAZIO,IST PROF PER I SERVIZI ALBERGHIERI E RISTORAZIONE,alberghiero_ristorazione,2,capacita_esaurita_o_oltre_max_km
202425,1.0,42,statale,SCUOLA SECONDARIA II GRADO,3,PCRI004016,IPSIA MATTEI,FIORENZUOLA D'ARDA,PIACENZA,EMILIA ROMAGNA,IST PROF INDUSTRIA E ARTIGIANATO,industria_artigianato,8,capacita_esaurita_o_oltre_max_km
202425,1.0,42,statale,SCUOLA SECONDARIA II GRADO,3,PGTF01401D,"ISTITUTO TECNICO ""L. DA VINCI""",UMBERTIDE,PERUGIA,UMBRIA,ISTITUTO TECNICO INDUSTRIALE,industriale_tecnico,4,capacita_esaurita_o_oltre_max_km
202425,1.0,42,statale,SCUOLA SECONDARIA II GRADO,3,RMRC11150P,PERC. II LIV. STENDHAL,ROMA,ROMA,LAZIO,IST PROF PER I SERVIZI COMMERCIALI E TURISTICI,commerciale_turistico_professionale,4,capacita_esaurita_o_oltre_max_km
202425,1.0,42,statale,SCUOLA SECONDARIA II GRADO,3,UDRI01101A,"""G. CECONI""",CODROIPO,UDINE,FRIULI-VENEZIA G.,IST PROF INDUSTRIA E ARTIGIANATO,industria_artigianato,4,capacita_esaurita_o_oltre_max_km
202425,1.0,42,statale,SCUOLA SECONDARIA II GRADO,3,LIRI00601L,E. SOLVAY,ROSIGNANO MARITTIMO,LIVORNO,TOSCANA,IST PROF INDUSTRIA E ARTIGIANATO,industria_artigianato,5,capacita_esaurita_o_oltre_max_km
202425,1.0,42,statale,SCUOLA SECONDARIA II GRADO,3,RGTD03002X,SEZ.STACCATA ITC BESTA RAGUSA,SANTA CROCE CAMERINA,RAGUSA,SICILIA,ISTITUTO TECNICO COMMERCIALE,commerciale_economico_tecnico,4,capacita_esaurita_o_oltre_max_km
202425,1.0,42,statale,SCUOLA SECONDARIA II GRADO,3,VITF020509,"ITI ""ROSSI ""- SERALE VICENZA",VICENZA,VICENZA,VENETO,ISTITUTO TECNICO INDUSTRIALE,industriale_tecnico,9,capacita_esaurita_o_oltre_max_km
202425,1.0,42,statale,SCUOLA SECONDARIA II GRADO,3,BSRI013017,"ORZINUOVI (SEZ.ASS.I.S.""COSSALI"")",ORZINUOVI,BRESCIA,LOMBARDIA,IST PROF INDUSTRIA E ARTIGIANATO,industria_artigianato,14,capacita_esaurita_o_oltre_max_km
202425,1.0,42,statale,SCUOLA SECONDARIA II GRADO,3,FERI001015,I.P.S.I.A. ARGENTA,ARGENTA,FERRARA,EMILIA ROMAGNA,IST PROF INDUSTRIA E ARTIGIANATO,industria_artigianato,12,capacita_esaurita_o_oltre_max_km
202425,1.0,42,statale,SCUOLA SECONDARIA II GRADO,3,FIRC02903N,"""SASSETTI - PERUZZI""",FIRENZE,FIRENZE,TOSCANA,IST PROF PER I SERVIZI COMMERCIALI,commerciale_turistico_professionale,27,capacita_esaurita_o_oltre_max_km
202425,1.0,42,statale,SCUOLA SECONDARIA II GRADO,3,TVRI02601Q,I.P.S.I.A. PITTONI CONEGLIANO,CONEGLIANO,TREVISO,VENETO,IST PROF INDUSTRIA E ARTIGIANATO,industria_artigianato,12,capacita_esaurita_o_oltre_max_km
202425,1.0,42,statale,SCUOLA SECONDARIA II GRADO,3,MIRC07701G,I.P. - G. GALILEI,MILANO,MILANO,LOMBARDIA,IST PROF PER I SERVIZI COMMERCIALI,commerciale_turistico_professionale,18,capacita_esaurita_o_oltre_max_km
202425,1.0,42,statale,SCUOLA SECONDARIA II GRADO,3,PRRI010009,"""PRIMO LEVI""",PARMA,PARMA,EMILIA ROMAGNA,IST PROF INDUSTRIA E ARTIGIANATO,industria_artigianato,31,capacita_esaurita_o_oltre_max_km
202425,1.0,42,statale,SCUOLA SECONDARIA II GRADO,3,ATTD00201N,N. PELLATI,NIZZA MONFERRATO,ASTI,PIEMONTE,ISTITUTO TECNICO COMMERCIALE,commerciale_economico_tecnico,8,capacita_esaurita_o_oltre_max_km
202425,1.0,42,statale,SCUOLA SECONDARIA II GRADO,3,ALRC008018,DOMENICO CARBONE,TORTONA,ALESSANDRIA,PIEMONTE,IST PROF PER I SERVIZI COMMERCIALI,commerciale_turistico_professionale,4,capacita_esaurita_o_oltre_max_km
202425,1.0,42,statale,SCUOLA SECONDARIA II GRADO,3,BORI024013,"IST.PROF.LE ""MALPIGHI"" - ODONTOTECNICO",BOLOGNA,BOLOGNA,EMILIA ROMAGNA,IST PROF INDUSTRIA E ARTIGIANATO,industria_artigianato,1,capacita_esaurita_o_oltre_max_km
202425,1.0,42,statale,SCUOLA SECONDARIA II GRADO,3,RCTN042017,ITT M. DI GIOIOSA ASS. I.I.S. ZANOTTI BI,MARINA DI GIOIOSA IONICA,REGGIO CALABRIA,CALABRIA,ISTITUTO TECNICO PER IL TURISMO,turismo_tecnico,2,capacita_esaurita_o_oltre_max_km
202425,1.0,42,statale,SCUOLA SECONDARIA II GRADO,3,VATL019017,"I.T.G. ISIS ""FACCHINETTI"" CASTELLANZA",CASTELLANZA,VARESE,LOMBARDIA,ISTITUTO TECNICO PER GEOMETRI,geometri,2,capacita_esaurita_o_oltre_max_km
202425,1.0,42,statale,SCUOLA SECONDARIA II GRADO,3,MORI02000L,FERMO CORNI,MODENA,MODENA,EMILIA ROMAGNA,IST PROF INDUSTRIA E ARTIGIANATO,industria_artigianato,16,capacita_esaurita_o_oltre_max_km
202425,1.0,42,statale,SCUOLA SECONDARIA II GRADO,3,TETD001015,"I.T.E. ""C. ROSA""",NERETO,TERAMO,ABRUZZO,ISTITUTO TECNICO COMMERCIALE,commerciale_economico_tecnico,8,capacita_esaurita_o_oltre_max_km
202425,1.0,42,statale,SCUOLA SECONDARIA II GRADO,3,ATTN00601A,G.A. GIOBERT,ASTI,ASTI,PIEMONTE,ISTITUTO TECNICO PER IL TURISMO,turismo_tecnico,3,capacita_esaurita_o_oltre_max_km
202425,1.0,42,statale,SCUOLA SECONDARIA II GRADO,3,MORI008013,GALILEO GALILEI,MIRANDOLA,MODENA,EMILIA ROMAGNA,IST PROF INDUSTRIA E ARTIGIANATO,industria_artigianato,9,capacita_esaurita_o_oltre_max_km
202425,1.0,42,statale,SCUOLA SECONDARIA II GRADO,3,ALTD00801G,IST. TECN. COMM. TORTONA,TORTONA,ALESSANDRIA,PIEMONTE,ISTITUTO TECNICO COMMERCIALE,commerciale_economico_tecnico,4,capacita_esaurita_o_oltre_max_km
202425,1.0,42,statale,SCUOLA SECONDARIA II GRADO,3,BSRA03801X,EINAUDI AGRARIO,CHIARI,BRESCIA,LOMBARDIA,IST PROF PER L'AGRICOLTURA E L'AMBIENTE,agricoltura,11,capacita_esaurita_o_oltre_max_km
202425,1.0,42,statale,SCUOLA SECONDARIA II GRADO,3,PGRC00201N,"""R. CASIMIRI""",GUALDO TADINO,PERUGIA,UMBRIA,IST PROF PER I SERVIZI COMMERCIALI,commerciale_turistico_professionale,4,capacita_esaurita_o_oltre_max_km
202425,1.0,42,statale,SCUOLA SECONDARIA II GRADO,3,GERI02000N,IPSIA A. ODERO,GENOVA,GENOVA,LIGURIA,IST PROF INDUSTRIA E ARTIGIANATO,industria_artigianato,13,capacita_esaurita_o_oltre_max_km
202425,1.0,42,statale,SCUOLA SECONDARIA II GRADO,3,BGRH006014,"""G.B. RUBINI""",ROMANO DI LOMBARDIA,BERGAMO,LOMBARDIA,IST PROF PER I SERVIZI ALBERGHIERI E RISTORAZIONE,alberghiero_ristorazione,5,capacita_esaurita_o_oltre_max_km
202425,1.0,42,statale,SCUOLA SECONDARIA II GRADO,3,PSRI007012,"""DELLA ROVERE""",URBANIA,PESARO E URBINO,MARCHE,IST PROF INDUSTRIA E ARTIGIANATO,industria_artigianato,5,capacita_esaurita_o_oltre_max_km
202425,1.0,42,statale,SCUOLA SECONDARIA II GRADO,3,FETD00101Q,IST. TEC. ECON. E TECNOL.- PORTOMAGGIORE,PORTOMAGGIORE,FERRARA,EMILIA ROMAGNA,ISTITUTO TECNICO COMMERCIALE,commerciale_economico_tecnico,6,capacita_esaurita_o_oltre_max_km
202425,1.0,42,statale,SCUOLA SECONDARIA II GRADO,3,PORC004028,IST. PROF. ALBERGHIERO F. DATINI,PRATO,PRATO,TOSCANA,IST PROF PER I SERVIZI COMMERCIALI E TURISTICI,commerciale_turistico_professionale,30,capacita_esaurita_o_oltre_max_km
202425,1.0,42,statale,SCUOLA SECONDARIA II GRADO,3,BGRI017023,"""ETTORE MAJORANA""",SERIATE,BERGAMO,LOMBARDIA,IST PROF INDUSTRIA E ARTIGIANATO,industria_artigianato,4,capacita_esaurita_o_oltre_max_km
202425,1.0,42,statale,SCUOLA SECONDARIA II GRADO,3,CARI03301Q,I.P.I.A.-SEZIONE CARCERARIA UTA,UTA,CAGLIARI,SARDEGNA,IST PROF INDUSTRIA E ARTIGIANATO,industria_artigianato,2,capacita_esaurita_o_oltre_max_km
202425,1.0,42,statale,SCUOLA SECONDARIA II GRADO,3,CBTF02401C,SEDE CARCERARIA AGGREGATA A I.T.A.E G.,LARINO,CAMPOBASSO,MOLISE,ISTITUTO TECNICO INDUSTRIALE,industriale_tecnico,1,capacita_esaurita_o_oltre_max_km
202425,1.0,42,statale,SCUOLA SECONDARIA II GRADO,3,CNRC01401X,"SALUZZO ""S.PELLICO""",SALUZZO,CUNEO,PIEMONTE,IST PROF PER I SERVIZI COMMERCIALI E TURISTICI,commerciale_turistico_professionale,9,capacita_esaurita_o_oltre_max_km
202425,1.0,42,statale,SCUOLA SECONDARIA II GRADO,3,MCRI040026,"""RENZO FRAU""",TOLENTINO,MACERATA,MARCHE,IST PROF INDUSTRIA E ARTIGIANATO,industria_artigianato,4,capacita_esaurita_o_oltre_max_km
202425,1.0,42,statale,SCUOLA SECONDARIA II GRADO,3,MORI00901V,GUGLIELMO MARCONI,PAVULLO NEL FRIGNANO,MODENA,EMILIA ROMAGNA,IST PROF INDUSTRIA E ARTIGIANATO,industria_artigianato,5,capacita_esaurita_o_oltre_max_km
202425,1.0,42,statale,SCUOLA SECONDARIA II GRADO,3,UDTD011011,"""J. LINUSSIO""",CODROIPO,UDINE,FRIULI-VENEZIA G.,ISTITUTO TECNICO COMMERCIALE,commerciale_economico_tecnico,3,capacita_esaurita_o_oltre_max_km
202425,1.0,42,statale,SCUOLA SECONDARIA II GRADO,3,MORC00201B,PRIMO LEVI,VIGNOLA,MODENA,EMILIA ROMAGNA,IST PROF PER I SERVIZI COMMERCIALI,commerciale_turistico_professionale,10,capacita_esaurita_o_oltre_max_km
202425,1.0,42,statale,SCUOLA SECONDARIA II GRADO,3,BLTD00801C,"ITC ""A. COLOTTI""",FELTRE,BELLUNO,VENETO,ISTITUTO TECNICO COMMERCIALE,commerciale_economico_tecnico,4,capacita_esaurita_o_oltre_max_km
202425,1.0,42,statale,SCUOLA SECONDARIA II GRADO,3,BORC01601B,MANFREDI,BOLOGNA,BOLOGNA,EMILIA ROMAGNA,IST PROF PER I SERVIZI COMMERCIALI E TURISTICI,commerciale_turistico_professionale,8,capacita_esaurita_o_oltre_max_km
202425,1.0,42,statale,SCUOLA SECONDARIA II GRADO,3,MITD004015,I. T. ECONOMICO - C. CATTANEO,MILANO,MILANO,LOMBARDIA,ISTITUTO TECNICO COMMERCIALE,commerciale_economico_tecnico,9,capacita_esaurita_o_oltre_max_km
202425,1.0,42,statale,SCUOLA SECONDARIA II GRADO,3,VRTD00351P,"ISISS ""M.MINGHETTI"" SERALE",LEGNAGO,VERONA,VENETO,IST TEC COMMERCIALE E PER GEOMETRI,commerciale_economico_tecnico,1,capacita_esaurita_o_oltre_max_km
202425,1.0,42,statale,SCUOLA SECONDARIA II GRADO,3,BGRI15000D,"""CESARE PESENTI""",BERGAMO,BERGAMO,LOMBARDIA,IST PROF INDUSTRIA E ARTIGIANATO,industria_artigianato,23,capacita_esaurita_o_oltre_max_km
202425,1.0,42,statale,SCUOLA SECONDARIA II GRADO,3,GERI01301G,I.P.S.I.A. LICETI,RAPALLO,GENOVA,LIGURIA,IST PROF INDUSTRIA E ARTIGIANATO,industria_artigianato,3,capacita_esaurita_o_oltre_max_km
202425,1.0,42,statale,SCUOLA SECONDARIA II GRADO,3,IMRI00601X,RUFFINI - PROFESSIONALE,IMPERIA,IMPERIA,LIGURIA,IST PROF INDUSTRIA E ARTIGIANATO,industria_artigianato,6,capacita_esaurita_o_oltre_max_km
202425,1.0,42,statale,SCUOLA SECONDARIA II GRADO,3,MIRC029016,I.P. - N. MACHIAVELLI (SUCCURSALE),PIOLTELLO,MILANO,LOMBARDIA,IST PROF PER I SERVIZI COMMERCIALI E TURISTICI,commerciale_turistico_professionale,7,capacita_esaurita_o_oltre_max_km
202425,1.0,42,statale,SCUOLA SECONDARIA II GRADO,3,ROTL01201N,"I.T.G. ""A. BERNINI"" - ROVIGO",ROVIGO,ROVIGO,VENETO,ISTITUTO TECNICO PER GEOMETRI,geometri,2,capacita_esaurita_o_oltre_max_km
202425,1.0,42,statale,SCUOLA SECONDARIA II GRADO,3,BSRC016023,PRIMO LEVI SEZ. IST. PROF.LE SERVIZI,SAREZZO,BRESCIA,LOMBARDIA,IST PROF PER I SERVIZI COMMERCIALI E TURISTICI,commerciale_turistico_professionale,12,capacita_esaurita_o_oltre_max_km
202425,1.0,42,statale,SCUOLA SECONDARIA II GRADO,3,MIRC079017,I.P. - CATERINA DA SIENA,MILANO,MILANO,LOMBARDIA,IST PROF PER I SERVIZI COMMERCIALI,commerciale_turistico_professionale,20,capacita_esaurita_o_oltre_max_km
202425,1.0,42,statale,SCUOLA SECONDARIA II GRADO,3,PGRI03401T,"""GATTAPONE""",GUBBIO,PERUGIA,UMBRIA,IST PROF INDUSTRIA E ARTIGIANATO,industria_artigianato,4,capacita_esaurita_o_oltre_max_km
202425,1.0,42,statale,SCUOLA SECONDARIA II GRADO,3,POSD003019,"LICEO ARTISTICO ""BRUNELLESCHI""- C. LIVI-",MONTEMURLO,PRATO,TOSCANA,ISTITUTO D'ARTE,artistico,20,capacita_esaurita_o_oltre_max_km
202425,1.0,42,statale,SCUOLA SECONDARIA II GRADO,3,MITL00401G,I.T. TECNOLOGICO - C. CATTANEO,MILANO,MILANO,LOMBARDIA,ISTITUTO TECNICO PER GEOMETRI,geometri,9,capacita_esaurita_o_oltre_max_km
202425,1.0,42,statale,SCUOLA SECONDARIA II GRADO,3,PGRC033019,"""B. PASCAL""",PERUGIA,PERUGIA,UMBRIA,IST PROF PER I SERVIZI COMMERCIALI E TURISTICI,commerciale_turistico_professionale,5,capacita_esaurita_o_oltre_max_km
202425,1.0,42,statale,SCUOLA SECONDARIA II GRADO,3,CNRI02901A,"MONDOVI' ""F. GARELLI""",MONDOVI',CUNEO,PIEMONTE,IST PROF INDUSTRIA E ARTIGIANATO,industria_artigianato,7,capacita_esaurita_o_oltre_max_km
202425,1.0,42,statale,SCUOLA SECONDARIA II GRADO,3,IMRC00201X,"""U.CALVI""",IMPERIA,IMPERIA,LIGURIA,IST PROF PER I SERVIZI COMMERCIALI E TURISTICI,commerciale_turistico_professionale,8,capacita_esaurita_o_oltre_max_km
202425,1.0,42,statale,SCUOLA SECONDARIA II GRADO,3,MITD047013,I.T. ECON. E TECNOL. - E. DE NICOLA,SESTO SAN GIOVANNI,MILANO,LOMBARDIA,IST TEC COMMERCIALE E PER GEOMETRI,commerciale_economico_tecnico,10,capacita_esaurita_o_oltre_max_km
202425,1.0,42,statale,SCUOLA SECONDARIA II GRADO,3,CZRA00301N,ISTITUTO PROFESSIONALE DI STATO-SOVERIA,SOVERIA MANNELLI,CATANZARO,CALABRIA,IST PROF PER L'AGRICOLTURA E L'AMBIENTE,agricoltura,1,capacita_esaurita_o_oltre_max_km
202425,1.0,42,statale,SCUOLA SECONDARIA II GRADO,3,FRRI026026,"IPSIA ""G. NICOLUCCI"" SORA",SORA,FROSINONE,LAZIO,IST PROF INDUSTRIA E ARTIGIANATO,industria_artigianato,2,capacita_esaurita_o_oltre_max_km
202425,1.0,42,statale,SCUOLA SECONDARIA II GRADO,3,MNRF00701G,IPSS VIADANA,VIADANA,MANTOVA,LOMBARDIA,IST PROF PER I SERVIZI SOCIALI,sociale,4,capacita_esaurita_o_oltre_max_km
202425,1.0,42,statale,SCUOLA SECONDARIA II GRADO,3,PVRI01101B,IPSIA CREMONA - PAVIA,PAVIA,PAVIA,LOMBARDIA,IST PROF INDUSTRIA E ARTIGIANATO,industria_artigianato,8,capacita_esaurita_o_oltre_max_km
202425,1.0,42,statale,SCUOLA SECONDARIA II GRADO,3,PCTD00401R,ISTITUTO TECNICO ECONOMICO MATTEI,FIORENZUOLA D'ARDA,PIACENZA,EMILIA ROMAGNA,ISTITUTO TECNICO COMMERCIALE,commerciale_economico_tecnico,6,capacita_esaurita_o_oltre_max_km
202425,1.0,42,statale,SCUOLA SECONDARIA II GRADO,3,BORI01901G,I.P.I.A. ALDINI VALERIANI,BOLOGNA,BOLOGNA,EMILIA ROMAGNA,IST PROF INDUSTRIA E ARTIGIANATO,industria_artigianato,9,capacita_esaurita_o_oltre_max_km
202425,1.0,42,statale,SCUOLA SECONDARIA II GRADO,3,MNRI01401N,IPSIA VINCI MANTOVA,MANTOVA,MANTOVA,LOMBARDIA,IST PROF INDUSTRIA E ARTIGIANATO,industria_artigianato,8,capacita_esaurita_o_oltre_max_km
202425,1.0,42,statale,SCUOLA SECONDARIA II GRADO,3,SIRI004018,G. MARCONI SIENA,SIENA,SIENA,TOSCANA,IST PROF INDUSTRIA E ARTIGIANATO,industria_artigianato,7,capacita_esaurita_o_oltre_max_km
202425,1.0,42,statale,SCUOLA SECONDARIA II GRADO,3,BSRC034511,ISTITUTI PROFESSIONALI SERALI,PALAZZOLO SULL'OGLIO,BRESCIA,LOMBARDIA,IST PROF PER I SERVIZI COMMERCIALI E TURISTICI,commerciale_turistico_professionale,3,capacita_esaurita_o_oltre_max_km
202425,1.0,42,statale,SCUOLA SECONDARIA II GRADO,3,PGRI02801E,"""A.BALDELLI""",CITTA' DI CASTELLO,PERUGIA,UMBRIA,IST PROF INDUSTRIA E ARTIGIANATO,industria_artigianato,4,capacita_esaurita_o_oltre_max_km
202425,1.0,42,statale,SCUOLA SECONDARIA II GRADO,3,PTSD010027,"LICEO ART. ""PETROCCHI"" SEZIONE QUARRATA",QUARRATA,PISTOIA,TOSCANA,ISTITUTO D'ARTE,artistico,2,capacita_esaurita_o_oltre_max_km
202425,1.0,42,statale,SCUOLA SECONDARIA II GRADO,3,VRRH020022,CASA CIRCONDARIALE DI VERONA,VERONA,VERONA,VENETO,IST PROF PER I SERVIZI ALBERGHIERI E RISTORAZIONE,alberghiero_ristorazione,2,capacita_esaurita_o_oltre_max_km
202425,1.0,42,statale,SCUOLA SECONDARIA II GRADO,3,LCRC01101V,"I.I.S.S. ""G.PARINI""",LECCO,LECCO,LOMBARDIA,IST PROF PER I SERVIZI COMMERCIALI,commerciale_turistico_professionale,5,capacita_esaurita_o_oltre_max_km
202425,1.0,42,statale,SCUOLA SECONDARIA II GRADO,3,PGRC00301D,"""SALVATORELLI-MONETA"" PROFESSIONALE",MARSCIANO,PERUGIA,UMBRIA,IST PROF PER I SERVIZI COMMERCIALI,commerciale_turistico_professionale,3,capacita_esaurita_o_oltre_max_km
202425,1.0,42,statale,SCUOLA SECONDARIA II GRADO,3,MITD04301Q,I. T. ECONOMICO - F. BESTA,MILANO,MILANO,LOMBARDIA,ISTITUTO TECNICO COMMERCIALE,commerciale_economico_tecnico,8,capacita_esaurita_o_oltre_max_km
202425,1.0,42,statale,SCUOLA SECONDARIA II GRADO,3,BORI01402D,IPIA F.ALBERGHETTI - SEZIONE ASSOCIATA,IMOLA,BOLOGNA,EMILIA ROMAGNA,IST PROF INDUSTRIA E ARTIGIANATO,industria_artigianato,6,capacita_esaurita_o_oltre_max_km
202425,1.0,42,statale,SCUOLA SECONDARIA II GRADO,3,GORI00301D,L. DA VINCI,GORIZIA,GORIZIA,FRIULI-VENEZIA G.,IST PROF INDUSTRIA E ARTIGIANATO,industria_artigianato,4,capacita_esaurita_o_oltre_max_km
202425,1.0,42,statale,SCUOLA SECONDARIA II GRADO,3,SPRI00701V,"""CHIODO""",LA SPEZIA,LA SPEZIA,LIGURIA,IST PROF INDUSTRIA E ARTIGIANATO,industria_artigianato,10,capacita_esaurita_o_oltre_max_km
202425,1.0,42,statale,SCUOLA SECONDARIA II GRADO,3,APRI02000Q,"""O. RICCI""",FERMO,FERMO,MARCHE,IST PROF INDUSTRIA E ARTIGIANATO,industria_artigianato,11,capacita_esaurita_o_oltre_max_km
202425,1.0,42,statale,SCUOLA SECONDARIA II GRADO,3,ARRI00201C,IST. PROFESSIONALE BUITONI SANSEPOLCRO,SANSEPOLCRO,AREZZO,TOSCANA,IST PROF INDUSTRIA E ARTIGIANATO,industria_artigianato,3,capacita_esaurita_o_oltre_max_km
202425,1.0,42,statale,SCUOLA SECONDARIA II GRADO,3,GETF018511,MAJORANA/GIORGI ISTRUZIONE ADULTI,GENOVA,GENOVA,LIGURIA,ISTITUTO TECNICO INDUSTRIALE,industriale_tecnico,2,capacita_esaurita_o_oltre_max_km
202425,1.0,42,statale,SCUOLA SECONDARIA II GRADO,3,RARI007016,I.T.I.P. L. BUCCI - SEZ. PROF.LE,FAENZA,RAVENNA,EMILIA ROMAGNA,IST PROF INDUSTRIA E ARTIGIANATO,industria_artigianato,5,capacita_esaurita_o_oltre_max_km
202425,1.0,42,statale,SCUOLA SECONDARIA II GRADO,3,LURI01601N,"""G.GIORGI""",LUCCA,LUCCA,TOSCANA,IST PROF INDUSTRIA E ARTIGIANATO,industria_artigianato,9,capacita_esaurita_o_oltre_max_km
202425,1.0,42,statale,SCUOLA SECONDARIA II GRADO,3,BGRI023019,"""SERAFINO RIVA""",SARNICO,BERGAMO,LOMBARDIA,IST PROF INDUSTRIA E ARTIGIANATO,industria_artigianato,2,capacita_esaurita_o_oltre_max_km
202425,1.0,42,statale,SCUOLA SECONDARIA II GRADO,3,BOTD00301L,EFREM NOBILI - COORDINATA G. BRUNO,MOLINELLA,BOLOGNA,EMILIA ROMAGNA,ISTITUTO TECNICO COMMERCIALE,commerciale_economico_tecnico,2,capacita_esaurita_o_oltre_max_km
202425,1.0,42,statale,SCUOLA SECONDARIA II GRADO,3,LIRC002501,M.POLO (CORSO SERALE),CECINA,LIVORNO,TOSCANA,IST PROF PER I SERVIZI COMMERCIALI,commerciale_turistico_professionale,2,capacita_esaurita_o_oltre_max_km
202425,1.0,42,statale,SCUOLA SECONDARIA II GRADO,3,PGRC01401X,UMBERTIDE,UMBERTIDE,PERUGIA,UMBRIA,IST PROF PER I SERVIZI COMMERCIALI E TURISTICI,commerciale_turistico_professionale,3,capacita_esaurita_o_oltre_max_km
202425,1.0,42,statale,SCUOLA SECONDARIA II GRADO,3,VRRC009011,SANMICHELI SERVIZI COMMERCIALI-MODA-IFP,VERONA,VERONA,VENETO,IST PROF PER I SERVIZI COMMERCIALI,commerciale_turistico_professionale,11,capacita_esaurita_o_oltre_max_km
202425,1.0,42,statale,SCUOLA SECONDARIA II GRADO,3,PVTF00701L,ITI FARAVELLI - STRADELLA,STRADELLA,PAVIA,LOMBARDIA,ISTITUTO TECNICO INDUSTRIALE,industriale_tecnico,5,capacita_esaurita_o_oltre_max_km
202425,1.0,42,statale,SCUOLA SECONDARIA II GRADO,3,GRTF00301D,TECNOLOGICO ARCIDOSSO,ARCIDOSSO,GROSSETO,TOSCANA,ISTITUTO TECNICO INDUSTRIALE,industriale_tecnico,2,capacita_esaurita_o_oltre_max_km
202425,1.0,42,statale,SCUOLA SECONDARIA II GRADO,3,RMTD087012,VIA 2 GIUGNO - FONTENUOVA,FONTE NUOVA,ROMA,LAZIO,ISTITUTO TECNICO COMMERCIALE,commerciale_economico_tecnico,2,capacita_esaurita_o_oltre_max_km
202425,1.0,42,statale,SCUOLA SECONDARIA II GRADO,3,MNTD007015,ITC E. SANFELICE,VIADANA,MANTOVA,LOMBARDIA,ISTITUTO TECNICO COMMERCIALE,commerciale_economico_tecnico,4,capacita_esaurita_o_oltre_max_km
202425,1.0,42,statale,SCUOLA SECONDARIA II GRADO,3,VETL01901N,GIORGIO MASSARI,VENEZIA,VENEZIA,VENETO,ISTITUTO TECNICO PER GEOMETRI,geometri,2,capacita_esaurita_o_oltre_max_km
202425,1.0,42,statale,SCUOLA SECONDARIA II GRADO,3,PRTF008028,GADDA TECNICO SEDE DI LANGHIRANO,LANGHIRANO,PARMA,EMILIA ROMAGNA,ISTITUTO TECNICO INDUSTRIALE,industriale_tecnico,2,capacita_esaurita_o_oltre_max_km
202425,1.0,42,statale,SCUOLA SECONDARIA II GRADO,3,RMRC087514,"PERCORSO II LIV ""MARCO POLO""",MONTEROTONDO,ROMA,LAZIO,IST PROF PER I SERVIZI COMMERCIALI E TURISTICI,commerciale_turistico_professionale,2,capacita_esaurita_o_oltre_max_km
202425,1.0,42,statale,SCUOLA SECONDARIA II GRADO,3,RERF070015,IPSSI M CARRARA NOVELLARA,NOVELLARA,REGGIO EMILIA,EMILIA ROMAGNA,IST PROF PER I SERVIZI SOCIALI,sociale,3,capacita_esaurita_o_oltre_max_km
202425,1.0,42,statale,SCUOLA SECONDARIA II GRADO,3,RMRC11101A,STENDHAL,ROMA,ROMA,LAZIO,IST PROF PER I SERVIZI TURISTICI,commerciale_turistico_professionale,3,capacita_esaurita_o_oltre_max_km
202425,1.0,42,statale,SCUOLA SECONDARIA II GRADO,3,VRRI01000R,GIOVANNI GIORGI,VERONA,VERONA,VENETO,IST PROF INDUSTRIA E ARTIGIANATO,industria_artigianato,5,capacita_esaurita_o_oltre_max_km
202425,1.0,42,statale,SCUOLA SECONDARIA II GRADO,3,ALRC00601L,G.MIGLIARA,ALESSANDRIA,ALESSANDRIA,PIEMONTE,IST PROF PER I SERVIZI COMMERCIALI,commerciale_turistico_professionale,2,capacita_esaurita_o_oltre_max_km
202425,1.0,42,statale,SCUOLA SECONDARIA II GRADO,3,ARRI012013,ENRICO FERMI S.A. DI I.T.I.,BIBBIENA,AREZZO,TOSCANA,IST PROF INDUSTRIA E ARTIGIANATO,industria_artigianato,2,capacita_esaurita_o_oltre_max_km
202425,1.0,42,statale,SCUOLA SECONDARIA II GRADO,3,BRRF003016,FASANO(SC.AGGR-LIC. S. FASANO),FASANO,BRINDISI,PUGLIA,IST PROF PER I SERVIZI SOCIALI,sociale,1,capacita_esaurita_o_oltre_max_km
202425,1.0,42,statale,SCUOLA SECONDARIA II GRADO,3,BSRI01201B,"MONTICHIARI (SEZ.ASS.I.S.""DON MILANI"")",MONTICHIARI,BRESCIA,LOMBARDIA,IST PROF INDUSTRIA E ARTIGIANATO,industria_artigianato,2,capacita_esaurita_o_oltre_max_km
202425,1.0,42,statale,SCUOLA SECONDARIA II GRADO,3,CRPS001015,"""G. ROMANI""",CASALMAGGIORE,CREMONA,LOMBARDIA,LICEO SCIENTIFICO,liceo_scientifico,2,capacita_esaurita_o_oltre_max_km
202425,1.0,42,statale,SCUOLA SECONDARIA II GRADO,3,GERC01901T,IPSP CASA CIRC. DI CHIAVARI-GIANNINI,CHIAVARI,GENOVA,LIGURIA,IST PROF PER I SERVIZI PUBBLICITARI,cinema_televisione_pubblicita,1,capacita_esaurita_o_oltre_max_km
202425,1.0,42,statale,SCUOLA SECONDARIA II GRADO,3,GERH01001L,I.P.S.S.A.R.M.POLO/CAMOGLI,CAMOGLI,GENOVA,LIGURIA,IST PROF PER I SERVIZI ALBERGHIERI E RISTORAZIONE,alberghiero_ristorazione,1,capacita_esaurita_o_oltre_max_km
202425,1.0,42,statale,SCUOLA SECONDARIA II GRADO,3,LITD030014,G. CERBONI - SEZ. CARCERARIA,PORTO AZZURRO,LIVORNO,TOSCANA,IST TEC COMMERCIALE E PER GEOMETRI,commerciale_economico_tecnico,1,capacita_esaurita_o_oltre_max_km
202425,1.0,42,statale,SCUOLA SECONDARIA II GRADO,3,MCTD001026,G. ANTINORI,MATELICA,MACERATA,MARCHE,ISTITUTO TECNICO COMMERCIALE,commerciale_economico_tecnico,1,capacita_esaurita_o_oltre_max_km
202425,1.0,42,statale,SCUOLA SECONDARIA II GRADO,3,MIRC02950E,I.P. -N. MACHIAVELLI (SERALE SUCCURSALE),PIOLTELLO,MILANO,LOMBARDIA,IST PROF PER I SERVIZI COMMERCIALI,commerciale_turistico_professionale,1,capacita_esaurita_o_oltre_max_km
202425,1.0,42,statale,SCUOLA SECONDARIA II GRADO,3,MIRC12001L,I.P. - E. FALCK (SUCCURSALE),COLOGNO MONZESE,MILANO,LOMBARDIA,IST PROF PER I SERVIZI COMMERCIALI,commerciale_turistico_professionale,1,capacita_esaurita_o_oltre_max_km
202425,1.0,42,statale,SCUOLA SECONDARIA II GRADO,3,MORC00601P,CARLO CATTANEO,MIRANDOLA,MODENA,EMILIA ROMAGNA,IST PROF PER I SERVIZI COMMERCIALI E TURISTICI,commerciale_turistico_professionale,3,capacita_esaurita_o_oltre_max_km
202425,1.0,42,statale,SCUOLA SECONDARIA II GRADO,3,MORI01951V,DON MAGNANI,SASSUOLO,MODENA,EMILIA ROMAGNA,IST PROF INDUSTRIA E ARTIGIANATO,industria_artigianato,2,capacita_esaurita_o_oltre_max_km
202425,1.0,42,statale,SCUOLA SECONDARIA II GRADO,3,PGTD01301B,"ISTITUTO TECNICO ECONOMICO "" ROSSELLI""",CASTIGLIONE DEL LAGO,PERUGIA,UMBRIA,ISTITUTO TECNICO COMMERCIALE,commerciale_economico_tecnico,1,capacita_esaurita_o_oltre_max_km
202425,1.0,42,statale,SCUOLA SECONDARIA II GRADO,3,PNTF00701G,ISTITUTO TECNICO MECCANICA MECCATRONICA,SAN VITO AL TAGLIAMENTO,PORDENONE,FRIULI-VENEZIA G.,ISTITUTO TECNICO INDUSTRIALE,industriale_tecnico,1,capacita_esaurita_o_oltre_max_km
202425,1.0,42,statale,SCUOLA SECONDARIA II GRADO,3,POTF01050C,ITI BUZZI,PRATO,PRATO,TOSCANA,ISTITUTO TECNICO INDUSTRIALE,industriale_tecnico,2,capacita_esaurita_o_oltre_max_km
202425,1.0,42,statale,SCUOLA SECONDARIA II GRADO,3,POTL002019,A. GRAMSCI,PRATO,PRATO,TOSCANA,ISTITUTO TECNICO PER GEOMETRI,geometri,4,capacita_esaurita_o_oltre_max_km
202425,1.0,42,statale,SCUOLA SECONDARIA II GRADO,3,PVRC00201X,IPC F. CASTOLDI - VIGEVANO,VIGEVANO,PAVIA,LOMBARDIA,IST PROF PER I SERVIZI COMMERCIALI E TURISTICI,commerciale_turistico_professionale,1,capacita_esaurita_o_oltre_max_km
202425,1.0,42,statale,SCUOLA SECONDARIA II GRADO,3,SPRC007027,IPSCT L.EINAUDI,LA SPEZIA,LA SPEZIA,LIGURIA,IST PROF PER I SERVIZI COMMERCIALI E TURISTICI,commerciale_turistico_professionale,1,capacita_esaurita_o_oltre_max_km
202425,1.0,42,statale,SCUOLA SECONDARIA II GRADO,3,UDPS01302T,"LICEO ""LUIGI EINAUDI""",PALMANOVA,UDINE,FRIULI-VENEZIA G.,LICEO SCIENTIFICO,liceo_scientifico,1,capacita_esaurita_o_oltre_max_km
202425,1.0,42,statale,SCUOLA SECONDARIA II GRADO,3,MIRC12000G,I.P. - E. FALCK,SESTO SAN GIOVANNI,MILANO,LOMBARDIA,IST PROF PER I SERVIZI COMMERCIALI,commerciale_turistico_professionale,5,capacita_esaurita_o_oltre_max_km
202425,1.0,42,statale,SCUOLA SECONDARIA II GRADO,3,VARI04000E,"I.P.S.I.A. ""ANTONIO PARMA"" - SARONNO",SARONNO,VARESE,LOMBARDIA,IST PROF INDUSTRIA E ARTIGIANATO,industria_artigianato,7,capacita_esaurita_o_oltre_max_km
202425,1.0,42,statale,SCUOLA SECONDARIA II GRADO,3,AQRI007011,"""LEONARDO DA VINCI""",L'AQUILA,L'AQUILA,ABRUZZO,IST PROF INDUSTRIA E ARTIGIANATO,industria_artigianato,4,capacita_esaurita_o_oltre_max_km
202425,1.0,42,statale,SCUOLA SECONDARIA II GRADO,3,RNRH030001,"I.P.S.S.E.O.A. ""S.P. MALATESTA""",RIMINI,RIMINI,EMILIA ROMAGNA,IST PROF PER I SERVIZI ALBERGHIERI E RISTORAZIONE,alberghiero_ristorazione,5,capacita_esaurita_o_oltre_max_km
202425,1.0,42,statale,SCUOLA SECONDARIA II GRADO,3,BSRH02201E,"ALBERGHIERO ""DANDOLO""",CORZANO,BRESCIA,LOMBARDIA,IST PROF PER I SERVIZI ALBERGHIERI E RISTORAZIONE,alberghiero_ristorazione,2,capacita_esaurita_o_oltre_max_km
202425,1.0,42,statale,SCUOLA SECONDARIA II GRADO,3,RERI004026,PROFESSIONALE GRAFICO S. ILARIO,SANT'ILARIO D'ENZA,REGGIO EMILIA,EMILIA ROMAGNA,IST PROF INDUSTRIA E ARTIGIANATO,industria_artigianato,2,capacita_esaurita_o_oltre_max_km
202425,1.0,42,statale,SCUOLA SECONDARIA II GRADO,3,PGTL00201B,"""R. CASIMIRI""",GUALDO TADINO,PERUGIA,UMBRIA,ISTITUTO TECNICO PER GEOMETRI,geometri,1,capacita_esaurita_o_oltre_max_km
202425,1.0,42,statale,SCUOLA SECONDARIA II GRADO,3,PGPM03901R,"LICEO SCIENZE UMANE ""G.SIGISMONDI""",NOCERA UMBRA,PERUGIA,UMBRIA,ISTITUTO MAGISTRALE,magistrale,1,capacita_esaurita_o_oltre_max_km
202425,1.0,42,statale,SCUOLA SECONDARIA II GRADO,3,PNRI00602X,"IPSIA ""DELLA VALENTINA"" SACILE",SACILE,PORDENONE,FRIULI-VENEZIA G.,IST PROF INDUSTRIA E ARTIGIANATO,industria_artigianato,1,capacita_esaurita_o_oltre_max_km
202425,1.0,42,statale,SCUOLA SECONDARIA II GRADO,3,MIRH010009,I.P. - A. VESPUCCI,MILANO,MILANO,LOMBARDIA,IST PROF PER I SERVIZI ALBERGHIERI E RISTORAZIONE,alberghiero_ristorazione,6,capacita_esaurita_o_oltre_max_km
202425,1.0,42,statale,SCUOLA SECONDARIA II GRADO,3,BORC03000L,IPSAS ALDROVANDI - RUBBIANI,BOLOGNA,BOLOGNA,EMILIA ROMAGNA,IST PROF PER I SERVIZI COMMERCIALI E TURISTICI,commerciale_turistico_professionale,6,capacita_esaurita_o_oltre_max_km
202425,1.0,42,statale,SCUOLA SECONDARIA II GRADO,3,BSTF013014,"ORZINUOVI (SEZ.ASS.I.S.""COSSALI"")",ORZINUOVI,BRESCIA,LOMBARDIA,ISTITUTO TECNICO INDUSTRIALE,industriale_tecnico,2,capacita_esaurita_o_oltre_max_km
202425,1.0,42,statale,SCUOLA SECONDARIA II GRADO,3,UDRC013019,ENRICO MATTEI,PALMANOVA,UDINE,FRIULI-VENEZIA G.,IST PROF PER I SERVIZI COMMERCIALI,commerciale_turistico_professionale,1,capacita_esaurita_o_oltre_max_km
202425,1.0,42,statale,SCUOLA SECONDARIA II GRADO,3,TORC05401V,IST.PROF. SERV. COMM. E SOC. C.I. GIULIO,TORINO,TORINO,PIEMONTE,IST PROF PER I SERVIZI COMMERCIALI E TURISTICI,commerciale_turistico_professionale,3,capacita_esaurita_o_oltre_max_km
202425,1.0,42,statale,SCUOLA SECONDARIA II GRADO,3,RCTD001013,I.T.E. FAMILIARI MELITO P. S.,MELITO DI PORTO SALVO,REGGIO CALABRIA,CALABRIA,ISTITUTO TECNICO COMMERCIALE,commerciale_economico_tecnico,1,capacita_esaurita_o_oltre_max_km
202425,1.0,42,statale,SCUOLA SECONDARIA II GRADO,3,GERC003018,I.P.S.C.T. - NUOVO IST. PROF. COMM.LE,GENOVA,GENOVA,LIGURIA,IST PROF PER I SERVIZI COMMERCIALI,commerciale_turistico_professionale,2,capacita_esaurita_o_oltre_max_km
202425,1.0,42,statale,SCUOLA SECONDARIA II GRADO,3,PGRC004019,CITTA' DELLA PIEVE,CITTA' DELLA PIEVE,PERUGIA,UMBRIA,IST PROF PER I SERVIZI COMMERCIALI,commerciale_turistico_professionale,1,capacita_esaurita_o_oltre_max_km
202425,1.0,42,statale,SCUOLA SECONDARIA II GRADO,3,RARC003016,POLO PROFESSIONALE DI LUGO,LUGO,RAVENNA,EMILIA ROMAGNA,IST PROF PER I SERVIZI COMMERCIALI E TURISTICI,commerciale_turistico_professionale,3,capacita_esaurita_o_oltre_max_km
202425,1.0,42,statale,SCUOLA SECONDARIA II GRADO,3,PTRI002012,ISTITUTO A. PACINOTTI,PESCIA,PISTOIA,TOSCANA,IST PROF INDUSTRIA E ARTIGIANATO,industria_artigianato,2,capacita_esaurita_o_oltre_max_km
202425,1.0,42,statale,SCUOLA SECONDARIA II GRADO,3,BSRI006014,"(SEZ. ASS. I.S. ""CARLO BERETTA"")",GARDONE VAL TROMPIA,BRESCIA,LOMBARDIA,IST PROF INDUSTRIA E ARTIGIANATO,industria_artigianato,2,capacita_esaurita_o_oltre_max_km
202425,1.0,42,statale,SCUOLA SECONDARIA II GRADO,3,PVRC00901P,IT TECN. E IP SERV. - MARAGLIANO,VOGHERA,PAVIA,LOMBARDIA,IST PROF PER I SERVIZI COMMERCIALI,commerciale_turistico_professionale,2,capacita_esaurita_o_oltre_max_km
202425,1.0,42,statale,SCUOLA SECONDARIA II GRADO,3,UDRI040009,"IPSIA ""G. CECONI"" UDINE",UDINE,UDINE,FRIULI-VENEZIA G.,IST PROF INDUSTRIA E ARTIGIANATO,industria_artigianato,3,capacita_esaurita_o_oltre_max_km
202425,1.0,42,statale,SCUOLA SECONDARIA II GRADO,3,BSRI001011,I.I.S. TASSARA - GHISLANDI,BRENO,BRESCIA,LOMBARDIA,IST PROF INDUSTRIA E ARTIGIANATO,industria_artigianato,2,capacita_esaurita_o_oltre_max_km
202425,1.0,42,statale,SCUOLA SECONDARIA II GRADO,3,LCRC008013,I.E F.P. COMMERCIALE ALLE VENDITE,CALOLZIOCORTE,LECCO,LOMBARDIA,IST PROF PER I SERVIZI COMMERCIALI,commerciale_turistico_professionale,1,capacita_esaurita_o_oltre_max_km
202425,1.0,42,statale,SCUOLA SECONDARIA II GRADO,3,TVRI026515,I.P.S.I.A. PITTONI SERALE,CONEGLIANO,TREVISO,VENETO,IST PROF INDUSTRIA E ARTIGIANATO,industria_artigianato,1,capacita_esaurita_o_oltre_max_km
202425,1.0,42,statale,SCUOLA SECONDARIA II GRADO,3,TERI009015,I.P. MARINO,TERAMO,TERAMO,ABRUZZO,IST PROF INDUSTRIA E ARTIGIANATO,industria_artigianato,1,capacita_esaurita_o_oltre_max_km
202425,1.0,42,statale,SCUOLA SECONDARIA II GRADO,3,TETF040001,ISTITUTO OMNIC. P.LEVI S.EGIDIO ANCARANO,SANT'EGIDIO ALLA VIBRATA,TERAMO,ABRUZZO,ISTITUTO TECNICO INDUSTRIALE,industriale_tecnico,1,capacita_esaurita_o_oltre_max_km
202425,1.0,42,statale,SCUOLA SECONDARIA II GRADO,3,MIRC059012,I.P. - B. ORIANI G. MAZZINI,MILANO,MILANO,LOMBARDIA,IST PROF PER I SERVIZI COMMERCIALI,commerciale_turistico_professionale,3,capacita_esaurita_o_oltre_max_km
202425,1.0,42,statale,SCUOLA SECONDARIA II GRADO,3,BSRI03201L,"""FORTUNY"" - BRESCIA",BRESCIA,BRESCIA,LOMBARDIA,IST PROF INDUSTRIA E ARTIGIANATO,industria_artigianato,4,capacita_esaurita_o_oltre_max_km
202425,1.0,42,statale,SCUOLA SECONDARIA II GRADO,3,ATRI007016,A. CASTIGLIANO,ASTI,ASTI,PIEMONTE,IST PROF INDUSTRIA E ARTIGIANATO,industria_artigianato,3,capacita_esaurita_o_oltre_max_km
202425,1.0,42,statale,SCUOLA SECONDARIA II GRADO,3,VATD009016,"IST.TECN.ECONOMICO ""DALLA CHIESA""",SESTO CALENDE,VARESE,LOMBARDIA,ISTITUTO TECNICO COMMERCIALE,commerciale_economico_tecnico,1,capacita_esaurita_o_oltre_max_km
202425,1.0,42,statale,SCUOLA SECONDARIA II GRADO,3,VERH04000D,ANDREA BARBARIGO,VENEZIA,VENEZIA,VENETO,IST PROF PER I SERVIZI ALBERGHIERI E RISTORAZIONE,alberghiero_ristorazione,2,capacita_esaurita_o_oltre_max_km
202425,1.0,42,statale,SCUOLA SECONDARIA II GRADO,3,ALRI006019,E.FERMI,ALESSANDRIA,ALESSANDRIA,PIEMONTE,IST PROF INDUSTRIA E ARTIGIANATO,industria_artigianato,1,capacita_esaurita_o_oltre_max_km
202425,1.0,42,statale,SCUOLA SECONDARIA II GRADO,3,CRTL003013,"""P.VACCHELLI""",CREMONA,CREMONA,LOMBARDIA,ISTITUTO TECNICO PER GEOMETRI,geometri,1,capacita_esaurita_o_oltre_max_km
202425,1.0,42,statale,SCUOLA SECONDARIA II GRADO,3,FIRI003014,"IST. PROF. INDUS. ARTIGIAN. ""A.CHECCHI""",FUCECCHIO,FIRENZE,TOSCANA,IST PROF INDUSTRIA E ARTIGIANATO,industria_artigianato,1,capacita_esaurita_o_oltre_max_km
202425,1.0,42,statale,SCUOLA SECONDARIA II GRADO,3,LIRC00201L,M.POLO- IP PER I SERV COMM E RURALI,CECINA,LIVORNO,TOSCANA,IST PROF PER I SERVIZI COMMERCIALI E TURISTICI,commerciale_turistico_professionale,1,capacita_esaurita_o_oltre_max_km
202425,1.0,42,statale,SCUOLA SECONDARIA II GRADO,3,PGRI01301R,"""ROSSELLI""",CASTIGLIONE DEL LAGO,PERUGIA,UMBRIA,IST PROF INDUSTRIA E ARTIGIANATO,industria_artigianato,1,capacita_esaurita_o_oltre_max_km
202425,1.0,42,statale,SCUOLA SECONDARIA II GRADO,3,SARI06802E,IPSIA SARNO,SARNO,SALERNO,CAMPANIA,IST PROF INDUSTRIA E ARTIGIANATO,industria_artigianato,1,capacita_esaurita_o_oltre_max_km
202425,1.0,42,statale,SCUOLA SECONDARIA II GRADO,3,SIRC007013,CASELLI DI MONTEPULCIANO,MONTEPULCIANO,SIENA,TOSCANA,IST PROF PER I SERVIZI COMMERCIALI E TURISTICI,commerciale_turistico_professionale,1,capacita_esaurita_o_oltre_max_km
202425,1.0,42,statale,SCUOLA SECONDARIA II GRADO,3,ATTD006022,G. A. GIOBERT,ASTI,ASTI,PIEMONTE,IST TEC COMMERCIALE E PER GEOMETRI,commerciale_economico_tecnico,1,capacita_esaurita_o_oltre_max_km
202425,1.0,42,statale,SCUOLA SECONDARIA II GRADO,3,BGRF02601T,"PROF.SOCIO SANITARIO ""MAMOLI""",BERGAMO,BERGAMO,LOMBARDIA,IST PROF PER I SERVIZI SOCIALI,sociale,1,capacita_esaurita_o_oltre_max_km
202425,1.0,42,statale,SCUOLA SECONDARIA II GRADO,3,MIRC12002N,I.P. - E. FALCK (SUCCURSALE),CINISELLO BALSAMO,MILANO,LOMBARDIA,IST PROF PER I SERVIZI COMMERCIALI,commerciale_turistico_professionale,1,capacita_esaurita_o_oltre_max_km
202425,1.0,42,statale,SCUOLA SECONDARIA II GRADO,3,MITD08101E,I.T. ECONOMICO - P. VERRI,MILANO,MILANO,LOMBARDIA,ISTITUTO TECNICO COMMERCIALE,commerciale_economico_tecnico,1,capacita_esaurita_o_oltre_max_km
202425,1.0,42,statale,SCUOLA SECONDARIA II GRADO,3,BSRC03401G,ISTITUTI PROFESSIONALI E IEFP,PALAZZOLO SULL'OGLIO,BRESCIA,LOMBARDIA,IST PROF PER I SERVIZI COMMERCIALI E TURISTICI,commerciale_turistico_professionale,1,capacita_esaurita_o_oltre_max_km
202425,1.0,42,statale,SCUOLA SECONDARIA II GRADO,3,MORC003017,CATTANEO,CARPI,MODENA,EMILIA ROMAGNA,IST PROF PER I SERVIZI COMMERCIALI E TURISTICI,commerciale_turistico_professionale,1,capacita_esaurita_o_oltre_max_km
202425,1.0,42,statale,SCUOLA SECONDARIA II GRADO,3,PVTD03000A,ITCG CASALE - VIGEVANO,VIGEVANO,PAVIA,LOMBARDIA,IST TEC COMMERCIALE E PER GEOMETRI,commerciale_economico_tecnico,1,capacita_esaurita_o_oltre_max_km
202425,1.0,42,statale,SCUOLA SECONDARIA II GRADO,4,COPM02000B,LICEO TERESA CICERI,COMO,COMO,LOMBARDIA,ISTITUTO MAGISTRALE,magistrale,199,capacita_esaurita_o_oltre_max_km
202425,1.0,42,statale,SCUOLA SECONDARIA II GRADO,4,CSRI310006,IPSIA BOCCHIGLIERO,BOCCHIGLIERO,COSENZA,CALABRIA,IST PROF INDUSTRIA E ARTIGIANATO,industria_artigianato,9,capacita_esaurita_o_oltre_max_km
202425,1.0,42,statale,SCUOLA SECONDARIA II GRADO,4,PORC004017,IST. F. DATINI-CASA CIRCONDARIALE,PRATO,PRATO,TOSCANA,IST PROF PER I SERVIZI COMMERCIALI E TURISTICI,commerciale_turistico_professionale,5,capacita_esaurita_o_oltre_max_km
202425,1.0,42,statale,SCUOLA SECONDARIA II GRADO,4,MIRI07401R,I.P. - MARELLI DUDOVICH,MILANO,MILANO,LOMBARDIA,IST PROF INDUSTRIA E ARTIGIANATO,industria_artigianato,27,capacita_esaurita_o_oltre_max_km
202425,1.0,42,statale,SCUOLA SECONDARIA II GRADO,4,FIRC029533,"I.P.S.C.T. ""SASSETTI-PERUZZI"" - SERALE",FIRENZE,FIRENZE,TOSCANA,IST PROF PER I SERVIZI COMMERCIALI E TURISTICI,commerciale_turistico_professionale,24,capacita_esaurita_o_oltre_max_km
202425,1.0,42,statale,SCUOLA SECONDARIA II GRADO,4,RGTD03002X,SEZ.STACCATA ITC BESTA RAGUSA,SANTA CROCE CAMERINA,RAGUSA,SICILIA,ISTITUTO TECNICO COMMERCIALE,commerciale_economico_tecnico,7,capacita_esaurita_o_oltre_max_km
202425,1.0,42,statale,SCUOLA SECONDARIA II GRADO,4,PORC00601V,IST. PROF. PER I SERV. COM. P. DAGOMARI,PRATO,PRATO,TOSCANA,IST PROF PER I SERVIZI COMMERCIALI,commerciale_turistico_professionale,17,capacita_esaurita_o_oltre_max_km
202425,1.0,42,statale,SCUOLA SECONDARIA II GRADO,4,RMRC11150P,PERC. II LIV. STENDHAL,ROMA,ROMA,LAZIO,IST PROF PER I SERVIZI COMMERCIALI E TURISTICI,commerciale_turistico_professionale,8,capacita_esaurita_o_oltre_max_km
202425,1.0,42,statale,SCUOLA SECONDARIA II GRADO,4,LIPS001018,LICEO SCIENTIFICO C/O CASA CIRCONDARIALE,PORTO AZZURRO,LIVORNO,TOSCANA,LICEO SCIENTIFICO,liceo_scientifico,2,capacita_esaurita_o_oltre_max_km
202425,1.0,42,statale,SCUOLA SECONDARIA II GRADO,4,MITN10701B,I.T. ECONOMICO - D. MARIGNONI-M. POLO,MILANO,MILANO,LOMBARDIA,ISTITUTO TECNICO PER IL TURISMO,turismo_tecnico,19,capacita_esaurita_o_oltre_max_km
202425,1.0,42,statale,SCUOLA SECONDARIA II GRADO,4,RMTN124513,C. COLOMBO SERALE,ROMA,ROMA,LAZIO,ISTITUTO TECNICO PER IL TURISMO,turismo_tecnico,1,capacita_esaurita_o_oltre_max_km
202425,1.0,42,statale,SCUOLA SECONDARIA II GRADO,4,ANRC01351Q,"I.I.S. ""PODESTI - CALZECCHI ONESTI""",ANCONA,ANCONA,MARCHE,IST PROF PER I SERVIZI COMMERCIALI E TURISTICI,commerciale_turistico_professionale,24,capacita_esaurita_o_oltre_max_km
202425,1.0,42,statale,SCUOLA SECONDARIA II GRADO,4,VERH04050V,ANDREA BARBARIGO - CORSO SERALE,VENEZIA,VENEZIA,VENETO,IST PROF PER I SERVIZI ALBERGHIERI E RISTORAZIONE,alberghiero_ristorazione,10,capacita_esaurita_o_oltre_max_km
202425,1.0,42,statale,SCUOLA SECONDARIA II GRADO,4,MCRI01050N,I.P.I.A CORRIDONI - MACERATA (SERALE),MACERATA,MACERATA,MARCHE,IST PROF INDUSTRIA E ARTIGIANATO,industria_artigianato,12,capacita_esaurita_o_oltre_max_km
202425,1.0,42,statale,SCUOLA SECONDARIA II GRADO,4,MSRI01451A,"SERALE IST. PROF.LE MARMO ""TACCA""",CARRARA,MASSA-CARRARA,TOSCANA,IST PROF INDUSTRIA E ARTIGIANATO,industria_artigianato,4,capacita_esaurita_o_oltre_max_km
202425,1.0,42,statale,SCUOLA SECONDARIA II GRADO,4,TORI04851N,I.I.S. R. ZERBONI SERALE,TORINO,TORINO,PIEMONTE,IST PROF INDUSTRIA E ARTIGIANATO,industria_artigianato,2,capacita_esaurita_o_oltre_max_km
202425,1.0,42,statale,SCUOLA SECONDARIA II GRADO,4,MIRC09451P,I.P.-L. V. BERTARELLI-FERRARIS (SERALE),MILANO,MILANO,LOMBARDIA,IST PROF PER I SERVIZI COMMERCIALI E TURISTICI,commerciale_turistico_professionale,16,capacita_esaurita_o_oltre_max_km
202425,1.0,42,statale,SCUOLA SECONDARIA II GRADO,4,LITD030014,G. CERBONI - SEZ. CARCERARIA,PORTO AZZURRO,LIVORNO,TOSCANA,IST TEC COMMERCIALE E PER GEOMETRI,commerciale_economico_tecnico,4,capacita_esaurita_o_oltre_max_km
202425,1.0,42,statale,SCUOLA SECONDARIA II GRADO,4,BORI024013,"IST.PROF.LE ""MALPIGHI"" - ODONTOTECNICO",BOLOGNA,BOLOGNA,EMILIA ROMAGNA,IST PROF INDUSTRIA E ARTIGIANATO,industria_artigianato,7,capacita_esaurita_o_oltre_max_km
202425,1.0,42,statale,SCUOLA SECONDARIA II GRADO,4,BORF02750X,SERVIZI SOCIALI SIRANI SERALE,BOLOGNA,BOLOGNA,EMILIA ROMAGNA,IST PROF PER I SERVIZI SOCIALI,sociale,5,capacita_esaurita_o_oltre_max_km
202425,1.0,42,statale,SCUOLA SECONDARIA II GRADO,4,MIRC02801A,I.P. - E. MONTALE,CINISELLO BALSAMO,MILANO,LOMBARDIA,IST PROF PER I SERVIZI COMMERCIALI E TURISTICI,commerciale_turistico_professionale,12,capacita_esaurita_o_oltre_max_km
202425,1.0,42,statale,SCUOLA SECONDARIA II GRADO,4,MIRC05851G,I.P. - P. FRISI (POLO I.D.A.),MILANO,MILANO,LOMBARDIA,IST PROF PER I SERVIZI COMMERCIALI E TURISTICI,commerciale_turistico_professionale,18,capacita_esaurita_o_oltre_max_km
202425,1.0,42,statale,SCUOLA SECONDARIA II GRADO,4,ATRH00450G,ISTITUTO PROFESSIONALE PENNA,SAN DAMIANO D'ASTI,ASTI,PIEMONTE,IST PROF PER I SERVIZI ALBERGHIERI E RISTORAZIONE,alberghiero_ristorazione,3,capacita_esaurita_o_oltre_max_km
202425,1.0,42,statale,SCUOLA SECONDARIA II GRADO,4,CRRC006505,"I.P. ""L. EINAUDI"" SERALE",CREMONA,CREMONA,LOMBARDIA,IST PROF PER I SERVIZI COMMERCIALI,commerciale_turistico_professionale,3,capacita_esaurita_o_oltre_max_km
202425,1.0,42,statale,SCUOLA SECONDARIA II GRADO,4,CNRC026016,"MONDOVI' ""M.BELLISARIO""",MONDOVI',CUNEO,PIEMONTE,IST PROF PER I SERVIZI COMMERCIALI,commerciale_turistico_professionale,8,capacita_esaurita_o_oltre_max_km
202425,1.0,42,statale,SCUOLA SECONDARIA II GRADO,4,ALRC00601L,G.MIGLIARA,ALESSANDRIA,ALESSANDRIA,PIEMONTE,IST PROF PER I SERVIZI COMMERCIALI,commerciale_turistico_professionale,9,capacita_esaurita_o_oltre_max_km
202425,1.0,42,statale,SCUOLA SECONDARIA II GRADO,4,GERI020503,I.P.S.I.A. - A.ODERO /SERALE,GENOVA,GENOVA,LIGURIA,IST PROF INDUSTRIA E ARTIGIANATO,industria_artigianato,13,capacita_esaurita_o_oltre_max_km
202425,1.0,42,statale,SCUOLA SECONDARIA II GRADO,4,TORC03750D,I.I.S. SELLA-AALTO-LAGRANGE SERALE,TORINO,TORINO,PIEMONTE,IST PROF PER I SERVIZI COMMERCIALI,commerciale_turistico_professionale,4,capacita_esaurita_o_oltre_max_km
202425,1.0,42,statale,SCUOLA SECONDARIA II GRADO,4,ALTL00651Q,"""P.L. NERVI - C.A.T.""",ALESSANDRIA,ALESSANDRIA,PIEMONTE,ISTITUTO TECNICO PER GEOMETRI,geometri,1,capacita_esaurita_o_oltre_max_km
202425,1.0,42,statale,SCUOLA SECONDARIA II GRADO,4,BORI02451C,"I.P.I.A. ""MARCELLO"" - SERALE",SAN GIOVANNI IN PERSICETO,BOLOGNA,EMILIA ROMAGNA,IST PROF INDUSTRIA E ARTIGIANATO,industria_artigianato,2,capacita_esaurita_o_oltre_max_km
202425,1.0,42,statale,SCUOLA SECONDARIA II GRADO,4,MIRC094019,I.P. - L. V. BERTARELLI - FERRARIS,MILANO,MILANO,LOMBARDIA,IST PROF PER I SERVIZI COMMERCIALI E TURISTICI,commerciale_turistico_professionale,4,capacita_esaurita_o_oltre_max_km
202425,1.0,42,statale,SCUOLA SECONDARIA II GRADO,4,MORI00901V,GUGLIELMO MARCONI,PAVULLO NEL FRIGNANO,MODENA,EMILIA ROMAGNA,IST PROF INDUSTRIA E ARTIGIANATO,industria_artigianato,6,capacita_esaurita_o_oltre_max_km
202425,1.0,42,statale,SCUOLA SECONDARIA II GRADO,4,SIRI004018,G. MARCONI SIENA,SIENA,SIENA,TOSCANA,IST PROF INDUSTRIA E ARTIGIANATO,industria_artigianato,12,capacita_esaurita_o_oltre_max_km
202425,1.0,42,statale,SCUOLA SECONDARIA II GRADO,4,VERC00451G,L. LUZZATTI - SERALE,VENEZIA,VENEZIA,VENETO,IST PROF PER I SERVIZI COMMERCIALI E TURISTICI,commerciale_turistico_professionale,7,capacita_esaurita_o_oltre_max_km
202425,1.0,42,statale,SCUOLA SECONDARIA II GRADO,4,PCRI00601T,L.DA VINCI,PIACENZA,PIACENZA,EMILIA ROMAGNA,IST PROF INDUSTRIA E ARTIGIANATO,industria_artigianato,14,capacita_esaurita_o_oltre_max_km
202425,1.0,42,statale,SCUOLA SECONDARIA II GRADO,4,PCTD00351A,G. D. ROMAGNOSI,PIACENZA,PIACENZA,EMILIA ROMAGNA,ISTITUTO TECNICO COMMERCIALE,commerciale_economico_tecnico,6,capacita_esaurita_o_oltre_max_km
202425,1.0,42,statale,SCUOLA SECONDARIA II GRADO,4,RMTN07351B,"PERCORSO II LIV ""MARCO POLO""",ROMA,ROMA,LAZIO,ISTITUTO TECNICO PER IL TURISMO,turismo_tecnico,18,capacita_esaurita_o_oltre_max_km
202425,1.0,42,statale,SCUOLA SECONDARIA II GRADO,4,FETD00101Q,IST. TEC. ECON. E TECNOL.- PORTOMAGGIORE,PORTOMAGGIORE,FERRARA,EMILIA ROMAGNA,ISTITUTO TECNICO COMMERCIALE,commerciale_economico_tecnico,8,capacita_esaurita_o_oltre_max_km
202425,1.0,42,statale,SCUOLA SECONDARIA II GRADO,4,BORI02351L,FIORAVANTI - SERALE,BOLOGNA,BOLOGNA,EMILIA ROMAGNA,IST PROF INDUSTRIA E ARTIGIANATO,industria_artigianato,6,capacita_esaurita_o_oltre_max_km
202425,1.0,42,statale,SCUOLA SECONDARIA II GRADO,4,BGRF00601L,"""G.B. RUBINI""",ROMANO DI LOMBARDIA,BERGAMO,LOMBARDIA,IST PROF PER I SERVIZI SOCIALI,sociale,15,capacita_esaurita_o_oltre_max_km
202425,1.0,42,statale,SCUOLA SECONDARIA II GRADO,4,MORC004013,G. A. CAVAZZI,PAVULLO NEL FRIGNANO,MODENA,EMILIA ROMAGNA,IST PROF PER I SERVIZI COMMERCIALI,commerciale_turistico_professionale,5,capacita_esaurita_o_oltre_max_km
202425,1.0,42,statale,SCUOLA SECONDARIA II GRADO,4,MIRC058016,"I.P. - P. FRISI - ""POLO DELL'OSPITALITA""",MILANO,MILANO,LOMBARDIA,IST PROF PER I SERVIZI COMMERCIALI E TURISTICI,commerciale_turistico_professionale,15,capacita_esaurita_o_oltre_max_km
202425,1.0,42,statale,SCUOLA SECONDARIA II GRADO,4,SPRC007027,IPSCT L.EINAUDI,LA SPEZIA,LA SPEZIA,LIGURIA,IST PROF PER I SERVIZI COMMERCIALI E TURISTICI,commerciale_turistico_professionale,4,capacita_esaurita_o_oltre_max_km
202425,1.0,42,statale,SCUOLA SECONDARIA II GRADO,4,IMRC00201X,"""U.CALVI""",IMPERIA,IMPERIA,LIGURIA,IST PROF PER I SERVIZI COMMERCIALI E TURISTICI,commerciale_turistico_professionale,14,capacita_esaurita_o_oltre_max_km
202425,1.0,42,statale,SCUOLA SECONDARIA II GRADO,4,MIRC02950E,I.P. -N. MACHIAVELLI (SERALE SUCCURSALE),PIOLTELLO,MILANO,LOMBARDIA,IST PROF PER I SERVIZI COMMERCIALI,commerciale_turistico_professionale,3,capacita_esaurita_o_oltre_max_km
202425,1.0,42,statale,SCUOLA SECONDARIA II GRADO,4,ALRC01750B,SERALE SETTORE SERVIZI,NOVI LIGURE,ALESSANDRIA,PIEMONTE,IST PROF PER I SERVIZI COMMERCIALI E TURISTICI,commerciale_turistico_professionale,1,capacita_esaurita_o_oltre_max_km
202425,1.0,42,statale,SCUOLA SECONDARIA II GRADO,4,TORC05251L,I.I.S. P. BOSELLI SERALE,TORINO,TORINO,PIEMONTE,IST PROF PER I SERVIZI COMMERCIALI E TURISTICI,commerciale_turistico_professionale,24,capacita_esaurita_o_oltre_max_km
202425,1.0,42,statale,SCUOLA SECONDARIA II GRADO,4,FIRC02903N,"""SASSETTI - PERUZZI""",FIRENZE,FIRENZE,TOSCANA,IST PROF PER I SERVIZI COMMERCIALI,commerciale_turistico_professionale,28,capacita_esaurita_o_oltre_max_km
202425,1.0,42,statale,SCUOLA SECONDARIA II GRADO,4,PVRI01601E,IP CALVI,VOGHERA,PAVIA,LOMBARDIA,IST PROF INDUSTRIA E ARTIGIANATO,industria_artigianato,8,capacita_esaurita_o_oltre_max_km
202425,1.0,42,statale,SCUOLA SECONDARIA II GRADO,4,MIRC107016,I.P. - B. CAVALIERI-MARIGNONI,MILANO,MILANO,LOMBARDIA,IST PROF PER I SERVIZI COMMERCIALI,commerciale_turistico_professionale,43,capacita_esaurita_o_oltre_max_km
202425,1.0,42,statale,SCUOLA SECONDARIA II GRADO,4,RNRH03050A,"""S.P. MALATESTA"" SERALE",RIMINI,RIMINI,EMILIA ROMAGNA,IST PROF PER I SERVIZI ALBERGHIERI E RISTORAZIONE,alberghiero_ristorazione,6,capacita_esaurita_o_oltre_max_km
202425,1.0,42,statale,SCUOLA SECONDARIA II GRADO,4,ATRI00750E,A. CASTIGLIANO SERALE,ASTI,ASTI,PIEMONTE,IST PROF INDUSTRIA E ARTIGIANATO,industria_artigianato,5,capacita_esaurita_o_oltre_max_km
202425,1.0,42,statale,SCUOLA SECONDARIA II GRADO,4,ARTD022018,IST. TECNICO ECONOMICO - FOIANO CHIANA,FOIANO DELLA CHIANA,AREZZO,TOSCANA,ISTITUTO TECNICO COMMERCIALE,commerciale_economico_tecnico,3,capacita_esaurita_o_oltre_max_km
202425,1.0,42,statale,SCUOLA SECONDARIA II GRADO,4,BGRI003014,"""BETTY AMBIVERI""",PRESEZZO,BERGAMO,LOMBARDIA,IST PROF INDUSTRIA E ARTIGIANATO,industria_artigianato,4,capacita_esaurita_o_oltre_max_km
202425,1.0,42,statale,SCUOLA SECONDARIA II GRADO,4,TORC054518,I.I.S. C.I. GIULIO SERALE,TORINO,TORINO,PIEMONTE,IST PROF PER I SERVIZI COMMERCIALI E TURISTICI,commerciale_turistico_professionale,19,capacita_esaurita_o_oltre_max_km
202425,1.0,42,statale,SCUOLA SECONDARIA II GRADO,4,TORC037015,L. LAGRANGE,TORINO,TORINO,PIEMONTE,IST PROF PER I SERVIZI COMMERCIALI,commerciale_turistico_professionale,8,capacita_esaurita_o_oltre_max_km
202425,1.0,42,statale,SCUOLA SECONDARIA II GRADO,4,LORI00101P,I.P. AMBROSOLI - CODOGNO,CODOGNO,LODI,LOMBARDIA,IST PROF INDUSTRIA E ARTIGIANATO,industria_artigianato,11,capacita_esaurita_o_oltre_max_km
202425,1.0,42,statale,SCUOLA SECONDARIA II GRADO,4,MIRI10302L,I.P.I.A. DI CERNUSCO,CERNUSCO SUL NAVIGLIO,MILANO,LOMBARDIA,IST PROF INDUSTRIA E ARTIGIANATO,industria_artigianato,11,capacita_esaurita_o_oltre_max_km
202425,1.0,42,statale,SCUOLA SECONDARIA II GRADO,4,ALRC008018,DOMENICO CARBONE,TORTONA,ALESSANDRIA,PIEMONTE,IST PROF PER I SERVIZI COMMERCIALI,commerciale_turistico_professionale,4,capacita_esaurita_o_oltre_max_km
202425,1.0,42,statale,SCUOLA SECONDARIA II GRADO,4,BORI024024,IP MARCELLO MALPIGHI,CREVALCORE,BOLOGNA,EMILIA ROMAGNA,IST PROF INDUSTRIA E ARTIGIANATO,industria_artigianato,4,capacita_esaurita_o_oltre_max_km
202425,1.0,42,statale,SCUOLA SECONDARIA II GRADO,4,TETF040001,ISTITUTO OMNIC. P.LEVI S.EGIDIO ANCARANO,SANT'EGIDIO ALLA VIBRATA,TERAMO,ABRUZZO,ISTITUTO TECNICO INDUSTRIALE,industriale_tecnico,4,capacita_esaurita_o_oltre_max_km
202425,1.0,42,statale,SCUOLA SECONDARIA II GRADO,4,MIRI072015,I.P. - SEVERI CORRENTI,MILANO,MILANO,LOMBARDIA,IST PROF INDUSTRIA E ARTIGIANATO,industria_artigianato,16,capacita_esaurita_o_oltre_max_km
202425,1.0,42,statale,SCUOLA SECONDARIA II GRADO,4,PGRC120003,GIANO DELL'UMBRIA,GIANO DELL'UMBRIA,PERUGIA,UMBRIA,IST PROF PER I SERVIZI COMMERCIALI,commerciale_turistico_professionale,4,capacita_esaurita_o_oltre_max_km
202425,1.0,42,statale,SCUOLA SECONDARIA II GRADO,4,CRTL003013,"""P.VACCHELLI""",CREMONA,CREMONA,LOMBARDIA,ISTITUTO TECNICO PER GEOMETRI,geometri,3,capacita_esaurita_o_oltre_max_km
202425,1.0,42,statale,SCUOLA SECONDARIA II GRADO,4,PRRI010009,"""PRIMO LEVI""",PARMA,PARMA,EMILIA ROMAGNA,IST PROF INDUSTRIA E ARTIGIANATO,industria_artigianato,23,capacita_esaurita_o_oltre_max_km
202425,1.0,42,statale,SCUOLA SECONDARIA II GRADO,4,FETD001504,I.T. COMMERCIALE (SERALE) PORTOMAGGIORE,PORTOMAGGIORE,FERRARA,EMILIA ROMAGNA,ISTITUTO TECNICO COMMERCIALE,commerciale_economico_tecnico,4,capacita_esaurita_o_oltre_max_km
202425,1.0,42,statale,SCUOLA SECONDARIA II GRADO,4,VERI00401V,THOMAS A. EDISON - ALESSANDRO VOLTA,VENEZIA,VENEZIA,VENETO,IST PROF INDUSTRIA E ARTIGIANATO,industria_artigianato,8,capacita_esaurita_o_oltre_max_km
202425,1.0,42,statale,SCUOLA SECONDARIA II GRADO,4,MORI002014,PRIMO LEVI,VIGNOLA,MODENA,EMILIA ROMAGNA,IST PROF INDUSTRIA E ARTIGIANATO,industria_artigianato,7,capacita_esaurita_o_oltre_max_km
202425,1.0,42,statale,SCUOLA SECONDARIA II GRADO,4,SIRI007504,G. MARCONI CHIUSI - SERALE,CHIUSI,SIENA,TOSCANA,IST PROF INDUSTRIA E ARTIGIANATO,industria_artigianato,2,capacita_esaurita_o_oltre_max_km
202425,1.0,42,statale,SCUOLA SECONDARIA II GRADO,4,TORI048018,R. ZERBONI,TORINO,TORINO,PIEMONTE,IST PROF INDUSTRIA E ARTIGIANATO,industria_artigianato,10,capacita_esaurita_o_oltre_max_km
202425,1.0,42,statale,SCUOLA SECONDARIA II GRADO,4,MIRC12000G,I.P. - E. FALCK,SESTO SAN GIOVANNI,MILANO,LOMBARDIA,IST PROF PER I SERVIZI COMMERCIALI,commerciale_turistico_professionale,9,capacita_esaurita_o_oltre_max_km
202425,1.0,42,statale,SCUOLA SECONDARIA II GRADO,4,MIRI01701L,I.P. - J. C. MAXWELL (SUCCURSALE),MILANO,MILANO,LOMBARDIA,IST PROF INDUSTRIA E ARTIGIANATO,industria_artigianato,9,capacita_esaurita_o_oltre_max_km
202425,1.0,42,statale,SCUOLA SECONDARIA II GRADO,4,PRRC00451Q,"ISTITUTO ""PIETRO GIORDANI"" SERALE",PARMA,PARMA,EMILIA ROMAGNA,IST PROF PER I SERVIZI COMMERCIALI E TURISTICI,commerciale_turistico_professionale,7,capacita_esaurita_o_oltre_max_km
202425,1.0,42,statale,SCUOLA SECONDARIA II GRADO,4,SIRI00450L,MARCONI SIENA - SERALE,SIENA,SIENA,TOSCANA,IST PROF INDUSTRIA E ARTIGIANATO,industria_artigianato,3,capacita_esaurita_o_oltre_max_km
202425,1.0,42,statale,SCUOLA SECONDARIA II GRADO,4,SPRC00752L,"""L.EINAUDI"" SERALE",LA SPEZIA,LA SPEZIA,LIGURIA,IST PROF PER I SERVIZI COMMERCIALI E TURISTICI,commerciale_turistico_professionale,3,capacita_esaurita_o_oltre_max_km
202425,1.0,42,statale,SCUOLA SECONDARIA II GRADO,4,RMRF03650X,PIAGET,ROMA,ROMA,LAZIO,IST PROF PER I SERVIZI SOCIALI,sociale,6,capacita_esaurita_o_oltre_max_km
202425,1.0,42,statale,SCUOLA SECONDARIA II GRADO,4,PVRI00701Q,IPSIA FARAVELLI - STRADELLA,STRADELLA,PAVIA,LOMBARDIA,IST PROF INDUSTRIA E ARTIGIANATO,industria_artigianato,4,capacita_esaurita_o_oltre_max_km
202425,1.0,42,statale,SCUOLA SECONDARIA II GRADO,4,ALTD007504,ITC VINCI SERALE - OVADA,OVADA,ALESSANDRIA,PIEMONTE,ISTITUTO TECNICO COMMERCIALE,commerciale_economico_tecnico,3,capacita_esaurita_o_oltre_max_km
202425,1.0,42,statale,SCUOLA SECONDARIA II GRADO,4,GORC01101Q,IST. PROF. PER I SERVIZI SOCIO SANITARI,MONFALCONE,GORIZIA,FRIULI-VENEZIA G.,IST PROF PER I SERVIZI COMMERCIALI E TURISTICI,commerciale_turistico_professionale,3,capacita_esaurita_o_oltre_max_km
202425,1.0,42,statale,SCUOLA SECONDARIA II GRADO,4,MIRC02851Q,I.P. E. MONTALE (SERALE),CINISELLO BALSAMO,MILANO,LOMBARDIA,IST PROF PER I SERVIZI COMMERCIALI E TURISTICI,commerciale_turistico_professionale,3,capacita_esaurita_o_oltre_max_km
202425,1.0,42,statale,SCUOLA SECONDARIA II GRADO,4,MIRC079017,I.P. - CATERINA DA SIENA,MILANO,MILANO,LOMBARDIA,IST PROF PER I SERVIZI COMMERCIALI,commerciale_turistico_professionale,19,capacita_esaurita_o_oltre_max_km
202425,1.0,42,statale,SCUOLA SECONDARIA II GRADO,4,CSRA022017,ISTITUTO PROFESSIONALE INDIRIZZO -IPSEOA,CASSANO ALL'IONIO,COSENZA,CALABRIA,IST PROF PER L'AGRICOLTURA E L'AMBIENTE,agricoltura,1,capacita_esaurita_o_oltre_max_km
202425,1.0,42,statale,SCUOLA SECONDARIA II GRADO,4,FGRC044011,"I.P.S.C. ""LECCISOTTI""",TORREMAGGIORE,FOGGIA,PUGLIA,IST PROF PER I SERVIZI COMMERCIALI E TURISTICI,commerciale_turistico_professionale,1,capacita_esaurita_o_oltre_max_km
202425,1.0,42,statale,SCUOLA SECONDARIA II GRADO,4,FITD00301P,"IST. TECN. ECON./TECNOL. ""A.CHECCHI""",FUCECCHIO,FIRENZE,TOSCANA,ISTITUTO TECNICO COMMERCIALE,commerciale_economico_tecnico,3,capacita_esaurita_o_oltre_max_km
202425,1.0,42,statale,SCUOLA SECONDARIA II GRADO,4,PGRC00301D,"""SALVATORELLI-MONETA"" PROFESSIONALE",MARSCIANO,PERUGIA,UMBRIA,IST PROF PER I SERVIZI COMMERCIALI,commerciale_turistico_professionale,3,capacita_esaurita_o_oltre_max_km
202425,1.0,42,statale,SCUOLA SECONDARIA II GRADO,4,POTD006027,IST. TECN. COM. P. DAGOMARI,PRATO,PRATO,TOSCANA,ISTITUTO TECNICO COMMERCIALE,commerciale_economico_tecnico,7,capacita_esaurita_o_oltre_max_km
202425,1.0,42,statale,SCUOLA SECONDARIA II GRADO,4,MIRC03750D,I.P.-PIERO DELLA FRANCESCA (SERALE-SUCC),SAN GIULIANO MILANESE,MILANO,LOMBARDIA,IST PROF PER I SERVIZI COMMERCIALI,commerciale_turistico_professionale,3,capacita_esaurita_o_oltre_max_km
202425,1.0,42,statale,SCUOLA SECONDARIA II GRADO,4,TORC05401V,IST.PROF. SERV. COMM. E SOC. C.I. GIULIO,TORINO,TORINO,PIEMONTE,IST PROF PER I SERVIZI COMMERCIALI E TURISTICI,commerciale_turistico_professionale,8,capacita_esaurita_o_oltre_max_km
202425,1.0,42,statale,SCUOLA SECONDARIA II GRADO,4,GERC004014,I.P.S.C. - G. CASAREGIS,GENOVA,GENOVA,LIGURIA,IST PROF PER I SERVIZI COMMERCIALI,commerciale_turistico_professionale,6,capacita_esaurita_o_oltre_max_km
202425,1.0,42,statale,SCUOLA SECONDARIA II GRADO,4,BGRF026506,"SERALE PROF.SOCIO SANITARIO ""MAMOLI""",BERGAMO,BERGAMO,LOMBARDIA,IST PROF PER I SERVIZI SOCIALI,sociale,6,capacita_esaurita_o_oltre_max_km
202425,1.0,42,statale,SCUOLA SECONDARIA II GRADO,4,BORC00302A,G. BRUNO - SEDE COORDINATA,MOLINELLA,BOLOGNA,EMILIA ROMAGNA,IST PROF PER I SERVIZI COMMERCIALI,commerciale_turistico_professionale,1,capacita_esaurita_o_oltre_max_km
202425,1.0,42,statale,SCUOLA SECONDARIA II GRADO,4,GRTD003028,"""PADRE E.BALDUCCI"" SANTA FIORA",SANTA FIORA,GROSSETO,TOSCANA,ISTITUTO TECNICO COMMERCIALE,commerciale_economico_tecnico,1,capacita_esaurita_o_oltre_max_km
202425,1.0,42,statale,SCUOLA SECONDARIA II GRADO,4,PNTF00701G,ISTITUTO TECNICO MECCANICA MECCATRONICA,SAN VITO AL TAGLIAMENTO,PORDENONE,FRIULI-VENEZIA G.,ISTITUTO TECNICO INDUSTRIALE,industriale_tecnico,1,capacita_esaurita_o_oltre_max_km
202425,1.0,42,statale,SCUOLA SECONDARIA II GRADO,4,SPRI00701V,"""CHIODO""",LA SPEZIA,LA SPEZIA,LIGURIA,IST PROF INDUSTRIA E ARTIGIANATO,industria_artigianato,7,capacita_esaurita_o_oltre_max_km
202425,1.0,42,statale,SCUOLA SECONDARIA II GRADO,4,RMRI03401V,EUROPA,ROMA,ROMA,LAZIO,IST PROF INDUSTRIA E ARTIGIANATO,industria_artigianato,4,capacita_esaurita_o_oltre_max_km
202425,1.0,42,statale,SCUOLA SECONDARIA II GRADO,4,MORC00601P,CARLO CATTANEO,MIRANDOLA,MODENA,EMILIA ROMAGNA,IST PROF PER I SERVIZI COMMERCIALI E TURISTICI,commerciale_turistico_professionale,4,capacita_esaurita_o_oltre_max_km
202425,1.0,42,statale,SCUOLA SECONDARIA II GRADO,4,PGRC01401X,UMBERTIDE,UMBERTIDE,PERUGIA,UMBRIA,IST PROF PER I SERVIZI COMMERCIALI E TURISTICI,commerciale_turistico_professionale,4,capacita_esaurita_o_oltre_max_km
202425,1.0,42,statale,SCUOLA SECONDARIA II GRADO,4,FIRI01201V,"I.P.I.A ""FERRARIS.BRUNELLESCHI""",EMPOLI,FIRENZE,TOSCANA,IST PROF INDUSTRIA E ARTIGIANATO,industria_artigianato,4,capacita_esaurita_o_oltre_max_km
202425,1.0,42,statale,SCUOLA SECONDARIA II GRADO,4,CRRC00101N,"""G. ROMANI""",CASALMAGGIORE,CREMONA,LOMBARDIA,IST PROF PER I SERVIZI COMMERCIALI E TURISTICI,commerciale_turistico_professionale,6,capacita_esaurita_o_oltre_max_km
202425,1.0,42,statale,SCUOLA SECONDARIA II GRADO,4,BSRI01201B,"MONTICHIARI (SEZ.ASS.I.S.""DON MILANI"")",MONTICHIARI,BRESCIA,LOMBARDIA,IST PROF INDUSTRIA E ARTIGIANATO,industria_artigianato,1,capacita_esaurita_o_oltre_max_km
202425,1.0,42,statale,SCUOLA SECONDARIA II GRADO,4,MNRC006012,I.I.S.S. G. GREGGIATI - IST. PROFESS.,OSTIGLIA,MANTOVA,LOMBARDIA,IST PROF PER I SERVIZI COMMERCIALI,commerciale_turistico_professionale,4,capacita_esaurita_o_oltre_max_km
202425,1.0,42,statale,SCUOLA SECONDARIA II GRADO,4,UDTD011011,"""J. LINUSSIO""",CODROIPO,UDINE,FRIULI-VENEZIA G.,ISTITUTO TECNICO COMMERCIALE,commerciale_economico_tecnico,2,capacita_esaurita_o_oltre_max_km
202425,1.0,42,statale,SCUOLA SECONDARIA II GRADO,4,TORC05402X,IPSC GIULIO - SEZ. CARCERE,TORINO,TORINO,PIEMONTE,IST PROF PER I SERVIZI COMMERCIALI,commerciale_turistico_professionale,4,capacita_esaurita_o_oltre_max_km
202425,1.0,42,statale,SCUOLA SECONDARIA II GRADO,4,BARI016015,I.P.S.I.A.,SANTERAMO IN COLLE,BARI,PUGLIA,IST PROF INDUSTRIA E ARTIGIANATO,industria_artigianato,3,capacita_esaurita_o_oltre_max_km
202425,1.0,42,statale,SCUOLA SECONDARIA II GRADO,4,BORI023017,ISTITUTO PROF.LE FIORAVANTI,BOLOGNA,BOLOGNA,EMILIA ROMAGNA,IST PROF INDUSTRIA E ARTIGIANATO,industria_artigianato,5,capacita_esaurita_o_oltre_max_km
202425,1.0,42,statale,SCUOLA SECONDARIA II GRADO,4,FERI001015,I.P.S.I.A. ARGENTA,ARGENTA,FERRARA,EMILIA ROMAGNA,IST PROF INDUSTRIA E ARTIGIANATO,industria_artigianato,3,capacita_esaurita_o_oltre_max_km
202425,1.0,42,statale,SCUOLA SECONDARIA II GRADO,4,MIRC07701G,I.P. - G. GALILEI,MILANO,MILANO,LOMBARDIA,IST PROF PER I SERVIZI COMMERCIALI,commerciale_turistico_professionale,4,capacita_esaurita_o_oltre_max_km
202425,1.0,42,statale,SCUOLA SECONDARIA II GRADO,4,IMTN00601C,RUFFINI - TURISTICO,IMPERIA,IMPERIA,LIGURIA,ISTITUTO TECNICO PER IL TURISMO,turismo_tecnico,2,capacita_esaurita_o_oltre_max_km
202425,1.0,42,statale,SCUOLA SECONDARIA II GRADO,4,MBRC024508,IST.PROF. FLORIANI SERALE,VIMERCATE,MONZA E DELLA BRIANZA,LOMBARDIA,IST PROF PER I SERVIZI COMMERCIALI,commerciale_turistico_professionale,2,capacita_esaurita_o_oltre_max_km
202425,1.0,42,statale,SCUOLA SECONDARIA II GRADO,4,PRRC00401A,"ISTITUTO PROFESSIONALE ""PIETRO GIORDANI""",PARMA,PARMA,EMILIA ROMAGNA,IST PROF PER I SERVIZI COMMERCIALI E TURISTICI,commerciale_turistico_professionale,11,capacita_esaurita_o_oltre_max_km
202425,1.0,42,statale,SCUOLA SECONDARIA II GRADO,4,MIRI094012,I.P. - L. V. BERTARELLI-FERRARIS (SUCC.),MILANO,MILANO,LOMBARDIA,IST PROF INDUSTRIA E ARTIGIANATO,industria_artigianato,3,capacita_esaurita_o_oltre_max_km
202425,1.0,42,statale,SCUOLA SECONDARIA II GRADO,4,MORI008013,GALILEO GALILEI,MIRANDOLA,MODENA,EMILIA ROMAGNA,IST PROF INDUSTRIA E ARTIGIANATO,industria_artigianato,5,capacita_esaurita_o_oltre_max_km
202425,1.0,42,statale,SCUOLA SECONDARIA II GRADO,4,PDRH01002N,IPSEOA PIETRO D'ABANO - SEZ. CARCERARIA,PADOVA,PADOVA,VENETO,IST PROF PER I SERVIZI ALBERGHIERI E RISTORAZIONE,alberghiero_ristorazione,2,capacita_esaurita_o_oltre_max_km
202425,1.0,42,statale,SCUOLA SECONDARIA II GRADO,4,PGTD01301B,"ISTITUTO TECNICO ECONOMICO "" ROSSELLI""",CASTIGLIONE DEL LAGO,PERUGIA,UMBRIA,ISTITUTO TECNICO COMMERCIALE,commerciale_economico_tecnico,2,capacita_esaurita_o_oltre_max_km
202425,1.0,42,statale,SCUOLA SECONDARIA II GRADO,4,SVRI00601D,"IST. PROF.LE ID. ART. ""L. DA VINCI""SV",SAVONA,SAVONA,LIGURIA,IST PROF INDUSTRIA E ARTIGIANATO,industria_artigianato,2,capacita_esaurita_o_oltre_max_km
202425,1.0,42,statale,SCUOLA SECONDARIA II GRADO,4,FERC00701B,IST. PROF. STATALE SERVIZI COMM.LI,BONDENO,FERRARA,EMILIA ROMAGNA,IST PROF PER I SERVIZI COMMERCIALI E TURISTICI,commerciale_turistico_professionale,2,capacita_esaurita_o_oltre_max_km
202425,1.0,42,statale,SCUOLA SECONDARIA II GRADO,4,BORC03000L,IPSAS ALDROVANDI - RUBBIANI,BOLOGNA,BOLOGNA,EMILIA ROMAGNA,IST PROF PER I SERVIZI COMMERCIALI E TURISTICI,commerciale_turistico_professionale,12,capacita_esaurita_o_oltre_max_km
202425,1.0,42,statale,SCUOLA SECONDARIA II GRADO,4,PCRC00301N,A. CASALI,PIACENZA,PIACENZA,EMILIA ROMAGNA,IST PROF PER I SERVIZI COMMERCIALI E TURISTICI,commerciale_turistico_professionale,9,capacita_esaurita_o_oltre_max_km
202425,1.0,42,statale,SCUOLA SECONDARIA II GRADO,4,IMRC002508,I.P.S.C. ULISSE CALVI - SERALE,IMPERIA,IMPERIA,LIGURIA,IST PROF PER I SERVIZI COMMERCIALI,commerciale_turistico_professionale,3,capacita_esaurita_o_oltre_max_km
202425,1.0,42,statale,SCUOLA SECONDARIA II GRADO,4,SIRI00301C,CENNINO CENNINI,COLLE DI VAL D'ELSA,SIENA,TOSCANA,IST PROF INDUSTRIA E ARTIGIANATO,industria_artigianato,1,capacita_esaurita_o_oltre_max_km
202425,1.0,42,statale,SCUOLA SECONDARIA II GRADO,4,BORC01601B,MANFREDI,BOLOGNA,BOLOGNA,EMILIA ROMAGNA,IST PROF PER I SERVIZI COMMERCIALI E TURISTICI,commerciale_turistico_professionale,3,capacita_esaurita_o_oltre_max_km
202425,1.0,42,statale,SCUOLA SECONDARIA II GRADO,4,BORI01901G,I.P.I.A. ALDINI VALERIANI,BOLOGNA,BOLOGNA,EMILIA ROMAGNA,IST PROF INDUSTRIA E ARTIGIANATO,industria_artigianato,4,capacita_esaurita_o_oltre_max_km
202425,1.0,42,statale,SCUOLA SECONDARIA II GRADO,4,AQRI014014,IST. PROF.LE INDUSTRIA E ARTIGIANATO,AVEZZANO,L'AQUILA,ABRUZZO,IST PROF INDUSTRIA E ARTIGIANATO,industria_artigianato,1,capacita_esaurita_o_oltre_max_km
202425,1.0,42,statale,SCUOLA SECONDARIA II GRADO,4,CARI03301Q,I.P.I.A.-SEZIONE CARCERARIA UTA,UTA,CAGLIARI,SARDEGNA,IST PROF INDUSTRIA E ARTIGIANATO,industria_artigianato,1,capacita_esaurita_o_oltre_max_km
202425,1.0,42,statale,SCUOLA SECONDARIA II GRADO,4,CBTD003015,"ITE ""SILVIO DI LALLA"" - CASACALENDA",CASACALENDA,CAMPOBASSO,MOLISE,ISTITUTO TECNICO COMMERCIALE,commerciale_economico_tecnico,1,capacita_esaurita_o_oltre_max_km
202425,1.0,42,statale,SCUOLA SECONDARIA II GRADO,4,ENRF017518,CORSO SERALE M. QUATTRINO - PIAZZA ARM.,PIAZZA ARMERINA,ENNA,SICILIA,IST PROF PER I SERVIZI SOCIALI,sociale,1,capacita_esaurita_o_oltre_max_km
202425,1.0,42,statale,SCUOLA SECONDARIA II GRADO,4,GORI01101C,IST. PROF. MANUTENZIONE ED ASS. TECNICA,MONFALCONE,GORIZIA,FRIULI-VENEZIA G.,IST PROF INDUSTRIA E ARTIGIANATO,industria_artigianato,2,capacita_esaurita_o_oltre_max_km
202425,1.0,42,statale,SCUOLA SECONDARIA II GRADO,4,MITN09401E,IST. TECN. E LICEO- BERTARELLI-FERRARIS,MILANO,MILANO,LOMBARDIA,ISTITUTO TECNICO PER IL TURISMO,turismo_tecnico,3,capacita_esaurita_o_oltre_max_km
202425,1.0,42,statale,SCUOLA SECONDARIA II GRADO,4,PCRI004016,IPSIA MATTEI,FIORENZUOLA D'ARDA,PIACENZA,EMILIA ROMAGNA,IST PROF INDUSTRIA E ARTIGIANATO,industria_artigianato,1,capacita_esaurita_o_oltre_max_km
202425,1.0,42,statale,SCUOLA SECONDARIA II GRADO,4,UDRC00402G,IST. PROF. ALBERGHIERO,LIGNANO SABBIADORO,UDINE,FRIULI-VENEZIA G.,IST PROF PER I SERVIZI TURISTICI,commerciale_turistico_professionale,1,capacita_esaurita_o_oltre_max_km
202425,1.0,42,statale,SCUOLA SECONDARIA II GRADO,4,PRTF008028,GADDA TECNICO SEDE DI LANGHIRANO,LANGHIRANO,PARMA,EMILIA ROMAGNA,ISTITUTO TECNICO INDUSTRIALE,industriale_tecnico,2,capacita_esaurita_o_oltre_max_km
202425,1.0,42,statale,SCUOLA SECONDARIA II GRADO,4,SARH03601E,IPSEOA ROCCADASPIDE,ROCCADASPIDE,SALERNO,CAMPANIA,IST PROF PER I SERVIZI ALBERGHIERI E RISTORAZIONE,alberghiero_ristorazione,2,capacita_esaurita_o_oltre_max_km
202425,1.0,42,statale,SCUOLA SECONDARIA II GRADO,4,PGRI03401T,"""GATTAPONE""",GUBBIO,PERUGIA,UMBRIA,IST PROF INDUSTRIA E ARTIGIANATO,industria_artigianato,1,capacita_esaurita_o_oltre_max_km
202425,1.0,42,statale,SCUOLA SECONDARIA II GRADO,4,PVTF00701L,ITI FARAVELLI - STRADELLA,STRADELLA,PAVIA,LOMBARDIA,ISTITUTO TECNICO INDUSTRIALE,industriale_tecnico,1,capacita_esaurita_o_oltre_max_km
202425,1.0,42,statale,SCUOLA SECONDARIA II GRADO,4,BGRF02601T,"PROF.SOCIO SANITARIO ""MAMOLI""",BERGAMO,BERGAMO,LOMBARDIA,IST PROF PER I SERVIZI SOCIALI,sociale,3,capacita_esaurita_o_oltre_max_km
202425,1.0,42,statale,SCUOLA SECONDARIA II GRADO,4,PGTD029011,"""R. BONGHI""",ASSISI,PERUGIA,UMBRIA,IST TEC COMMERCIALE E PER GEOMETRI,commerciale_economico_tecnico,1,capacita_esaurita_o_oltre_max_km
202425,1.0,42,statale,SCUOLA SECONDARIA II GRADO,4,MITN03000E,ISTITUTO TECNICO E LICEO -A. GENTILESCHI,MILANO,MILANO,LOMBARDIA,ISTITUTO TECNICO PER IL TURISMO,turismo_tecnico,6,capacita_esaurita_o_oltre_max_km
202425,1.0,42,statale,SCUOLA SECONDARIA II GRADO,4,RERF070015,IPSSI M CARRARA NOVELLARA,NOVELLARA,REGGIO EMILIA,EMILIA ROMAGNA,IST PROF PER I SERVIZI SOCIALI,sociale,1,capacita_esaurita_o_oltre_max_km
202425,1.0,42,statale,SCUOLA SECONDARIA II GRADO,4,MNRI01401N,IPSIA VINCI MANTOVA,MANTOVA,MANTOVA,LOMBARDIA,IST PROF INDUSTRIA E ARTIGIANATO,industria_artigianato,1,capacita_esaurita_o_oltre_max_km
202425,1.0,42,statale,SCUOLA SECONDARIA II GRADO,4,ANRI018016,"""MILIANI""",FABRIANO,ANCONA,MARCHE,IST PROF INDUSTRIA E ARTIGIANATO,industria_artigianato,1,capacita_esaurita_o_oltre_max_km
202425,1.0,42,statale,SCUOLA SECONDARIA II GRADO,4,VERH04000D,ANDREA BARBARIGO,VENEZIA,VENEZIA,VENETO,IST PROF PER I SERVIZI ALBERGHIERI E RISTORAZIONE,alberghiero_ristorazione,2,capacita_esaurita_o_oltre_max_km
202425,1.0,42,statale,SCUOLA SECONDARIA II GRADO,4,POTL002019,A. GRAMSCI,PRATO,PRATO,TOSCANA,ISTITUTO TECNICO PER GEOMETRI,geometri,1,capacita_esaurita_o_oltre_max_km
202425,1.0,42,statale,SCUOLA SECONDARIA II GRADO,4,BORC01651R,MANFREDI - TANARI SERALE,BOLOGNA,BOLOGNA,EMILIA ROMAGNA,IST PROF PER I SERVIZI COMMERCIALI E TURISTICI,commerciale_turistico_professionale,1,capacita_esaurita_o_oltre_max_km
202425,1.0,42,statale,SCUOLA SECONDARIA II GRADO,4,GOTL00801N,"""N. PACASSI""",GORIZIA,GORIZIA,FRIULI-VENEZIA G.,ISTITUTO TECNICO PER GEOMETRI,geometri,1,capacita_esaurita_o_oltre_max_km
202425,1.0,42,statale,SCUOLA SECONDARIA II GRADO,4,LCRC008013,I.E F.P. COMMERCIALE ALLE VENDITE,CALOLZIOCORTE,LECCO,LOMBARDIA,IST PROF PER I SERVIZI COMMERCIALI,commerciale_turistico_professionale,1,capacita_esaurita_o_oltre_max_km
202425,1.0,42,statale,SCUOLA SECONDARIA II GRADO,4,MITN02000X,ISTITUTO TECNICO E LICEO-P. P. PASOLINI,MILANO,MILANO,LOMBARDIA,ISTITUTO TECNICO PER IL TURISMO,turismo_tecnico,1,capacita_esaurita_o_oltre_max_km
202425,1.0,42,statale,SCUOLA SECONDARIA II GRADO,4,MNRF00701G,IPSS VIADANA,VIADANA,MANTOVA,LOMBARDIA,IST PROF PER I SERVIZI SOCIALI,sociale,1,capacita_esaurita_o_oltre_max_km
202425,1.0,42,statale,SCUOLA SECONDARIA II GRADO,4,PSRH004013,"I.P.SER.ALBERG. ""G.CELLI""",PIOBBICO,PESARO E URBINO,MARCHE,IST PROF PER I SERVIZI ALBERGHIERI E RISTORAZIONE,alberghiero_ristorazione,1,capacita_esaurita_o_oltre_max_km
202425,1.0,42,statale,SCUOLA SECONDARIA II GRADO,4,SARC00650T,IPSC SERALE - SALERNO,SALERNO,SALERNO,CAMPANIA,IST PROF PER I SERVIZI COMMERCIALI,commerciale_turistico_professionale,1,capacita_esaurita_o_oltre_max_km
202425,1.0,42,statale,SCUOLA SECONDARIA II GRADO,4,UDRI01101A,"""G. CECONI""",CODROIPO,UDINE,FRIULI-VENEZIA G.,IST PROF INDUSTRIA E ARTIGIANATO,industria_artigianato,1,capacita_esaurita_o_oltre_max_km
202425,1.0,42,statale,SCUOLA SECONDARIA II GRADO,4,BORF02701G,I.P. SERV. SOC. E PUBBLICITA' E. SIRANI,BOLOGNA,BOLOGNA,EMILIA ROMAGNA,IST PROF PER I SERVIZI SOCIALI,sociale,1,capacita_esaurita_o_oltre_max_km
202425,1.0,42,statale,SCUOLA SECONDARIA II GRADO,4,GERI02000N,IPSIA A. ODERO,GENOVA,GENOVA,LIGURIA,IST PROF INDUSTRIA E ARTIGIANATO,industria_artigianato,1,capacita_esaurita_o_oltre_max_km
202425,1.0,42,statale,SCUOLA SECONDARIA II GRADO,4,PORC004028,IST. PROF. ALBERGHIERO F. DATINI,PRATO,PRATO,TOSCANA,IST PROF PER I SERVIZI COMMERCIALI E TURISTICI,commerciale_turistico_professionale,2,capacita_esaurita_o_oltre_max_km
202425,1.0,42,statale,SCUOLA SECONDARIA II GRADO,4,ANRI02301N,IPSIA PIERALISI,JESI,ANCONA,MARCHE,IST PROF INDUSTRIA E ARTIGIANATO,industria_artigianato,1,capacita_esaurita_o_oltre_max_km
202425,1.0,42,statale,SCUOLA SECONDARIA II GRADO,4,ALTD00701Q,I.T.C. OVADA,OVADA,ALESSANDRIA,PIEMONTE,ISTITUTO TECNICO COMMERCIALE,commerciale_economico_tecnico,1,capacita_esaurita_o_oltre_max_km
202425,1.0,42,statale,SCUOLA SECONDARIA II GRADO,4,PGRI01301R,"""ROSSELLI""",CASTIGLIONE DEL LAGO,PERUGIA,UMBRIA,IST PROF INDUSTRIA E ARTIGIANATO,industria_artigianato,1,capacita_esaurita_o_oltre_max_km
202425,1.0,42,statale,SCUOLA SECONDARIA II GRADO,4,PGTF01401D,"ISTITUTO TECNICO ""L. DA VINCI""",UMBERTIDE,PERUGIA,UMBRIA,ISTITUTO TECNICO INDUSTRIALE,industriale_tecnico,1,capacita_esaurita_o_oltre_max_km
202425,1.0,42,statale,SCUOLA SECONDARIA II GRADO,4,PVRC00901P,IT TECN. E IP SERV. - MARAGLIANO,VOGHERA,PAVIA,LOMBARDIA,IST PROF PER I SERVIZI COMMERCIALI,commerciale_turistico_professionale,1,capacita_esaurita_o_oltre_max_km
202425,1.0,42,statale,SCUOLA SECONDARIA II GRADO,4,MIRC059012,I.P. - B. ORIANI G. MAZZINI,MILANO,MILANO,LOMBARDIA,IST PROF PER I SERVIZI COMMERCIALI,commerciale_turistico_professionale,1,capacita_esaurita_o_oltre_max_km
202425,1.0,42,statale,SCUOLA SECONDARIA II GRADO,5,PGRC120003,GIANO DELL'UMBRIA,GIANO DELL'UMBRIA,PERUGIA,UMBRIA,IST PROF PER I SERVIZI COMMERCIALI,commerciale_turistico_professionale,11,capacita_esaurita_o_oltre_max_km
202425,1.0,42,statale,SCUOLA SECONDARIA II GRADO,5,BORI02451C,"I.P.I.A. ""MARCELLO"" - SERALE",SAN GIOVANNI IN PERSICETO,BOLOGNA,EMILIA ROMAGNA,IST PROF INDUSTRIA E ARTIGIANATO,industria_artigianato,7,capacita_esaurita_o_oltre_max_km
202425,1.0,42,statale,SCUOLA SECONDARIA II GRADO,5,PZRH02852T,I.P.S.E.O.A. CORSO SERALE GASP. MELFI,MELFI,POTENZA,BASILICATA,IST PROF PER I SERVIZI ALBERGHIERI E RISTORAZIONE,alberghiero_ristorazione,1,capacita_esaurita_o_oltre_max_km
202425,1.0,42,statale,SCUOLA SECONDARIA II GRADO,5,TOSL01001D,CASA CIRCONDARIALE LORUSSO-COTUGNO,TORINO,TORINO,PIEMONTE,LICEO ARTISTICO,artistico,2,capacita_esaurita_o_oltre_max_km
202425,1.0,42,statale,SCUOLA SECONDARIA II GRADO,5,MIRI07401R,I.P. - MARELLI DUDOVICH,MILANO,MILANO,LOMBARDIA,IST PROF INDUSTRIA E ARTIGIANATO,industria_artigianato,17,capacita_esaurita_o_oltre_max_km
202425,1.0,42,statale,SCUOLA SECONDARIA II GRADO,5,PVTF00701L,ITI FARAVELLI - STRADELLA,STRADELLA,PAVIA,LOMBARDIA,ISTITUTO TECNICO INDUSTRIALE,industriale_tecnico,4,capacita_esaurita_o_oltre_max_km
202425,1.0,42,statale,SCUOLA SECONDARIA II GRADO,5,BSRI01701E,"ROVATO (SEZ.ASS.I.S.""GIGLI"")",ROVATO,BRESCIA,LOMBARDIA,IST PROF INDUSTRIA E ARTIGIANATO,industria_artigianato,14,capacita_esaurita_o_oltre_max_km
202425,1.0,42,statale,SCUOLA SECONDARIA II GRADO,5,BORI02351L,FIORAVANTI - SERALE,BOLOGNA,BOLOGNA,EMILIA ROMAGNA,IST PROF INDUSTRIA E ARTIGIANATO,industria_artigianato,8,capacita_esaurita_o_oltre_max_km
202425,1.0,42,statale,SCUOLA SECONDARIA II GRADO,5,PCRI004016,IPSIA MATTEI,FIORENZUOLA D'ARDA,PIACENZA,EMILIA ROMAGNA,IST PROF INDUSTRIA E ARTIGIANATO,industria_artigianato,4,capacita_esaurita_o_oltre_max_km
202425,1.0,42,statale,SCUOLA SECONDARIA II GRADO,5,RMRC11150P,PERC. II LIV. STENDHAL,ROMA,ROMA,LAZIO,IST PROF PER I SERVIZI COMMERCIALI E TURISTICI,commerciale_turistico_professionale,8,capacita_esaurita_o_oltre_max_km
202425,1.0,42,statale,SCUOLA SECONDARIA II GRADO,5,BORC00302A,G. BRUNO - SEDE COORDINATA,MOLINELLA,BOLOGNA,EMILIA ROMAGNA,IST PROF PER I SERVIZI COMMERCIALI,commerciale_turistico_professionale,6,capacita_esaurita_o_oltre_max_km
202425,1.0,42,statale,SCUOLA SECONDARIA II GRADO,5,FIRC029533,"I.P.S.C.T. ""SASSETTI-PERUZZI"" - SERALE",FIRENZE,FIRENZE,TOSCANA,IST PROF PER I SERVIZI COMMERCIALI E TURISTICI,commerciale_turistico_professionale,12,capacita_esaurita_o_oltre_max_km
202425,1.0,42,statale,SCUOLA SECONDARIA II GRADO,5,SPRC00752L,"""L.EINAUDI"" SERALE",LA SPEZIA,LA SPEZIA,LIGURIA,IST PROF PER I SERVIZI COMMERCIALI E TURISTICI,commerciale_turistico_professionale,10,capacita_esaurita_o_oltre_max_km
202425,1.0,42,statale,SCUOLA SECONDARIA II GRADO,5,VARI008515,"IPSIA ""PONTI""GALLARATE (SERALE)",GALLARATE,VARESE,LOMBARDIA,IST PROF INDUSTRIA E ARTIGIANATO,industria_artigianato,9,capacita_esaurita_o_oltre_max_km
202425,1.0,42,statale,SCUOLA SECONDARIA II GRADO,5,MITN10701B,I.T. ECONOMICO - D. MARIGNONI-M. POLO,MILANO,MILANO,LOMBARDIA,ISTITUTO TECNICO PER IL TURISMO,turismo_tecnico,14,capacita_esaurita_o_oltre_max_km
202425,1.0,42,statale,SCUOLA SECONDARIA II GRADO,5,RMTN07351B,"PERCORSO II LIV ""MARCO POLO""",ROMA,ROMA,LAZIO,ISTITUTO TECNICO PER IL TURISMO,turismo_tecnico,6,capacita_esaurita_o_oltre_max_km
202425,1.0,42,statale,SCUOLA SECONDARIA II GRADO,5,AGRH02001D,I.P.ALB.RIST.CASA CIRCONDARIALE,AGRIGENTO,AGRIGENTO,SICILIA,IST PROF PER I SERVIZI ALBERGHIERI E RISTORAZIONE,alberghiero_ristorazione,2,capacita_esaurita_o_oltre_max_km
202425,1.0,42,statale,SCUOLA SECONDARIA II GRADO,5,BGRF00601L,"""G.B. RUBINI""",ROMANO DI LOMBARDIA,BERGAMO,LOMBARDIA,IST PROF PER I SERVIZI SOCIALI,sociale,17,capacita_esaurita_o_oltre_max_km
202425,1.0,42,statale,SCUOLA SECONDARIA II GRADO,5,BORH022065,"ISTITUTO PENALE MINORILE -""P. SICILIANI""",BOLOGNA,BOLOGNA,EMILIA ROMAGNA,IST PROF PER I SERVIZI ALBERGHIERI E RISTORAZIONE,alberghiero_ristorazione,1,capacita_esaurita_o_oltre_max_km
202425,1.0,42,statale,SCUOLA SECONDARIA II GRADO,5,MORC00201B,PRIMO LEVI,VIGNOLA,MODENA,EMILIA ROMAGNA,IST PROF PER I SERVIZI COMMERCIALI,commerciale_turistico_professionale,7,capacita_esaurita_o_oltre_max_km
202425,1.0,42,statale,SCUOLA SECONDARIA II GRADO,5,PDTD18000R,I.T.C. ANNESSO ED.S.BENEDETTO,MONTAGNANA,PADOVA,VENETO,ISTITUTO TECNICO COMMERCIALE,commerciale_economico_tecnico,3,capacita_esaurita_o_oltre_max_km
202425,1.0,42,statale,SCUOLA SECONDARIA II GRADO,5,RGTD03002X,SEZ.STACCATA ITC BESTA RAGUSA,SANTA CROCE CAMERINA,RAGUSA,SICILIA,ISTITUTO TECNICO COMMERCIALE,commerciale_economico_tecnico,3,capacita_esaurita_o_oltre_max_km
202425,1.0,42,statale,SCUOLA SECONDARIA II GRADO,5,ATRI00750E,A. CASTIGLIANO SERALE,ASTI,ASTI,PIEMONTE,IST PROF INDUSTRIA E ARTIGIANATO,industria_artigianato,3,capacita_esaurita_o_oltre_max_km
202425,1.0,42,statale,SCUOLA SECONDARIA II GRADO,5,MIRC03750D,I.P.-PIERO DELLA FRANCESCA (SERALE-SUCC),SAN GIULIANO MILANESE,MILANO,LOMBARDIA,IST PROF PER I SERVIZI COMMERCIALI,commerciale_turistico_professionale,7,capacita_esaurita_o_oltre_max_km
202425,1.0,42,statale,SCUOLA SECONDARIA II GRADO,5,MORI008013,GALILEO GALILEI,MIRANDOLA,MODENA,EMILIA ROMAGNA,IST PROF INDUSTRIA E ARTIGIANATO,industria_artigianato,13,capacita_esaurita_o_oltre_max_km
202425,1.0,42,statale,SCUOLA SECONDARIA II GRADO,5,MIRC02801A,I.P. - E. MONTALE,CINISELLO BALSAMO,MILANO,LOMBARDIA,IST PROF PER I SERVIZI COMMERCIALI E TURISTICI,commerciale_turistico_professionale,8,capacita_esaurita_o_oltre_max_km
202425,1.0,42,statale,SCUOLA SECONDARIA II GRADO,5,GETL00751P,I.T.G.S.- M.BUONARROTI /SERALE,GENOVA,GENOVA,LIGURIA,ISTITUTO TECNICO PER GEOMETRI,geometri,1,capacita_esaurita_o_oltre_max_km
202425,1.0,42,statale,SCUOLA SECONDARIA II GRADO,5,MIRC30050D,I.P. - V. KANDINSKY (SERALE),MILANO,MILANO,LOMBARDIA,IST PROF PER I SERVIZI COMMERCIALI E TURISTICI,commerciale_turistico_professionale,9,capacita_esaurita_o_oltre_max_km
202425,1.0,42,statale,SCUOLA SECONDARIA II GRADO,5,MCRI05001Q,E. ROSA,SAN SEVERINO MARCHE,MACERATA,MARCHE,IST PROF INDUSTRIA E ARTIGIANATO,industria_artigianato,2,capacita_esaurita_o_oltre_max_km
202425,1.0,42,statale,SCUOLA SECONDARIA II GRADO,5,PCRC001012,"ISTITUTO PROFESSIONALE ""A.VOLTA""",CASTEL SAN GIOVANNI,PIACENZA,EMILIA ROMAGNA,IST PROF PER I SERVIZI COMMERCIALI E TURISTICI,commerciale_turistico_professionale,6,capacita_esaurita_o_oltre_max_km
202425,1.0,42,statale,SCUOLA SECONDARIA II GRADO,5,PDRH01002N,IPSEOA PIETRO D'ABANO - SEZ. CARCERARIA,PADOVA,PADOVA,VENETO,IST PROF PER I SERVIZI ALBERGHIERI E RISTORAZIONE,alberghiero_ristorazione,2,capacita_esaurita_o_oltre_max_km
202425,1.0,42,statale,SCUOLA SECONDARIA II GRADO,5,PVRC002508,IPC CASTOLDI - SERALE - VIGEVANO,VIGEVANO,PAVIA,LOMBARDIA,IST PROF PER I SERVIZI COMMERCIALI E TURISTICI,commerciale_turistico_professionale,2,capacita_esaurita_o_oltre_max_km
202425,1.0,42,statale,SCUOLA SECONDARIA II GRADO,5,RNRH03050A,"""S.P. MALATESTA"" SERALE",RIMINI,RIMINI,EMILIA ROMAGNA,IST PROF PER I SERVIZI ALBERGHIERI E RISTORAZIONE,alberghiero_ristorazione,4,capacita_esaurita_o_oltre_max_km
202425,1.0,42,statale,SCUOLA SECONDARIA II GRADO,5,MIRC058016,"I.P. - P. FRISI - ""POLO DELL'OSPITALITA""",MILANO,MILANO,LOMBARDIA,IST PROF PER I SERVIZI COMMERCIALI E TURISTICI,commerciale_turistico_professionale,14,capacita_esaurita_o_oltre_max_km
202425,1.0,42,statale,SCUOLA SECONDARIA II GRADO,5,ALRC008018,DOMENICO CARBONE,TORTONA,ALESSANDRIA,PIEMONTE,IST PROF PER I SERVIZI COMMERCIALI,commerciale_turistico_professionale,4,capacita_esaurita_o_oltre_max_km
202425,1.0,42,statale,SCUOLA SECONDARIA II GRADO,5,VRRH020022,CASA CIRCONDARIALE DI VERONA,VERONA,VERONA,VENETO,IST PROF PER I SERVIZI ALBERGHIERI E RISTORAZIONE,alberghiero_ristorazione,2,capacita_esaurita_o_oltre_max_km
202425,1.0,42,statale,SCUOLA SECONDARIA II GRADO,5,POTL002019,A. GRAMSCI,PRATO,PRATO,TOSCANA,ISTITUTO TECNICO PER GEOMETRI,geometri,6,capacita_esaurita_o_oltre_max_km
202425,1.0,42,statale,SCUOLA SECONDARIA II GRADO,5,MIRC029016,I.P. - N. MACHIAVELLI (SUCCURSALE),PIOLTELLO,MILANO,LOMBARDIA,IST PROF PER I SERVIZI COMMERCIALI E TURISTICI,commerciale_turistico_professionale,2,capacita_esaurita_o_oltre_max_km
202425,1.0,42,statale,SCUOLA SECONDARIA II GRADO,5,RARI007016,I.T.I.P. L. BUCCI - SEZ. PROF.LE,FAENZA,RAVENNA,EMILIA ROMAGNA,IST PROF INDUSTRIA E ARTIGIANATO,industria_artigianato,6,capacita_esaurita_o_oltre_max_km
202425,1.0,42,statale,SCUOLA SECONDARIA II GRADO,5,PVRI00701Q,IPSIA FARAVELLI - STRADELLA,STRADELLA,PAVIA,LOMBARDIA,IST PROF INDUSTRIA E ARTIGIANATO,industria_artigianato,7,capacita_esaurita_o_oltre_max_km
202425,1.0,42,statale,SCUOLA SECONDARIA II GRADO,5,MIRI094012,I.P. - L. V. BERTARELLI-FERRARIS (SUCC.),MILANO,MILANO,LOMBARDIA,IST PROF INDUSTRIA E ARTIGIANATO,industria_artigianato,5,capacita_esaurita_o_oltre_max_km
202425,1.0,42,statale,SCUOLA SECONDARIA II GRADO,5,PGRI02901A,ASSISI,ASSISI,PERUGIA,UMBRIA,IST PROF INDUSTRIA E ARTIGIANATO,industria_artigianato,3,capacita_esaurita_o_oltre_max_km
202425,1.0,42,statale,SCUOLA SECONDARIA II GRADO,5,BORI023017,ISTITUTO PROF.LE FIORAVANTI,BOLOGNA,BOLOGNA,EMILIA ROMAGNA,IST PROF INDUSTRIA E ARTIGIANATO,industria_artigianato,10,capacita_esaurita_o_oltre_max_km
202425,1.0,42,statale,SCUOLA SECONDARIA II GRADO,5,FIRI003014,"IST. PROF. INDUS. ARTIGIAN. ""A.CHECCHI""",FUCECCHIO,FIRENZE,TOSCANA,IST PROF INDUSTRIA E ARTIGIANATO,industria_artigianato,5,capacita_esaurita_o_oltre_max_km
202425,1.0,42,statale,SCUOLA SECONDARIA II GRADO,5,PCRI00601T,L.DA VINCI,PIACENZA,PIACENZA,EMILIA ROMAGNA,IST PROF INDUSTRIA E ARTIGIANATO,industria_artigianato,6,capacita_esaurita_o_oltre_max_km
202425,1.0,42,statale,SCUOLA SECONDARIA II GRADO,5,BORI01901G,I.P.I.A. ALDINI VALERIANI,BOLOGNA,BOLOGNA,EMILIA ROMAGNA,IST PROF INDUSTRIA E ARTIGIANATO,industria_artigianato,3,capacita_esaurita_o_oltre_max_km
202425,1.0,42,statale,SCUOLA SECONDARIA II GRADO,5,ALTD00701Q,I.T.C. OVADA,OVADA,ALESSANDRIA,PIEMONTE,ISTITUTO TECNICO COMMERCIALE,commerciale_economico_tecnico,3,capacita_esaurita_o_oltre_max_km
202425,1.0,42,statale,SCUOLA SECONDARIA II GRADO,5,PGRC01401X,UMBERTIDE,UMBERTIDE,PERUGIA,UMBRIA,IST PROF PER I SERVIZI COMMERCIALI E TURISTICI,commerciale_turistico_professionale,5,capacita_esaurita_o_oltre_max_km
202425,1.0,42,statale,SCUOLA SECONDARIA II GRADO,5,SPRC007027,IPSCT L.EINAUDI,LA SPEZIA,LA SPEZIA,LIGURIA,IST PROF PER I SERVIZI COMMERCIALI E TURISTICI,commerciale_turistico_professionale,2,capacita_esaurita_o_oltre_max_km
202425,1.0,42,statale,SCUOLA SECONDARIA II GRADO,5,TVRI026515,I.P.S.I.A. PITTONI SERALE,CONEGLIANO,TREVISO,VENETO,IST PROF INDUSTRIA E ARTIGIANATO,industria_artigianato,2,capacita_esaurita_o_oltre_max_km
202425,1.0,42,statale,SCUOLA SECONDARIA II GRADO,5,VERH04050V,ANDREA BARBARIGO - CORSO SERALE,VENEZIA,VENEZIA,VENETO,IST PROF PER I SERVIZI ALBERGHIERI E RISTORAZIONE,alberghiero_ristorazione,1,capacita_esaurita_o_oltre_max_km
202425,1.0,42,statale,SCUOLA SECONDARIA II GRADO,5,ALRC00601L,G.MIGLIARA,ALESSANDRIA,ALESSANDRIA,PIEMONTE,IST PROF PER I SERVIZI COMMERCIALI,commerciale_turistico_professionale,5,capacita_esaurita_o_oltre_max_km
202425,1.0,42,statale,SCUOLA SECONDARIA II GRADO,5,MITL00401G,I.T. TECNOLOGICO - C. CATTANEO,MILANO,MILANO,LOMBARDIA,ISTITUTO TECNICO PER GEOMETRI,geometri,12,capacita_esaurita_o_oltre_max_km
202425,1.0,42,statale,SCUOLA SECONDARIA II GRADO,5,PVTD00701A,ITCG FARAVELLI - STRADELLA,STRADELLA,PAVIA,LOMBARDIA,IST TEC COMMERCIALE E PER GEOMETRI,commerciale_economico_tecnico,7,capacita_esaurita_o_oltre_max_km
202425,1.0,42,statale,SCUOLA SECONDARIA II GRADO,5,CRRC00101N,"""G. ROMANI""",CASALMAGGIORE,CREMONA,LOMBARDIA,IST PROF PER I SERVIZI COMMERCIALI E TURISTICI,commerciale_turistico_professionale,6,capacita_esaurita_o_oltre_max_km
202425,1.0,42,statale,SCUOLA SECONDARIA II GRADO,5,MIRC05851G,I.P. - P. FRISI (POLO I.D.A.),MILANO,MILANO,LOMBARDIA,IST PROF PER I SERVIZI COMMERCIALI E TURISTICI,commerciale_turistico_professionale,15,capacita_esaurita_o_oltre_max_km
202425,1.0,42,statale,SCUOLA SECONDARIA II GRADO,5,BORI003012,G.BRUNO - SCUOLA COORDINATA,MOLINELLA,BOLOGNA,EMILIA ROMAGNA,IST PROF INDUSTRIA E ARTIGIANATO,industria_artigianato,2,capacita_esaurita_o_oltre_max_km
202425,1.0,42,statale,SCUOLA SECONDARIA II GRADO,5,FERI001015,I.P.S.I.A. ARGENTA,ARGENTA,FERRARA,EMILIA ROMAGNA,IST PROF INDUSTRIA E ARTIGIANATO,industria_artigianato,4,capacita_esaurita_o_oltre_max_km
202425,1.0,42,statale,SCUOLA SECONDARIA II GRADO,5,MNTD007015,ITC E. SANFELICE,VIADANA,MANTOVA,LOMBARDIA,ISTITUTO TECNICO COMMERCIALE,commerciale_economico_tecnico,5,capacita_esaurita_o_oltre_max_km
202425,1.0,42,statale,SCUOLA SECONDARIA II GRADO,5,MIRC107016,I.P. - B. CAVALIERI-MARIGNONI,MILANO,MILANO,LOMBARDIA,IST PROF PER I SERVIZI COMMERCIALI,commerciale_turistico_professionale,37,capacita_esaurita_o_oltre_max_km
202425,1.0,42,statale,SCUOLA SECONDARIA II GRADO,5,MITD047013,I.T. ECON. E TECNOL. - E. DE NICOLA,SESTO SAN GIOVANNI,MILANO,LOMBARDIA,IST TEC COMMERCIALE E PER GEOMETRI,commerciale_economico_tecnico,3,capacita_esaurita_o_oltre_max_km
202425,1.0,42,statale,SCUOLA SECONDARIA II GRADO,5,TVRI02601Q,I.P.S.I.A. PITTONI CONEGLIANO,CONEGLIANO,TREVISO,VENETO,IST PROF INDUSTRIA E ARTIGIANATO,industria_artigianato,6,capacita_esaurita_o_oltre_max_km
202425,1.0,42,statale,SCUOLA SECONDARIA II GRADO,5,ALTD007504,ITC VINCI SERALE - OVADA,OVADA,ALESSANDRIA,PIEMONTE,ISTITUTO TECNICO COMMERCIALE,commerciale_economico_tecnico,2,capacita_esaurita_o_oltre_max_km
202425,1.0,42,statale,SCUOLA SECONDARIA II GRADO,5,FITD00201V,"SEZ.DIP. I.P.S.C.T.""ENRIQUES""",CASTELFIORENTINO,FIRENZE,TOSCANA,ISTITUTO TECNICO COMMERCIALE,commerciale_economico_tecnico,5,capacita_esaurita_o_oltre_max_km
202425,1.0,42,statale,SCUOLA SECONDARIA II GRADO,5,PSRI001013,"I.P.I.A. ""MONTEFELTRO""",SASSOCORVARO AUDITORE,PESARO E URBINO,MARCHE,IST PROF INDUSTRIA E ARTIGIANATO,industria_artigianato,1,capacita_esaurita_o_oltre_max_km
202425,1.0,42,statale,SCUOLA SECONDARIA II GRADO,5,RNRI010007,"I.P.S.I.A. ""L.B. ALBERTI""",RIMINI,RIMINI,EMILIA ROMAGNA,IST PROF INDUSTRIA E ARTIGIANATO,industria_artigianato,6,capacita_esaurita_o_oltre_max_km
202425,1.0,42,statale,SCUOLA SECONDARIA II GRADO,5,RMRC11101A,STENDHAL,ROMA,ROMA,LAZIO,IST PROF PER I SERVIZI TURISTICI,commerciale_turistico_professionale,6,capacita_esaurita_o_oltre_max_km
202425,1.0,42,statale,SCUOLA SECONDARIA II GRADO,5,MNTF00701B,I.T.TECNOLOGICO VIADANA,VIADANA,MANTOVA,LOMBARDIA,ISTITUTO TECNICO INDUSTRIALE,industriale_tecnico,2,capacita_esaurita_o_oltre_max_km
202425,1.0,42,statale,SCUOLA SECONDARIA II GRADO,5,PGTF01401D,"ISTITUTO TECNICO ""L. DA VINCI""",UMBERTIDE,PERUGIA,UMBRIA,ISTITUTO TECNICO INDUSTRIALE,industriale_tecnico,2,capacita_esaurita_o_oltre_max_km
202425,1.0,42,statale,SCUOLA SECONDARIA II GRADO,5,PRRI010009,"""PRIMO LEVI""",PARMA,PARMA,EMILIA ROMAGNA,IST PROF INDUSTRIA E ARTIGIANATO,industria_artigianato,10,capacita_esaurita_o_oltre_max_km
202425,1.0,42,statale,SCUOLA SECONDARIA II GRADO,5,VERI00401V,THOMAS A. EDISON - ALESSANDRO VOLTA,VENEZIA,VENEZIA,VENETO,IST PROF INDUSTRIA E ARTIGIANATO,industria_artigianato,5,capacita_esaurita_o_oltre_max_km
202425,1.0,42,statale,SCUOLA SECONDARIA II GRADO,5,BGRH02301T,"""SERAFINO RIVA""",SARNICO,BERGAMO,LOMBARDIA,IST PROF PER I SERVIZI ALBERGHIERI E RISTORAZIONE,alberghiero_ristorazione,3,capacita_esaurita_o_oltre_max_km
202425,1.0,42,statale,SCUOLA SECONDARIA II GRADO,5,PGRC00301D,"""SALVATORELLI-MONETA"" PROFESSIONALE",MARSCIANO,PERUGIA,UMBRIA,IST PROF PER I SERVIZI COMMERCIALI,commerciale_turistico_professionale,2,capacita_esaurita_o_oltre_max_km
202425,1.0,42,statale,SCUOLA SECONDARIA II GRADO,5,BORC01601B,MANFREDI,BOLOGNA,BOLOGNA,EMILIA ROMAGNA,IST PROF PER I SERVIZI COMMERCIALI E TURISTICI,commerciale_turistico_professionale,4,capacita_esaurita_o_oltre_max_km
202425,1.0,42,statale,SCUOLA SECONDARIA II GRADO,5,MITN02000X,ISTITUTO TECNICO E LICEO-P. P. PASOLINI,MILANO,MILANO,LOMBARDIA,ISTITUTO TECNICO PER IL TURISMO,turismo_tecnico,7,capacita_esaurita_o_oltre_max_km
202425,1.0,42,statale,SCUOLA SECONDARIA II GRADO,5,FERC00701B,IST. PROF. STATALE SERVIZI COMM.LI,BONDENO,FERRARA,EMILIA ROMAGNA,IST PROF PER I SERVIZI COMMERCIALI E TURISTICI,commerciale_turistico_professionale,2,capacita_esaurita_o_oltre_max_km
202425,1.0,42,statale,SCUOLA SECONDARIA II GRADO,5,PGRI01301R,"""ROSSELLI""",CASTIGLIONE DEL LAGO,PERUGIA,UMBRIA,IST PROF INDUSTRIA E ARTIGIANATO,industria_artigianato,3,capacita_esaurita_o_oltre_max_km
202425,1.0,42,statale,SCUOLA SECONDARIA II GRADO,5,VETL01901N,GIORGIO MASSARI,VENEZIA,VENEZIA,VENETO,ISTITUTO TECNICO PER GEOMETRI,geometri,2,capacita_esaurita_o_oltre_max_km
202425,1.0,42,statale,SCUOLA SECONDARIA II GRADO,5,VERC00451G,L. LUZZATTI - SERALE,VENEZIA,VENEZIA,VENETO,IST PROF PER I SERVIZI COMMERCIALI E TURISTICI,commerciale_turistico_professionale,3,capacita_esaurita_o_oltre_max_km
202425,1.0,42,statale,SCUOLA SECONDARIA II GRADO,5,BORI024013,"IST.PROF.LE ""MALPIGHI"" - ODONTOTECNICO",BOLOGNA,BOLOGNA,EMILIA ROMAGNA,IST PROF INDUSTRIA E ARTIGIANATO,industria_artigianato,3,capacita_esaurita_o_oltre_max_km
202425,1.0,42,statale,SCUOLA SECONDARIA II GRADO,5,BORI024035,M. MALPIGHI - SCUOLA COORDINATA,SAN GIOVANNI IN PERSICETO,BOLOGNA,EMILIA ROMAGNA,IST PROF INDUSTRIA E ARTIGIANATO,industria_artigianato,2,capacita_esaurita_o_oltre_max_km
202425,1.0,42,statale,SCUOLA SECONDARIA II GRADO,5,MNRI01401N,IPSIA VINCI MANTOVA,MANTOVA,MANTOVA,LOMBARDIA,IST PROF INDUSTRIA E ARTIGIANATO,industria_artigianato,4,capacita_esaurita_o_oltre_max_km
202425,1.0,42,statale,SCUOLA SECONDARIA II GRADO,5,PRTD00301T,LUCA PACIOLO,FIDENZA,PARMA,EMILIA ROMAGNA,IST TEC COMMERCIALE E PER GEOMETRI,commerciale_economico_tecnico,4,capacita_esaurita_o_oltre_max_km
202425,1.0,42,statale,SCUOLA SECONDARIA II GRADO,5,RERF070015,IPSSI M CARRARA NOVELLARA,NOVELLARA,REGGIO EMILIA,EMILIA ROMAGNA,IST PROF PER I SERVIZI SOCIALI,sociale,2,capacita_esaurita_o_oltre_max_km
202425,1.0,42,statale,SCUOLA SECONDARIA II GRADO,5,FERI01451L,"I.P.S.I.A. ""F.LLI TADDIA"" (SERALE)",CENTO,FERRARA,EMILIA ROMAGNA,IST PROF INDUSTRIA E ARTIGIANATO,industria_artigianato,3,capacita_esaurita_o_oltre_max_km
202425,1.0,42,statale,SCUOLA SECONDARIA II GRADO,5,BGTD006016,"""G.B. RUBINI""",ROMANO DI LOMBARDIA,BERGAMO,LOMBARDIA,IST TEC COMMERCIALE E PER GEOMETRI,commerciale_economico_tecnico,3,capacita_esaurita_o_oltre_max_km
202425,1.0,42,statale,SCUOLA SECONDARIA II GRADO,5,MORI002014,PRIMO LEVI,VIGNOLA,MODENA,EMILIA ROMAGNA,IST PROF INDUSTRIA E ARTIGIANATO,industria_artigianato,3,capacita_esaurita_o_oltre_max_km
202425,1.0,42,statale,SCUOLA SECONDARIA II GRADO,5,CRRI00401T,I.P. ALA PONZONE CIMINO,CREMONA,CREMONA,LOMBARDIA,IST PROF INDUSTRIA E ARTIGIANATO,industria_artigianato,2,capacita_esaurita_o_oltre_max_km
202425,1.0,42,statale,SCUOLA SECONDARIA II GRADO,5,FERI014017,"I.P.S.I.A. ""F.LLI TADDIA""",CENTO,FERRARA,EMILIA ROMAGNA,IST PROF INDUSTRIA E ARTIGIANATO,industria_artigianato,7,capacita_esaurita_o_oltre_max_km
202425,1.0,42,statale,SCUOLA SECONDARIA II GRADO,5,VIRI004016,"IPSIA ""U. MASOTTO""",NOVENTA VICENTINA,VICENZA,VENETO,IST PROF INDUSTRIA E ARTIGIANATO,industria_artigianato,5,capacita_esaurita_o_oltre_max_km
202425,1.0,42,statale,SCUOLA SECONDARIA II GRADO,5,ALTD00301C,IST. TECN.- SETTORE ECONOMICO - ACQUI T.,ACQUI TERME,ALESSANDRIA,PIEMONTE,ISTITUTO TECNICO COMMERCIALE,commerciale_economico_tecnico,2,capacita_esaurita_o_oltre_max_km
202425,1.0,42,statale,SCUOLA SECONDARIA II GRADO,5,CRTF001017,"""G. ROMANI""",CASALMAGGIORE,CREMONA,LOMBARDIA,ISTITUTO TECNICO INDUSTRIALE,industriale_tecnico,2,capacita_esaurita_o_oltre_max_km
202425,1.0,42,statale,SCUOLA SECONDARIA II GRADO,5,FIRC02903N,"""SASSETTI - PERUZZI""",FIRENZE,FIRENZE,TOSCANA,IST PROF PER I SERVIZI COMMERCIALI,commerciale_turistico_professionale,6,capacita_esaurita_o_oltre_max_km
202425,1.0,42,statale,SCUOLA SECONDARIA II GRADO,5,GRTD003028,"""PADRE E.BALDUCCI"" SANTA FIORA",SANTA FIORA,GROSSETO,TOSCANA,ISTITUTO TECNICO COMMERCIALE,commerciale_economico_tecnico,1,capacita_esaurita_o_oltre_max_km
202425,1.0,42,statale,SCUOLA SECONDARIA II GRADO,5,GRTF00301D,TECNOLOGICO ARCIDOSSO,ARCIDOSSO,GROSSETO,TOSCANA,ISTITUTO TECNICO INDUSTRIALE,industriale_tecnico,1,capacita_esaurita_o_oltre_max_km
202425,1.0,42,statale,SCUOLA SECONDARIA II GRADO,5,LITD030014,G. CERBONI - SEZ. CARCERARIA,PORTO AZZURRO,LIVORNO,TOSCANA,IST TEC COMMERCIALE E PER GEOMETRI,commerciale_economico_tecnico,1,capacita_esaurita_o_oltre_max_km
202425,1.0,42,statale,SCUOLA SECONDARIA II GRADO,5,MIRC02851Q,I.P. E. MONTALE (SERALE),CINISELLO BALSAMO,MILANO,LOMBARDIA,IST PROF PER I SERVIZI COMMERCIALI E TURISTICI,commerciale_turistico_professionale,2,capacita_esaurita_o_oltre_max_km
202425,1.0,42,statale,SCUOLA SECONDARIA II GRADO,5,PGRI033012,"""CAVOUR-MARCONI""",PERUGIA,PERUGIA,UMBRIA,IST PROF INDUSTRIA E ARTIGIANATO,industria_artigianato,5,capacita_esaurita_o_oltre_max_km
202425,1.0,42,statale,SCUOLA SECONDARIA II GRADO,5,PRRI00802B,GADDA LANGHIRANO PROFESSIONALE,LANGHIRANO,PARMA,EMILIA ROMAGNA,IST PROF INDUSTRIA E ARTIGIANATO,industria_artigianato,1,capacita_esaurita_o_oltre_max_km
202425,1.0,42,statale,SCUOLA SECONDARIA II GRADO,5,RCRH016503,IPSAR CONDOFURI - CORSO SERALE,CONDOFURI,REGGIO CALABRIA,CALABRIA,IST PROF PER I SERVIZI ALBERGHIERI E RISTORAZIONE,alberghiero_ristorazione,1,capacita_esaurita_o_oltre_max_km
202425,1.0,42,statale,SCUOLA SECONDARIA II GRADO,5,VVRH00302D,ISTITUTO PROFESS.ALBERGHIERO ACQUARO,ACQUARO,VIBO VALENTIA,CALABRIA,IST PROF PER I SERVIZI ALBERGHIERI E RISTORAZIONE,alberghiero_ristorazione,1,capacita_esaurita_o_oltre_max_km
202425,1.0,42,statale,SCUOLA SECONDARIA II GRADO,5,BORC03000L,IPSAS ALDROVANDI - RUBBIANI,BOLOGNA,BOLOGNA,EMILIA ROMAGNA,IST PROF PER I SERVIZI COMMERCIALI E TURISTICI,commerciale_turistico_professionale,7,capacita_esaurita_o_oltre_max_km
202425,1.0,42,statale,SCUOLA SECONDARIA II GRADO,5,BSRI03201L,"""FORTUNY"" - BRESCIA",BRESCIA,BRESCIA,LOMBARDIA,IST PROF INDUSTRIA E ARTIGIANATO,industria_artigianato,5,capacita_esaurita_o_oltre_max_km
202425,1.0,42,statale,SCUOLA SECONDARIA II GRADO,5,MIRI10302L,I.P.I.A. DI CERNUSCO,CERNUSCO SUL NAVIGLIO,MILANO,LOMBARDIA,IST PROF INDUSTRIA E ARTIGIANATO,industria_artigianato,3,capacita_esaurita_o_oltre_max_km
202425,1.0,42,statale,SCUOLA SECONDARIA II GRADO,5,PSRI00301P,POLO3-PROF.LE MANUTENZIONE E ASS.TECNICA,FANO,PESARO E URBINO,MARCHE,IST PROF INDUSTRIA E ARTIGIANATO,industria_artigianato,1,capacita_esaurita_o_oltre_max_km
202425,1.0,42,statale,SCUOLA SECONDARIA II GRADO,5,ARTD00251C,CORSO SERALE I.T. LUCA PACIOLI,SANSEPOLCRO,AREZZO,TOSCANA,ISTITUTO TECNICO COMMERCIALE,commerciale_economico_tecnico,1,capacita_esaurita_o_oltre_max_km
202425,1.0,42,statale,SCUOLA SECONDARIA II GRADO,5,SPRI00701V,"""CHIODO""",LA SPEZIA,LA SPEZIA,LIGURIA,IST PROF INDUSTRIA E ARTIGIANATO,industria_artigianato,2,capacita_esaurita_o_oltre_max_km
202425,1.0,42,statale,SCUOLA SECONDARIA II GRADO,5,MITN03000E,ISTITUTO TECNICO E LICEO -A. GENTILESCHI,MILANO,MILANO,LOMBARDIA,ISTITUTO TECNICO PER IL TURISMO,turismo_tecnico,3,capacita_esaurita_o_oltre_max_km
202425,1.0,42,statale,SCUOLA SECONDARIA II GRADO,5,PNTN008013,ISTITUTO ISTRUZIONE SUPERIORE F. FLORA,PORDENONE,PORDENONE,FRIULI-VENEZIA G.,ISTITUTO TECNICO PER IL TURISMO,turismo_tecnico,1,capacita_esaurita_o_oltre_max_km
202425,1.0,42,statale,SCUOLA SECONDARIA II GRADO,5,MITD04751C,I.T. ECONOMICO - E. DE NICOLA (SERALE),SESTO SAN GIOVANNI,MILANO,LOMBARDIA,IST TEC COMMERCIALE E PER GEOMETRI,commerciale_economico_tecnico,1,capacita_esaurita_o_oltre_max_km
202425,1.0,42,statale,SCUOLA SECONDARIA II GRADO,5,RGRI01301E,"I.P.S.I.A. ""G. FERRARIS""",RAGUSA,RAGUSA,SICILIA,IST PROF INDUSTRIA E ARTIGIANATO,industria_artigianato,1,capacita_esaurita_o_oltre_max_km
202425,1.0,42,statale,SCUOLA SECONDARIA II GRADO,5,RMRC08701P,MARCO POLO,MONTEROTONDO,ROMA,LAZIO,IST PROF PER I SERVIZI COMMERCIALI E TURISTICI,commerciale_turistico_professionale,1,capacita_esaurita_o_oltre_max_km
202425,1.0,42,statale,SCUOLA SECONDARIA II GRADO,5,TETD00151E,I.T.C. C. ROSA (SERALE),NERETO,TERAMO,ABRUZZO,ISTITUTO TECNICO COMMERCIALE,commerciale_economico_tecnico,1,capacita_esaurita_o_oltre_max_km
202425,1.0,42,statale,SCUOLA SECONDARIA II GRADO,5,BSRI013017,"ORZINUOVI (SEZ.ASS.I.S.""COSSALI"")",ORZINUOVI,BRESCIA,LOMBARDIA,IST PROF INDUSTRIA E ARTIGIANATO,industria_artigianato,1,capacita_esaurita_o_oltre_max_km
202425,1.0,42,statale,SCUOLA SECONDARIA II GRADO,5,CNRC026016,"MONDOVI' ""M.BELLISARIO""",MONDOVI',CUNEO,PIEMONTE,IST PROF PER I SERVIZI COMMERCIALI,commerciale_turistico_professionale,1,capacita_esaurita_o_oltre_max_km
202425,1.0,42,statale,SCUOLA SECONDARIA II GRADO,5,RORC008018,"I.P. ""MARCO POLO"" - ROVIGO",ROVIGO,ROVIGO,VENETO,IST PROF PER I SERVIZI COMMERCIALI,commerciale_turistico_professionale,1,capacita_esaurita_o_oltre_max_km
202425,1.0,42,statale,SCUOLA SECONDARIA II GRADO,5,MORC00601P,CARLO CATTANEO,MIRANDOLA,MODENA,EMILIA ROMAGNA,IST PROF PER I SERVIZI COMMERCIALI E TURISTICI,commerciale_turistico_professionale,1,capacita_esaurita_o_oltre_max_km
202425,1.0,42,statale,SCUOLA SECONDARIA II GRADO,5,TETD001015,"I.T.E. ""C. ROSA""",NERETO,TERAMO,ABRUZZO,ISTITUTO TECNICO COMMERCIALE,commerciale_economico_tecnico,1,capacita_esaurita_o_oltre_max_km
